id,guid,attached_file,url
31,https://sarveda.firebasio.com/wp-content/uploads/2020/03/landing-hero-bg.jpg,2020/03/landing-hero-bg.jpg,https://sarveda.com/wp-content/uploads/2020/03/landing-hero-bg.jpg
32,https://sarveda.firebasio.com/wp-content/uploads/2020/03/landing-hero-macbook-image.png,2020/03/landing-hero-macbook-image.png,https://sarveda.com/wp-content/uploads/2020/03/landing-hero-macbook-image.png
39,https://sarveda.firebasio.com/wp-content/uploads/2020/03/landing-hero-screen-01.jpg,2020/03/landing-hero-screen-01.jpg,https://sarveda.com/wp-content/uploads/2020/03/landing-hero-screen-01.jpg
40,https://sarveda.firebasio.com/wp-content/uploads/2020/03/landing-hero-screen-02.jpg,2020/03/landing-hero-screen-02.jpg,https://sarveda.com/wp-content/uploads/2020/03/landing-hero-screen-02.jpg
41,https://sarveda.firebasio.com/wp-content/uploads/2020/03/landing-hero-screen-03.jpg,2020/03/landing-hero-screen-03.jpg,https://sarveda.com/wp-content/uploads/2020/03/landing-hero-screen-03.jpg
42,https://sarveda.firebasio.com/wp-content/uploads/2020/03/landing-hero-screen-04.jpg,2020/03/landing-hero-screen-04.jpg,https://sarveda.com/wp-content/uploads/2020/03/landing-hero-screen-04.jpg
49,https://sarveda.firebasio.com/wp-content/uploads/2020/03/landing-bg-pattern-grid-line.png,2020/03/landing-bg-pattern-grid-line.png,https://sarveda.com/wp-content/uploads/2020/03/landing-bg-pattern-grid-line.png
54,https://sarveda.firebasio.com/wp-content/uploads/2020/03/landing-demo-showcase-01.jpg,2020/03/landing-demo-showcase-01.jpg,https://sarveda.com/wp-content/uploads/2020/03/landing-demo-showcase-01.jpg
55,https://sarveda.firebasio.com/wp-content/uploads/2020/03/landing-demo-showcase-02.jpg,2020/03/landing-demo-showcase-02.jpg,https://sarveda.com/wp-content/uploads/2020/03/landing-demo-showcase-02.jpg
56,https://sarveda.firebasio.com/wp-content/uploads/2020/03/landing-demo-showcase-03.jpg,2020/03/landing-demo-showcase-03.jpg,https://sarveda.com/wp-content/uploads/2020/03/landing-demo-showcase-03.jpg
57,https://sarveda.firebasio.com/wp-content/uploads/2020/03/landing-demo-showcase-04.jpg,2020/03/landing-demo-showcase-04.jpg,https://sarveda.com/wp-content/uploads/2020/03/landing-demo-showcase-04.jpg
58,https://sarveda.firebasio.com/wp-content/uploads/2020/03/landing-demo-showcase-05.jpg,2020/03/landing-demo-showcase-05.jpg,https://sarveda.com/wp-content/uploads/2020/03/landing-demo-showcase-05.jpg
59,https://sarveda.firebasio.com/wp-content/uploads/2020/03/landing-demo-showcase-06.jpg,2020/03/landing-demo-showcase-06.jpg,https://sarveda.com/wp-content/uploads/2020/03/landing-demo-showcase-06.jpg
77,https://sarveda.firebasio.com/wp-content/uploads/2020/03/maxcoach-shape-border-circle.png,2020/03/maxcoach-shape-border-circle.png,https://sarveda.com/wp-content/uploads/2020/03/maxcoach-shape-border-circle.png
78,https://sarveda.firebasio.com/wp-content/uploads/2020/03/maxcoach-shape-three-lines.png,2020/03/maxcoach-shape-three-lines.png,https://sarveda.com/wp-content/uploads/2020/03/maxcoach-shape-three-lines.png
92,https://sarveda.firebasio.com/wp-content/uploads/2020/03/landing-home-showcases.png,2020/03/landing-home-showcases.png,https://sarveda.com/wp-content/uploads/2020/03/landing-home-showcases.png
102,https://sarveda.firebasio.com/wp-content/uploads/2020/03/landing-footer-image.png,2020/03/landing-footer-image.png,https://sarveda.com/wp-content/uploads/2020/03/landing-footer-image.png
112,https://sarveda.firebasio.com/wp-content/uploads/2020/03/envato-elite-logo.png,2020/03/envato-elite-logo.png,https://sarveda.com/wp-content/uploads/2020/03/envato-elite-logo.png
120,https://sarveda.firebasio.com/wp-content/uploads/2020/03/landing-learnpress-showcase.png,2020/03/landing-learnpress-showcase.png,https://sarveda.com/wp-content/uploads/2020/03/landing-learnpress-showcase.png
144,https://sarveda.firebasio.com/wp-content/uploads/2020/03/landing-popup-video-elementor-poster.jpg,2020/03/landing-popup-video-elementor-poster.jpg,https://sarveda.com/wp-content/uploads/2020/03/landing-popup-video-elementor-poster.jpg
145,https://sarveda.firebasio.com/wp-content/uploads/2020/03/youtube-play-icon.png,2020/03/youtube-play-icon.png,https://sarveda.com/wp-content/uploads/2020/03/youtube-play-icon.png
148,https://sarveda.firebasio.com/wp-content/uploads/2020/03/maxcoach-shape-dots.png,2020/03/maxcoach-shape-dots.png,https://sarveda.com/wp-content/uploads/2020/03/maxcoach-shape-dots.png
149,https://sarveda.firebasio.com/wp-content/uploads/2020/03/maxcoach-shape-square-plus.png,2020/03/maxcoach-shape-square-plus.png,https://sarveda.com/wp-content/uploads/2020/03/maxcoach-shape-square-plus.png
167,https://sarveda.firebasio.com/wp-content/uploads/2020/03/landing-widget-modern-icon.png,2020/03/landing-widget-modern-icon.png,https://sarveda.com/wp-content/uploads/2020/03/landing-widget-modern-icon.png
168,https://sarveda.firebasio.com/wp-content/uploads/2020/03/landing-widget-testimonials.png,2020/03/landing-widget-testimonials.png,https://sarveda.com/wp-content/uploads/2020/03/landing-widget-testimonials.png
169,https://sarveda.firebasio.com/wp-content/uploads/2020/03/landing-widget-box-image.png,2020/03/landing-widget-box-image.png,https://sarveda.com/wp-content/uploads/2020/03/landing-widget-box-image.png
170,https://sarveda.firebasio.com/wp-content/uploads/2020/03/landing-widget-image-gallery.png,2020/03/landing-widget-image-gallery.png,https://sarveda.com/wp-content/uploads/2020/03/landing-widget-image-gallery.png
171,https://sarveda.firebasio.com/wp-content/uploads/2020/03/landing-widget-advanced-google-map.png,2020/03/landing-widget-advanced-google-map.png,https://sarveda.com/wp-content/uploads/2020/03/landing-widget-advanced-google-map.png
178,https://sarveda.firebasio.com/wp-content/uploads/2020/03/landing-showcase-course-layout-01.jpg,2020/03/landing-showcase-course-layout-01.jpg,https://sarveda.com/wp-content/uploads/2020/03/landing-showcase-course-layout-01.jpg
179,https://sarveda.firebasio.com/wp-content/uploads/2020/03/landing-showcase-course-layout-02.jpg,2020/03/landing-showcase-course-layout-02.jpg,https://sarveda.com/wp-content/uploads/2020/03/landing-showcase-course-layout-02.jpg
180,https://sarveda.firebasio.com/wp-content/uploads/2020/03/landing-showcase-course-layout-03.jpg,2020/03/landing-showcase-course-layout-03.jpg,https://sarveda.com/wp-content/uploads/2020/03/landing-showcase-course-layout-03.jpg
181,https://sarveda.firebasio.com/wp-content/uploads/2020/03/landing-showcase-course-layout-04.jpg,2020/03/landing-showcase-course-layout-04.jpg,https://sarveda.com/wp-content/uploads/2020/03/landing-showcase-course-layout-04.jpg
192,https://sarveda.firebasio.com/wp-content/uploads/2020/03/landing-plugin-elementor.jpg,2020/03/landing-plugin-elementor.jpg,https://sarveda.com/wp-content/uploads/2020/03/landing-plugin-elementor.jpg
193,https://sarveda.firebasio.com/wp-content/uploads/2020/03/landing-plugin-insight-core.jpg,2020/03/landing-plugin-insight-core.jpg,https://sarveda.com/wp-content/uploads/2020/03/landing-plugin-insight-core.jpg
194,https://sarveda.firebasio.com/wp-content/uploads/2020/03/landing-plugin-learnpress-paid-membership.jpg,2020/03/landing-plugin-learnpress-paid-membership.jpg,https://sarveda.com/wp-content/uploads/2020/03/landing-plugin-learnpress-paid-membership.jpg
195,https://sarveda.firebasio.com/wp-content/uploads/2020/03/landing-plugin-learnpress.jpg,2020/03/landing-plugin-learnpress.jpg,https://sarveda.com/wp-content/uploads/2020/03/landing-plugin-learnpress.jpg
196,https://sarveda.firebasio.com/wp-content/uploads/2020/03/landing-plugin-paid-membership-pro.jpg,2020/03/landing-plugin-paid-membership-pro.jpg,https://sarveda.com/wp-content/uploads/2020/03/landing-plugin-paid-membership-pro.jpg
197,https://sarveda.firebasio.com/wp-content/uploads/2020/03/landing-plugin-post-views.jpg,2020/03/landing-plugin-post-views.jpg,https://sarveda.com/wp-content/uploads/2020/03/landing-plugin-post-views.jpg
198,https://sarveda.firebasio.com/wp-content/uploads/2020/03/landing-plugin-revolution-slider.jpg,2020/03/landing-plugin-revolution-slider.jpg,https://sarveda.com/wp-content/uploads/2020/03/landing-plugin-revolution-slider.jpg
199,https://sarveda.firebasio.com/wp-content/uploads/2020/03/landing-plugin-woo-paypal-checkout-gateway.jpg,2020/03/landing-plugin-woo-paypal-checkout-gateway.jpg,https://sarveda.com/wp-content/uploads/2020/03/landing-plugin-woo-paypal-checkout-gateway.jpg
200,https://sarveda.firebasio.com/wp-content/uploads/2020/03/landing-plugin-woocommerce.jpg,2020/03/landing-plugin-woocommerce.jpg,https://sarveda.com/wp-content/uploads/2020/03/landing-plugin-woocommerce.jpg
201,https://sarveda.firebasio.com/wp-content/uploads/2020/03/landing-plugin-wp-event-manager.jpg,2020/03/landing-plugin-wp-event-manager.jpg,https://sarveda.com/wp-content/uploads/2020/03/landing-plugin-wp-event-manager.jpg
202,https://sarveda.firebasio.com/wp-content/uploads/2020/03/landing-plugin-wpc-smart-compare.jpg,2020/03/landing-plugin-wpc-smart-compare.jpg,https://sarveda.com/wp-content/uploads/2020/03/landing-plugin-wpc-smart-compare.jpg
203,https://sarveda.firebasio.com/wp-content/uploads/2020/03/landing-plugin-wpc-smart-wishlist.jpg,2020/03/landing-plugin-wpc-smart-wishlist.jpg,https://sarveda.com/wp-content/uploads/2020/03/landing-plugin-wpc-smart-wishlist.jpg
212,https://sarveda.firebasio.com/wp-content/uploads/2020/03/landing-feature-1-click-installation.png,2020/03/landing-feature-1-click-installation.png,https://sarveda.com/wp-content/uploads/2020/03/landing-feature-1-click-installation.png
213,https://sarveda.firebasio.com/wp-content/uploads/2020/03/landing-feature-advanced-navigation.png,2020/03/landing-feature-advanced-navigation.png,https://sarveda.com/wp-content/uploads/2020/03/landing-feature-advanced-navigation.png
214,https://sarveda.firebasio.com/wp-content/uploads/2020/03/landing-feature-awesome-font.png,2020/03/landing-feature-awesome-font.png,https://sarveda.com/wp-content/uploads/2020/03/landing-feature-awesome-font.png
215,https://sarveda.firebasio.com/wp-content/uploads/2020/03/landing-feature-breadcrumbs-available-.png,2020/03/landing-feature-breadcrumbs-available-.png,https://sarveda.com/wp-content/uploads/2020/03/landing-feature-breadcrumbs-available-.png
216,https://sarveda.firebasio.com/wp-content/uploads/2020/03/landing-feature-cross-device-access.png,2020/03/landing-feature-cross-device-access.png,https://sarveda.com/wp-content/uploads/2020/03/landing-feature-cross-device-access.png
217,https://sarveda.firebasio.com/wp-content/uploads/2020/03/landing-feature-mobile-display-optimized.png,2020/03/landing-feature-mobile-display-optimized.png,https://sarveda.com/wp-content/uploads/2020/03/landing-feature-mobile-display-optimized.png
218,https://sarveda.firebasio.com/wp-content/uploads/2020/03/landing-feature-multimedia-elements-.png,2020/03/landing-feature-multimedia-elements-.png,https://sarveda.com/wp-content/uploads/2020/03/landing-feature-multimedia-elements-.png
220,https://sarveda.firebasio.com/wp-content/uploads/2020/03/landing-feature-ux-design.png,2020/03/landing-feature-ux-design.png,https://sarveda.com/wp-content/uploads/2020/03/landing-feature-ux-design.png
221,https://sarveda.firebasio.com/wp-content/uploads/2020/03/landing-feature-widely-compatible.png,2020/03/landing-feature-widely-compatible.png,https://sarveda.com/wp-content/uploads/2020/03/landing-feature-widely-compatible.png
239,https://sarveda.firebasio.com/wp-content/uploads/2020/03/landing-showcase-woocommerce.png,2020/03/landing-showcase-woocommerce.png,https://sarveda.com/wp-content/uploads/2020/03/landing-showcase-woocommerce.png
241,https://sarveda.firebasio.com/wp-content/uploads/2020/03/landing-showcase-blog.png,2020/03/landing-showcase-blog.png,https://sarveda.com/wp-content/uploads/2020/03/landing-showcase-blog.png
252,https://sarveda.firebasio.com/wp-content/uploads/2020/03/landing-showcase-predefined-pages-01.png,2020/03/landing-showcase-predefined-pages-01.png,https://sarveda.com/wp-content/uploads/2020/03/landing-showcase-predefined-pages-01.png
253,https://sarveda.firebasio.com/wp-content/uploads/2020/03/landing-showcase-predefined-pages-02.png,2020/03/landing-showcase-predefined-pages-02.png,https://sarveda.com/wp-content/uploads/2020/03/landing-showcase-predefined-pages-02.png
254,https://sarveda.firebasio.com/wp-content/uploads/2020/03/landing-showcase-predefined-pages-03.png,2020/03/landing-showcase-predefined-pages-03.png,https://sarveda.com/wp-content/uploads/2020/03/landing-showcase-predefined-pages-03.png
255,https://sarveda.firebasio.com/wp-content/uploads/2020/03/landing-showcase-predefined-pages-04.png,2020/03/landing-showcase-predefined-pages-04.png,https://sarveda.com/wp-content/uploads/2020/03/landing-showcase-predefined-pages-04.png
256,https://sarveda.firebasio.com/wp-content/uploads/2020/03/landing-showcase-predefined-pages-05.png,2020/03/landing-showcase-predefined-pages-05.png,https://sarveda.com/wp-content/uploads/2020/03/landing-showcase-predefined-pages-05.png
257,https://sarveda.firebasio.com/wp-content/uploads/2020/03/landing-showcase-predefined-pages-06.png,2020/03/landing-showcase-predefined-pages-06.png,https://sarveda.com/wp-content/uploads/2020/03/landing-showcase-predefined-pages-06.png
258,https://sarveda.firebasio.com/wp-content/uploads/2020/03/landing-showcase-predefined-pages-07.png,2020/03/landing-showcase-predefined-pages-07.png,https://sarveda.com/wp-content/uploads/2020/03/landing-showcase-predefined-pages-07.png
266,https://sarveda.firebasio.com/wp-content/uploads/2020/03/text-for-online-learners.png,2020/03/text-for-online-learners.png,https://sarveda.com/wp-content/uploads/2020/03/text-for-online-learners.png
267,https://sarveda.firebasio.com/wp-content/uploads/2020/03/text-get-it-now.png,2020/03/text-get-it-now.png,https://sarveda.com/wp-content/uploads/2020/03/text-get-it-now.png
311,https://sarveda.firebasio.com/wp-content/uploads/2020/04/landing-demo-showcase-business.jpg,2020/04/landing-demo-showcase-business.jpg,https://sarveda.com/wp-content/uploads/2020/04/landing-demo-showcase-business.jpg
312,https://sarveda.firebasio.com/wp-content/uploads/2020/04/landing-demo-showcase-gym-coaching.jpg,2020/04/landing-demo-showcase-gym-coaching.jpg,https://sarveda.com/wp-content/uploads/2020/04/landing-demo-showcase-gym-coaching.jpg
313,https://sarveda.firebasio.com/wp-content/uploads/2020/04/landing-demo-showcase-health-coaching.jpg,2020/04/landing-demo-showcase-health-coaching.jpg,https://sarveda.com/wp-content/uploads/2020/04/landing-demo-showcase-health-coaching.jpg
322,https://sarveda.firebasio.com/wp-content/uploads/2020/04/plugin-elementor-logo.png,2020/04/plugin-elementor-logo.png,https://sarveda.com/wp-content/uploads/2020/04/plugin-elementor-logo.png
326,https://sarveda.firebasio.com/wp-content/uploads/2020/05/landing-demo-showcase-artist.jpg,2020/05/landing-demo-showcase-artist.jpg,https://sarveda.com/wp-content/uploads/2020/05/landing-demo-showcase-artist.jpg
327,https://sarveda.firebasio.com/wp-content/uploads/2020/05/landing-demo-showcase-kitchen-coach.jpg,2020/05/landing-demo-showcase-kitchen-coach.jpg,https://sarveda.com/wp-content/uploads/2020/05/landing-demo-showcase-kitchen-coach.jpg
328,https://sarveda.firebasio.com/wp-content/uploads/2020/05/landing-demo-showcase-motivation.jpg,2020/05/landing-demo-showcase-motivation.jpg,https://sarveda.com/wp-content/uploads/2020/05/landing-demo-showcase-motivation.jpg
338,https://sarveda.firebasio.com/wp-content/uploads/2020/06/zoom-meeting-preview.png,2020/06/zoom-meeting-preview.png,https://sarveda.com/wp-content/uploads/2020/06/zoom-meeting-preview.png
3357,https://sarveda.firebasio.com/wp-content/uploads/2020/03/landing-feature-social-sharing-enabling.png,2020/03/landing-feature-social-sharing-enabling.png,https://sarveda.com/wp-content/uploads/2020/03/landing-feature-social-sharing-enabling.png
3438,https://sarveda.firebasio.com/wp-content/uploads/2020/11/insta_log.png,2020/11/insta_log.png,https://sarveda.com/wp-content/uploads/2020/11/insta_log.png
3439,https://sarveda.firebasio.com/wp-content/uploads/2020/11/wheat-865098_1920.jpg,2020/11/wheat-865098_1920.jpg,https://sarveda.com/wp-content/uploads/2020/11/wheat-865098_1920.jpg
3448,https://sarveda.firebasio.com/wp-content/uploads/2020/11/Rectangle-171.png,2020/11/Rectangle-171.png,https://sarveda.com/wp-content/uploads/2020/11/Rectangle-171.png
3449,https://sarveda.firebasio.com/wp-content/uploads/2020/11/Rectangle-172.png,2020/11/Rectangle-172.png,https://sarveda.com/wp-content/uploads/2020/11/Rectangle-172.png
3450,https://sarveda.firebasio.com/wp-content/uploads/2020/11/Rectangle-173.png,2020/11/Rectangle-173.png,https://sarveda.com/wp-content/uploads/2020/11/Rectangle-173.png
3489,https://sarveda.firebasio.com/wp-content/uploads/elementor/screenshots/Elementor-post-screenshot_2110_2020-11-19-22-56-15_232a08ac.png,elementor/screenshots/Elementor-post-screenshot_2110_2020-11-19-22-56-15_232a08ac.png,https://sarveda.com/wp-content/uploads/elementor/screenshots/Elementor-post-screenshot_2110_2020-11-19-22-56-15_232a08ac.png
3495,https://sarveda.firebasio.com/wp-content/uploads/2020/11/ashwagandha.png,2020/11/ashwagandha.png,https://sarveda.com/wp-content/uploads/2020/11/ashwagandha.png
3497,https://sarveda.firebasio.com/wp-content/uploads/2020/11/8ba57e44-1689-44ed-871c-aad955adb31f.png,2020/11/8ba57e44-1689-44ed-871c-aad955adb31f.png,https://sarveda.com/wp-content/uploads/2020/11/8ba57e44-1689-44ed-871c-aad955adb31f.png
3503,https://sarveda.firebasio.com/wp-content/uploads/2020/11/wave-bg.png,2020/11/wave-bg.png,https://sarveda.com/wp-content/uploads/2020/11/wave-bg.png
3504,https://sarveda.firebasio.com/wp-content/uploads/2020/11/blog1.jpg,2020/11/blog1.jpg,https://sarveda.com/wp-content/uploads/2020/11/blog1.jpg
3505,https://sarveda.firebasio.com/wp-content/uploads/2020/11/blog2.jpg,2020/11/blog2.jpg,https://sarveda.com/wp-content/uploads/2020/11/blog2.jpg
3506,https://sarveda.firebasio.com/wp-content/uploads/2020/11/consultant.jpg,2020/11/consultant.jpg,https://sarveda.com/wp-content/uploads/2020/11/consultant.jpg
3507,https://sarveda.firebasio.com/wp-content/uploads/2020/11/footer-bg.jpg,2020/11/footer-bg.jpg,https://sarveda.com/wp-content/uploads/2020/11/footer-bg.jpg
3508,https://sarveda.firebasio.com/wp-content/uploads/2020/11/home-banner.jpg,2020/11/home-banner.jpg,https://sarveda.com/wp-content/uploads/2020/11/home-banner.jpg
3509,https://sarveda.firebasio.com/wp-content/uploads/2020/11/home-banner2.jpg,2020/11/home-banner2.jpg,https://sarveda.com/wp-content/uploads/2020/11/home-banner2.jpg
3510,https://sarveda.firebasio.com/wp-content/uploads/2020/11/home-banner3.jpg,2020/11/home-banner3.jpg,https://sarveda.com/wp-content/uploads/2020/11/home-banner3.jpg
3511,https://sarveda.firebasio.com/wp-content/uploads/2020/11/home-banner4.jpg,2020/11/home-banner4.jpg,https://sarveda.com/wp-content/uploads/2020/11/home-banner4.jpg
3512,https://sarveda.firebasio.com/wp-content/uploads/2020/11/insta1.jpg,2020/11/insta1.jpg,https://sarveda.com/wp-content/uploads/2020/11/insta1.jpg
3513,https://sarveda.firebasio.com/wp-content/uploads/2020/11/insta2.jpg,2020/11/insta2.jpg,https://sarveda.com/wp-content/uploads/2020/11/insta2.jpg
3514,https://sarveda.firebasio.com/wp-content/uploads/2020/11/insta3.jpg,2020/11/insta3.jpg,https://sarveda.com/wp-content/uploads/2020/11/insta3.jpg
3515,https://sarveda.firebasio.com/wp-content/uploads/2020/11/oil1.jpg,2020/11/oil1.jpg,https://sarveda.com/wp-content/uploads/2020/11/oil1.jpg
3516,https://sarveda.firebasio.com/wp-content/uploads/2020/11/oil2.jpg,2020/11/oil2.jpg,https://sarveda.com/wp-content/uploads/2020/11/oil2.jpg
3517,https://sarveda.firebasio.com/wp-content/uploads/2020/11/oil3.jpg,2020/11/oil3.jpg,https://sarveda.com/wp-content/uploads/2020/11/oil3.jpg
3518,https://sarveda.firebasio.com/wp-content/uploads/2020/11/oil4.jpg,2020/11/oil4.jpg,https://sarveda.com/wp-content/uploads/2020/11/oil4.jpg
3519,https://sarveda.firebasio.com/wp-content/uploads/2020/11/play-overlay.jpg,2020/11/play-overlay.jpg,https://sarveda.com/wp-content/uploads/2020/11/play-overlay.jpg
3520,https://sarveda.firebasio.com/wp-content/uploads/2020/11/webinar1.jpg,2020/11/webinar1.jpg,https://sarveda.com/wp-content/uploads/2020/11/webinar1.jpg
3521,https://sarveda.firebasio.com/wp-content/uploads/2020/11/webinar2.jpg,2020/11/webinar2.jpg,https://sarveda.com/wp-content/uploads/2020/11/webinar2.jpg
3522,https://sarveda.firebasio.com/wp-content/uploads/2020/11/webinar3.jpg,2020/11/webinar3.jpg,https://sarveda.com/wp-content/uploads/2020/11/webinar3.jpg
3523,https://sarveda.firebasio.com/wp-content/uploads/2020/11/placeholder.mov,2020/11/placeholder.mov,https://sarveda.com/wp-content/uploads/2020/11/placeholder.mov
3524,https://sarveda.firebasio.com/wp-content/uploads/2020/11/logo.png,2020/11/logo.png,https://sarveda.com/wp-content/uploads/2020/11/logo.png
3525,https://sarveda.firebasio.com/wp-content/uploads/2020/11/logo-white.png,2020/11/logo-white.png,https://sarveda.com/wp-content/uploads/2020/11/logo-white.png
3534,https://sarveda.firebasio.com/wp-content/uploads/2020/12/image-24.png,2020/12/image-24.png,https://sarveda.com/wp-content/uploads/2020/12/image-24.png
3535,https://sarveda.firebasio.com/wp-content/uploads/2020/12/logo_Horizontal.png,2020/12/logo_Horizontal.png,https://sarveda.com/wp-content/uploads/2020/12/logo_Horizontal.png
3536,https://sarveda.firebasio.com/wp-content/uploads/2020/12/Product_PNG.png,2020/12/Product_PNG.png,https://sarveda.com/wp-content/uploads/2020/12/Product_PNG.png
3537,https://sarveda.firebasio.com/wp-content/uploads/2020/12/image-25.png,2020/12/image-25.png,https://sarveda.com/wp-content/uploads/2020/12/image-25.png
3538,https://sarveda.firebasio.com/wp-content/uploads/2020/12/image-5.png,2020/12/image-5.png,https://sarveda.com/wp-content/uploads/2020/12/image-5.png
3542,https://sarveda.firebasio.com/wp-content/uploads/2020/12/top-img.png,2020/12/top-img.png,https://sarveda.com/wp-content/uploads/2020/12/top-img.png
3611,https://sarveda.firebasio.com/wp-content/uploads/2020/12/Air.png,2020/12/Air.png,https://sarveda.com/wp-content/uploads/2020/12/Air.png
3612,https://sarveda.firebasio.com/wp-content/uploads/2020/12/Earth_element.png,2020/12/Earth_element.png,https://sarveda.com/wp-content/uploads/2020/12/Earth_element.png
3613,https://sarveda.firebasio.com/wp-content/uploads/2020/12/Fire.png,2020/12/Fire.png,https://sarveda.com/wp-content/uploads/2020/12/Fire.png
3614,https://sarveda.firebasio.com/wp-content/uploads/2020/12/Untitled-2.png,2020/12/Untitled-2.png,https://sarveda.com/wp-content/uploads/2020/12/Untitled-2.png
3615,https://sarveda.firebasio.com/wp-content/uploads/2020/12/Water.png,2020/12/Water.png,https://sarveda.com/wp-content/uploads/2020/12/Water.png
3616,https://sarveda.firebasio.com/wp-content/uploads/2020/12/Space.png,2020/12/Space.png,https://sarveda.com/wp-content/uploads/2020/12/Space.png
3617,https://sarveda.firebasio.com/wp-content/uploads/2020/12/5_elements-copy.png,2020/12/5_elements-copy.png,https://sarveda.com/wp-content/uploads/2020/12/5_elements-copy.png
3626,https://sarveda.firebasio.com/wp-content/uploads/2020/12/img2.jpg,2020/12/img2.jpg,https://sarveda.com/wp-content/uploads/2020/12/img2.jpg
3627,https://sarveda.firebasio.com/wp-content/uploads/2020/12/img3.jpg,2020/12/img3.jpg,https://sarveda.com/wp-content/uploads/2020/12/img3.jpg
3628,https://sarveda.firebasio.com/wp-content/uploads/2020/12/img4.jpg,2020/12/img4.jpg,https://sarveda.com/wp-content/uploads/2020/12/img4.jpg
3629,https://sarveda.firebasio.com/wp-content/uploads/2020/12/img1.jpg,2020/12/img1.jpg,https://sarveda.com/wp-content/uploads/2020/12/img1.jpg
3635,https://sarveda.firebasio.com/wp-content/uploads/2020/12/ec.png,2020/12/ec.png,https://sarveda.com/wp-content/uploads/2020/12/ec.png
3636,https://sarveda.firebasio.com/wp-content/uploads/2020/12/eco.png,2020/12/eco.png,https://sarveda.com/wp-content/uploads/2020/12/eco.png
3637,https://sarveda.firebasio.com/wp-content/uploads/2020/12/pop.png,2020/12/pop.png,https://sarveda.com/wp-content/uploads/2020/12/pop.png
3638,https://sarveda.firebasio.com/wp-content/uploads/2020/12/SingingBowls.png,2020/12/SingingBowls.png,https://sarveda.com/wp-content/uploads/2020/12/SingingBowls.png
3639,https://sarveda.firebasio.com/wp-content/uploads/2020/12/Yoga.png,2020/12/Yoga.png,https://sarveda.com/wp-content/uploads/2020/12/Yoga.png
3640,https://sarveda.firebasio.com/wp-content/uploads/2020/12/Aromas.png,2020/12/Aromas.png,https://sarveda.com/wp-content/uploads/2020/12/Aromas.png
3641,https://sarveda.firebasio.com/wp-content/uploads/2020/12/Ayurveda.png,2020/12/Ayurveda.png,https://sarveda.com/wp-content/uploads/2020/12/Ayurveda.png
3642,https://sarveda.firebasio.com/wp-content/uploads/2020/12/co.png,2020/12/co.png,https://sarveda.com/wp-content/uploads/2020/12/co.png
3653,https://sarveda.firebasio.com/wp-content/uploads/2020/12/woocommerce-placeholder.png,woocommerce-placeholder.png,https://sarveda.com/wp-content/uploads/woocommerce-placeholder.png
3654,https://sarveda.firebasio.com/wp-content/uploads/2020/12/meditation-1.png,2020/12/meditation-1.png,https://sarveda.com/wp-content/uploads/2020/12/meditation-1.png
3655,https://sarveda.firebasio.com/wp-content/uploads/2020/12/404-1.png,2020/12/404-1.png,https://sarveda.com/wp-content/uploads/2020/12/404-1.png
3656,https://sarveda.firebasio.com/wp-content/uploads/2020/12/Error.png,2020/12/Error.png,https://sarveda.com/wp-content/uploads/2020/12/Error.png
3670,https://sarveda.com/wp-content/uploads/2020/12/prod-banner.jpg,2020/12/prod-banner.jpg,https://sarveda.com/wp-content/uploads/2020/12/prod-banner.jpg
3672,https://sarveda.com/wp-content/uploads/2020/12/certified.jpg,2020/12/certified.jpg,https://sarveda.com/wp-content/uploads/2020/12/certified.jpg
3673,https://sarveda.com/wp-content/uploads/2020/12/usda.png,2020/12/usda.png,https://sarveda.com/wp-content/uploads/2020/12/usda.png
3676,https://sarveda.com/wp-content/uploads/2020/12/WhatsApp-Image-2020-09-15-at-11.45.11-AM.jpeg,2020/12/WhatsApp-Image-2020-09-15-at-11.45.11-AM.jpeg,https://sarveda.com/wp-content/uploads/2020/12/WhatsApp-Image-2020-09-15-at-11.45.11-AM.jpeg
3678,https://sarveda.com/wp-content/uploads/2020/12/All.png,2020/12/All.png,https://sarveda.com/wp-content/uploads/2020/12/All.png
3679,https://sarveda.com/wp-content/uploads/2020/11/Ashwagandha.jpeg,2020/11/Ashwagandha.jpeg,https://sarveda.com/wp-content/uploads/2020/11/Ashwagandha.jpeg
3681,https://sarveda.com/wp-content/uploads/2020/12/Tulsi.jpeg,2020/12/Tulsi.jpeg,https://sarveda.com/wp-content/uploads/2020/12/Tulsi.jpeg
3683,https://sarveda.com/wp-content/uploads/2020/12/Spirulina.jpeg,2020/12/Spirulina.jpeg,https://sarveda.com/wp-content/uploads/2020/12/Spirulina.jpeg
3685,https://sarveda.com/wp-content/uploads/2020/12/Neem.jpeg,2020/12/Neem.jpeg,https://sarveda.com/wp-content/uploads/2020/12/Neem.jpeg
3687,https://sarveda.com/wp-content/uploads/2020/12/moringa.jpeg,2020/12/moringa.jpeg,https://sarveda.com/wp-content/uploads/2020/12/moringa.jpeg
3689,https://sarveda.com/wp-content/uploads/2020/12/Turmeric.jpeg,2020/12/Turmeric.jpeg,https://sarveda.com/wp-content/uploads/2020/12/Turmeric.jpeg
3690,https://sarveda.com/wp-content/uploads/2020/12/Turmeric2.jpeg,2020/12/Turmeric2.jpeg,https://sarveda.com/wp-content/uploads/2020/12/Turmeric2.jpeg
3692,https://sarveda.com/wp-content/uploads/2020/12/SingingBowl.png,2020/12/SingingBowl.png,https://sarveda.com/wp-content/uploads/2020/12/SingingBowl.png
3694,https://sarveda.com/wp-content/uploads/2020/12/Beherenow.jpeg,2020/12/Beherenow.jpeg,https://sarveda.com/wp-content/uploads/2020/12/Beherenow.jpeg
3700,https://sarveda.com/wp-content/uploads/2020/12/All-1.png,2020/12/All-1.png,https://sarveda.com/wp-content/uploads/2020/12/All-1.png
3701,https://sarveda.com/wp-content/uploads/2020/12/Sarveda_Favicon.png,2020/12/Sarveda_Favicon.png,https://sarveda.com/wp-content/uploads/2020/12/Sarveda_Favicon.png
3702,https://sarveda.com/wp-content/uploads/2020/12/cropped-Sarveda_Favicon.png,2020/12/cropped-Sarveda_Favicon.png,https://sarveda.com/wp-content/uploads/2020/12/cropped-Sarveda_Favicon.png
3704,https://sarveda.com/wp-content/uploads/2020/12/Sarveda_Google.png,2020/12/Sarveda_Google.png,https://sarveda.com/wp-content/uploads/2020/12/Sarveda_Google.png
3705,https://sarveda.com/wp-content/uploads/2020/12/cropped-Sarveda_Google.png,2020/12/cropped-Sarveda_Google.png,https://sarveda.com/wp-content/uploads/2020/12/cropped-Sarveda_Google.png
3729,https://sarveda.com/wp-content/uploads/2021/01/Saja-1.jpg,2021/01/Saja-1.jpg,https://sarveda.com/wp-content/uploads/2021/01/Saja-1.jpg
3730,https://sarveda.com/wp-content/uploads/2021/01/Layer.png,2021/01/Layer.png,https://sarveda.com/wp-content/uploads/2021/01/Layer.png
3741,https://sarveda.com/wp-content/uploads/2021/01/meditation-bg.jpg,2021/01/meditation-bg.jpg,https://sarveda.com/wp-content/uploads/2021/01/meditation-bg.jpg
3756,https://sarveda.com/wp-content/uploads/2020/12/5_elements-copy-1.png,2020/12/5_elements-copy-1.png,https://sarveda.com/wp-content/uploads/2020/12/5_elements-copy-1.png
3777,https://sarveda.com/wp-content/uploads/2020/12/Post.png,2020/12/Post.png,https://sarveda.com/wp-content/uploads/2020/12/Post.png
3779,https://sarveda.com/wp-content/uploads/2021/01/Me_Saja.png,2021/01/Me_Saja.png,https://sarveda.com/wp-content/uploads/2021/01/Me_Saja.png
3781,https://sarveda.com/wp-content/uploads/2021/01/Web2.png,2021/01/Web2.png,https://sarveda.com/wp-content/uploads/2021/01/Web2.png
3782,https://sarveda.com/wp-content/uploads/2021/01/Web1.png,2021/01/Web1.png,https://sarveda.com/wp-content/uploads/2021/01/Web1.png
3783,https://sarveda.com/wp-content/uploads/2021/01/Web_Banner.png,2021/01/Web_Banner.png,https://sarveda.com/wp-content/uploads/2021/01/Web_Banner.png
3800,https://sarveda.com/wp-content/uploads/2021/01/Agni_thumbnail.png,2021/01/Agni_thumbnail.png,https://sarveda.com/wp-content/uploads/2021/01/Agni_thumbnail.png
3801,https://sarveda.com/wp-content/uploads/2020/12/5-elements_Thumbnail.png,2020/12/5-elements_Thumbnail.png,https://sarveda.com/wp-content/uploads/2020/12/5-elements_Thumbnail.png
3805,https://sarveda.com/wp-content/uploads/2021/01/sarveda_webbanner_2.jpg,2021/01/sarveda_webbanner_2.jpg,https://sarveda.com/wp-content/uploads/2021/01/sarveda_webbanner_2.jpg
3806,https://sarveda.com/wp-content/uploads/2021/01/sarveda_webbanner_1.jpg,2021/01/sarveda_webbanner_1.jpg,https://sarveda.com/wp-content/uploads/2021/01/sarveda_webbanner_1.jpg
3811,https://sarveda.com/wp-content/uploads/2021/01/sarveda_webbanner_1-1.jpg,2021/01/sarveda_webbanner_1-1.jpg,https://sarveda.com/wp-content/uploads/2021/01/sarveda_webbanner_1-1.jpg
3815,https://sarveda.com/wp-content/uploads/2021/01/sarveda_webbanner_1-2.jpg,2021/01/sarveda_webbanner_1-2.jpg,https://sarveda.com/wp-content/uploads/2021/01/sarveda_webbanner_1-2.jpg
3819,https://sarveda.com/wp-content/uploads/2021/01/web_banner_3_2.jpg,2021/01/web_banner_3_2.jpg,https://sarveda.com/wp-content/uploads/2021/01/web_banner_3_2.jpg
3820,https://sarveda.com/wp-content/uploads/2021/01/web_banner_3_1.jpg,2021/01/web_banner_3_1.jpg,https://sarveda.com/wp-content/uploads/2021/01/web_banner_3_1.jpg
3828,https://sarveda.com/wp-content/uploads/2021/01/banner_web_1.jpg,2021/01/banner_web_1.jpg,https://sarveda.com/wp-content/uploads/2021/01/banner_web_1.jpg
3829,https://sarveda.com/wp-content/uploads/2021/01/banner_web_2.jpg,2021/01/banner_web_2.jpg,https://sarveda.com/wp-content/uploads/2021/01/banner_web_2.jpg
3845,https://sarveda.com/wp-content/uploads/2021/01/web_banner_3_1.png,2021/01/web_banner_3_1.png,https://sarveda.com/wp-content/uploads/2021/01/web_banner_3_1.png
3846,https://sarveda.com/wp-content/uploads/2021/01/Thumbnail_ojas.png,2021/01/Thumbnail_ojas.png,https://sarveda.com/wp-content/uploads/2021/01/Thumbnail_ojas.png
3847,https://sarveda.com/wp-content/uploads/2021/01/Ojas_post.png,2021/01/Ojas_post.png,https://sarveda.com/wp-content/uploads/2021/01/Ojas_post.png
3851,https://sarveda.com/wp-content/uploads/2021/01/brahmi_banner_web_1.jpg,2021/01/brahmi_banner_web_1.jpg,https://sarveda.com/wp-content/uploads/2021/01/brahmi_banner_web_1.jpg
3853,https://sarveda.com/wp-content/uploads/2021/01/brahmi_banner_web_2.png,2021/01/brahmi_banner_web_2.png,https://sarveda.com/wp-content/uploads/2021/01/brahmi_banner_web_2.png
3858,https://sarveda.com/wp-content/uploads/2021/01/spirulina_banner_web_1.jpg,2021/01/spirulina_banner_web_1.jpg,https://sarveda.com/wp-content/uploads/2021/01/spirulina_banner_web_1.jpg
3859,https://sarveda.com/wp-content/uploads/2021/01/spirulina_banner_web_2.jpg,2021/01/spirulina_banner_web_2.jpg,https://sarveda.com/wp-content/uploads/2021/01/spirulina_banner_web_2.jpg
3864,https://sarveda.com/wp-content/uploads/2021/01/guduchi_banner_web_1.jpg,2021/01/guduchi_banner_web_1.jpg,https://sarveda.com/wp-content/uploads/2021/01/guduchi_banner_web_1.jpg
3865,https://sarveda.com/wp-content/uploads/2021/01/guduchi_banner_web_2.jpg,2021/01/guduchi_banner_web_2.jpg,https://sarveda.com/wp-content/uploads/2021/01/guduchi_banner_web_2.jpg
3870,https://sarveda.com/wp-content/uploads/2021/01/neem_banner_web_2.1.jpg,2021/01/neem_banner_web_2.1.jpg,https://sarveda.com/wp-content/uploads/2021/01/neem_banner_web_2.1.jpg
3871,https://sarveda.com/wp-content/uploads/2021/01/neem_banner_web_1.jpg,2021/01/neem_banner_web_1.jpg,https://sarveda.com/wp-content/uploads/2021/01/neem_banner_web_1.jpg
3873,https://sarveda.com/wp-content/uploads/2021/01/Guduchi.png,2021/01/Guduchi.png,https://sarveda.com/wp-content/uploads/2021/01/Guduchi.png
3876,https://sarveda.com/wp-content/uploads/2021/01/Spirulina.png,2021/01/Spirulina.png,https://sarveda.com/wp-content/uploads/2021/01/Spirulina.png
3884,https://sarveda.com/wp-content/uploads/2021/02/turmeric_banner_web_3.jpg,2021/02/turmeric_banner_web_3.jpg,https://sarveda.com/wp-content/uploads/2021/02/turmeric_banner_web_3.jpg
3886,https://sarveda.com/wp-content/uploads/2021/02/turmeric_banner_web_2.jpg,2021/02/turmeric_banner_web_2.jpg,https://sarveda.com/wp-content/uploads/2021/02/turmeric_banner_web_2.jpg
3892,https://sarveda.com/wp-content/uploads/2021/02/moringa_banner_web_1.jpg,2021/02/moringa_banner_web_1.jpg,https://sarveda.com/wp-content/uploads/2021/02/moringa_banner_web_1.jpg
3893,https://sarveda.com/wp-content/uploads/2021/02/moringa_banner_web_2.jpg,2021/02/moringa_banner_web_2.jpg,https://sarveda.com/wp-content/uploads/2021/02/moringa_banner_web_2.jpg
3894,https://sarveda.com/wp-content/uploads/2021/02/moringa_banner_web_2-1.jpg,2021/02/moringa_banner_web_2-1.jpg,https://sarveda.com/wp-content/uploads/2021/02/moringa_banner_web_2-1.jpg
3895,https://sarveda.com/wp-content/uploads/2021/02/moringa_banner_web_3-1.jpg,2021/02/moringa_banner_web_3-1.jpg,https://sarveda.com/wp-content/uploads/2021/02/moringa_banner_web_3-1.jpg
3896,https://sarveda.com/wp-content/uploads/2021/02/moringa_banner_web_3.jpg,2021/02/moringa_banner_web_3.jpg,https://sarveda.com/wp-content/uploads/2021/02/moringa_banner_web_3.jpg
3904,https://sarveda.com/wp-content/uploads/2021/02/wheatgrass_banner_web_1.jpg,2021/02/wheatgrass_banner_web_1.jpg,https://sarveda.com/wp-content/uploads/2021/02/wheatgrass_banner_web_1.jpg
3905,https://sarveda.com/wp-content/uploads/2021/02/wheatgrass_banner_web_2.jpg,2021/02/wheatgrass_banner_web_2.jpg,https://sarveda.com/wp-content/uploads/2021/02/wheatgrass_banner_web_2.jpg
3906,https://sarveda.com/wp-content/uploads/2021/02/wheatgrass_banner_web_3.jpg,2021/02/wheatgrass_banner_web_3.jpg,https://sarveda.com/wp-content/uploads/2021/02/wheatgrass_banner_web_3.jpg
3911,https://sarveda.com/wp-content/uploads/2021/02/shatavari_banner_web_1.jpg,2021/02/shatavari_banner_web_1.jpg,https://sarveda.com/wp-content/uploads/2021/02/shatavari_banner_web_1.jpg
3912,https://sarveda.com/wp-content/uploads/2021/02/shatavari_banner_web_2.jpg,2021/02/shatavari_banner_web_2.jpg,https://sarveda.com/wp-content/uploads/2021/02/shatavari_banner_web_2.jpg
3913,https://sarveda.com/wp-content/uploads/2021/02/shatavari_banner_web_3.jpg,2021/02/shatavari_banner_web_3.jpg,https://sarveda.com/wp-content/uploads/2021/02/shatavari_banner_web_3.jpg
3918,https://sarveda.com/wp-content/uploads/2021/02/triphala_banner_web_3.jpg,2021/02/triphala_banner_web_3.jpg,https://sarveda.com/wp-content/uploads/2021/02/triphala_banner_web_3.jpg
3919,https://sarveda.com/wp-content/uploads/2021/02/triphala_banner_web_1.jpg,2021/02/triphala_banner_web_1.jpg,https://sarveda.com/wp-content/uploads/2021/02/triphala_banner_web_1.jpg
3920,https://sarveda.com/wp-content/uploads/2021/02/triphala_banner_web_1-1.jpg,2021/02/triphala_banner_web_1-1.jpg,https://sarveda.com/wp-content/uploads/2021/02/triphala_banner_web_1-1.jpg
3921,https://sarveda.com/wp-content/uploads/2021/02/triphala_banner_web_2.jpg,2021/02/triphala_banner_web_2.jpg,https://sarveda.com/wp-content/uploads/2021/02/triphala_banner_web_2.jpg
3927,https://sarveda.com/wp-content/uploads/2021/02/amla_banner_web_1.jpg,2021/02/amla_banner_web_1.jpg,https://sarveda.com/wp-content/uploads/2021/02/amla_banner_web_1.jpg
3928,https://sarveda.com/wp-content/uploads/2021/02/amla_banner_web_2.jpg,2021/02/amla_banner_web_2.jpg,https://sarveda.com/wp-content/uploads/2021/02/amla_banner_web_2.jpg
3929,https://sarveda.com/wp-content/uploads/2021/02/amla_banner_web_3.jpg,2021/02/amla_banner_web_3.jpg,https://sarveda.com/wp-content/uploads/2021/02/amla_banner_web_3.jpg
3933,https://sarveda.com/wp-content/uploads/2021/02/tulsi_banner_web_1.jpg,2021/02/tulsi_banner_web_1.jpg,https://sarveda.com/wp-content/uploads/2021/02/tulsi_banner_web_1.jpg
3934,https://sarveda.com/wp-content/uploads/2021/02/tulsi_banner_web_2.jpg,2021/02/tulsi_banner_web_2.jpg,https://sarveda.com/wp-content/uploads/2021/02/tulsi_banner_web_2.jpg
3935,https://sarveda.com/wp-content/uploads/2021/02/tulsi_banner_web_3.jpg,2021/02/tulsi_banner_web_3.jpg,https://sarveda.com/wp-content/uploads/2021/02/tulsi_banner_web_3.jpg
3940,https://sarveda.com/wp-content/uploads/2021/02/pink_salt_banner_web_1.jpg,2021/02/pink_salt_banner_web_1.jpg,https://sarveda.com/wp-content/uploads/2021/02/pink_salt_banner_web_1.jpg
3941,https://sarveda.com/wp-content/uploads/2021/02/pink_salt_banner_web_2.jpg,2021/02/pink_salt_banner_web_2.jpg,https://sarveda.com/wp-content/uploads/2021/02/pink_salt_banner_web_2.jpg
3942,https://sarveda.com/wp-content/uploads/2021/02/pink_salt_banner_web_3.jpg,2021/02/pink_salt_banner_web_3.jpg,https://sarveda.com/wp-content/uploads/2021/02/pink_salt_banner_web_3.jpg
3947,https://sarveda.com/wp-content/uploads/2021/02/copper_banner_web_1.jpg,2021/02/copper_banner_web_1.jpg,https://sarveda.com/wp-content/uploads/2021/02/copper_banner_web_1.jpg
3948,https://sarveda.com/wp-content/uploads/2021/02/copper_banner_web_2.jpg,2021/02/copper_banner_web_2.jpg,https://sarveda.com/wp-content/uploads/2021/02/copper_banner_web_2.jpg
3949,https://sarveda.com/wp-content/uploads/2021/02/copper_banner_web_3.jpg,2021/02/copper_banner_web_3.jpg,https://sarveda.com/wp-content/uploads/2021/02/copper_banner_web_3.jpg
3957,https://sarveda.com/wp-content/uploads/2021/02/doshas_bannerweb_1.jpg,2021/02/doshas_bannerweb_1.jpg,https://sarveda.com/wp-content/uploads/2021/02/doshas_bannerweb_1.jpg
3958,https://sarveda.com/wp-content/uploads/2021/02/doshas_bannerweb_2.jpg,2021/02/doshas_bannerweb_2.jpg,https://sarveda.com/wp-content/uploads/2021/02/doshas_bannerweb_2.jpg
3959,https://sarveda.com/wp-content/uploads/2021/02/doshas_bannerweb_3.jpg,2021/02/doshas_bannerweb_3.jpg,https://sarveda.com/wp-content/uploads/2021/02/doshas_bannerweb_3.jpg
3962,https://sarveda.com/wp-content/uploads/2021/02/doshas_bannerweb_3-1.jpg,2021/02/doshas_bannerweb_3-1.jpg,https://sarveda.com/wp-content/uploads/2021/02/doshas_bannerweb_3-1.jpg
3965,https://sarveda.com/wp-content/uploads/2021/02/vata_bannerweb_3.jpg,2021/02/vata_bannerweb_3.jpg,https://sarveda.com/wp-content/uploads/2021/02/vata_bannerweb_3.jpg
3966,https://sarveda.com/wp-content/uploads/2021/02/vata_bannerweb_2.jpg,2021/02/vata_bannerweb_2.jpg,https://sarveda.com/wp-content/uploads/2021/02/vata_bannerweb_2.jpg
3967,https://sarveda.com/wp-content/uploads/2021/02/vata_bannerweb_1.jpg,2021/02/vata_bannerweb_1.jpg,https://sarveda.com/wp-content/uploads/2021/02/vata_bannerweb_1.jpg
3975,https://sarveda.com/wp-content/uploads/2021/02/Vata.png,2021/02/Vata.png,https://sarveda.com/wp-content/uploads/2021/02/Vata.png
3981,https://sarveda.com/wp-content/uploads/2021/02/pitta_bannerweb_1.jpg,2021/02/pitta_bannerweb_1.jpg,https://sarveda.com/wp-content/uploads/2021/02/pitta_bannerweb_1.jpg
3982,https://sarveda.com/wp-content/uploads/2021/02/pitta_bannerweb_2.jpg,2021/02/pitta_bannerweb_2.jpg,https://sarveda.com/wp-content/uploads/2021/02/pitta_bannerweb_2.jpg
3983,https://sarveda.com/wp-content/uploads/2021/02/pitta_bannerweb_3.jpg,2021/02/pitta_bannerweb_3.jpg,https://sarveda.com/wp-content/uploads/2021/02/pitta_bannerweb_3.jpg
4006,https://sarveda.com/wp-content/uploads/2021/02/modal-bg.jpeg,2021/02/modal-bg.jpeg,https://sarveda.com/wp-content/uploads/2021/02/modal-bg.jpeg
4011,https://sarveda.com/wp-content/uploads/2021/03/kapha_bannerweb_3.jpg,2021/03/kapha_bannerweb_3.jpg,https://sarveda.com/wp-content/uploads/2021/03/kapha_bannerweb_3.jpg
4012,https://sarveda.com/wp-content/uploads/2021/03/kapha_bannerweb_1.jpg,2021/03/kapha_bannerweb_1.jpg,https://sarveda.com/wp-content/uploads/2021/03/kapha_bannerweb_1.jpg
4032,https://sarveda.com/wp-content/uploads/2021/03/Arjun1.png,2021/03/Arjun1.png,https://sarveda.com/wp-content/uploads/2021/03/Arjun1.png
4033,https://sarveda.com/wp-content/uploads/2021/03/Saja1.png,2021/03/Saja1.png,https://sarveda.com/wp-content/uploads/2021/03/Saja1.png
4035,https://sarveda.com/wp-content/uploads/2021/03/Saja.png,2021/03/Saja.png,https://sarveda.com/wp-content/uploads/2021/03/Saja.png
4037,https://sarveda.com/wp-content/uploads/2021/03/Bg_dosha.jpg,2021/03/Bg_dosha.jpg,https://sarveda.com/wp-content/uploads/2021/03/Bg_dosha.jpg
4038,https://sarveda.com/wp-content/uploads/2021/03/image26.jpg,2021/03/image26.jpg,https://sarveda.com/wp-content/uploads/2021/03/image26.jpg
4039,https://sarveda.com/wp-content/uploads/2021/03/quiz_result1.jpg,2021/03/quiz_result1.jpg,https://sarveda.com/wp-content/uploads/2021/03/quiz_result1.jpg
4041,https://sarveda.com/wp-content/uploads/2021/03/Arjun1-1.png,2021/03/Arjun1-1.png,https://sarveda.com/wp-content/uploads/2021/03/Arjun1-1.png
4043,https://sarveda.com/wp-content/uploads/2021/03/Arjun.png,2021/03/Arjun.png,https://sarveda.com/wp-content/uploads/2021/03/Arjun.png
4082,https://sarveda.com/wp-content/uploads/2021/03/csdfved23.png,2021/03/csdfved23.png,https://sarveda.com/wp-content/uploads/2021/03/csdfved23.png
4083,https://sarveda.com/wp-content/uploads/2021/03/adsfasd33.png,2021/03/adsfasd33.png,https://sarveda.com/wp-content/uploads/2021/03/adsfasd33.png
4084,https://sarveda.com/wp-content/uploads/2021/03/asdas.png,2021/03/asdas.png,https://sarveda.com/wp-content/uploads/2021/03/asdas.png
4085,https://sarveda.com/wp-content/uploads/2021/03/asdasda.png,2021/03/asdasda.png,https://sarveda.com/wp-content/uploads/2021/03/asdasda.png
4086,https://sarveda.com/wp-content/uploads/2021/03/asdqd22.png,2021/03/asdqd22.png,https://sarveda.com/wp-content/uploads/2021/03/asdqd22.png
4087,https://sarveda.com/wp-content/uploads/2021/03/asds2.png,2021/03/asds2.png,https://sarveda.com/wp-content/uploads/2021/03/asds2.png
4088,https://sarveda.com/wp-content/uploads/2021/03/asfas2.png,2021/03/asfas2.png,https://sarveda.com/wp-content/uploads/2021/03/asfas2.png
4089,https://sarveda.com/wp-content/uploads/2021/03/asfasdweqf12.png,2021/03/asfasdweqf12.png,https://sarveda.com/wp-content/uploads/2021/03/asfasdweqf12.png
4090,https://sarveda.com/wp-content/uploads/2021/03/pnpng1.png,2021/03/pnpng1.png,https://sarveda.com/wp-content/uploads/2021/03/pnpng1.png
4091,https://sarveda.com/wp-content/uploads/2021/03/pnpng4.png,2021/03/pnpng4.png,https://sarveda.com/wp-content/uploads/2021/03/pnpng4.png
4092,https://sarveda.com/wp-content/uploads/2021/03/pos1.png,2021/03/pos1.png,https://sarveda.com/wp-content/uploads/2021/03/pos1.png
4093,https://sarveda.com/wp-content/uploads/2021/03/png22.png,2021/03/png22.png,https://sarveda.com/wp-content/uploads/2021/03/png22.png
4094,https://sarveda.com/wp-content/uploads/2021/03/pngg2.png,2021/03/pngg2.png,https://sarveda.com/wp-content/uploads/2021/03/pngg2.png
4095,https://sarveda.com/wp-content/uploads/2021/03/pnpn4.png,2021/03/pnpn4.png,https://sarveda.com/wp-content/uploads/2021/03/pnpn4.png
4096,https://sarveda.com/wp-content/uploads/2021/03/pnpn45.png,2021/03/pnpn45.png,https://sarveda.com/wp-content/uploads/2021/03/pnpn45.png
4097,https://sarveda.com/wp-content/uploads/2021/03/asfas2-1.png,2021/03/asfas2-1.png,https://sarveda.com/wp-content/uploads/2021/03/asfas2-1.png
4102,https://sarveda.com/wp-content/uploads/2021/03/Digital_mindfulness-Banner.png,2021/03/Digital_mindfulness-Banner.png,https://sarveda.com/wp-content/uploads/2021/03/Digital_mindfulness-Banner.png
4104,https://sarveda.com/wp-content/uploads/2021/03/Digital-Mindfulness-Thumbnail.png,2021/03/Digital-Mindfulness-Thumbnail.png,https://sarveda.com/wp-content/uploads/2021/03/Digital-Mindfulness-Thumbnail.png
4111,https://sarveda.com/wp-content/uploads/2021/03/reel_banner_1.jpg,2021/03/reel_banner_1.jpg,https://sarveda.com/wp-content/uploads/2021/03/reel_banner_1.jpg
4112,https://sarveda.com/wp-content/uploads/2021/03/reel_banner_2.jpg,2021/03/reel_banner_2.jpg,https://sarveda.com/wp-content/uploads/2021/03/reel_banner_2.jpg
4113,https://sarveda.com/wp-content/uploads/2021/03/reel_banner_3.jpg,2021/03/reel_banner_3.jpg,https://sarveda.com/wp-content/uploads/2021/03/reel_banner_3.jpg
4114,https://sarveda.com/wp-content/uploads/2021/03/reel_banner_4.jpg,2021/03/reel_banner_4.jpg,https://sarveda.com/wp-content/uploads/2021/03/reel_banner_4.jpg
4115,https://sarveda.com/wp-content/uploads/2021/03/reel_banner_5.jpg,2021/03/reel_banner_5.jpg,https://sarveda.com/wp-content/uploads/2021/03/reel_banner_5.jpg
4116,https://sarveda.com/wp-content/uploads/2021/03/reel_banner_6.jpg,2021/03/reel_banner_6.jpg,https://sarveda.com/wp-content/uploads/2021/03/reel_banner_6.jpg
4118,https://sarveda.com/wp-content/uploads/2021/03/sarveda_5_postures_1.mp4,2021/03/sarveda_5_postures_1.mp4,https://sarveda.com/wp-content/uploads/2021/03/sarveda_5_postures_1.mp4
4119,https://sarveda.com/wp-content/uploads/2021/03/reel_banner_title.jpg,2021/03/reel_banner_title.jpg,https://sarveda.com/wp-content/uploads/2021/03/reel_banner_title.jpg
4120,https://sarveda.com/wp-content/uploads/2021/03/reel_banner_1-1.jpg,2021/03/reel_banner_1-1.jpg,https://sarveda.com/wp-content/uploads/2021/03/reel_banner_1-1.jpg
4123,https://sarveda.com/wp-content/uploads/2021/03/MAH07994.mp4,2021/03/MAH07994.mp4,https://sarveda.com/wp-content/uploads/2021/03/MAH07994.mp4
4128,https://sarveda.com/wp-content/uploads/2021/03/Saja-1.png,2021/03/Saja-1.png,https://sarveda.com/wp-content/uploads/2021/03/Saja-1.png
4132,https://sarveda.com/wp-content/uploads/2021/03/sun_salutation_banner_12.jpg,2021/03/sun_salutation_banner_12.jpg,https://sarveda.com/wp-content/uploads/2021/03/sun_salutation_banner_12.jpg
4133,https://sarveda.com/wp-content/uploads/2021/03/sun_salutation_banner_2.jpg,2021/03/sun_salutation_banner_2.jpg,https://sarveda.com/wp-content/uploads/2021/03/sun_salutation_banner_2.jpg
4134,https://sarveda.com/wp-content/uploads/2021/03/sun_salutation_banner_3.jpg,2021/03/sun_salutation_banner_3.jpg,https://sarveda.com/wp-content/uploads/2021/03/sun_salutation_banner_3.jpg
4135,https://sarveda.com/wp-content/uploads/2021/03/sun_salutation_banner_4.jpg,2021/03/sun_salutation_banner_4.jpg,https://sarveda.com/wp-content/uploads/2021/03/sun_salutation_banner_4.jpg
4136,https://sarveda.com/wp-content/uploads/2021/03/sun_salutation_banner_5.jpg,2021/03/sun_salutation_banner_5.jpg,https://sarveda.com/wp-content/uploads/2021/03/sun_salutation_banner_5.jpg
4137,https://sarveda.com/wp-content/uploads/2021/03/sun_salutation_banner_6.jpg,2021/03/sun_salutation_banner_6.jpg,https://sarveda.com/wp-content/uploads/2021/03/sun_salutation_banner_6.jpg
4138,https://sarveda.com/wp-content/uploads/2021/03/sun_salutation_banner_7.jpg,2021/03/sun_salutation_banner_7.jpg,https://sarveda.com/wp-content/uploads/2021/03/sun_salutation_banner_7.jpg
4139,https://sarveda.com/wp-content/uploads/2021/03/sun_salutation_banner_8.jpg,2021/03/sun_salutation_banner_8.jpg,https://sarveda.com/wp-content/uploads/2021/03/sun_salutation_banner_8.jpg
4141,https://sarveda.com/wp-content/uploads/2021/03/MAH07994_1.mp4,2021/03/MAH07994_1.mp4,https://sarveda.com/wp-content/uploads/2021/03/MAH07994_1.mp4
4142,https://sarveda.com/wp-content/uploads/2021/03/How-to-do-Surya-Namaskar.png,2021/03/How-to-do-Surya-Namaskar.png,https://sarveda.com/wp-content/uploads/2021/03/How-to-do-Surya-Namaskar.png
4143,https://sarveda.com/wp-content/uploads/2021/03/Sun-Salutation.png,2021/03/Sun-Salutation.png,https://sarveda.com/wp-content/uploads/2021/03/Sun-Salutation.png
4188,https://sarveda.com/wp-content/uploads/2021/03/eye_yoga_banner_title.png,2021/03/eye_yoga_banner_title.png,https://sarveda.com/wp-content/uploads/2021/03/eye_yoga_banner_title.png
4189,https://sarveda.com/wp-content/uploads/2021/03/eye_yoga_banner_8.jpg,2021/03/eye_yoga_banner_8.jpg,https://sarveda.com/wp-content/uploads/2021/03/eye_yoga_banner_8.jpg
4190,https://sarveda.com/wp-content/uploads/2021/03/eye_yoga_banner_7.jpg,2021/03/eye_yoga_banner_7.jpg,https://sarveda.com/wp-content/uploads/2021/03/eye_yoga_banner_7.jpg
4191,https://sarveda.com/wp-content/uploads/2021/03/eye_yoga_banner_6.jpg,2021/03/eye_yoga_banner_6.jpg,https://sarveda.com/wp-content/uploads/2021/03/eye_yoga_banner_6.jpg
4192,https://sarveda.com/wp-content/uploads/2021/03/eye_yoga_banner_5.jpg,2021/03/eye_yoga_banner_5.jpg,https://sarveda.com/wp-content/uploads/2021/03/eye_yoga_banner_5.jpg
4193,https://sarveda.com/wp-content/uploads/2021/03/eye_yoga_banner_4.jpg,2021/03/eye_yoga_banner_4.jpg,https://sarveda.com/wp-content/uploads/2021/03/eye_yoga_banner_4.jpg
4194,https://sarveda.com/wp-content/uploads/2021/03/eye_yoga_banner_3.jpg,2021/03/eye_yoga_banner_3.jpg,https://sarveda.com/wp-content/uploads/2021/03/eye_yoga_banner_3.jpg
4195,https://sarveda.com/wp-content/uploads/2021/03/eye_yoga_banner_2.jpg,2021/03/eye_yoga_banner_2.jpg,https://sarveda.com/wp-content/uploads/2021/03/eye_yoga_banner_2.jpg
4196,https://sarveda.com/wp-content/uploads/2021/03/eye_yoga_banner_1.png,2021/03/eye_yoga_banner_1.png,https://sarveda.com/wp-content/uploads/2021/03/eye_yoga_banner_1.png
4207,https://sarveda.com/wp-content/uploads/2021/03/detox_banner_web_3.jpg,2021/03/detox_banner_web_3.jpg,https://sarveda.com/wp-content/uploads/2021/03/detox_banner_web_3.jpg
4208,https://sarveda.com/wp-content/uploads/2021/03/detox_banner_web_2.jpg,2021/03/detox_banner_web_2.jpg,https://sarveda.com/wp-content/uploads/2021/03/detox_banner_web_2.jpg
4209,https://sarveda.com/wp-content/uploads/2021/03/detox_banner_web_1.jpg,2021/03/detox_banner_web_1.jpg,https://sarveda.com/wp-content/uploads/2021/03/detox_banner_web_1.jpg
4213,https://sarveda.com/wp-content/uploads/2021/03/gunas_post_2-1.jpg,2021/03/gunas_post_2-1.jpg,https://sarveda.com/wp-content/uploads/2021/03/gunas_post_2-1.jpg
4214,https://sarveda.com/wp-content/uploads/2021/03/gunas_post_8-1.jpg,2021/03/gunas_post_8-1.jpg,https://sarveda.com/wp-content/uploads/2021/03/gunas_post_8-1.jpg
4215,https://sarveda.com/wp-content/uploads/2021/03/gunas_post_9.jpg,2021/03/gunas_post_9.jpg,https://sarveda.com/wp-content/uploads/2021/03/gunas_post_9.jpg
4217,https://sarveda.com/wp-content/uploads/2021/03/gunas_post_7.jpg,2021/03/gunas_post_7.jpg,https://sarveda.com/wp-content/uploads/2021/03/gunas_post_7.jpg
4218,https://sarveda.com/wp-content/uploads/2021/03/gunas_post_6.jpg,2021/03/gunas_post_6.jpg,https://sarveda.com/wp-content/uploads/2021/03/gunas_post_6.jpg
4219,https://sarveda.com/wp-content/uploads/2021/03/gunas_post_5.jpg,2021/03/gunas_post_5.jpg,https://sarveda.com/wp-content/uploads/2021/03/gunas_post_5.jpg
4220,https://sarveda.com/wp-content/uploads/2021/03/gunas_post_3.jpg,2021/03/gunas_post_3.jpg,https://sarveda.com/wp-content/uploads/2021/03/gunas_post_3.jpg
4221,https://sarveda.com/wp-content/uploads/2021/03/gunas_post_4.jpg,2021/03/gunas_post_4.jpg,https://sarveda.com/wp-content/uploads/2021/03/gunas_post_4.jpg
4223,https://sarveda.com/wp-content/uploads/2021/03/gunas_banner_4.jpg,2021/03/gunas_banner_4.jpg,https://sarveda.com/wp-content/uploads/2021/03/gunas_banner_4.jpg
4224,https://sarveda.com/wp-content/uploads/2021/03/gunas_banner_2.jpg,2021/03/gunas_banner_2.jpg,https://sarveda.com/wp-content/uploads/2021/03/gunas_banner_2.jpg
4225,https://sarveda.com/wp-content/uploads/2021/03/gunas_banner_1.jpg,2021/03/gunas_banner_1.jpg,https://sarveda.com/wp-content/uploads/2021/03/gunas_banner_1.jpg
4226,https://sarveda.com/wp-content/uploads/2021/03/gunas_post_12.jpg,2021/03/gunas_post_12.jpg,https://sarveda.com/wp-content/uploads/2021/03/gunas_post_12.jpg
4227,https://sarveda.com/wp-content/uploads/2021/03/gunas_post_11.jpg,2021/03/gunas_post_11.jpg,https://sarveda.com/wp-content/uploads/2021/03/gunas_post_11.jpg
4235,https://sarveda.com/wp-content/uploads/2021/03/banner_web_1.jpg,2021/03/banner_web_1.jpg,https://sarveda.com/wp-content/uploads/2021/03/banner_web_1.jpg
4236,https://sarveda.com/wp-content/uploads/2021/03/banner_web_8.jpg,2021/03/banner_web_8.jpg,https://sarveda.com/wp-content/uploads/2021/03/banner_web_8.jpg
4239,https://sarveda.com/wp-content/uploads/2021/03/banner_web_4.jpg,2021/03/banner_web_4.jpg,https://sarveda.com/wp-content/uploads/2021/03/banner_web_4.jpg
4240,https://sarveda.com/wp-content/uploads/2021/03/banner_web_7.jpg,2021/03/banner_web_7.jpg,https://sarveda.com/wp-content/uploads/2021/03/banner_web_7.jpg
4241,https://sarveda.com/wp-content/uploads/2021/03/banner_web_6.jpg,2021/03/banner_web_6.jpg,https://sarveda.com/wp-content/uploads/2021/03/banner_web_6.jpg
4242,https://sarveda.com/wp-content/uploads/2021/03/banner_web_4-1.jpg,2021/03/banner_web_4-1.jpg,https://sarveda.com/wp-content/uploads/2021/03/banner_web_4-1.jpg
4243,https://sarveda.com/wp-content/uploads/2021/03/banner_web_9.jpg,2021/03/banner_web_9.jpg,https://sarveda.com/wp-content/uploads/2021/03/banner_web_9.jpg
4244,https://sarveda.com/wp-content/uploads/2021/03/banner_web_10.jpg,2021/03/banner_web_10.jpg,https://sarveda.com/wp-content/uploads/2021/03/banner_web_10.jpg
4247,https://sarveda.com/wp-content/uploads/2021/03/popup-bg.jpg,2021/03/popup-bg.jpg,https://sarveda.com/wp-content/uploads/2021/03/popup-bg.jpg
4256,https://sarveda.com/wp-content/uploads/2021/03/Rectangle-324.jpg,2021/03/Rectangle-324.jpg,https://sarveda.com/wp-content/uploads/2021/03/Rectangle-324.jpg
4257,https://sarveda.com/wp-content/uploads/2021/03/Rectangle-327.jpg,2021/03/Rectangle-327.jpg,https://sarveda.com/wp-content/uploads/2021/03/Rectangle-327.jpg
4258,https://sarveda.com/wp-content/uploads/2021/03/image-34.jpg,2021/03/image-34.jpg,https://sarveda.com/wp-content/uploads/2021/03/image-34.jpg
4259,https://sarveda.com/wp-content/uploads/2021/03/image-36.jpg,2021/03/image-36.jpg,https://sarveda.com/wp-content/uploads/2021/03/image-36.jpg
4262,https://sarveda.com/wp-content/uploads/2021/03/dinacharya_banner_1.jpg,2021/03/dinacharya_banner_1.jpg,https://sarveda.com/wp-content/uploads/2021/03/dinacharya_banner_1.jpg
4263,https://sarveda.com/wp-content/uploads/2021/03/dinacharya_banner_2.jpg,2021/03/dinacharya_banner_2.jpg,https://sarveda.com/wp-content/uploads/2021/03/dinacharya_banner_2.jpg
4264,https://sarveda.com/wp-content/uploads/2021/03/dinacharya_banner_3.jpg,2021/03/dinacharya_banner_3.jpg,https://sarveda.com/wp-content/uploads/2021/03/dinacharya_banner_3.jpg
4265,https://sarveda.com/wp-content/uploads/2021/03/dinacharya_banner_4.jpg,2021/03/dinacharya_banner_4.jpg,https://sarveda.com/wp-content/uploads/2021/03/dinacharya_banner_4.jpg
4266,https://sarveda.com/wp-content/uploads/2021/03/dinacharya_banner_5.jpg,2021/03/dinacharya_banner_5.jpg,https://sarveda.com/wp-content/uploads/2021/03/dinacharya_banner_5.jpg
4267,https://sarveda.com/wp-content/uploads/2021/03/dinacharya_banner_6.jpg,2021/03/dinacharya_banner_6.jpg,https://sarveda.com/wp-content/uploads/2021/03/dinacharya_banner_6.jpg
4268,https://sarveda.com/wp-content/uploads/2021/03/dinacharya_banner_7.jpg,2021/03/dinacharya_banner_7.jpg,https://sarveda.com/wp-content/uploads/2021/03/dinacharya_banner_7.jpg
4269,https://sarveda.com/wp-content/uploads/2021/03/dinacharya_banner_8.jpg,2021/03/dinacharya_banner_8.jpg,https://sarveda.com/wp-content/uploads/2021/03/dinacharya_banner_8.jpg
4270,https://sarveda.com/wp-content/uploads/2021/03/dinacharya_banner_10.jpg,2021/03/dinacharya_banner_10.jpg,https://sarveda.com/wp-content/uploads/2021/03/dinacharya_banner_10.jpg
4279,https://sarveda.com/wp-content/uploads/2021/04/6_tastes_web_banner_1.jpg,2021/04/6_tastes_web_banner_1.jpg,https://sarveda.com/wp-content/uploads/2021/04/6_tastes_web_banner_1.jpg
4280,https://sarveda.com/wp-content/uploads/2021/04/6_tastes_web_banner_2.jpg,2021/04/6_tastes_web_banner_2.jpg,https://sarveda.com/wp-content/uploads/2021/04/6_tastes_web_banner_2.jpg
4282,https://sarveda.com/wp-content/uploads/2021/04/6_tastes_web_banner_3.jpg,2021/04/6_tastes_web_banner_3.jpg,https://sarveda.com/wp-content/uploads/2021/04/6_tastes_web_banner_3.jpg
4283,https://sarveda.com/wp-content/uploads/2021/04/6_tastes_web_banner_4.jpg,2021/04/6_tastes_web_banner_4.jpg,https://sarveda.com/wp-content/uploads/2021/04/6_tastes_web_banner_4.jpg
4285,https://sarveda.com/wp-content/uploads/2021/04/Lavana.jpg,2021/04/Lavana.jpg,https://sarveda.com/wp-content/uploads/2021/04/Lavana.jpg
4286,https://sarveda.com/wp-content/uploads/2021/04/6_tastes_web_banner_6.jpg,2021/04/6_tastes_web_banner_6.jpg,https://sarveda.com/wp-content/uploads/2021/04/6_tastes_web_banner_6.jpg
4287,https://sarveda.com/wp-content/uploads/2021/04/Kashaya.jpg,2021/04/Kashaya.jpg,https://sarveda.com/wp-content/uploads/2021/04/Kashaya.jpg
4291,https://sarveda.com/wp-content/uploads/2021/04/Kashaya-1.jpg,2021/04/Kashaya-1.jpg,https://sarveda.com/wp-content/uploads/2021/04/Kashaya-1.jpg
4293,https://sarveda.com/wp-content/uploads/2021/04/meditation-bgnew.jpg,2021/04/meditation-bgnew.jpg,https://sarveda.com/wp-content/uploads/2021/04/meditation-bgnew.jpg
4296,https://sarveda.com/wp-content/uploads/2021/04/pakruti_vikruti_banner_web_1.jpg,2021/04/pakruti_vikruti_banner_web_1.jpg,https://sarveda.com/wp-content/uploads/2021/04/pakruti_vikruti_banner_web_1.jpg
4297,https://sarveda.com/wp-content/uploads/2021/04/pakruti_vikruti_banner_web_2.jpg,2021/04/pakruti_vikruti_banner_web_2.jpg,https://sarveda.com/wp-content/uploads/2021/04/pakruti_vikruti_banner_web_2.jpg
4298,https://sarveda.com/wp-content/uploads/2021/04/pakruti_vikruti_banner_web_3.jpg,2021/04/pakruti_vikruti_banner_web_3.jpg,https://sarveda.com/wp-content/uploads/2021/04/pakruti_vikruti_banner_web_3.jpg
4299,https://sarveda.com/wp-content/uploads/2021/04/pakruti_vikruti_banner_web_4.jpg,2021/04/pakruti_vikruti_banner_web_4.jpg,https://sarveda.com/wp-content/uploads/2021/04/pakruti_vikruti_banner_web_4.jpg
4304,https://sarveda.com/wp-content/uploads/2021/04/Jay1.png,2021/04/Jay1.png,https://sarveda.com/wp-content/uploads/2021/04/Jay1.png
4305,https://sarveda.com/wp-content/uploads/2021/04/Swathi1.png,2021/04/Swathi1.png,https://sarveda.com/wp-content/uploads/2021/04/Swathi1.png
4306,https://sarveda.com/wp-content/uploads/2021/04/sowmya1.png,2021/04/sowmya1.png,https://sarveda.com/wp-content/uploads/2021/04/sowmya1.png
4308,https://sarveda.com/wp-content/uploads/2021/04/jk.png,2021/04/jk.png,https://sarveda.com/wp-content/uploads/2021/04/jk.png
4310,https://sarveda.com/wp-content/uploads/2021/04/Swathi.png,2021/04/Swathi.png,https://sarveda.com/wp-content/uploads/2021/04/Swathi.png
4312,https://sarveda.com/wp-content/uploads/2021/04/Sowmya.png,2021/04/Sowmya.png,https://sarveda.com/wp-content/uploads/2021/04/Sowmya.png
4344,https://sarveda.com/wp-content/uploads/2021/04/banner_web_1.1.jpg,2021/04/banner_web_1.1.jpg,https://sarveda.com/wp-content/uploads/2021/04/banner_web_1.1.jpg
4345,https://sarveda.com/wp-content/uploads/2021/04/banner_web_3-1.jpg,2021/04/banner_web_3-1.jpg,https://sarveda.com/wp-content/uploads/2021/04/banner_web_3-1.jpg
4346,https://sarveda.com/wp-content/uploads/2021/04/banner_web_3.1.jpg,2021/04/banner_web_3.1.jpg,https://sarveda.com/wp-content/uploads/2021/04/banner_web_3.1.jpg
4351,https://sarveda.com/wp-content/uploads/2021/04/banner_web_1.3.jpg,2021/04/banner_web_1.3.jpg,https://sarveda.com/wp-content/uploads/2021/04/banner_web_1.3.jpg
4352,https://sarveda.com/wp-content/uploads/2021/04/banner_web_5-1.jpg,2021/04/banner_web_5-1.jpg,https://sarveda.com/wp-content/uploads/2021/04/banner_web_5-1.jpg
4353,https://sarveda.com/wp-content/uploads/2021/04/banner_web_5.1.jpg,2021/04/banner_web_5.1.jpg,https://sarveda.com/wp-content/uploads/2021/04/banner_web_5.1.jpg
4359,https://sarveda.com/wp-content/uploads/2021/04/banner_web_4-1.jpg,2021/04/banner_web_4-1.jpg,https://sarveda.com/wp-content/uploads/2021/04/banner_web_4-1.jpg
4360,https://sarveda.com/wp-content/uploads/2021/04/banner_web_4.1.jpg,2021/04/banner_web_4.1.jpg,https://sarveda.com/wp-content/uploads/2021/04/banner_web_4.1.jpg
4361,https://sarveda.com/wp-content/uploads/2021/04/banner_web_1.2.jpg,2021/04/banner_web_1.2.jpg,https://sarveda.com/wp-content/uploads/2021/04/banner_web_1.2.jpg
4375,https://sarveda.com/wp-content/uploads/2021/04/psccpg_placeholder.jpg,2021/04/psccpg_placeholder.jpg,https://sarveda.com/wp-content/uploads/2021/04/psccpg_placeholder.jpg
4399,https://sarveda.com/wp-content/uploads/2021/04/banner_web_1-1.jpg,2021/04/banner_web_1-1.jpg,https://sarveda.com/wp-content/uploads/2021/04/banner_web_1-1.jpg
4400,https://sarveda.com/wp-content/uploads/2021/04/banner_web_2-1.jpg,2021/04/banner_web_2-1.jpg,https://sarveda.com/wp-content/uploads/2021/04/banner_web_2-1.jpg
4401,https://sarveda.com/wp-content/uploads/2021/04/banner_web_4-2.jpg,2021/04/banner_web_4-2.jpg,https://sarveda.com/wp-content/uploads/2021/04/banner_web_4-2.jpg
4403,https://sarveda.com/wp-content/uploads/2021/04/banner_web_3-2.jpg,2021/04/banner_web_3-2.jpg,https://sarveda.com/wp-content/uploads/2021/04/banner_web_3-2.jpg
4418,https://sarveda.com/wp-content/uploads/2021/04/meditation_banner_web_1.jpg,2021/04/meditation_banner_web_1.jpg,https://sarveda.com/wp-content/uploads/2021/04/meditation_banner_web_1.jpg
4419,https://sarveda.com/wp-content/uploads/2021/04/meditation_banner_web_2.jpg,2021/04/meditation_banner_web_2.jpg,https://sarveda.com/wp-content/uploads/2021/04/meditation_banner_web_2.jpg
4420,https://sarveda.com/wp-content/uploads/2021/04/meditation_banner_web_3.jpg,2021/04/meditation_banner_web_3.jpg,https://sarveda.com/wp-content/uploads/2021/04/meditation_banner_web_3.jpg
4421,https://sarveda.com/wp-content/uploads/2021/04/meditation_banner_web_4.jpg,2021/04/meditation_banner_web_4.jpg,https://sarveda.com/wp-content/uploads/2021/04/meditation_banner_web_4.jpg
4429,https://sarveda.com/wp-content/uploads/2021/04/chakras_web_banner_1.jpg,2021/04/chakras_web_banner_1.jpg,https://sarveda.com/wp-content/uploads/2021/04/chakras_web_banner_1.jpg
4430,https://sarveda.com/wp-content/uploads/2021/04/chakras_web_banner_2.jpg,2021/04/chakras_web_banner_2.jpg,https://sarveda.com/wp-content/uploads/2021/04/chakras_web_banner_2.jpg
4431,https://sarveda.com/wp-content/uploads/2021/04/chakras_web_banner_3.jpg,2021/04/chakras_web_banner_3.jpg,https://sarveda.com/wp-content/uploads/2021/04/chakras_web_banner_3.jpg
4432,https://sarveda.com/wp-content/uploads/2021/04/chakras_web_banner_4.jpg,2021/04/chakras_web_banner_4.jpg,https://sarveda.com/wp-content/uploads/2021/04/chakras_web_banner_4.jpg
4446,https://sarveda.com/wp-content/uploads/2021/04/spring_guide_banner_web_1.jpg,2021/04/spring_guide_banner_web_1.jpg,https://sarveda.com/wp-content/uploads/2021/04/spring_guide_banner_web_1.jpg
4447,https://sarveda.com/wp-content/uploads/2021/04/spring_guide_banner_web_2.jpg,2021/04/spring_guide_banner_web_2.jpg,https://sarveda.com/wp-content/uploads/2021/04/spring_guide_banner_web_2.jpg
4448,https://sarveda.com/wp-content/uploads/2021/04/spring_guide_banner_web_3.jpg,2021/04/spring_guide_banner_web_3.jpg,https://sarveda.com/wp-content/uploads/2021/04/spring_guide_banner_web_3.jpg
4449,https://sarveda.com/wp-content/uploads/2021/04/spring_guide_banner_web_4.jpg,2021/04/spring_guide_banner_web_4.jpg,https://sarveda.com/wp-content/uploads/2021/04/spring_guide_banner_web_4.jpg
4457,https://sarveda.com/wp-content/uploads/2021/04/understanding_vata_web_banner_1.jpg,2021/04/understanding_vata_web_banner_1.jpg,https://sarveda.com/wp-content/uploads/2021/04/understanding_vata_web_banner_1.jpg
4458,https://sarveda.com/wp-content/uploads/2021/04/understanding_vata_web_banner_2.jpg,2021/04/understanding_vata_web_banner_2.jpg,https://sarveda.com/wp-content/uploads/2021/04/understanding_vata_web_banner_2.jpg
4459,https://sarveda.com/wp-content/uploads/2021/04/understanding_vata_web_banner_3.jpg,2021/04/understanding_vata_web_banner_3.jpg,https://sarveda.com/wp-content/uploads/2021/04/understanding_vata_web_banner_3.jpg
4460,https://sarveda.com/wp-content/uploads/2021/04/understanding_vata_web_banner_4.jpg,2021/04/understanding_vata_web_banner_4.jpg,https://sarveda.com/wp-content/uploads/2021/04/understanding_vata_web_banner_4.jpg
4466,https://sarveda.com/wp-content/uploads/2021/04/understanding_pitta_web_banner_1.jpg,2021/04/understanding_pitta_web_banner_1.jpg,https://sarveda.com/wp-content/uploads/2021/04/understanding_pitta_web_banner_1.jpg
4467,https://sarveda.com/wp-content/uploads/2021/04/understanding_pitta_web_banner_2.jpg,2021/04/understanding_pitta_web_banner_2.jpg,https://sarveda.com/wp-content/uploads/2021/04/understanding_pitta_web_banner_2.jpg
4468,https://sarveda.com/wp-content/uploads/2021/04/understanding_pitta_web_banner_3.jpg,2021/04/understanding_pitta_web_banner_3.jpg,https://sarveda.com/wp-content/uploads/2021/04/understanding_pitta_web_banner_3.jpg
4469,https://sarveda.com/wp-content/uploads/2021/04/understanding_pitta_web_banner_4.jpg,2021/04/understanding_pitta_web_banner_4.jpg,https://sarveda.com/wp-content/uploads/2021/04/understanding_pitta_web_banner_4.jpg
4474,https://sarveda.com/wp-content/uploads/2021/04/banner_2.jpg,2021/04/banner_2.jpg,https://sarveda.com/wp-content/uploads/2021/04/banner_2.jpg
4475,https://sarveda.com/wp-content/uploads/2021/04/understanding_kapha_web_banner_1.jpg,2021/04/understanding_kapha_web_banner_1.jpg,https://sarveda.com/wp-content/uploads/2021/04/understanding_kapha_web_banner_1.jpg
4476,https://sarveda.com/wp-content/uploads/2021/04/understanding_kapha_web_banner_2.jpg,2021/04/understanding_kapha_web_banner_2.jpg,https://sarveda.com/wp-content/uploads/2021/04/understanding_kapha_web_banner_2.jpg
4477,https://sarveda.com/wp-content/uploads/2021/04/understanding_kapha_web_banner_3.jpg,2021/04/understanding_kapha_web_banner_3.jpg,https://sarveda.com/wp-content/uploads/2021/04/understanding_kapha_web_banner_3.jpg
4521,https://sarveda.com/wp-content/uploads/2021/04/yoga_sutra_banner_web_1.jpg,2021/04/yoga_sutra_banner_web_1.jpg,https://sarveda.com/wp-content/uploads/2021/04/yoga_sutra_banner_web_1.jpg
4522,https://sarveda.com/wp-content/uploads/2021/04/yoga_sutra_banner_web_2.jpg,2021/04/yoga_sutra_banner_web_2.jpg,https://sarveda.com/wp-content/uploads/2021/04/yoga_sutra_banner_web_2.jpg
4523,https://sarveda.com/wp-content/uploads/2021/04/yoga_sutra_banner_web_3.jpg,2021/04/yoga_sutra_banner_web_3.jpg,https://sarveda.com/wp-content/uploads/2021/04/yoga_sutra_banner_web_3.jpg
4539,https://sarveda.com/wp-content/uploads/2021/04/Yoga-sutras.png,2021/04/Yoga-sutras.png,https://sarveda.com/wp-content/uploads/2021/04/Yoga-sutras.png
4543,https://sarveda.com/wp-content/uploads/2021/04/bg-sarveda2.png,2021/04/bg-sarveda2.png,https://sarveda.com/wp-content/uploads/2021/04/bg-sarveda2.png
4544,https://sarveda.com/wp-content/uploads/2021/04/bg-sarveda1.png,2021/04/bg-sarveda1.png,https://sarveda.com/wp-content/uploads/2021/04/bg-sarveda1.png
4545,https://sarveda.com/wp-content/uploads/2021/04/sarveda-bg3.png,2021/04/sarveda-bg3.png,https://sarveda.com/wp-content/uploads/2021/04/sarveda-bg3.png
4546,https://sarveda.com/wp-content/uploads/2021/04/bg-sarveda4.png,2021/04/bg-sarveda4.png,https://sarveda.com/wp-content/uploads/2021/04/bg-sarveda4.png
4566,https://sarveda.com/wp-content/uploads/2021/05/one_with_india_event_banner_1.jpg,2021/05/one_with_india_event_banner_1.jpg,https://sarveda.com/wp-content/uploads/2021/05/one_with_india_event_banner_1.jpg
4568,https://sarveda.com/wp-content/uploads/2021/05/Sowmya-Ayyar.png,2021/05/Sowmya-Ayyar.png,https://sarveda.com/wp-content/uploads/2021/05/Sowmya-Ayyar.png
4570,https://sarveda.com/wp-content/uploads/2021/05/one_with_india_post_1.jpg,2021/05/one_with_india_post_1.jpg,https://sarveda.com/wp-content/uploads/2021/05/one_with_india_post_1.jpg
4571,https://sarveda.com/wp-content/uploads/2021/05/one_with_india_event_banner_1-1.jpg,2021/05/one_with_india_event_banner_1-1.jpg,https://sarveda.com/wp-content/uploads/2021/05/one_with_india_event_banner_1-1.jpg
4572,https://sarveda.com/wp-content/uploads/2021/05/Arjun.png,2021/05/Arjun.png,https://sarveda.com/wp-content/uploads/2021/05/Arjun.png
4573,https://sarveda.com/wp-content/uploads/2021/05/Deepa.png,2021/05/Deepa.png,https://sarveda.com/wp-content/uploads/2021/05/Deepa.png
4574,https://sarveda.com/wp-content/uploads/2021/05/rekha.png,2021/05/rekha.png,https://sarveda.com/wp-content/uploads/2021/05/rekha.png
4575,https://sarveda.com/wp-content/uploads/2021/05/Saja.png,2021/05/Saja.png,https://sarveda.com/wp-content/uploads/2021/05/Saja.png
4576,https://sarveda.com/wp-content/uploads/2021/05/Sowmya.png,2021/05/Sowmya.png,https://sarveda.com/wp-content/uploads/2021/05/Sowmya.png
4583,https://sarveda.com/wp-content/uploads/2021/05/consult-banner.jpg,2021/05/consult-banner.jpg,https://sarveda.com/wp-content/uploads/2021/05/consult-banner.jpg
4587,https://sarveda.com/wp-content/uploads/2021/05/Cover.png,2021/05/Cover.png,https://sarveda.com/wp-content/uploads/2021/05/Cover.png
4588,https://sarveda.com/wp-content/uploads/2021/05/ayurvedic_consultations_banner_web_1-1.jpg,2021/05/ayurvedic_consultations_banner_web_1-1.jpg,https://sarveda.com/wp-content/uploads/2021/05/ayurvedic_consultations_banner_web_1-1.jpg
4595,https://sarveda.com/wp-content/uploads/2021/05/Stress-anxiety-insomnia.png,2021/05/Stress-anxiety-insomnia.png,https://sarveda.com/wp-content/uploads/2021/05/Stress-anxiety-insomnia.png
4596,https://sarveda.com/wp-content/uploads/2021/05/weight-loss.png,2021/05/weight-loss.png,https://sarveda.com/wp-content/uploads/2021/05/weight-loss.png
4597,https://sarveda.com/wp-content/uploads/2021/05/Bone-Joint-care.png,2021/05/Bone-Joint-care.png,https://sarveda.com/wp-content/uploads/2021/05/Bone-Joint-care.png
4598,https://sarveda.com/wp-content/uploads/2021/05/Detox.png,2021/05/Detox.png,https://sarveda.com/wp-content/uploads/2021/05/Detox.png
4599,https://sarveda.com/wp-content/uploads/2021/05/Digestion.png,2021/05/Digestion.png,https://sarveda.com/wp-content/uploads/2021/05/Digestion.png
4600,https://sarveda.com/wp-content/uploads/2021/05/General-healthcare.png,2021/05/General-healthcare.png,https://sarveda.com/wp-content/uploads/2021/05/General-healthcare.png
4601,https://sarveda.com/wp-content/uploads/2021/05/Hormonal-disorders.png,2021/05/Hormonal-disorders.png,https://sarveda.com/wp-content/uploads/2021/05/Hormonal-disorders.png
4602,https://sarveda.com/wp-content/uploads/2021/05/mental-health.png,2021/05/mental-health.png,https://sarveda.com/wp-content/uploads/2021/05/mental-health.png
4603,https://sarveda.com/wp-content/uploads/2021/05/Respiratory.png,2021/05/Respiratory.png,https://sarveda.com/wp-content/uploads/2021/05/Respiratory.png
4604,https://sarveda.com/wp-content/uploads/2021/05/Skin-hair.png,2021/05/Skin-hair.png,https://sarveda.com/wp-content/uploads/2021/05/Skin-hair.png
4626,https://sarveda.com/wp-content/uploads/2021/06/5_elements_post_1.jpg,2021/06/5_elements_post_1.jpg,https://sarveda.com/wp-content/uploads/2021/06/5_elements_post_1.jpg
4627,https://sarveda.com/wp-content/uploads/2021/06/5_elements_post_1-1.jpg,2021/06/5_elements_post_1-1.jpg,https://sarveda.com/wp-content/uploads/2021/06/5_elements_post_1-1.jpg
4628,https://sarveda.com/wp-content/uploads/2021/06/5_elements_post_2.jpg,2021/06/5_elements_post_2.jpg,https://sarveda.com/wp-content/uploads/2021/06/5_elements_post_2.jpg
4629,https://sarveda.com/wp-content/uploads/2021/06/5_elements_post_3.jpg,2021/06/5_elements_post_3.jpg,https://sarveda.com/wp-content/uploads/2021/06/5_elements_post_3.jpg
4630,https://sarveda.com/wp-content/uploads/2021/06/5_elements_post_4.jpg,2021/06/5_elements_post_4.jpg,https://sarveda.com/wp-content/uploads/2021/06/5_elements_post_4.jpg
4631,https://sarveda.com/wp-content/uploads/2021/06/5_elements_post_5.jpg,2021/06/5_elements_post_5.jpg,https://sarveda.com/wp-content/uploads/2021/06/5_elements_post_5.jpg
4632,https://sarveda.com/wp-content/uploads/2021/06/5_elements_post_6.jpg,2021/06/5_elements_post_6.jpg,https://sarveda.com/wp-content/uploads/2021/06/5_elements_post_6.jpg
4633,https://sarveda.com/wp-content/uploads/2021/06/5_elements_banner_web_3.1.jpg,2021/06/5_elements_banner_web_3.1.jpg,https://sarveda.com/wp-content/uploads/2021/06/5_elements_banner_web_3.1.jpg
4634,https://sarveda.com/wp-content/uploads/2021/06/5_elements_banner_web_4.1.jpg,2021/06/5_elements_banner_web_4.1.jpg,https://sarveda.com/wp-content/uploads/2021/06/5_elements_banner_web_4.1.jpg
4635,https://sarveda.com/wp-content/uploads/2021/06/5_elements_banner_web_5.jpg,2021/06/5_elements_banner_web_5.jpg,https://sarveda.com/wp-content/uploads/2021/06/5_elements_banner_web_5.jpg
4636,https://sarveda.com/wp-content/uploads/2021/06/5_elements_banner_web_6.1.jpg,2021/06/5_elements_banner_web_6.1.jpg,https://sarveda.com/wp-content/uploads/2021/06/5_elements_banner_web_6.1.jpg
4638,https://sarveda.com/wp-content/uploads/2021/06/5_elements_banner_web_6.1-1.jpg,2021/06/5_elements_banner_web_6.1-1.jpg,https://sarveda.com/wp-content/uploads/2021/06/5_elements_banner_web_6.1-1.jpg
4639,https://sarveda.com/wp-content/uploads/2021/06/5_elements_banner_web_2.jpg,2021/06/5_elements_banner_web_2.jpg,https://sarveda.com/wp-content/uploads/2021/06/5_elements_banner_web_2.jpg
4640,https://sarveda.com/wp-content/uploads/2021/06/5_elements_banner_web_1.jpg,2021/06/5_elements_banner_web_1.jpg,https://sarveda.com/wp-content/uploads/2021/06/5_elements_banner_web_1.jpg
4645,https://sarveda.com/wp-content/uploads/2021/06/guru_p_webinar_post.jpg,2021/06/guru_p_webinar_post.jpg,https://sarveda.com/wp-content/uploads/2021/06/guru_p_webinar_post.jpg
4647,https://sarveda.com/wp-content/uploads/2021/06/Vishakha.png,2021/06/Vishakha.png,https://sarveda.com/wp-content/uploads/2021/06/Vishakha.png
4648,https://sarveda.com/wp-content/uploads/2021/06/Anurag.png,2021/06/Anurag.png,https://sarveda.com/wp-content/uploads/2021/06/Anurag.png
4649,https://sarveda.com/wp-content/uploads/2021/06/Arjun.png,2021/06/Arjun.png,https://sarveda.com/wp-content/uploads/2021/06/Arjun.png
4650,https://sarveda.com/wp-content/uploads/2021/06/Gaurav.png,2021/06/Gaurav.png,https://sarveda.com/wp-content/uploads/2021/06/Gaurav.png
4651,https://sarveda.com/wp-content/uploads/2021/06/Minin.png,2021/06/Minin.png,https://sarveda.com/wp-content/uploads/2021/06/Minin.png
4652,https://sarveda.com/wp-content/uploads/2021/06/Raymar.png,2021/06/Raymar.png,https://sarveda.com/wp-content/uploads/2021/06/Raymar.png
4653,https://sarveda.com/wp-content/uploads/2021/06/Saja.png,2021/06/Saja.png,https://sarveda.com/wp-content/uploads/2021/06/Saja.png
4654,https://sarveda.com/wp-content/uploads/2021/06/Shridhar.png,2021/06/Shridhar.png,https://sarveda.com/wp-content/uploads/2021/06/Shridhar.png
4655,https://sarveda.com/wp-content/uploads/2021/06/Swathi.png,2021/06/Swathi.png,https://sarveda.com/wp-content/uploads/2021/06/Swathi.png
4665,https://sarveda.com/wp-content/uploads/2021/06/Screen-Shot-2021-06-04-at-12.48.34-PM.png,2021/06/Screen-Shot-2021-06-04-at-12.48.34-PM.png,https://sarveda.com/wp-content/uploads/2021/06/Screen-Shot-2021-06-04-at-12.48.34-PM.png
4669,https://sarveda.com/wp-content/uploads/2021/06/Jayachandran_thampi.jpg,2021/06/Jayachandran_thampi.jpg,https://sarveda.com/wp-content/uploads/2021/06/Jayachandran_thampi.jpg
4670,https://sarveda.com/wp-content/uploads/2021/06/thampi_webinar.jpg,2021/06/thampi_webinar.jpg,https://sarveda.com/wp-content/uploads/2021/06/thampi_webinar.jpg
4671,https://sarveda.com/wp-content/uploads/2021/06/thampi_webinar_storie.jpg,2021/06/thampi_webinar_storie.jpg,https://sarveda.com/wp-content/uploads/2021/06/thampi_webinar_storie.jpg
4672,https://sarveda.com/wp-content/uploads/2021/06/thampi_webinar_storie-2.jpg,2021/06/thampi_webinar_storie-2.jpg,https://sarveda.com/wp-content/uploads/2021/06/thampi_webinar_storie-2.jpg
4673,https://sarveda.com/wp-content/uploads/2021/06/thampi_webinar-1.jpg,2021/06/thampi_webinar-1.jpg,https://sarveda.com/wp-content/uploads/2021/06/thampi_webinar-1.jpg
4675,https://sarveda.com/wp-content/uploads/2021/06/thampi_webinar-2.jpg,2021/06/thampi_webinar-2.jpg,https://sarveda.com/wp-content/uploads/2021/06/thampi_webinar-2.jpg
4676,https://sarveda.com/wp-content/uploads/2021/06/thampi_webinar-2-1.jpg,2021/06/thampi_webinar-2-1.jpg,https://sarveda.com/wp-content/uploads/2021/06/thampi_webinar-2-1.jpg
4679,https://sarveda.com/wp-content/uploads/2021/06/guru_p_webinar_post.jpeg,2021/06/guru_p_webinar_post.jpeg,https://sarveda.com/wp-content/uploads/2021/06/guru_p_webinar_post.jpeg
4683,https://sarveda.com/wp-content/uploads/2021/06/hari_kumar_webinar_storie.jpg,2021/06/hari_kumar_webinar_storie.jpg,https://sarveda.com/wp-content/uploads/2021/06/hari_kumar_webinar_storie.jpg
4684,https://sarveda.com/wp-content/uploads/2021/06/hari_kumar_webinar.jpg,2021/06/hari_kumar_webinar.jpg,https://sarveda.com/wp-content/uploads/2021/06/hari_kumar_webinar.jpg
4685,https://sarveda.com/wp-content/uploads/2021/06/hari_kumar_webinar-1.jpg,2021/06/hari_kumar_webinar-1.jpg,https://sarveda.com/wp-content/uploads/2021/06/hari_kumar_webinar-1.jpg
4686,https://sarveda.com/wp-content/uploads/2021/06/dr-hari.jpg,2021/06/dr-hari.jpg,https://sarveda.com/wp-content/uploads/2021/06/dr-hari.jpg
4690,https://sarveda.com/wp-content/uploads/2021/06/Consultation.jpg,2021/06/Consultation.jpg,https://sarveda.com/wp-content/uploads/2021/06/Consultation.jpg
4691,https://sarveda.com/wp-content/uploads/2021/06/disCat_yoga_thpy.jpg,2021/06/disCat_yoga_thpy.jpg,https://sarveda.com/wp-content/uploads/2021/06/disCat_yoga_thpy.jpg
4692,https://sarveda.com/wp-content/uploads/2021/06/disCat_ave.jpg,2021/06/disCat_ave.jpg,https://sarveda.com/wp-content/uploads/2021/06/disCat_ave.jpg
4693,https://sarveda.com/wp-content/uploads/2021/06/disCat_inte.jpg,2021/06/disCat_inte.jpg,https://sarveda.com/wp-content/uploads/2021/06/disCat_inte.jpg
4694,https://sarveda.com/wp-content/uploads/2021/06/disCat_yoga.jpg,2021/06/disCat_yoga.jpg,https://sarveda.com/wp-content/uploads/2021/06/disCat_yoga.jpg
4699,https://sarveda.com/wp-content/uploads/2021/06/sarveda-bg3.png,2021/06/sarveda-bg3.png,https://sarveda.com/wp-content/uploads/2021/06/sarveda-bg3.png
4712,https://sarveda.com/wp-content/uploads/2021/06/dr-sk-mohan.png,2021/06/dr-sk-mohan.png,https://sarveda.com/wp-content/uploads/2021/06/dr-sk-mohan.png
4713,https://sarveda.com/wp-content/uploads/2021/06/mohan_webinar_storie.jpg,2021/06/mohan_webinar_storie.jpg,https://sarveda.com/wp-content/uploads/2021/06/mohan_webinar_storie.jpg
4714,https://sarveda.com/wp-content/uploads/2021/06/mohan_webinar-1.jpg,2021/06/mohan_webinar-1.jpg,https://sarveda.com/wp-content/uploads/2021/06/mohan_webinar-1.jpg
4715,https://sarveda.com/wp-content/uploads/2021/06/mohan_webinar.jpg,2021/06/mohan_webinar.jpg,https://sarveda.com/wp-content/uploads/2021/06/mohan_webinar.jpg
4716,https://sarveda.com/wp-content/uploads/2021/06/mohan_webinar_storie-2.jpg,2021/06/mohan_webinar_storie-2.jpg,https://sarveda.com/wp-content/uploads/2021/06/mohan_webinar_storie-2.jpg
4721,https://sarveda.com/wp-content/uploads/2021/06/RV-Giridhar.png,2021/06/RV-Giridhar.png,https://sarveda.com/wp-content/uploads/2021/06/RV-Giridhar.png
4722,https://sarveda.com/wp-content/uploads/2021/06/rvgirdhar.jpg,2021/06/rvgirdhar.jpg,https://sarveda.com/wp-content/uploads/2021/06/rvgirdhar.jpg
4726,https://sarveda.com/wp-content/uploads/2021/07/swamiyogaratna.jpg,2021/07/swamiyogaratna.jpg,https://sarveda.com/wp-content/uploads/2021/07/swamiyogaratna.jpg
4727,https://sarveda.com/wp-content/uploads/2021/07/yogaratna.png,2021/07/yogaratna.png,https://sarveda.com/wp-content/uploads/2021/07/yogaratna.png
4759,https://sarveda.com/wp-content/uploads/2021/07/WhatsApp-Image-2021-07-13-at-1.12.31-PM.jpeg,2021/07/WhatsApp-Image-2021-07-13-at-1.12.31-PM.jpeg,https://sarveda.com/wp-content/uploads/2021/07/WhatsApp-Image-2021-07-13-at-1.12.31-PM.jpeg
4760,https://sarveda.com/wp-content/uploads/2021/07/raghu_webinar.jpg,2021/07/raghu_webinar.jpg,https://sarveda.com/wp-content/uploads/2021/07/raghu_webinar.jpg
4762,https://sarveda.com/wp-content/uploads/2021/07/Advaita-Vedanta.jpeg,2021/07/Advaita-Vedanta.jpeg,https://sarveda.com/wp-content/uploads/2021/07/Advaita-Vedanta.jpeg
4767,https://sarveda.com/wp-content/uploads/2021/07/course-banner.png,2021/07/course-banner.png,https://sarveda.com/wp-content/uploads/2021/07/course-banner.png
4768,https://sarveda.com/wp-content/uploads/2021/07/ayurvedic_consultation_info_banners_nadi.jpg,2021/07/ayurvedic_consultation_info_banners_nadi.jpg,https://sarveda.com/wp-content/uploads/2021/07/ayurvedic_consultation_info_banners_nadi.jpg
4769,https://sarveda.com/wp-content/uploads/2021/07/ayurvedic_consultation_info_banners_mala.jpg,2021/07/ayurvedic_consultation_info_banners_mala.jpg,https://sarveda.com/wp-content/uploads/2021/07/ayurvedic_consultation_info_banners_mala.jpg
4770,https://sarveda.com/wp-content/uploads/2021/07/ayurvedic_consultation_info_banners_mutra.jpg,2021/07/ayurvedic_consultation_info_banners_mutra.jpg,https://sarveda.com/wp-content/uploads/2021/07/ayurvedic_consultation_info_banners_mutra.jpg
4771,https://sarveda.com/wp-content/uploads/2021/07/ayurvedic_consultation_info_banners_jivha.jpg,2021/07/ayurvedic_consultation_info_banners_jivha.jpg,https://sarveda.com/wp-content/uploads/2021/07/ayurvedic_consultation_info_banners_jivha.jpg
4772,https://sarveda.com/wp-content/uploads/2021/07/ayurvedic_consultation_info_banners_sparsha.jpg,2021/07/ayurvedic_consultation_info_banners_sparsha.jpg,https://sarveda.com/wp-content/uploads/2021/07/ayurvedic_consultation_info_banners_sparsha.jpg
4773,https://sarveda.com/wp-content/uploads/2021/07/ayurvedic_consultation_info_banners_shabda.jpg,2021/07/ayurvedic_consultation_info_banners_shabda.jpg,https://sarveda.com/wp-content/uploads/2021/07/ayurvedic_consultation_info_banners_shabda.jpg
4774,https://sarveda.com/wp-content/uploads/2021/07/ayurvedic_consultation_info_banners_druk.jpg,2021/07/ayurvedic_consultation_info_banners_druk.jpg,https://sarveda.com/wp-content/uploads/2021/07/ayurvedic_consultation_info_banners_druk.jpg
4775,https://sarveda.com/wp-content/uploads/2021/07/ayurvedic_consultation_info_banners_akriti.jpg,2021/07/ayurvedic_consultation_info_banners_akriti.jpg,https://sarveda.com/wp-content/uploads/2021/07/ayurvedic_consultation_info_banners_akriti.jpg
4777,https://sarveda.com/wp-content/uploads/2021/07/ayurvedic_diagnosis_banner_2.jpg,2021/07/ayurvedic_diagnosis_banner_2.jpg,https://sarveda.com/wp-content/uploads/2021/07/ayurvedic_diagnosis_banner_2.jpg
4778,https://sarveda.com/wp-content/uploads/2021/07/ayurvedic_diagnosis_banner_3.jpg,2021/07/ayurvedic_diagnosis_banner_3.jpg,https://sarveda.com/wp-content/uploads/2021/07/ayurvedic_diagnosis_banner_3.jpg
4782,https://sarveda.com/wp-content/uploads/2021/07/vedas_banners_1.jpg,2021/07/vedas_banners_1.jpg,https://sarveda.com/wp-content/uploads/2021/07/vedas_banners_1.jpg
4783,https://sarveda.com/wp-content/uploads/2021/07/vedas_banners_2.jpg,2021/07/vedas_banners_2.jpg,https://sarveda.com/wp-content/uploads/2021/07/vedas_banners_2.jpg
4784,https://sarveda.com/wp-content/uploads/2021/07/vedas_banners_3.jpg,2021/07/vedas_banners_3.jpg,https://sarveda.com/wp-content/uploads/2021/07/vedas_banners_3.jpg
4785,https://sarveda.com/wp-content/uploads/2021/07/vedas_banners_cover_1.jpg,2021/07/vedas_banners_cover_1.jpg,https://sarveda.com/wp-content/uploads/2021/07/vedas_banners_cover_1.jpg
4786,https://sarveda.com/wp-content/uploads/2021/07/vedanta_course_banner_1.jpg,2021/07/vedanta_course_banner_1.jpg,https://sarveda.com/wp-content/uploads/2021/07/vedanta_course_banner_1.jpg
4787,https://sarveda.com/wp-content/uploads/2021/07/vedas_banners_cover_1-1.jpg,2021/07/vedas_banners_cover_1-1.jpg,https://sarveda.com/wp-content/uploads/2021/07/vedas_banners_cover_1-1.jpg
4788,https://sarveda.com/wp-content/uploads/2021/07/vedas_banners_cover_2-1.jpg,2021/07/vedas_banners_cover_2-1.jpg,https://sarveda.com/wp-content/uploads/2021/07/vedas_banners_cover_2-1.jpg
4795,https://sarveda.com/wp-content/uploads/2021/07/Layer-1.png,2021/07/Layer-1.png,https://sarveda.com/wp-content/uploads/2021/07/Layer-1.png
4796,https://sarveda.com/wp-content/uploads/2021/07/BW-profile.png,2021/07/BW-profile.png,https://sarveda.com/wp-content/uploads/2021/07/BW-profile.png
4797,https://sarveda.com/wp-content/uploads/2021/07/yogaratna-1.png,2021/07/yogaratna-1.png,https://sarveda.com/wp-content/uploads/2021/07/yogaratna-1.png
4798,https://sarveda.com/wp-content/uploads/2021/07/Yoga-therapy.png,2021/07/Yoga-therapy.png,https://sarveda.com/wp-content/uploads/2021/07/Yoga-therapy.png
4944,https://sarveda.com/wp-content/uploads/2021/05/KKVerma.jpg,2021/05/KKVerma.jpg,https://sarveda.com/wp-content/uploads/2021/05/KKVerma.jpg
4962,https://sarveda.com/wp-content/uploads/2020/11/mIndsattva_front_100.jpg,2020/11/mIndsattva_front_100-scaled.jpg,https://sarveda.com/wp-content/uploads/2020/11/mIndsattva_front_100-scaled.jpg
4963,https://sarveda.com/wp-content/uploads/2020/11/Mindsattva_Artwork-200.jpg,2020/11/Mindsattva_Artwork-200-scaled.jpg,https://sarveda.com/wp-content/uploads/2020/11/Mindsattva_Artwork-200-scaled.jpg
4964,https://sarveda.com/wp-content/uploads/2020/11/mIndsattva-02.jpg,2020/11/mIndsattva-02-scaled.jpg,https://sarveda.com/wp-content/uploads/2020/11/mIndsattva-02-scaled.jpg
4971,https://sarveda.com/wp-content/uploads/2020/12/Agnicare.jpg,2020/12/Agnicare-scaled.jpg,https://sarveda.com/wp-content/uploads/2020/12/Agnicare-scaled.jpg
4982,https://sarveda.com/wp-content/uploads/2020/12/PranaCare.jpg,2020/12/PranaCare.jpg,https://sarveda.com/wp-content/uploads/2020/12/PranaCare.jpg
4984,https://sarveda.com/wp-content/uploads/2020/12/HerVeda.jpg,2020/12/HerVeda.jpg,https://sarveda.com/wp-content/uploads/2020/12/HerVeda.jpg
4986,https://sarveda.com/wp-content/uploads/2020/12/GlowVeda.jpg,2020/12/GlowVeda.jpg,https://sarveda.com/wp-content/uploads/2020/12/GlowVeda.jpg
4987,https://sarveda.com/wp-content/uploads/2020/11/MindSattva.jpg,2020/11/MindSattva.jpg,https://sarveda.com/wp-content/uploads/2020/11/MindSattva.jpg
5006,https://sarveda.com/wp-content/uploads/2021/11/payment-types.png,2021/11/payment-types.png,https://sarveda.com/wp-content/uploads/2021/11/payment-types.png
5016,https://sarveda.com/wp-content/uploads/2021/11/Neemwood-Comb_Handle.jpg,2021/11/Neemwood-Comb_Handle.jpg,https://sarveda.com/wp-content/uploads/2021/11/Neemwood-Comb_Handle.jpg
5024,https://sarveda.com/wp-content/uploads/2021/11/wavelayer.png,2021/11/wavelayer.png,https://sarveda.com/wp-content/uploads/2021/11/wavelayer.png
5025,https://sarveda.com/wp-content/uploads/2021/11/security.png,2021/11/security.png,https://sarveda.com/wp-content/uploads/2021/11/security.png
5040,https://sarveda.com/wp-content/uploads/2021/11/IMG_0233.jpg,2021/11/IMG_0233-scaled.jpg,https://sarveda.com/wp-content/uploads/2021/11/IMG_0233-scaled.jpg
5041,https://sarveda.com/wp-content/uploads/2021/11/unnamed-3.jpg,2021/11/unnamed-3.jpg,https://sarveda.com/wp-content/uploads/2021/11/unnamed-3.jpg
5048,https://sarveda.com/wp-content/uploads/2021/11/Black_Chicken_Remedies_Copper_Tongue_Cleaner_SuperZoom_1_10162114265118-2-1.jpg,2021/11/Black_Chicken_Remedies_Copper_Tongue_Cleaner_SuperZoom_1_10162114265118-2-1.jpg,https://sarveda.com/wp-content/uploads/2021/11/Black_Chicken_Remedies_Copper_Tongue_Cleaner_SuperZoom_1_10162114265118-2-1.jpg
5063,https://sarveda.com/wp-content/uploads/2021/12/Retreat.png,2021/12/Retreat.png,https://sarveda.com/wp-content/uploads/2021/12/Retreat.png
5066,https://sarveda.com/wp-content/uploads/2021/12/1369ed33-ea14-4a88-bbab-f4dd786c7c71.jpg,2021/12/1369ed33-ea14-4a88-bbab-f4dd786c7c71.jpg,https://sarveda.com/wp-content/uploads/2021/12/1369ed33-ea14-4a88-bbab-f4dd786c7c71.jpg
5086,https://sarveda.com/wp-content/uploads/2021/12/Banner_1.png,2021/12/Banner_1.png,https://sarveda.com/wp-content/uploads/2021/12/Banner_1.png
5091,https://sarveda.com/wp-content/uploads/2020/12/Agnicare-back-1.jpg,2020/12/Agnicare-back-1.jpg,https://sarveda.com/wp-content/uploads/2020/12/Agnicare-back-1.jpg
5092,https://sarveda.com/wp-content/uploads/2020/12/Agnicare-back-2.jpg,2020/12/Agnicare-back-2.jpg,https://sarveda.com/wp-content/uploads/2020/12/Agnicare-back-2.jpg
5093,https://sarveda.com/wp-content/uploads/2020/12/Agnicare-front.jpg,2020/12/Agnicare-front.jpg,https://sarveda.com/wp-content/uploads/2020/12/Agnicare-front.jpg
5094,https://sarveda.com/wp-content/uploads/2021/11/Comb-pack-of-2-VER-2.jpg,2021/11/Comb-pack-of-2-VER-2.jpg,https://sarveda.com/wp-content/uploads/2021/11/Comb-pack-of-2-VER-2.jpg
5095,https://sarveda.com/wp-content/uploads/2021/11/Comb-pack-of-2-VER-3.jpg,2021/11/Comb-pack-of-2-VER-3.jpg,https://sarveda.com/wp-content/uploads/2021/11/Comb-pack-of-2-VER-3.jpg
5096,https://sarveda.com/wp-content/uploads/2021/11/Comb-pack-of-2.jpg,2021/11/Comb-pack-of-2.jpg,https://sarveda.com/wp-content/uploads/2021/11/Comb-pack-of-2.jpg
5097,https://sarveda.com/wp-content/uploads/2021/11/Comb-pack-of-3.jpg,2021/11/Comb-pack-of-3.jpg,https://sarveda.com/wp-content/uploads/2021/11/Comb-pack-of-3.jpg
5098,https://sarveda.com/wp-content/uploads/2021/11/Neemwood-comb-1.jpg,2021/11/Neemwood-comb-1.jpg,https://sarveda.com/wp-content/uploads/2021/11/Neemwood-comb-1.jpg
5099,https://sarveda.com/wp-content/uploads/2021/11/Neemwood-comb-2.jpg,2021/11/Neemwood-comb-2.jpg,https://sarveda.com/wp-content/uploads/2021/11/Neemwood-comb-2.jpg
5100,https://sarveda.com/wp-content/uploads/2021/11/Neemwood-comb-3.jpg,2021/11/Neemwood-comb-3.jpg,https://sarveda.com/wp-content/uploads/2021/11/Neemwood-comb-3.jpg
5101,https://sarveda.com/wp-content/uploads/2021/12/Copper-bottle-happiness-lies-within.jpg,2021/12/Copper-bottle-happiness-lies-within.jpg,https://sarveda.com/wp-content/uploads/2021/12/Copper-bottle-happiness-lies-within.jpg
5102,https://sarveda.com/wp-content/uploads/2021/12/Copper-bottle-Tattvamasi.jpg,2021/12/Copper-bottle-Tattvamasi.jpg,https://sarveda.com/wp-content/uploads/2021/12/Copper-bottle-Tattvamasi.jpg
5103,https://sarveda.com/wp-content/uploads/2021/12/copper-bottle-backside.jpg,2021/12/copper-bottle-backside.jpg,https://sarveda.com/wp-content/uploads/2021/12/copper-bottle-backside.jpg
5105,https://sarveda.com/wp-content/uploads/2020/12/Glowveda-front.jpg,2020/12/Glowveda-front.jpg,https://sarveda.com/wp-content/uploads/2020/12/Glowveda-front.jpg
5106,https://sarveda.com/wp-content/uploads/2020/12/Glowveda-back-1.jpg,2020/12/Glowveda-back-1.jpg,https://sarveda.com/wp-content/uploads/2020/12/Glowveda-back-1.jpg
5107,https://sarveda.com/wp-content/uploads/2020/12/Glowveda-back-2.jpg,2020/12/Glowveda-back-2.jpg,https://sarveda.com/wp-content/uploads/2020/12/Glowveda-back-2.jpg
5108,https://sarveda.com/wp-content/uploads/2020/12/Herveda-front.jpg,2020/12/Herveda-front.jpg,https://sarveda.com/wp-content/uploads/2020/12/Herveda-front.jpg
5109,https://sarveda.com/wp-content/uploads/2020/12/Herveda-back-1.jpg,2020/12/Herveda-back-1.jpg,https://sarveda.com/wp-content/uploads/2020/12/Herveda-back-1.jpg
5110,https://sarveda.com/wp-content/uploads/2020/12/Herveda-back-2.jpg,2020/12/Herveda-back-2.jpg,https://sarveda.com/wp-content/uploads/2020/12/Herveda-back-2.jpg
5111,https://sarveda.com/wp-content/uploads/2020/11/Mindsattva-back-2.jpg,2020/11/Mindsattva-back-2.jpg,https://sarveda.com/wp-content/uploads/2020/11/Mindsattva-back-2.jpg
5112,https://sarveda.com/wp-content/uploads/2020/11/Mindsattva-front.jpg,2020/11/Mindsattva-front.jpg,https://sarveda.com/wp-content/uploads/2020/11/Mindsattva-front.jpg
5113,https://sarveda.com/wp-content/uploads/2020/11/Mindsattva-back-1.jpg,2020/11/Mindsattva-back-1.jpg,https://sarveda.com/wp-content/uploads/2020/11/Mindsattva-back-1.jpg
5114,https://sarveda.com/wp-content/uploads/2021/11/Neem-toothbrush-2.jpg,2021/11/Neem-toothbrush-2.jpg,https://sarveda.com/wp-content/uploads/2021/11/Neem-toothbrush-2.jpg
5115,https://sarveda.com/wp-content/uploads/2021/11/Neem-toothbrush.jpg,2021/11/Neem-toothbrush.jpg,https://sarveda.com/wp-content/uploads/2021/11/Neem-toothbrush.jpg
5116,https://sarveda.com/wp-content/uploads/2021/11/toothbrush-backside.jpg,2021/11/toothbrush-backside.jpg,https://sarveda.com/wp-content/uploads/2021/11/toothbrush-backside.jpg
5117,https://sarveda.com/wp-content/uploads/2021/11/toothbrush-pack-of-4-front.jpg,2021/11/toothbrush-pack-of-4-front.jpg,https://sarveda.com/wp-content/uploads/2021/11/toothbrush-pack-of-4-front.jpg
5118,https://sarveda.com/wp-content/uploads/2020/12/Pranacare-back-1.jpg,2020/12/Pranacare-back-1.jpg,https://sarveda.com/wp-content/uploads/2020/12/Pranacare-back-1.jpg
5119,https://sarveda.com/wp-content/uploads/2020/12/Pranacare-back-2.jpg,2020/12/Pranacare-back-2.jpg,https://sarveda.com/wp-content/uploads/2020/12/Pranacare-back-2.jpg
5120,https://sarveda.com/wp-content/uploads/2020/12/Pranacare-front.jpg,2020/12/Pranacare-front.jpg,https://sarveda.com/wp-content/uploads/2020/12/Pranacare-front.jpg
5121,https://sarveda.com/wp-content/uploads/2021/11/Tongue-cleaner-2.jpg,2021/11/Tongue-cleaner-2.jpg,https://sarveda.com/wp-content/uploads/2021/11/Tongue-cleaner-2.jpg
5122,https://sarveda.com/wp-content/uploads/2021/11/Tongue-cleaner.jpg,2021/11/Tongue-cleaner.jpg,https://sarveda.com/wp-content/uploads/2021/11/Tongue-cleaner.jpg
5123,https://sarveda.com/wp-content/uploads/2020/12/AgniCare.png,2020/12/AgniCare.png,https://sarveda.com/wp-content/uploads/2020/12/AgniCare.png
5126,https://sarveda.com/wp-content/uploads/2020/12/AgniCare-1.png,2020/12/AgniCare-1.png,https://sarveda.com/wp-content/uploads/2020/12/AgniCare-1.png
5127,https://sarveda.com/wp-content/uploads/2020/12/GlowVeda-1.png,2020/12/GlowVeda-1.png,https://sarveda.com/wp-content/uploads/2020/12/GlowVeda-1.png
5128,https://sarveda.com/wp-content/uploads/2020/12/PranaCare-1.png,2020/12/PranaCare-1.png,https://sarveda.com/wp-content/uploads/2020/12/PranaCare-1.png
5131,https://sarveda.com/wp-content/uploads/2021/11/IMG36355.jpg,2021/11/IMG36355.jpg,https://sarveda.com/wp-content/uploads/2021/11/IMG36355.jpg
5132,https://sarveda.com/wp-content/uploads/2021/11/IMG36359.jpg,2021/11/IMG36359.jpg,https://sarveda.com/wp-content/uploads/2021/11/IMG36359.jpg
5133,https://sarveda.com/wp-content/uploads/2021/11/IMG36361.jpg,2021/11/IMG36361.jpg,https://sarveda.com/wp-content/uploads/2021/11/IMG36361.jpg
5134,https://sarveda.com/wp-content/uploads/2021/11/IMG36363.jpg,2021/11/IMG36363.jpg,https://sarveda.com/wp-content/uploads/2021/11/IMG36363.jpg
5135,https://sarveda.com/wp-content/uploads/2021/11/IMG36397.jpg,2021/11/IMG36397.jpg,https://sarveda.com/wp-content/uploads/2021/11/IMG36397.jpg
5136,https://sarveda.com/wp-content/uploads/2021/11/IMG36399.jpg,2021/11/IMG36399.jpg,https://sarveda.com/wp-content/uploads/2021/11/IMG36399.jpg
5137,https://sarveda.com/wp-content/uploads/2021/11/IMG36406.jpg,2021/11/IMG36406.jpg,https://sarveda.com/wp-content/uploads/2021/11/IMG36406.jpg
5138,https://sarveda.com/wp-content/uploads/2021/11/IMG36434.jpg,2021/11/IMG36434.jpg,https://sarveda.com/wp-content/uploads/2021/11/IMG36434.jpg
5139,https://sarveda.com/wp-content/uploads/2021/11/IMG36436.jpg,2021/11/IMG36436.jpg,https://sarveda.com/wp-content/uploads/2021/11/IMG36436.jpg
5140,https://sarveda.com/wp-content/uploads/2021/11/IMG36437.jpg,2021/11/IMG36437.jpg,https://sarveda.com/wp-content/uploads/2021/11/IMG36437.jpg
5141,https://sarveda.com/wp-content/uploads/2021/11/IMG36438.jpg,2021/11/IMG36438.jpg,https://sarveda.com/wp-content/uploads/2021/11/IMG36438.jpg
5142,https://sarveda.com/wp-content/uploads/2021/11/IMG36445.jpg,2021/11/IMG36445.jpg,https://sarveda.com/wp-content/uploads/2021/11/IMG36445.jpg
5143,https://sarveda.com/wp-content/uploads/2021/11/IMG36446.jpg,2021/11/IMG36446.jpg,https://sarveda.com/wp-content/uploads/2021/11/IMG36446.jpg
5144,https://sarveda.com/wp-content/uploads/2021/11/IMG36448.jpg,2021/11/IMG36448.jpg,https://sarveda.com/wp-content/uploads/2021/11/IMG36448.jpg
5145,https://sarveda.com/wp-content/uploads/2021/11/IMG36418.jpg,2021/11/IMG36418.jpg,https://sarveda.com/wp-content/uploads/2021/11/IMG36418.jpg
5146,https://sarveda.com/wp-content/uploads/2021/11/IMG36422.jpg,2021/11/IMG36422.jpg,https://sarveda.com/wp-content/uploads/2021/11/IMG36422.jpg
5147,https://sarveda.com/wp-content/uploads/2021/11/IMG36365.jpg,2021/11/IMG36365.jpg,https://sarveda.com/wp-content/uploads/2021/11/IMG36365.jpg
5148,https://sarveda.com/wp-content/uploads/2021/11/IMG36367.jpg,2021/11/IMG36367.jpg,https://sarveda.com/wp-content/uploads/2021/11/IMG36367.jpg
5149,https://sarveda.com/wp-content/uploads/2021/11/IMG36452.jpg,2021/11/IMG36452.jpg,https://sarveda.com/wp-content/uploads/2021/11/IMG36452.jpg
5150,https://sarveda.com/wp-content/uploads/2020/12/IMG36374.jpg,2020/12/IMG36374.jpg,https://sarveda.com/wp-content/uploads/2020/12/IMG36374.jpg
5151,https://sarveda.com/wp-content/uploads/2020/12/IMG36373.jpg,2020/12/IMG36373.jpg,https://sarveda.com/wp-content/uploads/2020/12/IMG36373.jpg
5152,https://sarveda.com/wp-content/uploads/2020/12/IMG36372.jpg,2020/12/IMG36372.jpg,https://sarveda.com/wp-content/uploads/2020/12/IMG36372.jpg
5153,https://sarveda.com/wp-content/uploads/2020/12/IMG36385.jpg,2020/12/IMG36385.jpg,https://sarveda.com/wp-content/uploads/2020/12/IMG36385.jpg
5154,https://sarveda.com/wp-content/uploads/2020/12/IMG36386.jpg,2020/12/IMG36386.jpg,https://sarveda.com/wp-content/uploads/2020/12/IMG36386.jpg
5155,https://sarveda.com/wp-content/uploads/2020/12/IMG36387.jpg,2020/12/IMG36387.jpg,https://sarveda.com/wp-content/uploads/2020/12/IMG36387.jpg
5156,https://sarveda.com/wp-content/uploads/2020/12/IMG36378.jpg,2020/12/IMG36378.jpg,https://sarveda.com/wp-content/uploads/2020/12/IMG36378.jpg
5157,https://sarveda.com/wp-content/uploads/2020/12/IMG36379.jpg,2020/12/IMG36379.jpg,https://sarveda.com/wp-content/uploads/2020/12/IMG36379.jpg
5158,https://sarveda.com/wp-content/uploads/2020/12/IMG36380.jpg,2020/12/IMG36380.jpg,https://sarveda.com/wp-content/uploads/2020/12/IMG36380.jpg
5159,https://sarveda.com/wp-content/uploads/2020/12/IMG36375.jpg,2020/12/IMG36375.jpg,https://sarveda.com/wp-content/uploads/2020/12/IMG36375.jpg
5160,https://sarveda.com/wp-content/uploads/2020/12/IMG36376.jpg,2020/12/IMG36376.jpg,https://sarveda.com/wp-content/uploads/2020/12/IMG36376.jpg
5161,https://sarveda.com/wp-content/uploads/2020/12/IMG36377.jpg,2020/12/IMG36377.jpg,https://sarveda.com/wp-content/uploads/2020/12/IMG36377.jpg
5162,https://sarveda.com/wp-content/uploads/2020/11/IMG36381.jpg,2020/11/IMG36381.jpg,https://sarveda.com/wp-content/uploads/2020/11/IMG36381.jpg
5163,https://sarveda.com/wp-content/uploads/2020/11/IMG36382.jpg,2020/11/IMG36382.jpg,https://sarveda.com/wp-content/uploads/2020/11/IMG36382.jpg
5164,https://sarveda.com/wp-content/uploads/2020/11/IMG36383.jpg,2020/11/IMG36383.jpg,https://sarveda.com/wp-content/uploads/2020/11/IMG36383.jpg
5165,https://sarveda.com/wp-content/uploads/2021/12/Copper-White.png,2021/12/Copper-White.png,https://sarveda.com/wp-content/uploads/2021/12/Copper-White.png
5166,https://sarveda.com/wp-content/uploads/2021/11/Tongue-Scraper.png,2021/11/Tongue-Scraper.png,https://sarveda.com/wp-content/uploads/2021/11/Tongue-Scraper.png
5167,https://sarveda.com/wp-content/uploads/2021/11/Copper-Blue.png,2021/11/Copper-Blue.png,https://sarveda.com/wp-content/uploads/2021/11/Copper-Blue.png
5168,https://sarveda.com/wp-content/uploads/2021/11/Comb-Handle.png,2021/11/Comb-Handle.png,https://sarveda.com/wp-content/uploads/2021/11/Comb-Handle.png
5169,https://sarveda.com/wp-content/uploads/2020/12/GlowVeda-1-1.png,2020/12/GlowVeda-1-1.png,https://sarveda.com/wp-content/uploads/2020/12/GlowVeda-1-1.png
5170,https://sarveda.com/wp-content/uploads/2020/12/GlowVeda-1-2.png,2020/12/GlowVeda-1-2.png,https://sarveda.com/wp-content/uploads/2020/12/GlowVeda-1-2.png
5171,https://sarveda.com/wp-content/uploads/2020/12/HerVeda.png,2020/12/HerVeda.png,https://sarveda.com/wp-content/uploads/2020/12/HerVeda.png
5172,https://sarveda.com/wp-content/uploads/2020/11/MindSattva1.png,2020/11/MindSattva1.png,https://sarveda.com/wp-content/uploads/2020/11/MindSattva1.png
5185,https://sarveda.com/wp-content/uploads/2020/12/IMG-20220116-WA0001.jpg,2020/12/IMG-20220116-WA0001.jpg,https://sarveda.com/wp-content/uploads/2020/12/IMG-20220116-WA0001.jpg
5186,https://sarveda.com/wp-content/uploads/2020/12/IMG-20220116-WA0000.jpg,2020/12/IMG-20220116-WA0000.jpg,https://sarveda.com/wp-content/uploads/2020/12/IMG-20220116-WA0000.jpg
5187,https://sarveda.com/wp-content/uploads/2020/12/IMG-20220116-WA0002.jpg,2020/12/IMG-20220116-WA0002.jpg,https://sarveda.com/wp-content/uploads/2020/12/IMG-20220116-WA0002.jpg
5188,https://sarveda.com/wp-content/uploads/2020/12/IMG-20220116-WA0004.jpg,2020/12/IMG-20220116-WA0004.jpg,https://sarveda.com/wp-content/uploads/2020/12/IMG-20220116-WA0004.jpg
5189,https://sarveda.com/wp-content/uploads/2020/11/IMG-20220116-WA0004.jpg,2020/11/IMG-20220116-WA0004.jpg,https://sarveda.com/wp-content/uploads/2020/11/IMG-20220116-WA0004.jpg
5190,https://sarveda.com/wp-content/uploads/2020/11/IMG-20220116-WA0003.jpg,2020/11/IMG-20220116-WA0003.jpg,https://sarveda.com/wp-content/uploads/2020/11/IMG-20220116-WA0003.jpg
5202,https://sarveda.com/wp-content/uploads/2022/01/61jBRDXxLbL.jpg,2022/01/61jBRDXxLbL.jpg,https://sarveda.com/wp-content/uploads/2022/01/61jBRDXxLbL.jpg
5211,https://sarveda.com/wp-content/uploads/2020/12/IMG-20220128-WA0010.jpg,2020/12/IMG-20220128-WA0010.jpg,https://sarveda.com/wp-content/uploads/2020/12/IMG-20220128-WA0010.jpg
5212,https://sarveda.com/wp-content/uploads/2020/12/IMG-20220128-WA0008.jpg,2020/12/IMG-20220128-WA0008.jpg,https://sarveda.com/wp-content/uploads/2020/12/IMG-20220128-WA0008.jpg
5213,https://sarveda.com/wp-content/uploads/2020/12/IMG-20220128-WA0009.jpg,2020/12/IMG-20220128-WA0009.jpg,https://sarveda.com/wp-content/uploads/2020/12/IMG-20220128-WA0009.jpg
5214,https://sarveda.com/wp-content/uploads/2020/12/IMG-20220128-WA0006.jpg,2020/12/IMG-20220128-WA0006.jpg,https://sarveda.com/wp-content/uploads/2020/12/IMG-20220128-WA0006.jpg
5215,https://sarveda.com/wp-content/uploads/2020/11/IMG-20220128-WA0007.jpg,2020/11/IMG-20220128-WA0007.jpg,https://sarveda.com/wp-content/uploads/2020/11/IMG-20220128-WA0007.jpg
5225,https://sarveda.com/wp-content/uploads/2021/11/TC-1.jpeg,2021/11/TC-1.jpeg,https://sarveda.com/wp-content/uploads/2021/11/TC-1.jpeg
5226,https://sarveda.com/wp-content/uploads/2021/11/TC-2.jpeg,2021/11/TC-2.jpeg,https://sarveda.com/wp-content/uploads/2021/11/TC-2.jpeg
5227,https://sarveda.com/wp-content/uploads/2021/11/TC-4.jpeg,2021/11/TC-4.jpeg,https://sarveda.com/wp-content/uploads/2021/11/TC-4.jpeg
5228,https://sarveda.com/wp-content/uploads/2021/11/Toothbrush-1.jpeg,2021/11/Toothbrush-1.jpeg,https://sarveda.com/wp-content/uploads/2021/11/Toothbrush-1.jpeg
5229,https://sarveda.com/wp-content/uploads/2021/11/Toothbrush-2.jpeg,2021/11/Toothbrush-2.jpeg,https://sarveda.com/wp-content/uploads/2021/11/Toothbrush-2.jpeg
5230,https://sarveda.com/wp-content/uploads/2021/11/Toothbrush-3.jpeg,2021/11/Toothbrush-3.jpeg,https://sarveda.com/wp-content/uploads/2021/11/Toothbrush-3.jpeg
5234,https://sarveda.com/wp-content/uploads/2022/02/sdas.png,2022/02/sdas.png,https://sarveda.com/wp-content/uploads/2022/02/sdas.png
5240,https://sarveda.com/wp-content/uploads/2022/02/balance.png,2022/02/balance.png,https://sarveda.com/wp-content/uploads/2022/02/balance.png
5242,https://sarveda.com/wp-content/uploads/2022/02/Screenshot-2022-02-20-at-7.03.53-PM.png,2022/02/Screenshot-2022-02-20-at-7.03.53-PM.png,https://sarveda.com/wp-content/uploads/2022/02/Screenshot-2022-02-20-at-7.03.53-PM.png
5243,https://sarveda.com/wp-content/uploads/2022/02/Saja-Yoga.png,2022/02/Saja-Yoga.png,https://sarveda.com/wp-content/uploads/2022/02/Saja-Yoga.png
5252,https://sarveda.com/wp-content/uploads/2021/04/Himalayas2.png,2021/04/Himalayas2.png,https://sarveda.com/wp-content/uploads/2021/04/Himalayas2.png
5264,https://sarveda.com/wp-content/uploads/2022/03/McLeod.jpeg,2022/03/McLeod.jpeg,https://sarveda.com/wp-content/uploads/2022/03/McLeod.jpeg
5265,https://sarveda.com/wp-content/uploads/2022/03/Himalayas-Retreat.png,2022/03/Himalayas-Retreat.png,https://sarveda.com/wp-content/uploads/2022/03/Himalayas-Retreat.png
5274,https://sarveda.com/wp-content/uploads/2022/03/pic2.jpeg,2022/03/pic2.jpeg,https://sarveda.com/wp-content/uploads/2022/03/pic2.jpeg
5275,https://sarveda.com/wp-content/uploads/2022/03/pic5.jpeg,2022/03/pic5.jpeg,https://sarveda.com/wp-content/uploads/2022/03/pic5.jpeg
5276,https://sarveda.com/wp-content/uploads/2022/03/pic6.jpeg,2022/03/pic6.jpeg,https://sarveda.com/wp-content/uploads/2022/03/pic6.jpeg
5277,https://sarveda.com/wp-content/uploads/2022/03/pic8.jpeg,2022/03/pic8.jpeg,https://sarveda.com/wp-content/uploads/2022/03/pic8.jpeg
5278,https://sarveda.com/wp-content/uploads/2022/03/pic9.jpeg,2022/03/pic9.jpeg,https://sarveda.com/wp-content/uploads/2022/03/pic9.jpeg
5279,https://sarveda.com/wp-content/uploads/2022/03/pic11.jpeg,2022/03/pic11.jpeg,https://sarveda.com/wp-content/uploads/2022/03/pic11.jpeg
5280,https://sarveda.com/wp-content/uploads/2022/03/pic13.jpeg,2022/03/pic13.jpeg,https://sarveda.com/wp-content/uploads/2022/03/pic13.jpeg
5281,https://sarveda.com/wp-content/uploads/2022/03/pic15.jpeg,2022/03/pic15.jpeg,https://sarveda.com/wp-content/uploads/2022/03/pic15.jpeg
5283,https://sarveda.com/wp-content/uploads/2021/04/d2.jpeg,2021/04/d2.jpeg,https://sarveda.com/wp-content/uploads/2021/04/d2.jpeg
5284,https://sarveda.com/wp-content/uploads/2021/04/d3.jpeg,2021/04/d3.jpeg,https://sarveda.com/wp-content/uploads/2021/04/d3.jpeg
5285,https://sarveda.com/wp-content/uploads/2021/04/d4.jpeg,2021/04/d4.jpeg,https://sarveda.com/wp-content/uploads/2021/04/d4.jpeg
5286,https://sarveda.com/wp-content/uploads/2021/04/d5.jpeg,2021/04/d5.jpeg,https://sarveda.com/wp-content/uploads/2021/04/d5.jpeg
5287,https://sarveda.com/wp-content/uploads/2021/04/d7.jpeg,2021/04/d7.jpeg,https://sarveda.com/wp-content/uploads/2021/04/d7.jpeg
5288,https://sarveda.com/wp-content/uploads/2021/04/d8.jpeg,2021/04/d8.jpeg,https://sarveda.com/wp-content/uploads/2021/04/d8.jpeg
5289,https://sarveda.com/wp-content/uploads/2021/04/d9.jpeg,2021/04/d9.jpeg,https://sarveda.com/wp-content/uploads/2021/04/d9.jpeg
5290,https://sarveda.com/wp-content/uploads/2021/04/d10.jpeg,2021/04/d10.jpeg,https://sarveda.com/wp-content/uploads/2021/04/d10.jpeg
5291,https://sarveda.com/wp-content/uploads/2021/04/McLeod.jpeg,2021/04/McLeod.jpeg,https://sarveda.com/wp-content/uploads/2021/04/McLeod.jpeg
5292,https://sarveda.com/wp-content/uploads/2022/03/Mainpic.png,2022/03/Mainpic.png,https://sarveda.com/wp-content/uploads/2022/03/Mainpic.png
5387,https://sarveda.com/wp-content/uploads/2022/04/IMG_6211-2500_1.jpg,2022/04/IMG_6211-2500_1.jpg,https://sarveda.com/wp-content/uploads/2022/04/IMG_6211-2500_1.jpg
5388,https://sarveda.com/wp-content/uploads/2022/04/IMG_6254-2500_1.jpg,2022/04/IMG_6254-2500_1.jpg,https://sarveda.com/wp-content/uploads/2022/04/IMG_6254-2500_1.jpg
5389,https://sarveda.com/wp-content/uploads/2022/04/IMG_6258-2500_1.jpg,2022/04/IMG_6258-2500_1.jpg,https://sarveda.com/wp-content/uploads/2022/04/IMG_6258-2500_1.jpg
5390,https://sarveda.com/wp-content/uploads/2022/04/IMGP0732-2500.jpg,2022/04/IMGP0732-2500.jpg,https://sarveda.com/wp-content/uploads/2022/04/IMGP0732-2500.jpg
5391,https://sarveda.com/wp-content/uploads/2022/04/IMGP0735-2500.jpg,2022/04/IMGP0735-2500.jpg,https://sarveda.com/wp-content/uploads/2022/04/IMGP0735-2500.jpg
5392,https://sarveda.com/wp-content/uploads/2022/04/IMGP0738-2500.jpg,2022/04/IMGP0738-2500.jpg,https://sarveda.com/wp-content/uploads/2022/04/IMGP0738-2500.jpg
5393,https://sarveda.com/wp-content/uploads/2022/04/IMGP1368-2500.jpg,2022/04/IMGP1368-2500.jpg,https://sarveda.com/wp-content/uploads/2022/04/IMGP1368-2500.jpg
5394,https://sarveda.com/wp-content/uploads/2022/04/IMGP7482-2500.jpg,2022/04/IMGP7482-2500.jpg,https://sarveda.com/wp-content/uploads/2022/04/IMGP7482-2500.jpg
5395,https://sarveda.com/wp-content/uploads/2022/04/IMGP7484-2500.jpg,2022/04/IMGP7484-2500.jpg,https://sarveda.com/wp-content/uploads/2022/04/IMGP7484-2500.jpg
5396,https://sarveda.com/wp-content/uploads/2022/04/IMGP7508-2500.jpg,2022/04/IMGP7508-2500.jpg,https://sarveda.com/wp-content/uploads/2022/04/IMGP7508-2500.jpg
5397,https://sarveda.com/wp-content/uploads/2022/04/IMGP7620-2500.jpg,2022/04/IMGP7620-2500.jpg,https://sarveda.com/wp-content/uploads/2022/04/IMGP7620-2500.jpg
5398,https://sarveda.com/wp-content/uploads/2022/04/IMGP7690-2500.jpg,2022/04/IMGP7690-2500.jpg,https://sarveda.com/wp-content/uploads/2022/04/IMGP7690-2500.jpg
5399,https://sarveda.com/wp-content/uploads/2022/04/IMGP7708-2500.jpg,2022/04/IMGP7708-2500.jpg,https://sarveda.com/wp-content/uploads/2022/04/IMGP7708-2500.jpg
5400,https://sarveda.com/wp-content/uploads/2022/04/IMGP7717-2500.jpg,2022/04/IMGP7717-2500.jpg,https://sarveda.com/wp-content/uploads/2022/04/IMGP7717-2500.jpg
5401,https://sarveda.com/wp-content/uploads/2022/04/IMGP7739-2500_1.jpg,2022/04/IMGP7739-2500_1.jpg,https://sarveda.com/wp-content/uploads/2022/04/IMGP7739-2500_1.jpg
5402,https://sarveda.com/wp-content/uploads/2022/04/IMGP7751-2500_1.jpg,2022/04/IMGP7751-2500_1.jpg,https://sarveda.com/wp-content/uploads/2022/04/IMGP7751-2500_1.jpg
5403,https://sarveda.com/wp-content/uploads/2022/04/IMGP7758-2500.jpg,2022/04/IMGP7758-2500.jpg,https://sarveda.com/wp-content/uploads/2022/04/IMGP7758-2500.jpg
5404,https://sarveda.com/wp-content/uploads/2022/04/IMGP7850-2500.jpg,2022/04/IMGP7850-2500.jpg,https://sarveda.com/wp-content/uploads/2022/04/IMGP7850-2500.jpg
5405,https://sarveda.com/wp-content/uploads/2022/04/IMGP8709-2500.jpg,2022/04/IMGP8709-2500.jpg,https://sarveda.com/wp-content/uploads/2022/04/IMGP8709-2500.jpg
5406,https://sarveda.com/wp-content/uploads/2022/04/IMGP8710-2500.jpg,2022/04/IMGP8710-2500.jpg,https://sarveda.com/wp-content/uploads/2022/04/IMGP8710-2500.jpg
5407,https://sarveda.com/wp-content/uploads/2022/04/IMGP8711-2500.jpg,2022/04/IMGP8711-2500.jpg,https://sarveda.com/wp-content/uploads/2022/04/IMGP8711-2500.jpg
5433,https://sarveda.com/wp-content/uploads/2022/04/singingbowl.jpg,2022/04/singingbowl.jpg,https://sarveda.com/wp-content/uploads/2022/04/singingbowl.jpg
5439,https://sarveda.com/wp-content/uploads/2022/04/Tree-of-life.png,2022/04/Tree-of-life.png,https://sarveda.com/wp-content/uploads/2022/04/Tree-of-life.png
5440,https://sarveda.com/wp-content/uploads/2022/04/Space-Geometry.png,2022/04/Space-Geometry.png,https://sarveda.com/wp-content/uploads/2022/04/Space-Geometry.png
5441,https://sarveda.com/wp-content/uploads/2022/04/SunMoon.png,2022/04/SunMoon.png,https://sarveda.com/wp-content/uploads/2022/04/SunMoon.png
5442,https://sarveda.com/wp-content/uploads/2022/04/Tongue-Drum.png,2022/04/Tongue-Drum.png,https://sarveda.com/wp-content/uploads/2022/04/Tongue-Drum.png
5444,https://sarveda.com/wp-content/uploads/2022/04/OM-Mandala.png,2022/04/OM-Mandala.png,https://sarveda.com/wp-content/uploads/2022/04/OM-Mandala.png
5445,https://sarveda.com/wp-content/uploads/2022/04/Flower-of-Life.png,2022/04/Flower-of-Life.png,https://sarveda.com/wp-content/uploads/2022/04/Flower-of-Life.png
5446,https://sarveda.com/wp-content/uploads/2022/04/FLower-of-life-pic.png,2022/04/FLower-of-life-pic.png,https://sarveda.com/wp-content/uploads/2022/04/FLower-of-life-pic.png
5447,https://sarveda.com/wp-content/uploads/2022/04/Gen.png,2022/04/Gen.png,https://sarveda.com/wp-content/uploads/2022/04/Gen.png
5448,https://sarveda.com/wp-content/uploads/2022/04/General.png,2022/04/General.png,https://sarveda.com/wp-content/uploads/2022/04/General.png
5449,https://sarveda.com/wp-content/uploads/2022/04/IMG_6254-2500_1-1.jpg,2022/04/IMG_6254-2500_1-1.jpg,https://sarveda.com/wp-content/uploads/2022/04/IMG_6254-2500_1-1.jpg
5450,https://sarveda.com/wp-content/uploads/2022/04/Metatron-Cube.png,2022/04/Metatron-Cube.png,https://sarveda.com/wp-content/uploads/2022/04/Metatron-Cube.png
5460,https://sarveda.com/wp-content/uploads/2022/06/White-brush.png,2022/06/White-brush.png,https://sarveda.com/wp-content/uploads/2022/06/White-brush.png
5461,https://sarveda.com/wp-content/uploads/2022/06/white-brush1png.png,2022/06/white-brush1png.png,https://sarveda.com/wp-content/uploads/2022/06/white-brush1png.png
5462,https://sarveda.com/wp-content/uploads/2022/06/copper66.png,2022/06/copper66.png,https://sarveda.com/wp-content/uploads/2022/06/copper66.png
5463,https://sarveda.com/wp-content/uploads/2022/06/comparison.png,2022/06/comparison.png,https://sarveda.com/wp-content/uploads/2022/06/comparison.png
5464,https://sarveda.com/wp-content/uploads/2022/06/copper22.png,2022/06/copper22.png,https://sarveda.com/wp-content/uploads/2022/06/copper22.png
5465,https://sarveda.com/wp-content/uploads/2022/06/IMG36406.jpg,2022/06/IMG36406.jpg,https://sarveda.com/wp-content/uploads/2022/06/IMG36406.jpg
5467,https://sarveda.com/wp-content/uploads/2022/06/brush-with-blue.png,2022/06/brush-with-blue.png,https://sarveda.com/wp-content/uploads/2022/06/brush-with-blue.png
5468,https://sarveda.com/wp-content/uploads/2022/06/Blue-brush2.png,2022/06/Blue-brush2.png,https://sarveda.com/wp-content/uploads/2022/06/Blue-brush2.png
5479,https://sarveda.com/wp-content/uploads/2022/07/White-bg_Plain.jpg,2022/07/White-bg_Plain.jpg,https://sarveda.com/wp-content/uploads/2022/07/White-bg_Plain.jpg
5480,https://sarveda.com/wp-content/uploads/2022/07/Health-benifits_plain-light.jpg,2022/07/Health-benifits_plain-light.jpg,https://sarveda.com/wp-content/uploads/2022/07/Health-benifits_plain-light.jpg
5481,https://sarveda.com/wp-content/uploads/2022/07/plain-light-bottle.jpg,2022/07/plain-light-bottle.jpg,https://sarveda.com/wp-content/uploads/2022/07/plain-light-bottle.jpg
5482,https://sarveda.com/wp-content/uploads/2022/07/copper-vs-bottle_light-plain.jpg,2022/07/copper-vs-bottle_light-plain.jpg,https://sarveda.com/wp-content/uploads/2022/07/copper-vs-bottle_light-plain.jpg
5484,https://sarveda.com/wp-content/uploads/2022/07/White-bg_yoga.jpg,2022/07/White-bg_yoga.jpg,https://sarveda.com/wp-content/uploads/2022/07/White-bg_yoga.jpg
5485,https://sarveda.com/wp-content/uploads/2022/07/Health-benifits_yoga.jpg,2022/07/Health-benifits_yoga.jpg,https://sarveda.com/wp-content/uploads/2022/07/Health-benifits_yoga.jpg
5486,https://sarveda.com/wp-content/uploads/2022/07/yoga-bottle.jpg,2022/07/yoga-bottle.jpg,https://sarveda.com/wp-content/uploads/2022/07/yoga-bottle.jpg
5487,https://sarveda.com/wp-content/uploads/2022/07/copper-vs-bottle_yoga.jpg,2022/07/copper-vs-bottle_yoga.jpg,https://sarveda.com/wp-content/uploads/2022/07/copper-vs-bottle_yoga.jpg
5488,https://sarveda.com/wp-content/uploads/2022/07/Roundabout-bottles.png,2022/07/Roundabout-bottles.png,https://sarveda.com/wp-content/uploads/2022/07/Roundabout-bottles.png
5490,https://sarveda.com/wp-content/uploads/2022/07/White-bg_Plain-dark.jpg,2022/07/White-bg_Plain-dark.jpg,https://sarveda.com/wp-content/uploads/2022/07/White-bg_Plain-dark.jpg
5491,https://sarveda.com/wp-content/uploads/2022/07/plain-dark-bottle.jpg,2022/07/plain-dark-bottle.jpg,https://sarveda.com/wp-content/uploads/2022/07/plain-dark-bottle.jpg
5492,https://sarveda.com/wp-content/uploads/2022/07/Health-benifits_plain-dark.jpg,2022/07/Health-benifits_plain-dark.jpg,https://sarveda.com/wp-content/uploads/2022/07/Health-benifits_plain-dark.jpg
5493,https://sarveda.com/wp-content/uploads/2022/07/copper-vs-bottle_dark-plain.jpg,2022/07/copper-vs-bottle_dark-plain.jpg,https://sarveda.com/wp-content/uploads/2022/07/copper-vs-bottle_dark-plain.jpg
5496,https://sarveda.com/wp-content/uploads/2022/07/White-bg_small-groves.jpg,2022/07/White-bg_small-groves.jpg,https://sarveda.com/wp-content/uploads/2022/07/White-bg_small-groves.jpg
5497,https://sarveda.com/wp-content/uploads/2022/07/Health-benifits_dark-brown-small-holes.jpg,2022/07/Health-benifits_dark-brown-small-holes.jpg,https://sarveda.com/wp-content/uploads/2022/07/Health-benifits_dark-brown-small-holes.jpg
5498,https://sarveda.com/wp-content/uploads/2022/07/Health-benifits_dark-brown-small-holes-1.jpg,2022/07/Health-benifits_dark-brown-small-holes-1.jpg,https://sarveda.com/wp-content/uploads/2022/07/Health-benifits_dark-brown-small-holes-1.jpg
5499,https://sarveda.com/wp-content/uploads/2022/07/copper-vs-bottle_dark-brown-small-holes.jpg,2022/07/copper-vs-bottle_dark-brown-small-holes.jpg,https://sarveda.com/wp-content/uploads/2022/07/copper-vs-bottle_dark-brown-small-holes.jpg
5500,https://sarveda.com/wp-content/uploads/2022/07/Roundabout-bottles-1.png,2022/07/Roundabout-bottles-1.png,https://sarveda.com/wp-content/uploads/2022/07/Roundabout-bottles-1.png
5502,https://sarveda.com/wp-content/uploads/2022/07/White-bg_Large-groves.jpg,2022/07/White-bg_Large-groves.jpg,https://sarveda.com/wp-content/uploads/2022/07/White-bg_Large-groves.jpg
5503,https://sarveda.com/wp-content/uploads/2022/07/Health-benifits_dark-brown-big-holes.jpg,2022/07/Health-benifits_dark-brown-big-holes.jpg,https://sarveda.com/wp-content/uploads/2022/07/Health-benifits_dark-brown-big-holes.jpg
5504,https://sarveda.com/wp-content/uploads/2022/07/dark-copper-bottle_bigger.jpg,2022/07/dark-copper-bottle_bigger.jpg,https://sarveda.com/wp-content/uploads/2022/07/dark-copper-bottle_bigger.jpg
5505,https://sarveda.com/wp-content/uploads/2022/07/copper-vs-bottle_dark-brown-large-holes.jpg,2022/07/copper-vs-bottle_dark-brown-large-holes.jpg,https://sarveda.com/wp-content/uploads/2022/07/copper-vs-bottle_dark-brown-large-holes.jpg
5506,https://sarveda.com/wp-content/uploads/2022/07/Roundabout-bottles-2.png,2022/07/Roundabout-bottles-2.png,https://sarveda.com/wp-content/uploads/2022/07/Roundabout-bottles-2.png
5637,https://sarveda.com/wp-content/uploads/2022/07/Moving-beyond-Asanas.png,2022/07/Moving-beyond-Asanas.png,https://sarveda.com/wp-content/uploads/2022/07/Moving-beyond-Asanas.png
5639,https://sarveda.com/wp-content/uploads/2022/07/TUH_9531.jpg,2022/07/TUH_9531-scaled.jpg,https://sarveda.com/wp-content/uploads/2022/07/TUH_9531-scaled.jpg
5664,https://sarveda.com/wp-content/uploads/2022/07/ALL-bottles-chakra-1.jpg,2022/07/ALL-bottles-chakra-1.jpg,https://sarveda.com/wp-content/uploads/2022/07/ALL-bottles-chakra-1.jpg
5665,https://sarveda.com/wp-content/uploads/2022/07/copper-vs-bottle_let-noble-thoughts.jpg,2022/07/copper-vs-bottle_let-noble-thoughts.jpg,https://sarveda.com/wp-content/uploads/2022/07/copper-vs-bottle_let-noble-thoughts.jpg
5666,https://sarveda.com/wp-content/uploads/2022/07/Health-benifits_let-me.jpg,2022/07/Health-benifits_let-me.jpg,https://sarveda.com/wp-content/uploads/2022/07/Health-benifits_let-me.jpg
5667,https://sarveda.com/wp-content/uploads/2022/07/Pink-triplet.png,2022/07/Pink-triplet.png,https://sarveda.com/wp-content/uploads/2022/07/Pink-triplet.png
5668,https://sarveda.com/wp-content/uploads/2022/07/Pink-1-1.png,2022/07/Pink-1-1.png,https://sarveda.com/wp-content/uploads/2022/07/Pink-1-1.png
5670,https://sarveda.com/wp-content/uploads/2022/07/Health-benifits_be-your-own-light.jpg,2022/07/Health-benifits_be-your-own-light.jpg,https://sarveda.com/wp-content/uploads/2022/07/Health-benifits_be-your-own-light.jpg
5671,https://sarveda.com/wp-content/uploads/2022/07/ALL-bottles-chakra-2.jpg,2022/07/ALL-bottles-chakra-2.jpg,https://sarveda.com/wp-content/uploads/2022/07/ALL-bottles-chakra-2.jpg
5672,https://sarveda.com/wp-content/uploads/2022/07/copper-vs-bottle_be-your-own-light.jpg,2022/07/copper-vs-bottle_be-your-own-light.jpg,https://sarveda.com/wp-content/uploads/2022/07/copper-vs-bottle_be-your-own-light.jpg
5673,https://sarveda.com/wp-content/uploads/2022/07/be-your-own-light.png,2022/07/be-your-own-light.png,https://sarveda.com/wp-content/uploads/2022/07/be-your-own-light.png
5674,https://sarveda.com/wp-content/uploads/2022/07/Orange-White-bg_be-your-own-light-2.png,2022/07/Orange-White-bg_be-your-own-light-2.png,https://sarveda.com/wp-content/uploads/2022/07/Orange-White-bg_be-your-own-light-2.png
5676,https://sarveda.com/wp-content/uploads/2022/07/copper-vs-bottle_chakra.jpg,2022/07/copper-vs-bottle_chakra.jpg,https://sarveda.com/wp-content/uploads/2022/07/copper-vs-bottle_chakra.jpg
5677,https://sarveda.com/wp-content/uploads/2022/07/Roundabout-bottles-3.png,2022/07/Roundabout-bottles-3.png,https://sarveda.com/wp-content/uploads/2022/07/Roundabout-bottles-3.png
5678,https://sarveda.com/wp-content/uploads/2022/07/Copper-Be-here-now.png,2022/07/Copper-Be-here-now.png,https://sarveda.com/wp-content/uploads/2022/07/Copper-Be-here-now.png
5679,https://sarveda.com/wp-content/uploads/2022/07/Copper-Engraved-Bottles.png,2022/07/Copper-Engraved-Bottles.png,https://sarveda.com/wp-content/uploads/2022/07/Copper-Engraved-Bottles.png
5680,https://sarveda.com/wp-content/uploads/2022/07/Copper-Engraved-Bottles-Cover.png,2022/07/Copper-Engraved-Bottles-Cover.png,https://sarveda.com/wp-content/uploads/2022/07/Copper-Engraved-Bottles-Cover.png
5681,https://sarveda.com/wp-content/uploads/2022/07/7-chakras-1.png,2022/07/7-chakras-1.png,https://sarveda.com/wp-content/uploads/2022/07/7-chakras-1.png
5683,https://sarveda.com/wp-content/uploads/2022/07/Vintage-chakras-be-here-now.png,2022/07/Vintage-chakras-be-here-now.png,https://sarveda.com/wp-content/uploads/2022/07/Vintage-chakras-be-here-now.png
5684,https://sarveda.com/wp-content/uploads/2022/07/Vintage-Engraving-Back.png,2022/07/Vintage-Engraving-Back.png,https://sarveda.com/wp-content/uploads/2022/07/Vintage-Engraving-Back.png
5685,https://sarveda.com/wp-content/uploads/2022/07/Vintage-engraving-cover.png,2022/07/Vintage-engraving-cover.png,https://sarveda.com/wp-content/uploads/2022/07/Vintage-engraving-cover.png
5686,https://sarveda.com/wp-content/uploads/2022/07/copper-vs-bottle_be-here-now.jpg,2022/07/copper-vs-bottle_be-here-now.jpg,https://sarveda.com/wp-content/uploads/2022/07/copper-vs-bottle_be-here-now.jpg
5687,https://sarveda.com/wp-content/uploads/2022/07/Roundabout-bottles-4.png,2022/07/Roundabout-bottles-4.png,https://sarveda.com/wp-content/uploads/2022/07/Roundabout-bottles-4.png
5689,https://sarveda.com/wp-content/uploads/2022/07/ALL-bottles-chakra-3.jpg,2022/07/ALL-bottles-chakra-3.jpg,https://sarveda.com/wp-content/uploads/2022/07/ALL-bottles-chakra-3.jpg
5690,https://sarveda.com/wp-content/uploads/2022/07/Health-benifits_light-brown-small-holes-1.jpg,2022/07/Health-benifits_light-brown-small-holes-1.jpg,https://sarveda.com/wp-content/uploads/2022/07/Health-benifits_light-brown-small-holes-1.jpg
5691,https://sarveda.com/wp-content/uploads/2022/07/copper-vs-bottle_light-small-groves.jpg,2022/07/copper-vs-bottle_light-small-groves.jpg,https://sarveda.com/wp-content/uploads/2022/07/copper-vs-bottle_light-small-groves.jpg
5692,https://sarveda.com/wp-content/uploads/2022/07/Health-benifits_light-brown-small-holes.jpg,2022/07/Health-benifits_light-brown-small-holes.jpg,https://sarveda.com/wp-content/uploads/2022/07/Health-benifits_light-brown-small-holes.jpg
5693,https://sarveda.com/wp-content/uploads/2022/07/Hammered-Copper.png,2022/07/Hammered-Copper.png,https://sarveda.com/wp-content/uploads/2022/07/Hammered-Copper.png
5695,https://sarveda.com/wp-content/uploads/2022/07/ALL-bottles-chakra-4.jpg,2022/07/ALL-bottles-chakra-4.jpg,https://sarveda.com/wp-content/uploads/2022/07/ALL-bottles-chakra-4.jpg
5696,https://sarveda.com/wp-content/uploads/2022/07/small-bottle.jpg,2022/07/small-bottle.jpg,https://sarveda.com/wp-content/uploads/2022/07/small-bottle.jpg
5697,https://sarveda.com/wp-content/uploads/2022/07/White-bg_light-small-bottle.jpg,2022/07/White-bg_light-small-bottle.jpg,https://sarveda.com/wp-content/uploads/2022/07/White-bg_light-small-bottle.jpg
5698,https://sarveda.com/wp-content/uploads/2022/07/Health-benifits_small.jpg,2022/07/Health-benifits_small.jpg,https://sarveda.com/wp-content/uploads/2022/07/Health-benifits_small.jpg
5699,https://sarveda.com/wp-content/uploads/2022/07/White-bg_short.jpg,2022/07/White-bg_short.jpg,https://sarveda.com/wp-content/uploads/2022/07/White-bg_short.jpg
5705,https://sarveda.com/wp-content/uploads/2022/07/ssl-sm.png,2022/07/ssl-sm.png,https://sarveda.com/wp-content/uploads/2022/07/ssl-sm.png
5708,https://sarveda.com/wp-content/uploads/2022/07/41vIw7BeE8L.jpg,2022/07/41vIw7BeE8L.jpg,https://sarveda.com/wp-content/uploads/2022/07/41vIw7BeE8L.jpg
5709,https://sarveda.com/wp-content/uploads/2022/07/51GKpKZEuL.jpg,2022/07/51GKpKZEuL.jpg,https://sarveda.com/wp-content/uploads/2022/07/51GKpKZEuL.jpg
5710,https://sarveda.com/wp-content/uploads/2022/07/TUH_0179.jpg,2022/07/TUH_0179-scaled.jpg,https://sarveda.com/wp-content/uploads/2022/07/TUH_0179-scaled.jpg
5711,https://sarveda.com/wp-content/uploads/2022/07/TUH_0178.jpg,2022/07/TUH_0178-scaled.jpg,https://sarveda.com/wp-content/uploads/2022/07/TUH_0178-scaled.jpg
5712,https://sarveda.com/wp-content/uploads/2022/07/TUH_0177.jpg,2022/07/TUH_0177-scaled.jpg,https://sarveda.com/wp-content/uploads/2022/07/TUH_0177-scaled.jpg
5714,https://sarveda.com/wp-content/uploads/2022/07/TUH_0183.jpg,2022/07/TUH_0183-scaled.jpg,https://sarveda.com/wp-content/uploads/2022/07/TUH_0183-scaled.jpg
5715,https://sarveda.com/wp-content/uploads/2022/07/TUH_0180.jpg,2022/07/TUH_0180-scaled.jpg,https://sarveda.com/wp-content/uploads/2022/07/TUH_0180-scaled.jpg
5716,https://sarveda.com/wp-content/uploads/2022/07/TUH_0181.jpg,2022/07/TUH_0181-scaled.jpg,https://sarveda.com/wp-content/uploads/2022/07/TUH_0181-scaled.jpg
5717,https://sarveda.com/wp-content/uploads/2022/07/41vIw7BeE8L-1.jpg,2022/07/41vIw7BeE8L-1.jpg,https://sarveda.com/wp-content/uploads/2022/07/41vIw7BeE8L-1.jpg
5718,https://sarveda.com/wp-content/uploads/2022/07/51GKpKZEuL-1.jpg,2022/07/51GKpKZEuL-1.jpg,https://sarveda.com/wp-content/uploads/2022/07/51GKpKZEuL-1.jpg
5720,https://sarveda.com/wp-content/uploads/2022/07/31nYvRiCXcL.jpg,2022/07/31nYvRiCXcL.jpg,https://sarveda.com/wp-content/uploads/2022/07/31nYvRiCXcL.jpg
5721,https://sarveda.com/wp-content/uploads/2022/07/21j6miBdiZL.jpg,2022/07/21j6miBdiZL.jpg,https://sarveda.com/wp-content/uploads/2022/07/21j6miBdiZL.jpg
5722,https://sarveda.com/wp-content/uploads/2022/07/41vIw7BeE8L-1-1.jpg,2022/07/41vIw7BeE8L-1-1.jpg,https://sarveda.com/wp-content/uploads/2022/07/41vIw7BeE8L-1-1.jpg
5723,https://sarveda.com/wp-content/uploads/2022/07/41rFqub3iL.jpg,2022/07/41rFqub3iL.jpg,https://sarveda.com/wp-content/uploads/2022/07/41rFqub3iL.jpg
5724,https://sarveda.com/wp-content/uploads/2022/07/21eUCkfTBQL.jpg,2022/07/21eUCkfTBQL.jpg,https://sarveda.com/wp-content/uploads/2022/07/21eUCkfTBQL.jpg
5726,https://sarveda.com/wp-content/uploads/2022/07/41rFqub3iL-1.jpg,2022/07/41rFqub3iL-1.jpg,https://sarveda.com/wp-content/uploads/2022/07/41rFqub3iL-1.jpg
5727,https://sarveda.com/wp-content/uploads/2022/07/41vIw7BeE8L-2.jpg,2022/07/41vIw7BeE8L-2.jpg,https://sarveda.com/wp-content/uploads/2022/07/41vIw7BeE8L-2.jpg
5728,https://sarveda.com/wp-content/uploads/2022/07/212QuYHuZL.jpg,2022/07/212QuYHuZL.jpg,https://sarveda.com/wp-content/uploads/2022/07/212QuYHuZL.jpg
5729,https://sarveda.com/wp-content/uploads/2022/07/21c-u30SBEL.jpg,2022/07/21c-u30SBEL.jpg,https://sarveda.com/wp-content/uploads/2022/07/21c-u30SBEL.jpg
5731,https://sarveda.com/wp-content/uploads/2022/07/41rFqub3iL-2.jpg,2022/07/41rFqub3iL-2.jpg,https://sarveda.com/wp-content/uploads/2022/07/41rFqub3iL-2.jpg
5732,https://sarveda.com/wp-content/uploads/2022/07/31hNaBqqboL.jpg,2022/07/31hNaBqqboL.jpg,https://sarveda.com/wp-content/uploads/2022/07/31hNaBqqboL.jpg
5733,https://sarveda.com/wp-content/uploads/2022/07/41vIw7BeE8L-3.jpg,2022/07/41vIw7BeE8L-3.jpg,https://sarveda.com/wp-content/uploads/2022/07/41vIw7BeE8L-3.jpg
5734,https://sarveda.com/wp-content/uploads/2022/07/41Hrqm8ybL.jpg,2022/07/41Hrqm8ybL.jpg,https://sarveda.com/wp-content/uploads/2022/07/41Hrqm8ybL.jpg
5736,https://sarveda.com/wp-content/uploads/2022/07/51-uS8nLrxL.jpg,2022/07/51-uS8nLrxL.jpg,https://sarveda.com/wp-content/uploads/2022/07/51-uS8nLrxL.jpg
5737,https://sarveda.com/wp-content/uploads/2022/07/61fV2AMgoL.jpg,2022/07/61fV2AMgoL.jpg,https://sarveda.com/wp-content/uploads/2022/07/61fV2AMgoL.jpg
5738,https://sarveda.com/wp-content/uploads/2022/07/71ahsCNyDwL.jpg,2022/07/71ahsCNyDwL.jpg,https://sarveda.com/wp-content/uploads/2022/07/71ahsCNyDwL.jpg
5739,https://sarveda.com/wp-content/uploads/2022/07/61FTBRvPHbL.jpg,2022/07/61FTBRvPHbL.jpg,https://sarveda.com/wp-content/uploads/2022/07/61FTBRvPHbL.jpg
5741,https://sarveda.com/wp-content/uploads/2022/07/41rFqub3iL-3.jpg,2022/07/41rFqub3iL-3.jpg,https://sarveda.com/wp-content/uploads/2022/07/41rFqub3iL-3.jpg
5742,https://sarveda.com/wp-content/uploads/2022/07/31Yzoh4vQqL.jpg,2022/07/31Yzoh4vQqL.jpg,https://sarveda.com/wp-content/uploads/2022/07/31Yzoh4vQqL.jpg
5743,https://sarveda.com/wp-content/uploads/2022/07/41vIw7BeE8L-4.jpg,2022/07/41vIw7BeE8L-4.jpg,https://sarveda.com/wp-content/uploads/2022/07/41vIw7BeE8L-4.jpg
5744,https://sarveda.com/wp-content/uploads/2022/07/31ivVO7Qd3L.jpg,2022/07/31ivVO7Qd3L.jpg,https://sarveda.com/wp-content/uploads/2022/07/31ivVO7Qd3L.jpg
5750,https://sarveda.com/wp-content/uploads/2022/07/brush-with-bittle-12.jpg,2022/07/brush-with-bittle-12.jpg,https://sarveda.com/wp-content/uploads/2022/07/brush-with-bittle-12.jpg
5751,https://sarveda.com/wp-content/uploads/2022/07/brush-with-bittle-11.jpg,2022/07/brush-with-bittle-11.jpg,https://sarveda.com/wp-content/uploads/2022/07/brush-with-bittle-11.jpg
5752,https://sarveda.com/wp-content/uploads/2022/07/brush-with-bittle-10-1.jpg,2022/07/brush-with-bittle-10-1.jpg,https://sarveda.com/wp-content/uploads/2022/07/brush-with-bittle-10-1.jpg
5753,https://sarveda.com/wp-content/uploads/2022/07/brush-with-bittle-9-1.jpg,2022/07/brush-with-bittle-9-1.jpg,https://sarveda.com/wp-content/uploads/2022/07/brush-with-bittle-9-1.jpg
5754,https://sarveda.com/wp-content/uploads/2022/07/brush-with-bittle-8.jpg,2022/07/brush-with-bittle-8.jpg,https://sarveda.com/wp-content/uploads/2022/07/brush-with-bittle-8.jpg
5755,https://sarveda.com/wp-content/uploads/2022/07/brush-with-bittle-7.jpg,2022/07/brush-with-bittle-7.jpg,https://sarveda.com/wp-content/uploads/2022/07/brush-with-bittle-7.jpg
5756,https://sarveda.com/wp-content/uploads/2022/07/brush-with-bittle-6.jpg,2022/07/brush-with-bittle-6.jpg,https://sarveda.com/wp-content/uploads/2022/07/brush-with-bittle-6.jpg
5757,https://sarveda.com/wp-content/uploads/2022/07/brush-with-bittle-3-1.jpg,2022/07/brush-with-bittle-3-1.jpg,https://sarveda.com/wp-content/uploads/2022/07/brush-with-bittle-3-1.jpg
5758,https://sarveda.com/wp-content/uploads/2022/07/brush-with-bittle-4-1.jpg,2022/07/brush-with-bittle-4-1.jpg,https://sarveda.com/wp-content/uploads/2022/07/brush-with-bittle-4-1.jpg
5759,https://sarveda.com/wp-content/uploads/2022/07/brush-with-bittle-5-1.jpg,2022/07/brush-with-bittle-5-1.jpg,https://sarveda.com/wp-content/uploads/2022/07/brush-with-bittle-5-1.jpg
5760,https://sarveda.com/wp-content/uploads/2022/07/brush-with-bittle-2.jpg,2022/07/brush-with-bittle-2.jpg,https://sarveda.com/wp-content/uploads/2022/07/brush-with-bittle-2.jpg
5761,https://sarveda.com/wp-content/uploads/2022/07/brush-with-bittle-1.jpg,2022/07/brush-with-bittle-1.jpg,https://sarveda.com/wp-content/uploads/2022/07/brush-with-bittle-1.jpg
5764,https://sarveda.com/wp-content/uploads/2022/08/41Ln7E8j7XL.jpg,2022/08/41Ln7E8j7XL.jpg,https://sarveda.com/wp-content/uploads/2022/08/41Ln7E8j7XL.jpg
5765,https://sarveda.com/wp-content/uploads/2022/08/31LSggPrSQL.jpg,2022/08/31LSggPrSQL.jpg,https://sarveda.com/wp-content/uploads/2022/08/31LSggPrSQL.jpg
5766,https://sarveda.com/wp-content/uploads/2022/08/41rFqub3iL-4.jpg,2022/08/41rFqub3iL-4.jpg,https://sarveda.com/wp-content/uploads/2022/08/41rFqub3iL-4.jpg
5767,https://sarveda.com/wp-content/uploads/2022/08/51PSEzjGbPL.jpg,2022/08/51PSEzjGbPL.jpg,https://sarveda.com/wp-content/uploads/2022/08/51PSEzjGbPL.jpg
5768,https://sarveda.com/wp-content/uploads/2022/08/41V6toNN72L.jpg,2022/08/41V6toNN72L.jpg,https://sarveda.com/wp-content/uploads/2022/08/41V6toNN72L.jpg
5771,https://sarveda.com/wp-content/uploads/2022/08/E1-Copy.jpg,2022/08/E1-Copy.jpg,https://sarveda.com/wp-content/uploads/2022/08/E1-Copy.jpg
5772,https://sarveda.com/wp-content/uploads/2022/08/E1.jpg,2022/08/E1.jpg,https://sarveda.com/wp-content/uploads/2022/08/E1.jpg
5773,https://sarveda.com/wp-content/uploads/2022/08/E7.jpg,2022/08/E7.jpg,https://sarveda.com/wp-content/uploads/2022/08/E7.jpg
5774,https://sarveda.com/wp-content/uploads/2022/08/E9.jpg,2022/08/E9.jpg,https://sarveda.com/wp-content/uploads/2022/08/E9.jpg
5775,https://sarveda.com/wp-content/uploads/2022/08/E10.jpg,2022/08/E10.jpg,https://sarveda.com/wp-content/uploads/2022/08/E10.jpg
5781,https://sarveda.com/wp-content/uploads/2022/07/White-bg_le-me.jpg,2022/07/White-bg_le-me.jpg,https://sarveda.com/wp-content/uploads/2022/07/White-bg_le-me.jpg
5788,https://sarveda.com/wp-content/uploads/2022/07/White-bg_small-groves_light.jpg,2022/07/White-bg_small-groves_light.jpg,https://sarveda.com/wp-content/uploads/2022/07/White-bg_small-groves_light.jpg
5793,https://sarveda.com/wp-content/uploads/2022/07/Square-Shaker-Bottle2.png,2022/07/Square-Shaker-Bottle2.png,https://sarveda.com/wp-content/uploads/2022/07/Square-Shaker-Bottle2.png
5794,https://sarveda.com/wp-content/uploads/2022/07/Square-Shaker-Bottle.png,2022/07/Square-Shaker-Bottle.png,https://sarveda.com/wp-content/uploads/2022/07/Square-Shaker-Bottle.png
5795,https://sarveda.com/wp-content/uploads/2022/07/Square-Shaker-Bottle2-1.png,2022/07/Square-Shaker-Bottle2-1.png,https://sarveda.com/wp-content/uploads/2022/07/Square-Shaker-Bottle2-1.png
5796,https://sarveda.com/wp-content/uploads/2022/07/Music-EnsembleA.png,2022/07/Music-EnsembleA.png,https://sarveda.com/wp-content/uploads/2022/07/Music-EnsembleA.png
5797,https://sarveda.com/wp-content/uploads/2022/07/Traditionally-Handcrafted-by-Artisans-a.jpg,2022/07/Traditionally-Handcrafted-by-Artisans-a.jpg,https://sarveda.com/wp-content/uploads/2022/07/Traditionally-Handcrafted-by-Artisans-a.jpg
5799,https://sarveda.com/wp-content/uploads/2022/07/Coconut-Shaker-Handle-SIngle.png,2022/07/Coconut-Shaker-Handle-SIngle.png,https://sarveda.com/wp-content/uploads/2022/07/Coconut-Shaker-Handle-SIngle.png
5800,https://sarveda.com/wp-content/uploads/2022/07/Coconut-Shaker-Handle-Bottle-2.png,2022/07/Coconut-Shaker-Handle-Bottle-2.png,https://sarveda.com/wp-content/uploads/2022/07/Coconut-Shaker-Handle-Bottle-2.png
5801,https://sarveda.com/wp-content/uploads/2022/07/Music-EnsembleA-1.png,2022/07/Music-EnsembleA-1.png,https://sarveda.com/wp-content/uploads/2022/07/Music-EnsembleA-1.png
5802,https://sarveda.com/wp-content/uploads/2022/07/Traditionally-Handcrafted-by-Artisans-a-1.jpg,2022/07/Traditionally-Handcrafted-by-Artisans-a-1.jpg,https://sarveda.com/wp-content/uploads/2022/07/Traditionally-Handcrafted-by-Artisans-a-1.jpg
5803,https://sarveda.com/wp-content/uploads/2022/07/Coconut-Mini-Shaker-Single-TopView.png,2022/07/Coconut-Mini-Shaker-Single-TopView.png,https://sarveda.com/wp-content/uploads/2022/07/Coconut-Mini-Shaker-Single-TopView.png
5804,https://sarveda.com/wp-content/uploads/2022/07/Coconut-Mini-Shaker-SIngle.png,2022/07/Coconut-Mini-Shaker-SIngle.png,https://sarveda.com/wp-content/uploads/2022/07/Coconut-Mini-Shaker-SIngle.png
5805,https://sarveda.com/wp-content/uploads/2022/07/Coconut-Mini-Shaker-Triple-Bottle.png,2022/07/Coconut-Mini-Shaker-Triple-Bottle.png,https://sarveda.com/wp-content/uploads/2022/07/Coconut-Mini-Shaker-Triple-Bottle.png
5806,https://sarveda.com/wp-content/uploads/2022/07/Coconut-Mini-Shaker-Triple-TopView.png,2022/07/Coconut-Mini-Shaker-Triple-TopView.png,https://sarveda.com/wp-content/uploads/2022/07/Coconut-Mini-Shaker-Triple-TopView.png
5807,https://sarveda.com/wp-content/uploads/2022/07/Coconut-Mini-Shaker-Triple-Vertical.png,2022/07/Coconut-Mini-Shaker-Triple-Vertical.png,https://sarveda.com/wp-content/uploads/2022/07/Coconut-Mini-Shaker-Triple-Vertical.png
5808,https://sarveda.com/wp-content/uploads/2022/07/Coconut-Shaker-1-Single.png,2022/07/Coconut-Shaker-1-Single.png,https://sarveda.com/wp-content/uploads/2022/07/Coconut-Shaker-1-Single.png
5809,https://sarveda.com/wp-content/uploads/2022/07/Coconut-Shaker-Sideways-1.png,2022/07/Coconut-Shaker-Sideways-1.png,https://sarveda.com/wp-content/uploads/2022/07/Coconut-Shaker-Sideways-1.png
5810,https://sarveda.com/wp-content/uploads/2022/07/Coconut-Shaker-Plant.png,2022/07/Coconut-Shaker-Plant.png,https://sarveda.com/wp-content/uploads/2022/07/Coconut-Shaker-Plant.png
5811,https://sarveda.com/wp-content/uploads/2022/07/Coconut-Rattle-Single.jpg,2022/07/Coconut-Rattle-Single-scaled.jpg,https://sarveda.com/wp-content/uploads/2022/07/Coconut-Rattle-Single-scaled.jpg
5812,https://sarveda.com/wp-content/uploads/2022/07/Coconut-Rattle-floor.png,2022/07/Coconut-Rattle-floor.png,https://sarveda.com/wp-content/uploads/2022/07/Coconut-Rattle-floor.png
5813,https://sarveda.com/wp-content/uploads/2022/07/Dumroo-Small_single.png,2022/07/Dumroo-Small_single.png,https://sarveda.com/wp-content/uploads/2022/07/Dumroo-Small_single.png
5814,https://sarveda.com/wp-content/uploads/2022/07/Dumroo-Brown-Single-Vertical.png,2022/07/Dumroo-Brown-Single-Vertical.png,https://sarveda.com/wp-content/uploads/2022/07/Dumroo-Brown-Single-Vertical.png
5815,https://sarveda.com/wp-content/uploads/2022/07/DOuble-Dumroos.png,2022/07/DOuble-Dumroos.png,https://sarveda.com/wp-content/uploads/2022/07/DOuble-Dumroos.png
5816,https://sarveda.com/wp-content/uploads/2022/07/Dumroo-Triple.png,2022/07/Dumroo-Triple.png,https://sarveda.com/wp-content/uploads/2022/07/Dumroo-Triple.png
5818,https://sarveda.com/wp-content/uploads/2022/07/Dumroo-Dark-Brown-Horizontal.png,2022/07/Dumroo-Dark-Brown-Horizontal.png,https://sarveda.com/wp-content/uploads/2022/07/Dumroo-Dark-Brown-Horizontal.png
5819,https://sarveda.com/wp-content/uploads/2022/07/Dumroo-Dark-Brown-Vertical.png,2022/07/Dumroo-Dark-Brown-Vertical.png,https://sarveda.com/wp-content/uploads/2022/07/Dumroo-Dark-Brown-Vertical.png
5820,https://sarveda.com/wp-content/uploads/2022/07/Double-Dumroos2.png,2022/07/Double-Dumroos2.png,https://sarveda.com/wp-content/uploads/2022/07/Double-Dumroos2.png
5821,https://sarveda.com/wp-content/uploads/2022/07/Dumroo-Triple-1.png,2022/07/Dumroo-Triple-1.png,https://sarveda.com/wp-content/uploads/2022/07/Dumroo-Triple-1.png
5823,https://sarveda.com/wp-content/uploads/2022/08/Tingsha-Bells.png,2022/08/Tingsha-Bells.png,https://sarveda.com/wp-content/uploads/2022/08/Tingsha-Bells.png
5824,https://sarveda.com/wp-content/uploads/2022/08/E13.jpg,2022/08/E13-scaled.jpg,https://sarveda.com/wp-content/uploads/2022/08/E13-scaled.jpg
5825,https://sarveda.com/wp-content/uploads/2022/08/E1-1.jpg,2022/08/E1-1-scaled.jpg,https://sarveda.com/wp-content/uploads/2022/08/E1-1-scaled.jpg
5828,https://sarveda.com/wp-content/uploads/2022/08/E7-1.jpg,2022/08/E7-1-scaled.jpg,https://sarveda.com/wp-content/uploads/2022/08/E7-1-scaled.jpg
5829,https://sarveda.com/wp-content/uploads/2022/08/E4.jpg,2022/08/E4-scaled.jpg,https://sarveda.com/wp-content/uploads/2022/08/E4-scaled.jpg
5830,https://sarveda.com/wp-content/uploads/2022/08/E15.jpg,2022/08/E15-scaled.jpg,https://sarveda.com/wp-content/uploads/2022/08/E15-scaled.jpg
5831,https://sarveda.com/wp-content/uploads/2022/08/Tinsha-Bells-FrontOf.png,2022/08/Tinsha-Bells-FrontOf.png,https://sarveda.com/wp-content/uploads/2022/08/Tinsha-Bells-FrontOf.png
5832,https://sarveda.com/wp-content/uploads/2022/07/Coconut-Mini-Shaker-Triple-Bottle-1.png,2022/07/Coconut-Mini-Shaker-Triple-Bottle-1.png,https://sarveda.com/wp-content/uploads/2022/07/Coconut-Mini-Shaker-Triple-Bottle-1.png
5833,https://sarveda.com/wp-content/uploads/2021/11/Neem-comb-handle-1.png,2021/11/Neem-comb-handle-1.png,https://sarveda.com/wp-content/uploads/2021/11/Neem-comb-handle-1.png
5834,https://sarveda.com/wp-content/uploads/2022/07/Neem-comb-straight.png,2022/07/Neem-comb-straight.png,https://sarveda.com/wp-content/uploads/2022/07/Neem-comb-straight.png
5835,https://sarveda.com/wp-content/uploads/2021/11/Tongue-cleaner.png,2021/11/Tongue-cleaner.png,https://sarveda.com/wp-content/uploads/2021/11/Tongue-cleaner.png
5836,https://sarveda.com/wp-content/uploads/2021/11/Bamboo-Toothbrush_Charcoal.jpg,2021/11/Bamboo-Toothbrush_Charcoal.jpg,https://sarveda.com/wp-content/uploads/2021/11/Bamboo-Toothbrush_Charcoal.jpg
5837,https://sarveda.com/wp-content/uploads/2022/07/Pink-one.png,2022/07/Pink-one.png,https://sarveda.com/wp-content/uploads/2022/07/Pink-one.png
5838,https://sarveda.com/wp-content/uploads/2022/07/Pink-one-1.png,2022/07/Pink-one-1.png,https://sarveda.com/wp-content/uploads/2022/07/Pink-one-1.png
5844,https://sarveda.com/wp-content/uploads/2020/12/Agnicare-1.jpg,2020/12/Agnicare-1-scaled.jpg,https://sarveda.com/wp-content/uploads/2020/12/Agnicare-1-scaled.jpg
5845,https://sarveda.com/wp-content/uploads/2020/12/41dJt5yzhJL.jpg,2020/12/41dJt5yzhJL.jpg,https://sarveda.com/wp-content/uploads/2020/12/41dJt5yzhJL.jpg
5846,https://sarveda.com/wp-content/uploads/2020/12/41qif3vVwBL.jpg,2020/12/41qif3vVwBL.jpg,https://sarveda.com/wp-content/uploads/2020/12/41qif3vVwBL.jpg
5847,https://sarveda.com/wp-content/uploads/2020/12/41KeHamQrnL.jpg,2020/12/41KeHamQrnL.jpg,https://sarveda.com/wp-content/uploads/2020/12/41KeHamQrnL.jpg
5848,https://sarveda.com/wp-content/uploads/2020/12/51G6nTX2-ZL.jpg,2020/12/51G6nTX2-ZL.jpg,https://sarveda.com/wp-content/uploads/2020/12/51G6nTX2-ZL.jpg
5849,https://sarveda.com/wp-content/uploads/2020/12/Agnicare-1-1.jpg,2020/12/Agnicare-1-1-scaled.jpg,https://sarveda.com/wp-content/uploads/2020/12/Agnicare-1-1-scaled.jpg
5850,https://sarveda.com/wp-content/uploads/2020/12/51iK6TrJmgL.jpg,2020/12/51iK6TrJmgL.jpg,https://sarveda.com/wp-content/uploads/2020/12/51iK6TrJmgL.jpg
5851,https://sarveda.com/wp-content/uploads/2020/12/41GBTZ0Un4L.jpg,2020/12/41GBTZ0Un4L.jpg,https://sarveda.com/wp-content/uploads/2020/12/41GBTZ0Un4L.jpg
5852,https://sarveda.com/wp-content/uploads/2020/12/51PyarXbWL.jpg,2020/12/51PyarXbWL.jpg,https://sarveda.com/wp-content/uploads/2020/12/51PyarXbWL.jpg
5853,https://sarveda.com/wp-content/uploads/2020/12/51tVJWwrqmL.jpg,2020/12/51tVJWwrqmL.jpg,https://sarveda.com/wp-content/uploads/2020/12/51tVJWwrqmL.jpg
5854,https://sarveda.com/wp-content/uploads/2020/12/Pranacare-1.jpg,2020/12/Pranacare-1-scaled.jpg,https://sarveda.com/wp-content/uploads/2020/12/Pranacare-1-scaled.jpg
5855,https://sarveda.com/wp-content/uploads/2020/12/41pHlP58rKL.jpg,2020/12/41pHlP58rKL.jpg,https://sarveda.com/wp-content/uploads/2020/12/41pHlP58rKL.jpg
5856,https://sarveda.com/wp-content/uploads/2020/12/417mAolv2FL.jpg,2020/12/417mAolv2FL.jpg,https://sarveda.com/wp-content/uploads/2020/12/417mAolv2FL.jpg
5857,https://sarveda.com/wp-content/uploads/2020/12/51mR4lN15ML.jpg,2020/12/51mR4lN15ML.jpg,https://sarveda.com/wp-content/uploads/2020/12/51mR4lN15ML.jpg
5858,https://sarveda.com/wp-content/uploads/2020/12/51jz6YTBsL.jpg,2020/12/51jz6YTBsL.jpg,https://sarveda.com/wp-content/uploads/2020/12/51jz6YTBsL.jpg
5859,https://sarveda.com/wp-content/uploads/2020/12/Glowveda-1.jpg,2020/12/Glowveda-1-scaled.jpg,https://sarveda.com/wp-content/uploads/2020/12/Glowveda-1-scaled.jpg
5860,https://sarveda.com/wp-content/uploads/2020/12/51SkazBV4XL.jpg,2020/12/51SkazBV4XL.jpg,https://sarveda.com/wp-content/uploads/2020/12/51SkazBV4XL.jpg
5861,https://sarveda.com/wp-content/uploads/2020/12/51NCmxEfX3L.jpg,2020/12/51NCmxEfX3L.jpg,https://sarveda.com/wp-content/uploads/2020/12/51NCmxEfX3L.jpg
5862,https://sarveda.com/wp-content/uploads/2020/12/61aGX5wFOL.jpg,2020/12/61aGX5wFOL.jpg,https://sarveda.com/wp-content/uploads/2020/12/61aGX5wFOL.jpg
5863,https://sarveda.com/wp-content/uploads/2020/12/Herveda-1-Copy.jpg,2020/12/Herveda-1-Copy-scaled.jpg,https://sarveda.com/wp-content/uploads/2020/12/Herveda-1-Copy-scaled.jpg
5864,https://sarveda.com/wp-content/uploads/2020/11/Mindsattva-1.jpg,2020/11/Mindsattva-1-scaled.jpg,https://sarveda.com/wp-content/uploads/2020/11/Mindsattva-1-scaled.jpg
5865,https://sarveda.com/wp-content/uploads/2020/11/Mindsattva.png,2020/11/Mindsattva.png,https://sarveda.com/wp-content/uploads/2020/11/Mindsattva.png
5866,https://sarveda.com/wp-content/uploads/2020/11/Mindsattva-herbs.jpg,2020/11/Mindsattva-herbs.jpg,https://sarveda.com/wp-content/uploads/2020/11/Mindsattva-herbs.jpg
5867,https://sarveda.com/wp-content/uploads/2020/11/Mindsattva-how-to-use.jpg,2020/11/Mindsattva-how-to-use.jpg,https://sarveda.com/wp-content/uploads/2020/11/Mindsattva-how-to-use.jpg
5868,https://sarveda.com/wp-content/uploads/2020/11/Mindsattva-nothing-else-square.jpg,2020/11/Mindsattva-nothing-else-square.jpg,https://sarveda.com/wp-content/uploads/2020/11/Mindsattva-nothing-else-square.jpg
5869,https://sarveda.com/wp-content/uploads/2020/11/ethically-sorced-square.jpg,2020/11/ethically-sorced-square.jpg,https://sarveda.com/wp-content/uploads/2020/11/ethically-sorced-square.jpg
5870,https://sarveda.com/wp-content/uploads/2020/11/meet-sarveda.jpg,2020/11/meet-sarveda.jpg,https://sarveda.com/wp-content/uploads/2020/11/meet-sarveda.jpg
5871,https://sarveda.com/wp-content/uploads/2020/11/IMG-20220128-WA0007-1.jpg,2020/11/IMG-20220128-WA0007-1.jpg,https://sarveda.com/wp-content/uploads/2020/11/IMG-20220128-WA0007-1.jpg
5872,https://sarveda.com/wp-content/uploads/2020/12/HerVeda-herbs.jpg,2020/12/HerVeda-herbs.jpg,https://sarveda.com/wp-content/uploads/2020/12/HerVeda-herbs.jpg
5873,https://sarveda.com/wp-content/uploads/2020/12/HerVeda-how-to.jpg,2020/12/HerVeda-how-to.jpg,https://sarveda.com/wp-content/uploads/2020/12/HerVeda-how-to.jpg
5874,https://sarveda.com/wp-content/uploads/2020/12/HerVeda-nothing-else-square.jpg,2020/12/HerVeda-nothing-else-square.jpg,https://sarveda.com/wp-content/uploads/2020/12/HerVeda-nothing-else-square.jpg
5875,https://sarveda.com/wp-content/uploads/2020/12/HerVeda-1.png,2020/12/HerVeda-1.png,https://sarveda.com/wp-content/uploads/2020/12/HerVeda-1.png
5876,https://sarveda.com/wp-content/uploads/2020/12/IMG-20220128-WA0008-1.jpg,2020/12/IMG-20220128-WA0008-1.jpg,https://sarveda.com/wp-content/uploads/2020/12/IMG-20220128-WA0008-1.jpg
5877,https://sarveda.com/wp-content/uploads/2020/12/Glowveda-2.jpg,2020/12/Glowveda-2-scaled.jpg,https://sarveda.com/wp-content/uploads/2020/12/Glowveda-2-scaled.jpg
5878,https://sarveda.com/wp-content/uploads/2020/12/IMG-20220128-WA0010-1.jpg,2020/12/IMG-20220128-WA0010-1.jpg,https://sarveda.com/wp-content/uploads/2020/12/IMG-20220128-WA0010-1.jpg
5879,https://sarveda.com/wp-content/uploads/2020/12/Glowveda.png,2020/12/Glowveda.png,https://sarveda.com/wp-content/uploads/2020/12/Glowveda.png
5880,https://sarveda.com/wp-content/uploads/2020/12/ethical-square.jpg,2020/12/ethical-square.jpg,https://sarveda.com/wp-content/uploads/2020/12/ethical-square.jpg
5881,https://sarveda.com/wp-content/uploads/2020/12/Glow-veda-herbs.jpg,2020/12/Glow-veda-herbs.jpg,https://sarveda.com/wp-content/uploads/2020/12/Glow-veda-herbs.jpg
5882,https://sarveda.com/wp-content/uploads/2020/12/Glow-veda-how-to-use.jpg,2020/12/Glow-veda-how-to-use.jpg,https://sarveda.com/wp-content/uploads/2020/12/Glow-veda-how-to-use.jpg
5883,https://sarveda.com/wp-content/uploads/2020/12/Glow-veda-NOTHING-ELSE.jpg,2020/12/Glow-veda-NOTHING-ELSE.jpg,https://sarveda.com/wp-content/uploads/2020/12/Glow-veda-NOTHING-ELSE.jpg
5884,https://sarveda.com/wp-content/uploads/2020/12/Pranacare-2.jpg,2020/12/Pranacare-2-scaled.jpg,https://sarveda.com/wp-content/uploads/2020/12/Pranacare-2-scaled.jpg
5885,https://sarveda.com/wp-content/uploads/2020/12/IMG-20220128-WA0009-1.jpg,2020/12/IMG-20220128-WA0009-1.jpg,https://sarveda.com/wp-content/uploads/2020/12/IMG-20220128-WA0009-1.jpg
5887,https://sarveda.com/wp-content/uploads/2020/12/Agnicare-2.jpg,2020/12/Agnicare-2-scaled.jpg,https://sarveda.com/wp-content/uploads/2020/12/Agnicare-2-scaled.jpg
5888,https://sarveda.com/wp-content/uploads/2020/12/IMG-20220128-WA0006-1.jpg,2020/12/IMG-20220128-WA0006-1.jpg,https://sarveda.com/wp-content/uploads/2020/12/IMG-20220128-WA0006-1.jpg
5889,https://sarveda.com/wp-content/uploads/2020/12/Agnicare-herbs.jpg,2020/12/Agnicare-herbs.jpg,https://sarveda.com/wp-content/uploads/2020/12/Agnicare-herbs.jpg
5890,https://sarveda.com/wp-content/uploads/2020/12/an-nothing-else-square.jpg,2020/12/an-nothing-else-square.jpg,https://sarveda.com/wp-content/uploads/2020/12/an-nothing-else-square.jpg
5891,https://sarveda.com/wp-content/uploads/2020/12/authentic-square.jpg,2020/12/authentic-square.jpg,https://sarveda.com/wp-content/uploads/2020/12/authentic-square.jpg
5892,https://sarveda.com/wp-content/uploads/2020/12/ethically-sorced-square.jpg,2020/12/ethically-sorced-square.jpg,https://sarveda.com/wp-content/uploads/2020/12/ethically-sorced-square.jpg
5893,https://sarveda.com/wp-content/uploads/2020/12/how-to-use.jpg,2020/12/how-to-use.jpg,https://sarveda.com/wp-content/uploads/2020/12/how-to-use.jpg
5894,https://sarveda.com/wp-content/uploads/2020/12/meet-sarveda.jpg,2020/12/meet-sarveda.jpg,https://sarveda.com/wp-content/uploads/2020/12/meet-sarveda.jpg
5895,https://sarveda.com/wp-content/uploads/2020/12/IMG-20220128-WA0006-2.jpg,2020/12/IMG-20220128-WA0006-2.jpg,https://sarveda.com/wp-content/uploads/2020/12/IMG-20220128-WA0006-2.jpg
5896,https://sarveda.com/wp-content/uploads/2020/12/Agnicare-2.png,2020/12/Agnicare-2.png,https://sarveda.com/wp-content/uploads/2020/12/Agnicare-2.png
5897,https://sarveda.com/wp-content/uploads/2020/12/PranaCarepng.png,2020/12/PranaCarepng.png,https://sarveda.com/wp-content/uploads/2020/12/PranaCarepng.png
5909,https://sarveda.com/wp-content/uploads/2022/08/35.jpg,2022/08/35-scaled.jpg,https://sarveda.com/wp-content/uploads/2022/08/35-scaled.jpg
5910,https://sarveda.com/wp-content/uploads/2022/08/37-1.jpg,2022/08/37-1-scaled.jpg,https://sarveda.com/wp-content/uploads/2022/08/37-1-scaled.jpg
5923,https://sarveda.com/wp-content/uploads/2021/11/download-13.png,2021/11/download-13.png,https://sarveda.com/wp-content/uploads/2021/11/download-13.png
5925,https://sarveda.com/wp-content/uploads/2021/11/41ysoPOYWIL.jpg,2021/11/41ysoPOYWIL.jpg,https://sarveda.com/wp-content/uploads/2021/11/41ysoPOYWIL.jpg
5926,https://sarveda.com/wp-content/uploads/2022/08/neti.png,2022/08/neti.png,https://sarveda.com/wp-content/uploads/2022/08/neti.png
5927,https://sarveda.com/wp-content/uploads/2022/08/tingsha-bell.png,2022/08/tingsha-bell.png,https://sarveda.com/wp-content/uploads/2022/08/tingsha-bell.png
5928,https://sarveda.com/wp-content/uploads/2022/07/rattle.png,2022/07/rattle.png,https://sarveda.com/wp-content/uploads/2022/07/rattle.png
5929,https://sarveda.com/wp-content/uploads/2022/07/round-shaker.png,2022/07/round-shaker.png,https://sarveda.com/wp-content/uploads/2022/07/round-shaker.png
5930,https://sarveda.com/wp-content/uploads/2022/07/eye.png,2022/07/eye.png,https://sarveda.com/wp-content/uploads/2022/07/eye.png
5931,https://sarveda.com/wp-content/uploads/2022/07/handle.png,2022/07/handle.png,https://sarveda.com/wp-content/uploads/2022/07/handle.png
5932,https://sarveda.com/wp-content/uploads/2022/07/square.png,2022/07/square.png,https://sarveda.com/wp-content/uploads/2022/07/square.png
5935,https://sarveda.com/wp-content/uploads/2022/08/download-19.png,2022/08/download-19.png,https://sarveda.com/wp-content/uploads/2022/08/download-19.png
5936,https://sarveda.com/wp-content/uploads/2022/08/download-18.png,2022/08/download-18.png,https://sarveda.com/wp-content/uploads/2022/08/download-18.png
5937,https://sarveda.com/wp-content/uploads/2022/08/download-17.png,2022/08/download-17.png,https://sarveda.com/wp-content/uploads/2022/08/download-17.png
5938,https://sarveda.com/wp-content/uploads/2022/08/download-16.png,2022/08/download-16.png,https://sarveda.com/wp-content/uploads/2022/08/download-16.png
5939,https://sarveda.com/wp-content/uploads/2022/08/download-15.png,2022/08/download-15.png,https://sarveda.com/wp-content/uploads/2022/08/download-15.png
5940,https://sarveda.com/wp-content/uploads/2022/08/download-14.png,2022/08/download-14.png,https://sarveda.com/wp-content/uploads/2022/08/download-14.png
5953,https://sarveda.com/wp-content/uploads/2022/07/9.jpg,2022/07/9-scaled.jpg,https://sarveda.com/wp-content/uploads/2022/07/9-scaled.jpg
5954,https://sarveda.com/wp-content/uploads/2022/07/10.jpg,2022/07/10-scaled.jpg,https://sarveda.com/wp-content/uploads/2022/07/10-scaled.jpg
5955,https://sarveda.com/wp-content/uploads/2022/07/11.jpg,2022/07/11-scaled.jpg,https://sarveda.com/wp-content/uploads/2022/07/11-scaled.jpg
5956,https://sarveda.com/wp-content/uploads/2022/07/14.jpg,2022/07/14-scaled.jpg,https://sarveda.com/wp-content/uploads/2022/07/14-scaled.jpg
5959,https://sarveda.com/wp-content/uploads/2022/07/83.jpg,2022/07/83-scaled.jpg,https://sarveda.com/wp-content/uploads/2022/07/83-scaled.jpg
5960,https://sarveda.com/wp-content/uploads/2022/07/84.jpg,2022/07/84-scaled.jpg,https://sarveda.com/wp-content/uploads/2022/07/84-scaled.jpg
5961,https://sarveda.com/wp-content/uploads/2022/07/85.jpg,2022/07/85-scaled.jpg,https://sarveda.com/wp-content/uploads/2022/07/85-scaled.jpg
5962,https://sarveda.com/wp-content/uploads/2022/07/78.jpg,2022/07/78-scaled.jpg,https://sarveda.com/wp-content/uploads/2022/07/78-scaled.jpg
5963,https://sarveda.com/wp-content/uploads/2022/07/79.jpg,2022/07/79-scaled.jpg,https://sarveda.com/wp-content/uploads/2022/07/79-scaled.jpg
5964,https://sarveda.com/wp-content/uploads/2022/07/80.jpg,2022/07/80-scaled.jpg,https://sarveda.com/wp-content/uploads/2022/07/80-scaled.jpg
5965,https://sarveda.com/wp-content/uploads/2022/07/82.jpg,2022/07/82-scaled.jpg,https://sarveda.com/wp-content/uploads/2022/07/82-scaled.jpg
5966,https://sarveda.com/wp-content/uploads/2022/07/81.jpg,2022/07/81-scaled.jpg,https://sarveda.com/wp-content/uploads/2022/07/81-scaled.jpg
5973,https://sarveda.com/wp-content/uploads/2022/07/ddd.png,2022/07/ddd.png,https://sarveda.com/wp-content/uploads/2022/07/ddd.png
5974,https://sarveda.com/wp-content/uploads/2022/07/dd.png,2022/07/dd.png,https://sarveda.com/wp-content/uploads/2022/07/dd.png
5975,https://sarveda.com/wp-content/uploads/2022/07/d3.png,2022/07/d3.png,https://sarveda.com/wp-content/uploads/2022/07/d3.png
5976,https://sarveda.com/wp-content/uploads/2022/07/2d.png,2022/07/2d.png,https://sarveda.com/wp-content/uploads/2022/07/2d.png
5977,https://sarveda.com/wp-content/uploads/2022/07/d1.png,2022/07/d1.png,https://sarveda.com/wp-content/uploads/2022/07/d1.png
5979,https://sarveda.com/wp-content/uploads/2022/07/Dumru-Sizes.png,2022/07/Dumru-Sizes.png,https://sarveda.com/wp-content/uploads/2022/07/Dumru-Sizes.png
5981,https://sarveda.com/wp-content/uploads/2022/09/WhatsApp-Image-2022-09-23-at-10.26.45-AM.jpeg,2022/09/WhatsApp-Image-2022-09-23-at-10.26.45-AM.jpeg,https://sarveda.com/wp-content/uploads/2022/09/WhatsApp-Image-2022-09-23-at-10.26.45-AM.jpeg
5982,https://sarveda.com/wp-content/uploads/2022/09/WhatsApp-Image-2022-09-23-at-10.29.03-AM.jpeg,2022/09/WhatsApp-Image-2022-09-23-at-10.29.03-AM.jpeg,https://sarveda.com/wp-content/uploads/2022/09/WhatsApp-Image-2022-09-23-at-10.29.03-AM.jpeg
5984,https://sarveda.com/wp-content/uploads/2022/09/106.jpg,2022/09/106-scaled.jpg,https://sarveda.com/wp-content/uploads/2022/09/106-scaled.jpg
5985,https://sarveda.com/wp-content/uploads/2022/09/107.jpg,2022/09/107-scaled.jpg,https://sarveda.com/wp-content/uploads/2022/09/107-scaled.jpg
5986,https://sarveda.com/wp-content/uploads/2022/09/105.jpg,2022/09/105-scaled.jpg,https://sarveda.com/wp-content/uploads/2022/09/105-scaled.jpg
5987,https://sarveda.com/wp-content/uploads/2022/09/final-4.png,2022/09/final-4.png,https://sarveda.com/wp-content/uploads/2022/09/final-4.png
5988,https://sarveda.com/wp-content/uploads/2022/09/final3.png,2022/09/final3.png,https://sarveda.com/wp-content/uploads/2022/09/final3.png
5989,https://sarveda.com/wp-content/uploads/2022/09/final2.png,2022/09/final2.png,https://sarveda.com/wp-content/uploads/2022/09/final2.png
5990,https://sarveda.com/wp-content/uploads/2022/09/final1.png,2022/09/final1.png,https://sarveda.com/wp-content/uploads/2022/09/final1.png
5992,https://sarveda.com/wp-content/uploads/2022/09/WhatsApp-Image-2022-09-23-at-10.39.59-AM.jpeg,2022/09/WhatsApp-Image-2022-09-23-at-10.39.59-AM.jpeg,https://sarveda.com/wp-content/uploads/2022/09/WhatsApp-Image-2022-09-23-at-10.39.59-AM.jpeg
5993,https://sarveda.com/wp-content/uploads/2022/09/WhatsApp-Image-2022-09-23-at-10.39.58-AM.jpeg,2022/09/WhatsApp-Image-2022-09-23-at-10.39.58-AM.jpeg,https://sarveda.com/wp-content/uploads/2022/09/WhatsApp-Image-2022-09-23-at-10.39.58-AM.jpeg
6008,https://sarveda.com/wp-content/uploads/2022/11/181.jpg,2022/11/181-scaled.jpg,https://sarveda.com/wp-content/uploads/2022/11/181-scaled.jpg
6015,https://sarveda.com/wp-content/uploads/2022/11/114.jpg,2022/11/114-scaled.jpg,https://sarveda.com/wp-content/uploads/2022/11/114-scaled.jpg
6057,https://sarveda.com/wp-content/uploads/2022/08/122.jpg,2022/08/122-scaled.jpg,https://sarveda.com/wp-content/uploads/2022/08/122-scaled.jpg
6058,https://sarveda.com/wp-content/uploads/2022/08/148.jpg,2022/08/148-scaled.jpg,https://sarveda.com/wp-content/uploads/2022/08/148-scaled.jpg
6059,https://sarveda.com/wp-content/uploads/2022/08/150.jpg,2022/08/150-scaled.jpg,https://sarveda.com/wp-content/uploads/2022/08/150-scaled.jpg
6060,https://sarveda.com/wp-content/uploads/2022/08/159.jpg,2022/08/159-scaled.jpg,https://sarveda.com/wp-content/uploads/2022/08/159-scaled.jpg
6061,https://sarveda.com/wp-content/uploads/2022/08/160.jpg,2022/08/160-scaled.jpg,https://sarveda.com/wp-content/uploads/2022/08/160-scaled.jpg
6063,https://sarveda.com/wp-content/uploads/2022/11/Untitled-design.jpg,2022/11/Untitled-design.jpg,https://sarveda.com/wp-content/uploads/2022/11/Untitled-design.jpg
6070,https://sarveda.com/wp-content/uploads/2022/11/7.jpg,2022/11/7-scaled.jpg,https://sarveda.com/wp-content/uploads/2022/11/7-scaled.jpg
6072,https://sarveda.com/wp-content/uploads/2022/11/non-printed.jpg,2022/11/non-printed-scaled.jpg,https://sarveda.com/wp-content/uploads/2022/11/non-printed-scaled.jpg
6078,https://sarveda.com/wp-content/uploads/2022/11/Hammered-Vintage-Copper-Single.png,2022/11/Hammered-Vintage-Copper-Single.png,https://sarveda.com/wp-content/uploads/2022/11/Hammered-Vintage-Copper-Single.png
6079,https://sarveda.com/wp-content/uploads/2022/11/Plain-Single.png,2022/11/Plain-Single.png,https://sarveda.com/wp-content/uploads/2022/11/Plain-Single.png
6081,https://sarveda.com/wp-content/uploads/2022/11/engraved.jpg,2022/11/engraved.jpg,https://sarveda.com/wp-content/uploads/2022/11/engraved.jpg
6084,https://sarveda.com/wp-content/uploads/2021/11/tongue-cleaner1.png,2021/11/tongue-cleaner1.png,https://sarveda.com/wp-content/uploads/2021/11/tongue-cleaner1.png
6085,https://sarveda.com/wp-content/uploads/2022/08/NETI2.png,2022/08/NETI2.png,https://sarveda.com/wp-content/uploads/2022/08/NETI2.png
6086,https://sarveda.com/wp-content/uploads/2022/08/NETI3.png,2022/08/NETI3.png,https://sarveda.com/wp-content/uploads/2022/08/NETI3.png
6087,https://sarveda.com/wp-content/uploads/2022/08/neti33.png,2022/08/neti33.png,https://sarveda.com/wp-content/uploads/2022/08/neti33.png
6088,https://sarveda.com/wp-content/uploads/2022/08/Neti66.png,2022/08/Neti66.png,https://sarveda.com/wp-content/uploads/2022/08/Neti66.png
6089,https://sarveda.com/wp-content/uploads/2022/08/sarveda121.png,2022/08/sarveda121.png,https://sarveda.com/wp-content/uploads/2022/08/sarveda121.png
6090,https://sarveda.com/wp-content/uploads/2021/11/20.jpg,2021/11/20-scaled.jpg,https://sarveda.com/wp-content/uploads/2021/11/20-scaled.jpg
6091,https://sarveda.com/wp-content/uploads/2021/11/22.jpg,2021/11/22-scaled.jpg,https://sarveda.com/wp-content/uploads/2021/11/22-scaled.jpg
6092,https://sarveda.com/wp-content/uploads/2021/11/69.jpg,2021/11/69-scaled.jpg,https://sarveda.com/wp-content/uploads/2021/11/69-scaled.jpg
6093,https://sarveda.com/wp-content/uploads/2021/11/comb111.png,2021/11/comb111.png,https://sarveda.com/wp-content/uploads/2021/11/comb111.png
6094,https://sarveda.com/wp-content/uploads/2021/11/comb-combo1.png,2021/11/comb-combo1.png,https://sarveda.com/wp-content/uploads/2021/11/comb-combo1.png
6099,https://sarveda.com/wp-content/uploads/2022/11/S11.jpg,2022/11/S11.jpg,https://sarveda.com/wp-content/uploads/2022/11/S11.jpg
6100,https://sarveda.com/wp-content/uploads/2022/11/S10.jpg,2022/11/S10.jpg,https://sarveda.com/wp-content/uploads/2022/11/S10.jpg
6101,https://sarveda.com/wp-content/uploads/2022/11/S12.jpg,2022/11/S12-scaled.jpg,https://sarveda.com/wp-content/uploads/2022/11/S12-scaled.jpg
6102,https://sarveda.com/wp-content/uploads/2022/11/S5.jpg,2022/11/S5.jpg,https://sarveda.com/wp-content/uploads/2022/11/S5.jpg
6103,https://sarveda.com/wp-content/uploads/2022/11/S6.jpg,2022/11/S6.jpg,https://sarveda.com/wp-content/uploads/2022/11/S6.jpg
6104,https://sarveda.com/wp-content/uploads/2022/11/S3.jpg,2022/11/S3.jpg,https://sarveda.com/wp-content/uploads/2022/11/S3.jpg
6105,https://sarveda.com/wp-content/uploads/2022/11/S4.jpg,2022/11/S4.jpg,https://sarveda.com/wp-content/uploads/2022/11/S4.jpg
6106,https://sarveda.com/wp-content/uploads/2022/11/S8.jpg,2022/11/S8.jpg,https://sarveda.com/wp-content/uploads/2022/11/S8.jpg
6107,https://sarveda.com/wp-content/uploads/2022/11/S7.jpg,2022/11/S7.jpg,https://sarveda.com/wp-content/uploads/2022/11/S7.jpg
6108,https://sarveda.com/wp-content/uploads/2022/11/S9.jpg,2022/11/S9.jpg,https://sarveda.com/wp-content/uploads/2022/11/S9.jpg
6109,https://sarveda.com/wp-content/uploads/2022/11/S1.jpg,2022/11/S1.jpg,https://sarveda.com/wp-content/uploads/2022/11/S1.jpg
6110,https://sarveda.com/wp-content/uploads/2022/11/S2.jpg,2022/11/S2.jpg,https://sarveda.com/wp-content/uploads/2022/11/S2.jpg
6117,https://sarveda.com/wp-content/uploads/2022/11/189.jpg,2022/11/189-scaled.jpg,https://sarveda.com/wp-content/uploads/2022/11/189-scaled.jpg
6118,https://sarveda.com/wp-content/uploads/2022/11/196.jpg,2022/11/196-scaled.jpg,https://sarveda.com/wp-content/uploads/2022/11/196-scaled.jpg
6119,https://sarveda.com/wp-content/uploads/2022/11/185.jpg,2022/11/185-scaled.jpg,https://sarveda.com/wp-content/uploads/2022/11/185-scaled.jpg
6120,https://sarveda.com/wp-content/uploads/2022/11/187.jpg,2022/11/187-scaled.jpg,https://sarveda.com/wp-content/uploads/2022/11/187-scaled.jpg
6143,https://sarveda.com/wp-content/uploads/2022/11/pic1.png,2022/11/pic1.png,https://sarveda.com/wp-content/uploads/2022/11/pic1.png
6144,https://sarveda.com/wp-content/uploads/2022/11/Updated-Goa-3.png,2022/11/Updated-Goa-3.png,https://sarveda.com/wp-content/uploads/2022/11/Updated-Goa-3.png
6145,https://sarveda.com/wp-content/uploads/2022/11/updated-Goa-2.png,2022/11/updated-Goa-2.png,https://sarveda.com/wp-content/uploads/2022/11/updated-Goa-2.png
6146,https://sarveda.com/wp-content/uploads/2022/11/Goa-Image.jpeg,2022/11/Goa-Image.jpeg,https://sarveda.com/wp-content/uploads/2022/11/Goa-Image.jpeg
6148,https://sarveda.com/wp-content/uploads/2022/11/Goa-Flee-Market.jpg,2022/11/Goa-Flee-Market.jpg,https://sarveda.com/wp-content/uploads/2022/11/Goa-Flee-Market.jpg
6149,https://sarveda.com/wp-content/uploads/2022/11/Goa11.jpeg,2022/11/Goa11.jpeg,https://sarveda.com/wp-content/uploads/2022/11/Goa11.jpeg
6151,https://sarveda.com/wp-content/uploads/2022/11/Goa112.jpeg,2022/11/Goa112.jpeg,https://sarveda.com/wp-content/uploads/2022/11/Goa112.jpeg
6152,https://sarveda.com/wp-content/uploads/2022/11/Screenshot-2022-11-23-at-1.05.56-PM.png,2022/11/Screenshot-2022-11-23-at-1.05.56-PM.png,https://sarveda.com/wp-content/uploads/2022/11/Screenshot-2022-11-23-at-1.05.56-PM.png
6153,https://sarveda.com/wp-content/uploads/2022/11/Screenshot-2022-11-23-at-1.06.41-PM.png,2022/11/Screenshot-2022-11-23-at-1.06.41-PM.png,https://sarveda.com/wp-content/uploads/2022/11/Screenshot-2022-11-23-at-1.06.41-PM.png
6154,https://sarveda.com/wp-content/uploads/2022/11/Screenshot-2022-11-23-at-1.10.29-PM.png,2022/11/Screenshot-2022-11-23-at-1.10.29-PM.png,https://sarveda.com/wp-content/uploads/2022/11/Screenshot-2022-11-23-at-1.10.29-PM.png
6155,https://sarveda.com/wp-content/uploads/2022/11/Screenshot-2022-11-23-at-1.07.30-PM.png,2022/11/Screenshot-2022-11-23-at-1.07.30-PM.png,https://sarveda.com/wp-content/uploads/2022/11/Screenshot-2022-11-23-at-1.07.30-PM.png
6156,https://sarveda.com/wp-content/uploads/2022/11/Screenshot-2022-11-23-at-1.15.22-PM.png,2022/11/Screenshot-2022-11-23-at-1.15.22-PM.png,https://sarveda.com/wp-content/uploads/2022/11/Screenshot-2022-11-23-at-1.15.22-PM.png
6157,https://sarveda.com/wp-content/uploads/2022/11/Screenshot-2022-11-23-at-1.17.09-PM.png,2022/11/Screenshot-2022-11-23-at-1.17.09-PM.png,https://sarveda.com/wp-content/uploads/2022/11/Screenshot-2022-11-23-at-1.17.09-PM.png
6158,https://sarveda.com/wp-content/uploads/2022/11/S13.jpg,2022/11/S13-scaled.jpg,https://sarveda.com/wp-content/uploads/2022/11/S13-scaled.jpg
6159,https://sarveda.com/wp-content/uploads/2022/11/S14.jpg,2022/11/S14-scaled.jpg,https://sarveda.com/wp-content/uploads/2022/11/S14-scaled.jpg
6160,https://sarveda.com/wp-content/uploads/2022/11/S15.jpg,2022/11/S15-scaled.jpg,https://sarveda.com/wp-content/uploads/2022/11/S15-scaled.jpg
6161,https://sarveda.com/wp-content/uploads/2022/11/184.jpg,2022/11/184-scaled.jpg,https://sarveda.com/wp-content/uploads/2022/11/184-scaled.jpg
6165,https://sarveda.com/wp-content/uploads/2022/11/pic1-1.png,2022/11/pic1-1.png,https://sarveda.com/wp-content/uploads/2022/11/pic1-1.png
6277,https://sarveda.com/wp-content/uploads/2022/11/Square-Shaker.png,2022/11/Square-Shaker.png,https://sarveda.com/wp-content/uploads/2022/11/Square-Shaker.png
6278,https://sarveda.com/wp-content/uploads/2022/11/Eye-Shaker.png,2022/11/Eye-Shaker.png,https://sarveda.com/wp-content/uploads/2022/11/Eye-Shaker.png
6279,https://sarveda.com/wp-content/uploads/2022/11/Round-Shaker.png,2022/11/Round-Shaker.png,https://sarveda.com/wp-content/uploads/2022/11/Round-Shaker.png
6280,https://sarveda.com/wp-content/uploads/2022/11/MIni-Shaker_Combo.png,2022/11/MIni-Shaker_Combo.png,https://sarveda.com/wp-content/uploads/2022/11/MIni-Shaker_Combo.png
6281,https://sarveda.com/wp-content/uploads/2022/11/Eye-Shaker-1.png,2022/11/Eye-Shaker-1.png,https://sarveda.com/wp-content/uploads/2022/11/Eye-Shaker-1.png
6282,https://sarveda.com/wp-content/uploads/2022/11/MIni-Shaker_Combo-1.png,2022/11/MIni-Shaker_Combo-1.png,https://sarveda.com/wp-content/uploads/2022/11/MIni-Shaker_Combo-1.png
6283,https://sarveda.com/wp-content/uploads/2022/11/Round-Shaker-1.png,2022/11/Round-Shaker-1.png,https://sarveda.com/wp-content/uploads/2022/11/Round-Shaker-1.png
6284,https://sarveda.com/wp-content/uploads/2022/11/Square-Shaker-1.png,2022/11/Square-Shaker-1.png,https://sarveda.com/wp-content/uploads/2022/11/Square-Shaker-1.png
6290,https://sarveda.com/wp-content/uploads/2022/12/WhatsApp-Image-2022-12-01-at-12.30.51-PM-1.jpeg,2022/12/WhatsApp-Image-2022-12-01-at-12.30.51-PM-1.jpeg,https://sarveda.com/wp-content/uploads/2022/12/WhatsApp-Image-2022-12-01-at-12.30.51-PM-1.jpeg
6291,https://sarveda.com/wp-content/uploads/2022/12/WhatsApp-Image-2022-12-01-at-12.30.51-PM.jpeg,2022/12/WhatsApp-Image-2022-12-01-at-12.30.51-PM.jpeg,https://sarveda.com/wp-content/uploads/2022/12/WhatsApp-Image-2022-12-01-at-12.30.51-PM.jpeg
6292,https://sarveda.com/wp-content/uploads/2022/12/WhatsApp-Image-2022-12-01-at-12.30.50-PM.jpeg,2022/12/WhatsApp-Image-2022-12-01-at-12.30.50-PM.jpeg,https://sarveda.com/wp-content/uploads/2022/12/WhatsApp-Image-2022-12-01-at-12.30.50-PM.jpeg
6297,https://sarveda.com/wp-content/uploads/2022/12/WhatsApp-Image-2022-12-06-at-12.43.38-PM.jpeg,2022/12/WhatsApp-Image-2022-12-06-at-12.43.38-PM.jpeg,https://sarveda.com/wp-content/uploads/2022/12/WhatsApp-Image-2022-12-06-at-12.43.38-PM.jpeg
6298,https://sarveda.com/wp-content/uploads/2022/12/WhatsApp-Image-2022-12-06-at-12.44.22-PM.jpeg,2022/12/WhatsApp-Image-2022-12-06-at-12.44.22-PM.jpeg,https://sarveda.com/wp-content/uploads/2022/12/WhatsApp-Image-2022-12-06-at-12.44.22-PM.jpeg
6299,https://sarveda.com/wp-content/uploads/2022/12/WhatsApp-Image-2022-12-06-at-12.44.21-PM.jpeg,2022/12/WhatsApp-Image-2022-12-06-at-12.44.21-PM.jpeg,https://sarveda.com/wp-content/uploads/2022/12/WhatsApp-Image-2022-12-06-at-12.44.21-PM.jpeg
6303,https://sarveda.com/wp-content/uploads/2022/11/Screenshot-2022-12-09-at-5.25.07-PM.png,2022/11/Screenshot-2022-12-09-at-5.25.07-PM.png,https://sarveda.com/wp-content/uploads/2022/11/Screenshot-2022-12-09-at-5.25.07-PM.png
6304,https://sarveda.com/wp-content/uploads/2022/11/Screenshot-2022-12-09-at-5.23.57-PM.png,2022/11/Screenshot-2022-12-09-at-5.23.57-PM.png,https://sarveda.com/wp-content/uploads/2022/11/Screenshot-2022-12-09-at-5.23.57-PM.png
6305,https://sarveda.com/wp-content/uploads/2022/11/Screenshot-2022-12-09-at-5.23.49-PM.png,2022/11/Screenshot-2022-12-09-at-5.23.49-PM.png,https://sarveda.com/wp-content/uploads/2022/11/Screenshot-2022-12-09-at-5.23.49-PM.png
6306,https://sarveda.com/wp-content/uploads/2022/11/Screenshot-2022-12-09-at-5.22.11-PM.png,2022/11/Screenshot-2022-12-09-at-5.22.11-PM.png,https://sarveda.com/wp-content/uploads/2022/11/Screenshot-2022-12-09-at-5.22.11-PM.png
6307,https://sarveda.com/wp-content/uploads/2022/11/Screenshot-2022-12-09-at-6.09.17-PM.png,2022/11/Screenshot-2022-12-09-at-6.09.17-PM.png,https://sarveda.com/wp-content/uploads/2022/11/Screenshot-2022-12-09-at-6.09.17-PM.png
6309,https://sarveda.com/wp-content/uploads/2022/12/copper11.png,2022/12/copper11.png,https://sarveda.com/wp-content/uploads/2022/12/copper11.png
6310,https://sarveda.com/wp-content/uploads/2022/12/copper33.png,2022/12/copper33.png,https://sarveda.com/wp-content/uploads/2022/12/copper33.png
6315,https://sarveda.com/wp-content/uploads/2022/11/pic1-2.png,2022/11/pic1-2.png,https://sarveda.com/wp-content/uploads/2022/11/pic1-2.png
6316,https://sarveda.com/wp-content/uploads/2022/11/pic5.png,2022/11/pic5.png,https://sarveda.com/wp-content/uploads/2022/11/pic5.png
6317,https://sarveda.com/wp-content/uploads/2022/11/pic11.png,2022/11/pic11.png,https://sarveda.com/wp-content/uploads/2022/11/pic11.png
6318,https://sarveda.com/wp-content/uploads/2022/11/pic0.png,2022/11/pic0.png,https://sarveda.com/wp-content/uploads/2022/11/pic0.png
6319,https://sarveda.com/wp-content/uploads/2022/11/pic4.png,2022/11/pic4.png,https://sarveda.com/wp-content/uploads/2022/11/pic4.png
6320,https://sarveda.com/wp-content/uploads/2022/11/pic3.png,2022/11/pic3.png,https://sarveda.com/wp-content/uploads/2022/11/pic3.png
6321,https://sarveda.com/wp-content/uploads/2022/11/pic2.png,2022/11/pic2.png,https://sarveda.com/wp-content/uploads/2022/11/pic2.png
6325,https://sarveda.com/wp-content/uploads/2022/12/Copper-ring1.png,2022/12/Copper-ring1.png,https://sarveda.com/wp-content/uploads/2022/12/Copper-ring1.png
6326,https://sarveda.com/wp-content/uploads/2022/12/Copper-Ring-type2.png,2022/12/Copper-Ring-type2.png,https://sarveda.com/wp-content/uploads/2022/12/Copper-Ring-type2.png
6327,https://sarveda.com/wp-content/uploads/2022/12/Tongue-cleaner.png,2022/12/Tongue-cleaner.png,https://sarveda.com/wp-content/uploads/2022/12/Tongue-cleaner.png
6328,https://sarveda.com/wp-content/uploads/2022/11/apic1.png,2022/11/apic1.png,https://sarveda.com/wp-content/uploads/2022/11/apic1.png
6329,https://sarveda.com/wp-content/uploads/2022/11/apic2.png,2022/11/apic2.png,https://sarveda.com/wp-content/uploads/2022/11/apic2.png
6330,https://sarveda.com/wp-content/uploads/2022/11/apic3.png,2022/11/apic3.png,https://sarveda.com/wp-content/uploads/2022/11/apic3.png
6331,https://sarveda.com/wp-content/uploads/2022/11/apic5.png,2022/11/apic5.png,https://sarveda.com/wp-content/uploads/2022/11/apic5.png
6332,https://sarveda.com/wp-content/uploads/2022/11/apic6.png,2022/11/apic6.png,https://sarveda.com/wp-content/uploads/2022/11/apic6.png
6333,https://sarveda.com/wp-content/uploads/2022/11/apic7.png,2022/11/apic7.png,https://sarveda.com/wp-content/uploads/2022/11/apic7.png
6337,https://sarveda.com/wp-content/uploads/2022/12/229.jpg,2022/12/229-scaled.jpg,https://sarveda.com/wp-content/uploads/2022/12/229-scaled.jpg
6338,https://sarveda.com/wp-content/uploads/2022/12/225.jpg,2022/12/225-scaled.jpg,https://sarveda.com/wp-content/uploads/2022/12/225-scaled.jpg
6340,https://sarveda.com/wp-content/uploads/2022/11/Coconut-coir.png,2022/11/Coconut-coir.png,https://sarveda.com/wp-content/uploads/2022/11/Coconut-coir.png
6341,https://sarveda.com/wp-content/uploads/2022/11/coconut-rattle.png,2022/11/coconut-rattle.png,https://sarveda.com/wp-content/uploads/2022/11/coconut-rattle.png
6342,https://sarveda.com/wp-content/uploads/2022/11/Coconut-brush-single.jpg,2022/11/Coconut-brush-single.jpg,https://sarveda.com/wp-content/uploads/2022/11/Coconut-brush-single.jpg
6343,https://sarveda.com/wp-content/uploads/2022/11/Coconut-brush-threesingle.jpg,2022/11/Coconut-brush-threesingle.jpg,https://sarveda.com/wp-content/uploads/2022/11/Coconut-brush-threesingle.jpg
6345,https://sarveda.com/wp-content/uploads/2022/11/Goa-retreat1.png,2022/11/Goa-retreat1.png,https://sarveda.com/wp-content/uploads/2022/11/Goa-retreat1.png
6389,https://sarveda.com/wp-content/uploads/2022/08/Neti-pot-1.jpg,2022/08/Neti-pot-1.jpg,https://sarveda.com/wp-content/uploads/2022/08/Neti-pot-1.jpg
6390,https://sarveda.com/wp-content/uploads/2022/08/Neti-pot-2.jpg,2022/08/Neti-pot-2.jpg,https://sarveda.com/wp-content/uploads/2022/08/Neti-pot-2.jpg
6391,https://sarveda.com/wp-content/uploads/2022/08/Neti-pot-3.jpg,2022/08/Neti-pot-3.jpg,https://sarveda.com/wp-content/uploads/2022/08/Neti-pot-3.jpg
6392,https://sarveda.com/wp-content/uploads/2022/08/Neti-pot-4.jpg,2022/08/Neti-pot-4.jpg,https://sarveda.com/wp-content/uploads/2022/08/Neti-pot-4.jpg
6393,https://sarveda.com/wp-content/uploads/2022/08/Neti-pot-5.jpg,2022/08/Neti-pot-5.jpg,https://sarveda.com/wp-content/uploads/2022/08/Neti-pot-5.jpg
6394,https://sarveda.com/wp-content/uploads/2022/08/Neti-pot-6.jpg,2022/08/Neti-pot-6.jpg,https://sarveda.com/wp-content/uploads/2022/08/Neti-pot-6.jpg
6405,https://sarveda.com/wp-content/uploads/2022/07/copper-curved-plain.png,2022/07/copper-curved-plain.png,https://sarveda.com/wp-content/uploads/2022/07/copper-curved-plain.png
6406,https://sarveda.com/wp-content/uploads/2022/07/vintage-plain-curved.png,2022/07/vintage-plain-curved.png,https://sarveda.com/wp-content/uploads/2022/07/vintage-plain-curved.png
6407,https://sarveda.com/wp-content/uploads/2022/07/vintage-hammered.png,2022/07/vintage-hammered.png,https://sarveda.com/wp-content/uploads/2022/07/vintage-hammered.png
6408,https://sarveda.com/wp-content/uploads/2022/07/vintagr-grooved.png,2022/07/vintagr-grooved.png,https://sarveda.com/wp-content/uploads/2022/07/vintagr-grooved.png
6409,https://sarveda.com/wp-content/uploads/2022/07/Pink.png,2022/07/Pink.png,https://sarveda.com/wp-content/uploads/2022/07/Pink.png
6410,https://sarveda.com/wp-content/uploads/2022/07/Orange.png,2022/07/Orange.png,https://sarveda.com/wp-content/uploads/2022/07/Orange.png
6411,https://sarveda.com/wp-content/uploads/2022/07/Copper-Plain.png,2022/07/Copper-Plain.png,https://sarveda.com/wp-content/uploads/2022/07/Copper-Plain.png
6412,https://sarveda.com/wp-content/uploads/2022/07/Vintage-Chakra.png,2022/07/Vintage-Chakra.png,https://sarveda.com/wp-content/uploads/2022/07/Vintage-Chakra.png
6413,https://sarveda.com/wp-content/uploads/2022/08/Curved-Diamond-Groove.png,2022/08/Curved-Diamond-Groove.png,https://sarveda.com/wp-content/uploads/2022/08/Curved-Diamond-Groove.png
6414,https://sarveda.com/wp-content/uploads/2022/12/IMG9757.jpg,2022/12/IMG9757-scaled.jpg,https://sarveda.com/wp-content/uploads/2022/12/IMG9757-scaled.jpg
6415,https://sarveda.com/wp-content/uploads/2022/08/IMG9752.jpg,2022/08/IMG9752-scaled.jpg,https://sarveda.com/wp-content/uploads/2022/08/IMG9752-scaled.jpg
6416,https://sarveda.com/wp-content/uploads/2022/12/IMG9769.jpg,2022/12/IMG9769-scaled.jpg,https://sarveda.com/wp-content/uploads/2022/12/IMG9769-scaled.jpg
6417,https://sarveda.com/wp-content/uploads/2022/08/IMG9757.jpg,2022/08/IMG9757-scaled.jpg,https://sarveda.com/wp-content/uploads/2022/08/IMG9757-scaled.jpg
6418,https://sarveda.com/wp-content/uploads/2022/08/IMG9769.jpg,2022/08/IMG9769-scaled.jpg,https://sarveda.com/wp-content/uploads/2022/08/IMG9769-scaled.jpg
6419,https://sarveda.com/wp-content/uploads/2022/08/IMG9776.jpg,2022/08/IMG9776-scaled.jpg,https://sarveda.com/wp-content/uploads/2022/08/IMG9776-scaled.jpg
6420,https://sarveda.com/wp-content/uploads/2022/08/IMG9785.jpg,2022/08/IMG9785-scaled.jpg,https://sarveda.com/wp-content/uploads/2022/08/IMG9785-scaled.jpg
6421,https://sarveda.com/wp-content/uploads/2022/08/IMG9785-1.jpg,2022/08/IMG9785-1-scaled.jpg,https://sarveda.com/wp-content/uploads/2022/08/IMG9785-1-scaled.jpg
6422,https://sarveda.com/wp-content/uploads/2022/08/IMG9795.jpg,2022/08/IMG9795-scaled.jpg,https://sarveda.com/wp-content/uploads/2022/08/IMG9795-scaled.jpg
6423,https://sarveda.com/wp-content/uploads/2022/08/IMG10032.jpg,2022/08/IMG10032-scaled.jpg,https://sarveda.com/wp-content/uploads/2022/08/IMG10032-scaled.jpg
6424,https://sarveda.com/wp-content/uploads/2022/08/IMG10034.jpg,2022/08/IMG10034-scaled.jpg,https://sarveda.com/wp-content/uploads/2022/08/IMG10034-scaled.jpg
6425,https://sarveda.com/wp-content/uploads/2022/08/IMG10035.jpg,2022/08/IMG10035-scaled.jpg,https://sarveda.com/wp-content/uploads/2022/08/IMG10035-scaled.jpg
6426,https://sarveda.com/wp-content/uploads/2022/08/IMG10036.jpg,2022/08/IMG10036-scaled.jpg,https://sarveda.com/wp-content/uploads/2022/08/IMG10036-scaled.jpg
6427,https://sarveda.com/wp-content/uploads/2022/08/IMG10037.jpg,2022/08/IMG10037-scaled.jpg,https://sarveda.com/wp-content/uploads/2022/08/IMG10037-scaled.jpg
6428,https://sarveda.com/wp-content/uploads/2022/08/IMG10052.jpg,2022/08/IMG10052-scaled.jpg,https://sarveda.com/wp-content/uploads/2022/08/IMG10052-scaled.jpg
6429,https://sarveda.com/wp-content/uploads/2022/08/IMG10058.jpg,2022/08/IMG10058-scaled.jpg,https://sarveda.com/wp-content/uploads/2022/08/IMG10058-scaled.jpg
6430,https://sarveda.com/wp-content/uploads/2022/08/IMG10110.jpg,2022/08/IMG10110-scaled.jpg,https://sarveda.com/wp-content/uploads/2022/08/IMG10110-scaled.jpg
6431,https://sarveda.com/wp-content/uploads/2022/08/Neti-Colors-1.png,2022/08/Neti-Colors-1.png,https://sarveda.com/wp-content/uploads/2022/08/Neti-Colors-1.png
6432,https://sarveda.com/wp-content/uploads/2022/11/IMG9652.jpg,2022/11/IMG9652-scaled.jpg,https://sarveda.com/wp-content/uploads/2022/11/IMG9652-scaled.jpg
6434,https://sarveda.com/wp-content/uploads/2021/11/Combs-1.jpg,2021/11/Combs-1.jpg,https://sarveda.com/wp-content/uploads/2021/11/Combs-1.jpg
6435,https://sarveda.com/wp-content/uploads/2021/11/Combs-2.jpg,2021/11/Combs-2.jpg,https://sarveda.com/wp-content/uploads/2021/11/Combs-2.jpg
6436,https://sarveda.com/wp-content/uploads/2021/11/Combs-3.jpg,2021/11/Combs-3.jpg,https://sarveda.com/wp-content/uploads/2021/11/Combs-3.jpg
6437,https://sarveda.com/wp-content/uploads/2021/11/Combs-4.jpg,2021/11/Combs-4.jpg,https://sarveda.com/wp-content/uploads/2021/11/Combs-4.jpg
6438,https://sarveda.com/wp-content/uploads/2021/11/Combs-5.jpg,2021/11/Combs-5.jpg,https://sarveda.com/wp-content/uploads/2021/11/Combs-5.jpg
6439,https://sarveda.com/wp-content/uploads/2021/11/IMG36418-1.jpg,2021/11/IMG36418-1.jpg,https://sarveda.com/wp-content/uploads/2021/11/IMG36418-1.jpg
6440,https://sarveda.com/wp-content/uploads/2021/11/Tooth-brush-1.jpg,2021/11/Tooth-brush-1.jpg,https://sarveda.com/wp-content/uploads/2021/11/Tooth-brush-1.jpg
6441,https://sarveda.com/wp-content/uploads/2021/11/Tooth-brush-2.jpg,2021/11/Tooth-brush-2.jpg,https://sarveda.com/wp-content/uploads/2021/11/Tooth-brush-2.jpg
6442,https://sarveda.com/wp-content/uploads/2021/11/Tooth-brush-3.jpg,2021/11/Tooth-brush-3.jpg,https://sarveda.com/wp-content/uploads/2021/11/Tooth-brush-3.jpg
6443,https://sarveda.com/wp-content/uploads/2021/11/Tooth-brush-4.jpg,2021/11/Tooth-brush-4.jpg,https://sarveda.com/wp-content/uploads/2021/11/Tooth-brush-4.jpg
6444,https://sarveda.com/wp-content/uploads/2021/11/Tooth-brush-5.jpg,2021/11/Tooth-brush-5.jpg,https://sarveda.com/wp-content/uploads/2021/11/Tooth-brush-5.jpg
6445,https://sarveda.com/wp-content/uploads/2021/11/TC1.jpg,2021/11/TC1.jpg,https://sarveda.com/wp-content/uploads/2021/11/TC1.jpg
6446,https://sarveda.com/wp-content/uploads/2021/11/TC2.jpg,2021/11/TC2.jpg,https://sarveda.com/wp-content/uploads/2021/11/TC2.jpg
6447,https://sarveda.com/wp-content/uploads/2021/11/TC3.jpg,2021/11/TC3.jpg,https://sarveda.com/wp-content/uploads/2021/11/TC3.jpg
6448,https://sarveda.com/wp-content/uploads/2021/11/TC4.jpg,2021/11/TC4.jpg,https://sarveda.com/wp-content/uploads/2021/11/TC4.jpg
6449,https://sarveda.com/wp-content/uploads/2021/11/TC5.jpg,2021/11/TC5.jpg,https://sarveda.com/wp-content/uploads/2021/11/TC5.jpg
6450,https://sarveda.com/wp-content/uploads/2022/08/copper-curved-plain-with-brush.jpg,2022/08/copper-curved-plain-with-brush.jpg,https://sarveda.com/wp-content/uploads/2022/08/copper-curved-plain-with-brush.jpg
6451,https://sarveda.com/wp-content/uploads/2022/08/Copper-Plain.png,2022/08/Copper-Plain.png,https://sarveda.com/wp-content/uploads/2022/08/Copper-Plain.png
6452,https://sarveda.com/wp-content/uploads/2022/08/copper-curved-plain.png,2022/08/copper-curved-plain.png,https://sarveda.com/wp-content/uploads/2022/08/copper-curved-plain.png
6453,https://sarveda.com/wp-content/uploads/2020/11/Mindsattva-PANEL-2.jpg,2020/11/Mindsattva-PANEL-2.jpg,https://sarveda.com/wp-content/uploads/2020/11/Mindsattva-PANEL-2.jpg
6454,https://sarveda.com/wp-content/uploads/2020/11/Mindsattva-PANEL-3.jpg,2020/11/Mindsattva-PANEL-3.jpg,https://sarveda.com/wp-content/uploads/2020/11/Mindsattva-PANEL-3.jpg
6455,https://sarveda.com/wp-content/uploads/2020/11/Mindsattva-PANEL-4.jpg,2020/11/Mindsattva-PANEL-4.jpg,https://sarveda.com/wp-content/uploads/2020/11/Mindsattva-PANEL-4.jpg
6456,https://sarveda.com/wp-content/uploads/2022/08/vintage-plain-curved-with-brush.jpg,2022/08/vintage-plain-curved-with-brush.jpg,https://sarveda.com/wp-content/uploads/2022/08/vintage-plain-curved-with-brush.jpg
6457,https://sarveda.com/wp-content/uploads/2020/11/Mindsattva-PANEL-5.jpg,2020/11/Mindsattva-PANEL-5.jpg,https://sarveda.com/wp-content/uploads/2020/11/Mindsattva-PANEL-5.jpg
6458,https://sarveda.com/wp-content/uploads/2020/11/Mindsattva-PANEL-6.jpg,2020/11/Mindsattva-PANEL-6.jpg,https://sarveda.com/wp-content/uploads/2020/11/Mindsattva-PANEL-6.jpg
6459,https://sarveda.com/wp-content/uploads/2020/11/Mindsattva-PANEL-7.jpg,2020/11/Mindsattva-PANEL-7.jpg,https://sarveda.com/wp-content/uploads/2020/11/Mindsattva-PANEL-7.jpg
6460,https://sarveda.com/wp-content/uploads/2022/08/vintage-plain-curved.png,2022/08/vintage-plain-curved.png,https://sarveda.com/wp-content/uploads/2022/08/vintage-plain-curved.png
6461,https://sarveda.com/wp-content/uploads/2020/12/Agnicare-panel-2.jpg,2020/12/Agnicare-panel-2.jpg,https://sarveda.com/wp-content/uploads/2020/12/Agnicare-panel-2.jpg
6462,https://sarveda.com/wp-content/uploads/2020/12/Agnicare-panel-3.jpg,2020/12/Agnicare-panel-3.jpg,https://sarveda.com/wp-content/uploads/2020/12/Agnicare-panel-3.jpg
6463,https://sarveda.com/wp-content/uploads/2020/12/Agnicare-panel-4.jpg,2020/12/Agnicare-panel-4.jpg,https://sarveda.com/wp-content/uploads/2020/12/Agnicare-panel-4.jpg
6464,https://sarveda.com/wp-content/uploads/2020/12/Agnicare-panel-5.jpg,2020/12/Agnicare-panel-5.jpg,https://sarveda.com/wp-content/uploads/2020/12/Agnicare-panel-5.jpg
6465,https://sarveda.com/wp-content/uploads/2020/12/Agnicare-panel-6.jpg,2020/12/Agnicare-panel-6.jpg,https://sarveda.com/wp-content/uploads/2020/12/Agnicare-panel-6.jpg
6466,https://sarveda.com/wp-content/uploads/2020/12/Agnicare-panel-7.jpg,2020/12/Agnicare-panel-7.jpg,https://sarveda.com/wp-content/uploads/2020/12/Agnicare-panel-7.jpg
6467,https://sarveda.com/wp-content/uploads/2020/12/PranaCare-Panel-2.jpg,2020/12/PranaCare-Panel-2.jpg,https://sarveda.com/wp-content/uploads/2020/12/PranaCare-Panel-2.jpg
6468,https://sarveda.com/wp-content/uploads/2020/12/PranaCare-Panel-3.jpg,2020/12/PranaCare-Panel-3.jpg,https://sarveda.com/wp-content/uploads/2020/12/PranaCare-Panel-3.jpg
6469,https://sarveda.com/wp-content/uploads/2020/12/PranaCare-Panel-4.jpg,2020/12/PranaCare-Panel-4.jpg,https://sarveda.com/wp-content/uploads/2020/12/PranaCare-Panel-4.jpg
6470,https://sarveda.com/wp-content/uploads/2022/08/Curved-Diamond-Groove-with-brush.jpg,2022/08/Curved-Diamond-Groove-with-brush.jpg,https://sarveda.com/wp-content/uploads/2022/08/Curved-Diamond-Groove-with-brush.jpg
6471,https://sarveda.com/wp-content/uploads/2020/12/PranaCare-Panel-5.jpg,2020/12/PranaCare-Panel-5.jpg,https://sarveda.com/wp-content/uploads/2020/12/PranaCare-Panel-5.jpg
6472,https://sarveda.com/wp-content/uploads/2020/12/PranaCare-Panel-6.jpg,2020/12/PranaCare-Panel-6.jpg,https://sarveda.com/wp-content/uploads/2020/12/PranaCare-Panel-6.jpg
6473,https://sarveda.com/wp-content/uploads/2020/12/PranaCare-Panel-7.jpg,2020/12/PranaCare-Panel-7.jpg,https://sarveda.com/wp-content/uploads/2020/12/PranaCare-Panel-7.jpg
6474,https://sarveda.com/wp-content/uploads/2022/08/vintagr-grooved-with-brush.jpg,2022/08/vintagr-grooved-with-brush.jpg,https://sarveda.com/wp-content/uploads/2022/08/vintagr-grooved-with-brush.jpg
6475,https://sarveda.com/wp-content/uploads/2020/12/HerVeda-panel-2.jpg,2020/12/HerVeda-panel-2.jpg,https://sarveda.com/wp-content/uploads/2020/12/HerVeda-panel-2.jpg
6476,https://sarveda.com/wp-content/uploads/2020/12/HerVeda-panel-3.jpg,2020/12/HerVeda-panel-3.jpg,https://sarveda.com/wp-content/uploads/2020/12/HerVeda-panel-3.jpg
6477,https://sarveda.com/wp-content/uploads/2020/12/HerVeda-panel-4.jpg,2020/12/HerVeda-panel-4.jpg,https://sarveda.com/wp-content/uploads/2020/12/HerVeda-panel-4.jpg
6478,https://sarveda.com/wp-content/uploads/2020/12/HerVeda-panel-5.jpg,2020/12/HerVeda-panel-5.jpg,https://sarveda.com/wp-content/uploads/2020/12/HerVeda-panel-5.jpg
6479,https://sarveda.com/wp-content/uploads/2020/12/HerVeda-panel-6.jpg,2020/12/HerVeda-panel-6.jpg,https://sarveda.com/wp-content/uploads/2020/12/HerVeda-panel-6.jpg
6480,https://sarveda.com/wp-content/uploads/2022/08/vintage-hammered-with-brush.jpg,2022/08/vintage-hammered-with-brush.jpg,https://sarveda.com/wp-content/uploads/2022/08/vintage-hammered-with-brush.jpg
6481,https://sarveda.com/wp-content/uploads/2020/12/Glow-veda-PANEL-2.jpg,2020/12/Glow-veda-PANEL-2.jpg,https://sarveda.com/wp-content/uploads/2020/12/Glow-veda-PANEL-2.jpg
6482,https://sarveda.com/wp-content/uploads/2020/12/Glow-veda-PANEL-3.jpg,2020/12/Glow-veda-PANEL-3.jpg,https://sarveda.com/wp-content/uploads/2020/12/Glow-veda-PANEL-3.jpg
6483,https://sarveda.com/wp-content/uploads/2020/12/Glow-veda-PANEL-4.jpg,2020/12/Glow-veda-PANEL-4.jpg,https://sarveda.com/wp-content/uploads/2020/12/Glow-veda-PANEL-4.jpg
6484,https://sarveda.com/wp-content/uploads/2020/12/Glow-veda-PANEL-6.jpg,2020/12/Glow-veda-PANEL-6.jpg,https://sarveda.com/wp-content/uploads/2020/12/Glow-veda-PANEL-6.jpg
6485,https://sarveda.com/wp-content/uploads/2020/12/Glow-veda-PANEL-7.jpg,2020/12/Glow-veda-PANEL-7.jpg,https://sarveda.com/wp-content/uploads/2020/12/Glow-veda-PANEL-7.jpg
6486,https://sarveda.com/wp-content/uploads/2022/08/Pink-with-brush.jpg,2022/08/Pink-with-brush.jpg,https://sarveda.com/wp-content/uploads/2022/08/Pink-with-brush.jpg
6487,https://sarveda.com/wp-content/uploads/2022/08/Orange-with-brush.jpg,2022/08/Orange-with-brush.jpg,https://sarveda.com/wp-content/uploads/2022/08/Orange-with-brush.jpg
6488,https://sarveda.com/wp-content/uploads/2022/08/Copper-Plain-with-brush.jpg,2022/08/Copper-Plain-with-brush.jpg,https://sarveda.com/wp-content/uploads/2022/08/Copper-Plain-with-brush.jpg
6489,https://sarveda.com/wp-content/uploads/2022/08/Vintage-Chakra-with-brush.jpg,2022/08/Vintage-Chakra-with-brush.jpg,https://sarveda.com/wp-content/uploads/2022/08/Vintage-Chakra-with-brush.jpg
6490,https://sarveda.com/wp-content/uploads/2022/08/Curved-Diamond-Groove-with-brush-1.jpg,2022/08/Curved-Diamond-Groove-with-brush-1.jpg,https://sarveda.com/wp-content/uploads/2022/08/Curved-Diamond-Groove-with-brush-1.jpg
6491,https://sarveda.com/wp-content/uploads/2022/12/Blue-Meditation-with-brush.jpg,2022/12/Blue-Meditation-with-brush.jpg,https://sarveda.com/wp-content/uploads/2022/12/Blue-Meditation-with-brush.jpg
6492,https://sarveda.com/wp-content/uploads/2022/12/Blue-Meditation.png,2022/12/Blue-Meditation.png,https://sarveda.com/wp-content/uploads/2022/12/Blue-Meditation.png
6494,https://sarveda.com/wp-content/uploads/2022/11/Copper-Slide1.png,2022/11/Copper-Slide1.png,https://sarveda.com/wp-content/uploads/2022/11/Copper-Slide1.png
6495,https://sarveda.com/wp-content/uploads/2022/11/Copper-3.png,2022/11/Copper-3.png,https://sarveda.com/wp-content/uploads/2022/11/Copper-3.png
6496,https://sarveda.com/wp-content/uploads/2022/11/Slide2-Copper.png,2022/11/Slide2-Copper.png,https://sarveda.com/wp-content/uploads/2022/11/Slide2-Copper.png
6497,https://sarveda.com/wp-content/uploads/2022/11/A3.png,2022/11/A3.png,https://sarveda.com/wp-content/uploads/2022/11/A3.png
6506,https://sarveda.com/wp-content/uploads/2023/01/IMG9812.jpg,2023/01/IMG9812-scaled.jpg,https://sarveda.com/wp-content/uploads/2023/01/IMG9812-scaled.jpg
6509,https://sarveda.com/wp-content/uploads/2023/01/IMG9809.jpg,2023/01/IMG9809-scaled.jpg,https://sarveda.com/wp-content/uploads/2023/01/IMG9809-scaled.jpg
6510,https://sarveda.com/wp-content/uploads/2023/01/IMG9808.jpg,2023/01/IMG9808-scaled.jpg,https://sarveda.com/wp-content/uploads/2023/01/IMG9808-scaled.jpg
6511,https://sarveda.com/wp-content/uploads/2023/01/S2.jpg,2023/01/S2-scaled.jpg,https://sarveda.com/wp-content/uploads/2023/01/S2-scaled.jpg
6512,https://sarveda.com/wp-content/uploads/2023/01/S4.jpg,2023/01/S4-scaled.jpg,https://sarveda.com/wp-content/uploads/2023/01/S4-scaled.jpg
6513,https://sarveda.com/wp-content/uploads/2023/01/S5.jpg,2023/01/S5.jpg,https://sarveda.com/wp-content/uploads/2023/01/S5.jpg
6514,https://sarveda.com/wp-content/uploads/2023/01/S6.jpg,2023/01/S6-scaled.jpg,https://sarveda.com/wp-content/uploads/2023/01/S6-scaled.jpg
6517,https://sarveda.com/wp-content/uploads/2023/01/Steel-straws_Card_4.jpg,2023/01/Steel-straws_Card_4.jpg,https://sarveda.com/wp-content/uploads/2023/01/Steel-straws_Card_4.jpg
6518,https://sarveda.com/wp-content/uploads/2023/01/Combo-4-a2.png,2023/01/Combo-4-a2.png,https://sarveda.com/wp-content/uploads/2023/01/Combo-4-a2.png
6520,https://sarveda.com/wp-content/uploads/2023/01/Steel-straws_Card_3-1.jpg,2023/01/Steel-straws_Card_3-1.jpg,https://sarveda.com/wp-content/uploads/2023/01/Steel-straws_Card_3-1.jpg
6521,https://sarveda.com/wp-content/uploads/2023/01/Eye-pillow_Card_5.jpg,2023/01/Eye-pillow_Card_5.jpg,https://sarveda.com/wp-content/uploads/2023/01/Eye-pillow_Card_5.jpg
6522,https://sarveda.com/wp-content/uploads/2023/01/Eye-pillow_Card_4.jpg,2023/01/Eye-pillow_Card_4.jpg,https://sarveda.com/wp-content/uploads/2023/01/Eye-pillow_Card_4.jpg
6523,https://sarveda.com/wp-content/uploads/2023/01/Eye-pillow_Card_6.jpg,2023/01/Eye-pillow_Card_6.jpg,https://sarveda.com/wp-content/uploads/2023/01/Eye-pillow_Card_6.jpg
6531,https://sarveda.com/wp-content/uploads/2023/01/Strap_A_1.jpg,2023/01/Strap_A_1.jpg,https://sarveda.com/wp-content/uploads/2023/01/Strap_A_1.jpg
6532,https://sarveda.com/wp-content/uploads/2023/01/Strap_A_4.jpg,2023/01/Strap_A_4.jpg,https://sarveda.com/wp-content/uploads/2023/01/Strap_A_4.jpg
6533,https://sarveda.com/wp-content/uploads/2023/01/navy-blue-strap.jpg,2023/01/navy-blue-strap-scaled.jpg,https://sarveda.com/wp-content/uploads/2023/01/navy-blue-strap-scaled.jpg
6534,https://sarveda.com/wp-content/uploads/2023/01/Green-strap.jpg,2023/01/Green-strap-scaled.jpg,https://sarveda.com/wp-content/uploads/2023/01/Green-strap-scaled.jpg
6535,https://sarveda.com/wp-content/uploads/2023/01/beige.jpg,2023/01/beige-scaled.jpg,https://sarveda.com/wp-content/uploads/2023/01/beige-scaled.jpg
6536,https://sarveda.com/wp-content/uploads/2023/01/rose-strap.jpg,2023/01/rose-strap-scaled.jpg,https://sarveda.com/wp-content/uploads/2023/01/rose-strap-scaled.jpg
6537,https://sarveda.com/wp-content/uploads/2023/01/sky-blue.jpg,2023/01/sky-blue-scaled.jpg,https://sarveda.com/wp-content/uploads/2023/01/sky-blue-scaled.jpg
6538,https://sarveda.com/wp-content/uploads/2023/01/Strap_A_4-1.jpg,2023/01/Strap_A_4-1.jpg,https://sarveda.com/wp-content/uploads/2023/01/Strap_A_4-1.jpg
6539,https://sarveda.com/wp-content/uploads/2023/01/31xZKakkhAL.jpg,2023/01/31xZKakkhAL.jpg,https://sarveda.com/wp-content/uploads/2023/01/31xZKakkhAL.jpg
6540,https://sarveda.com/wp-content/uploads/2023/01/51NnstjW9wL.jpg,2023/01/51NnstjW9wL.jpg,https://sarveda.com/wp-content/uploads/2023/01/51NnstjW9wL.jpg
6541,https://sarveda.com/wp-content/uploads/2023/01/51UXkbTpxZL.jpg,2023/01/51UXkbTpxZL.jpg,https://sarveda.com/wp-content/uploads/2023/01/51UXkbTpxZL.jpg
6542,https://sarveda.com/wp-content/uploads/2023/01/51yH2ngyUVL.jpg,2023/01/51yH2ngyUVL.jpg,https://sarveda.com/wp-content/uploads/2023/01/51yH2ngyUVL.jpg
6543,https://sarveda.com/wp-content/uploads/2023/01/51XEIUnoL5L.jpg,2023/01/51XEIUnoL5L.jpg,https://sarveda.com/wp-content/uploads/2023/01/51XEIUnoL5L.jpg
6554,https://sarveda.com/wp-content/uploads/2023/01/Eye-pillow_1.jpg,2023/01/Eye-pillow_1.jpg,https://sarveda.com/wp-content/uploads/2023/01/Eye-pillow_1.jpg
6555,https://sarveda.com/wp-content/uploads/2023/01/Eye-pillow_2.jpg,2023/01/Eye-pillow_2.jpg,https://sarveda.com/wp-content/uploads/2023/01/Eye-pillow_2.jpg
6556,https://sarveda.com/wp-content/uploads/2023/01/Eye-pillow_3.jpg,2023/01/Eye-pillow_3.jpg,https://sarveda.com/wp-content/uploads/2023/01/Eye-pillow_3.jpg
6557,https://sarveda.com/wp-content/uploads/2023/01/Eye-pillow_4.jpg,2023/01/Eye-pillow_4.jpg,https://sarveda.com/wp-content/uploads/2023/01/Eye-pillow_4.jpg
6558,https://sarveda.com/wp-content/uploads/2023/01/Eye-pillow_5.jpg,2023/01/Eye-pillow_5.jpg,https://sarveda.com/wp-content/uploads/2023/01/Eye-pillow_5.jpg
6559,https://sarveda.com/wp-content/uploads/2023/01/Eye-pillow_6.jpg,2023/01/Eye-pillow_6.jpg,https://sarveda.com/wp-content/uploads/2023/01/Eye-pillow_6.jpg
6560,https://sarveda.com/wp-content/uploads/2023/01/dark-grey.jpg,2023/01/dark-grey-scaled.jpg,https://sarveda.com/wp-content/uploads/2023/01/dark-grey-scaled.jpg
6561,https://sarveda.com/wp-content/uploads/2023/01/Strap_A_1-1.jpg,2023/01/Strap_A_1-1.jpg,https://sarveda.com/wp-content/uploads/2023/01/Strap_A_1-1.jpg
6562,https://sarveda.com/wp-content/uploads/2023/01/Strap_A_2.jpg,2023/01/Strap_A_2.jpg,https://sarveda.com/wp-content/uploads/2023/01/Strap_A_2.jpg
6563,https://sarveda.com/wp-content/uploads/2023/01/Strap_A_3.jpg,2023/01/Strap_A_3.jpg,https://sarveda.com/wp-content/uploads/2023/01/Strap_A_3.jpg
6564,https://sarveda.com/wp-content/uploads/2023/01/Strap_A_4-1-1.jpg,2023/01/Strap_A_4-1-1.jpg,https://sarveda.com/wp-content/uploads/2023/01/Strap_A_4-1-1.jpg
6565,https://sarveda.com/wp-content/uploads/2023/01/Strap_A_5.jpg,2023/01/Strap_A_5.jpg,https://sarveda.com/wp-content/uploads/2023/01/Strap_A_5.jpg
6566,https://sarveda.com/wp-content/uploads/2023/01/Strap_A_5-1.jpg,2023/01/Strap_A_5-1.jpg,https://sarveda.com/wp-content/uploads/2023/01/Strap_A_5-1.jpg
6567,https://sarveda.com/wp-content/uploads/2023/01/Strap_A_6.jpg,2023/01/Strap_A_6.jpg,https://sarveda.com/wp-content/uploads/2023/01/Strap_A_6.jpg
6568,https://sarveda.com/wp-content/uploads/2023/01/Rose-EP-1.jpg,2023/01/Rose-EP-1-scaled.jpg,https://sarveda.com/wp-content/uploads/2023/01/Rose-EP-1-scaled.jpg
6569,https://sarveda.com/wp-content/uploads/2023/01/grey-2.jpg,2023/01/grey-2-scaled.jpg,https://sarveda.com/wp-content/uploads/2023/01/grey-2-scaled.jpg
6570,https://sarveda.com/wp-content/uploads/2023/01/Grey-1.jpg,2023/01/Grey-1-scaled.jpg,https://sarveda.com/wp-content/uploads/2023/01/Grey-1-scaled.jpg
6571,https://sarveda.com/wp-content/uploads/2023/01/Steel-straws_A_1-1.jpg,2023/01/Steel-straws_A_1-1.jpg,https://sarveda.com/wp-content/uploads/2023/01/Steel-straws_A_1-1.jpg
6572,https://sarveda.com/wp-content/uploads/2023/01/Steel-straws_A_2.jpg,2023/01/Steel-straws_A_2.jpg,https://sarveda.com/wp-content/uploads/2023/01/Steel-straws_A_2.jpg
6573,https://sarveda.com/wp-content/uploads/2023/01/Steel-straws_A_3.jpg,2023/01/Steel-straws_A_3.jpg,https://sarveda.com/wp-content/uploads/2023/01/Steel-straws_A_3.jpg
6574,https://sarveda.com/wp-content/uploads/2023/01/Steel-straws_A_4.jpg,2023/01/Steel-straws_A_4.jpg,https://sarveda.com/wp-content/uploads/2023/01/Steel-straws_A_4.jpg
6575,https://sarveda.com/wp-content/uploads/2023/01/Steel-straws_A_5.jpg,2023/01/Steel-straws_A_5.jpg,https://sarveda.com/wp-content/uploads/2023/01/Steel-straws_A_5.jpg
6576,https://sarveda.com/wp-content/uploads/2023/01/Steel-straws_A_6.jpg,2023/01/Steel-straws_A_6.jpg,https://sarveda.com/wp-content/uploads/2023/01/Steel-straws_A_6.jpg
6577,https://sarveda.com/wp-content/uploads/2023/01/dark-grey-3.jpg,2023/01/dark-grey-3-scaled.jpg,https://sarveda.com/wp-content/uploads/2023/01/dark-grey-3-scaled.jpg
6578,https://sarveda.com/wp-content/uploads/2023/01/Eye-pillow_Card_1.jpg,2023/01/Eye-pillow_Card_1.jpg,https://sarveda.com/wp-content/uploads/2023/01/Eye-pillow_Card_1.jpg
6579,https://sarveda.com/wp-content/uploads/2023/01/Strap_Cards_1.jpg,2023/01/Strap_Cards_1.jpg,https://sarveda.com/wp-content/uploads/2023/01/Strap_Cards_1.jpg
6580,https://sarveda.com/wp-content/uploads/2023/01/Strap_Cards_2.jpg,2023/01/Strap_Cards_2.jpg,https://sarveda.com/wp-content/uploads/2023/01/Strap_Cards_2.jpg
6581,https://sarveda.com/wp-content/uploads/2023/01/Strap_Cards_3.jpg,2023/01/Strap_Cards_3.jpg,https://sarveda.com/wp-content/uploads/2023/01/Strap_Cards_3.jpg
6582,https://sarveda.com/wp-content/uploads/2023/01/Strap_Cards_4.jpg,2023/01/Strap_Cards_4.jpg,https://sarveda.com/wp-content/uploads/2023/01/Strap_Cards_4.jpg
6583,https://sarveda.com/wp-content/uploads/2023/01/Strap_Cards_5.jpg,2023/01/Strap_Cards_5.jpg,https://sarveda.com/wp-content/uploads/2023/01/Strap_Cards_5.jpg
6584,https://sarveda.com/wp-content/uploads/2023/01/Strap_Main.jpg,2023/01/Strap_Main.jpg,https://sarveda.com/wp-content/uploads/2023/01/Strap_Main.jpg
6585,https://sarveda.com/wp-content/uploads/2023/01/Eye-pillow_Main.jpg,2023/01/Eye-pillow_Main.jpg,https://sarveda.com/wp-content/uploads/2023/01/Eye-pillow_Main.jpg
6586,https://sarveda.com/wp-content/uploads/2023/01/sage.jpg,2023/01/sage-scaled.jpg,https://sarveda.com/wp-content/uploads/2023/01/sage-scaled.jpg
6587,https://sarveda.com/wp-content/uploads/2023/01/Eye-pillow_Card_1-1.jpg,2023/01/Eye-pillow_Card_1-1.jpg,https://sarveda.com/wp-content/uploads/2023/01/Eye-pillow_Card_1-1.jpg
6588,https://sarveda.com/wp-content/uploads/2023/01/Eye-pillow_Card_2.jpg,2023/01/Eye-pillow_Card_2.jpg,https://sarveda.com/wp-content/uploads/2023/01/Eye-pillow_Card_2.jpg
6589,https://sarveda.com/wp-content/uploads/2023/01/Eye-pillow_Card_3.jpg,2023/01/Eye-pillow_Card_3.jpg,https://sarveda.com/wp-content/uploads/2023/01/Eye-pillow_Card_3.jpg
6590,https://sarveda.com/wp-content/uploads/2023/01/Eye-pillow_Card_4-1.jpg,2023/01/Eye-pillow_Card_4-1.jpg,https://sarveda.com/wp-content/uploads/2023/01/Eye-pillow_Card_4-1.jpg
6591,https://sarveda.com/wp-content/uploads/2023/01/Eye-pillow_Card_5-1.jpg,2023/01/Eye-pillow_Card_5-1.jpg,https://sarveda.com/wp-content/uploads/2023/01/Eye-pillow_Card_5-1.jpg
6592,https://sarveda.com/wp-content/uploads/2023/01/Eye-pillow_Card_6-1.jpg,2023/01/Eye-pillow_Card_6-1.jpg,https://sarveda.com/wp-content/uploads/2023/01/Eye-pillow_Card_6-1.jpg
6593,https://sarveda.com/wp-content/uploads/2023/01/dark-grey-1.jpg,2023/01/dark-grey-1-scaled.jpg,https://sarveda.com/wp-content/uploads/2023/01/dark-grey-1-scaled.jpg
6594,https://sarveda.com/wp-content/uploads/2023/01/blue.jpg,2023/01/blue-scaled.jpg,https://sarveda.com/wp-content/uploads/2023/01/blue-scaled.jpg
6595,https://sarveda.com/wp-content/uploads/2023/01/Strap_Cards_1-1.jpg,2023/01/Strap_Cards_1-1.jpg,https://sarveda.com/wp-content/uploads/2023/01/Strap_Cards_1-1.jpg
6596,https://sarveda.com/wp-content/uploads/2023/01/Strap_Cards_2-1.jpg,2023/01/Strap_Cards_2-1.jpg,https://sarveda.com/wp-content/uploads/2023/01/Strap_Cards_2-1.jpg
6597,https://sarveda.com/wp-content/uploads/2023/01/Strap_Cards_3-1.jpg,2023/01/Strap_Cards_3-1.jpg,https://sarveda.com/wp-content/uploads/2023/01/Strap_Cards_3-1.jpg
6598,https://sarveda.com/wp-content/uploads/2023/01/Strap_Cards_4-1.jpg,2023/01/Strap_Cards_4-1.jpg,https://sarveda.com/wp-content/uploads/2023/01/Strap_Cards_4-1.jpg
6599,https://sarveda.com/wp-content/uploads/2023/01/Strap_Cards_5-1.jpg,2023/01/Strap_Cards_5-1.jpg,https://sarveda.com/wp-content/uploads/2023/01/Strap_Cards_5-1.jpg
6600,https://sarveda.com/wp-content/uploads/2023/01/Strap_Cards_1-2.jpg,2023/01/Strap_Cards_1-2.jpg,https://sarveda.com/wp-content/uploads/2023/01/Strap_Cards_1-2.jpg
6601,https://sarveda.com/wp-content/uploads/2023/01/Strap_Cards_2-2.jpg,2023/01/Strap_Cards_2-2.jpg,https://sarveda.com/wp-content/uploads/2023/01/Strap_Cards_2-2.jpg
6602,https://sarveda.com/wp-content/uploads/2023/01/Strap_Cards_3-2.jpg,2023/01/Strap_Cards_3-2.jpg,https://sarveda.com/wp-content/uploads/2023/01/Strap_Cards_3-2.jpg
6603,https://sarveda.com/wp-content/uploads/2023/01/Strap_Cards_4-2.jpg,2023/01/Strap_Cards_4-2.jpg,https://sarveda.com/wp-content/uploads/2023/01/Strap_Cards_4-2.jpg
6604,https://sarveda.com/wp-content/uploads/2023/01/Strap_Cards_5-2.jpg,2023/01/Strap_Cards_5-2.jpg,https://sarveda.com/wp-content/uploads/2023/01/Strap_Cards_5-2.jpg
6605,https://sarveda.com/wp-content/uploads/2023/01/beige-2.jpg,2023/01/beige-2-scaled.jpg,https://sarveda.com/wp-content/uploads/2023/01/beige-2-scaled.jpg
6606,https://sarveda.com/wp-content/uploads/2023/01/Green-strap-2.jpg,2023/01/Green-strap-2-scaled.jpg,https://sarveda.com/wp-content/uploads/2023/01/Green-strap-2-scaled.jpg
6607,https://sarveda.com/wp-content/uploads/2023/01/navy-blue-strap-2.jpg,2023/01/navy-blue-strap-2-scaled.jpg,https://sarveda.com/wp-content/uploads/2023/01/navy-blue-strap-2-scaled.jpg
6608,https://sarveda.com/wp-content/uploads/2023/01/rose-strap-2.jpg,2023/01/rose-strap-2-scaled.jpg,https://sarveda.com/wp-content/uploads/2023/01/rose-strap-2-scaled.jpg
6609,https://sarveda.com/wp-content/uploads/2023/01/sky-blue-2.jpg,2023/01/sky-blue-2-scaled.jpg,https://sarveda.com/wp-content/uploads/2023/01/sky-blue-2-scaled.jpg
6610,https://sarveda.com/wp-content/uploads/2023/01/Combo2-a.png,2023/01/Combo2-a.png,https://sarveda.com/wp-content/uploads/2023/01/Combo2-a.png
6611,https://sarveda.com/wp-content/uploads/2023/01/Combo4-a2.png,2023/01/Combo4-a2.png,https://sarveda.com/wp-content/uploads/2023/01/Combo4-a2.png
6612,https://sarveda.com/wp-content/uploads/2023/01/IMG9808-1.jpg,2023/01/IMG9808-1-scaled.jpg,https://sarveda.com/wp-content/uploads/2023/01/IMG9808-1-scaled.jpg
6613,https://sarveda.com/wp-content/uploads/2023/01/IMG9809-1.jpg,2023/01/IMG9809-1-scaled.jpg,https://sarveda.com/wp-content/uploads/2023/01/IMG9809-1-scaled.jpg
6615,https://sarveda.com/wp-content/uploads/2022/11/IMG9652-1.jpg,2022/11/IMG9652-1-scaled.jpg,https://sarveda.com/wp-content/uploads/2022/11/IMG9652-1-scaled.jpg
6616,https://sarveda.com/wp-content/uploads/2022/12/IMG9622.jpg,2022/12/IMG9622-scaled.jpg,https://sarveda.com/wp-content/uploads/2022/12/IMG9622-scaled.jpg
6617,https://sarveda.com/wp-content/uploads/2022/12/IMG9633.jpg,2022/12/IMG9633-scaled.jpg,https://sarveda.com/wp-content/uploads/2022/12/IMG9633-scaled.jpg
6618,https://sarveda.com/wp-content/uploads/2022/12/IMG9613.jpg,2022/12/IMG9613-scaled.jpg,https://sarveda.com/wp-content/uploads/2022/12/IMG9613-scaled.jpg
6619,https://sarveda.com/wp-content/uploads/2022/12/IMG9668.jpg,2022/12/IMG9668-scaled.jpg,https://sarveda.com/wp-content/uploads/2022/12/IMG9668-scaled.jpg
6620,https://sarveda.com/wp-content/uploads/2022/12/ancient-wisdon-10.jpg,2022/12/ancient-wisdon-10.jpg,https://sarveda.com/wp-content/uploads/2022/12/ancient-wisdon-10.jpg
6621,https://sarveda.com/wp-content/uploads/2022/12/Health-Benefits-3.jpg,2022/12/Health-Benefits-3.jpg,https://sarveda.com/wp-content/uploads/2022/12/Health-Benefits-3.jpg
6622,https://sarveda.com/wp-content/uploads/2022/12/A-New.png,2022/12/A-New.png,https://sarveda.com/wp-content/uploads/2022/12/A-New.png
6623,https://sarveda.com/wp-content/uploads/2022/12/A3.png,2022/12/A3.png,https://sarveda.com/wp-content/uploads/2022/12/A3.png
6624,https://sarveda.com/wp-content/uploads/2022/07/ancient-wisdon-5.jpg,2022/07/ancient-wisdon-5.jpg,https://sarveda.com/wp-content/uploads/2022/07/ancient-wisdon-5.jpg
6625,https://sarveda.com/wp-content/uploads/2022/07/Health-Benefits-9.jpg,2022/07/Health-Benefits-9.jpg,https://sarveda.com/wp-content/uploads/2022/07/Health-Benefits-9.jpg
6626,https://sarveda.com/wp-content/uploads/2022/06/Copper-3.png,2022/06/Copper-3.png,https://sarveda.com/wp-content/uploads/2022/06/Copper-3.png
6627,https://sarveda.com/wp-content/uploads/2022/06/COPPER-BENEFITS.png,2022/06/COPPER-BENEFITS.png,https://sarveda.com/wp-content/uploads/2022/06/COPPER-BENEFITS.png
6628,https://sarveda.com/wp-content/uploads/2022/06/Copper-bottle-tattvamasi.png,2022/06/Copper-bottle-tattvamasi.png,https://sarveda.com/wp-content/uploads/2022/06/Copper-bottle-tattvamasi.png
6630,https://sarveda.com/wp-content/uploads/2022/06/Copper-bootle-Yoga.png,2022/06/Copper-bootle-Yoga.png,https://sarveda.com/wp-content/uploads/2022/06/Copper-bootle-Yoga.png
6631,https://sarveda.com/wp-content/uploads/2022/07/IMG9548.jpg,2022/07/IMG9548-scaled.jpg,https://sarveda.com/wp-content/uploads/2022/07/IMG9548-scaled.jpg
6632,https://sarveda.com/wp-content/uploads/2022/07/IMG9543.jpg,2022/07/IMG9543-scaled.jpg,https://sarveda.com/wp-content/uploads/2022/07/IMG9543-scaled.jpg
6639,https://sarveda.com/wp-content/uploads/2023/01/416gPbwGZL.jpg,2023/01/416gPbwGZL.jpg,https://sarveda.com/wp-content/uploads/2023/01/416gPbwGZL.jpg
6640,https://sarveda.com/wp-content/uploads/2023/01/41d2fu8nVGL.jpg,2023/01/41d2fu8nVGL.jpg,https://sarveda.com/wp-content/uploads/2023/01/41d2fu8nVGL.jpg
6641,https://sarveda.com/wp-content/uploads/2023/01/41T-qmFyNrL.jpg,2023/01/41T-qmFyNrL.jpg,https://sarveda.com/wp-content/uploads/2023/01/41T-qmFyNrL.jpg
6642,https://sarveda.com/wp-content/uploads/2023/01/41NIyebDJAL-1.jpg,2023/01/41NIyebDJAL-1.jpg,https://sarveda.com/wp-content/uploads/2023/01/41NIyebDJAL-1.jpg
6643,https://sarveda.com/wp-content/uploads/2023/01/51yqDXnRq1L.jpg,2023/01/51yqDXnRq1L.jpg,https://sarveda.com/wp-content/uploads/2023/01/51yqDXnRq1L.jpg
6644,https://sarveda.com/wp-content/uploads/2023/01/51tNIZa4ImL-1.jpg,2023/01/51tNIZa4ImL-1.jpg,https://sarveda.com/wp-content/uploads/2023/01/51tNIZa4ImL-1.jpg
6645,https://sarveda.com/wp-content/uploads/2023/01/51euZMxBCAL.jpg,2023/01/51euZMxBCAL.jpg,https://sarveda.com/wp-content/uploads/2023/01/51euZMxBCAL.jpg
6654,https://sarveda.com/wp-content/uploads/2023/02/Yoga-Mat_A_1.jpg,2023/02/Yoga-Mat_A_1.jpg,https://sarveda.com/wp-content/uploads/2023/02/Yoga-Mat_A_1.jpg
6655,https://sarveda.com/wp-content/uploads/2023/02/Yoga-Mat_A_2.jpg,2023/02/Yoga-Mat_A_2.jpg,https://sarveda.com/wp-content/uploads/2023/02/Yoga-Mat_A_2.jpg
6656,https://sarveda.com/wp-content/uploads/2023/02/Yoga-Mat_A_3.jpg,2023/02/Yoga-Mat_A_3.jpg,https://sarveda.com/wp-content/uploads/2023/02/Yoga-Mat_A_3.jpg
6657,https://sarveda.com/wp-content/uploads/2023/02/Yoga-Mat_A_4A.jpg,2023/02/Yoga-Mat_A_4A.jpg,https://sarveda.com/wp-content/uploads/2023/02/Yoga-Mat_A_4A.jpg
6658,https://sarveda.com/wp-content/uploads/2023/02/Yoga-Mat_A_5.jpg,2023/02/Yoga-Mat_A_5.jpg,https://sarveda.com/wp-content/uploads/2023/02/Yoga-Mat_A_5.jpg
6659,https://sarveda.com/wp-content/uploads/2023/02/Yoga-Mat_A_6.jpg,2023/02/Yoga-Mat_A_6.jpg,https://sarveda.com/wp-content/uploads/2023/02/Yoga-Mat_A_6.jpg
6660,https://sarveda.com/wp-content/uploads/2023/02/YM-Blue-1.1.jpg,2023/02/YM-Blue-1.1.jpg,https://sarveda.com/wp-content/uploads/2023/02/YM-Blue-1.1.jpg
6661,https://sarveda.com/wp-content/uploads/2023/02/YM-Blue-1.1-1.jpg,2023/02/YM-Blue-1.1-1.jpg,https://sarveda.com/wp-content/uploads/2023/02/YM-Blue-1.1-1.jpg
6662,https://sarveda.com/wp-content/uploads/2023/02/Yoga-Mat_Card_1.jpg,2023/02/Yoga-Mat_Card_1.jpg,https://sarveda.com/wp-content/uploads/2023/02/Yoga-Mat_Card_1.jpg
6663,https://sarveda.com/wp-content/uploads/2023/02/Yoga-Mat_Card_2.jpg,2023/02/Yoga-Mat_Card_2.jpg,https://sarveda.com/wp-content/uploads/2023/02/Yoga-Mat_Card_2.jpg
6664,https://sarveda.com/wp-content/uploads/2023/02/Yoga-Mat_Card_3A.jpg,2023/02/Yoga-Mat_Card_3A.jpg,https://sarveda.com/wp-content/uploads/2023/02/Yoga-Mat_Card_3A.jpg
6665,https://sarveda.com/wp-content/uploads/2023/02/Yoga-Mat_Card_3C.jpg,2023/02/Yoga-Mat_Card_3C.jpg,https://sarveda.com/wp-content/uploads/2023/02/Yoga-Mat_Card_3C.jpg
6666,https://sarveda.com/wp-content/uploads/2023/02/Yoga-Mat_Card_4.jpg,2023/02/Yoga-Mat_Card_4.jpg,https://sarveda.com/wp-content/uploads/2023/02/Yoga-Mat_Card_4.jpg
6667,https://sarveda.com/wp-content/uploads/2023/02/Yoga-Mat_Card_5.jpg,2023/02/Yoga-Mat_Card_5.jpg,https://sarveda.com/wp-content/uploads/2023/02/Yoga-Mat_Card_5.jpg
6669,https://sarveda.com/wp-content/uploads/2023/02/YB-Brown-1.jpg,2023/02/YB-Brown-1.jpg,https://sarveda.com/wp-content/uploads/2023/02/YB-Brown-1.jpg
6670,https://sarveda.com/wp-content/uploads/2023/02/YB-Brown-2.jpg,2023/02/YB-Brown-2.jpg,https://sarveda.com/wp-content/uploads/2023/02/YB-Brown-2.jpg
6671,https://sarveda.com/wp-content/uploads/2023/02/YB-Red-1.jpg,2023/02/YB-Red-1.jpg,https://sarveda.com/wp-content/uploads/2023/02/YB-Red-1.jpg
6672,https://sarveda.com/wp-content/uploads/2023/02/YB-Red2.jpg,2023/02/YB-Red2.jpg,https://sarveda.com/wp-content/uploads/2023/02/YB-Red2.jpg
6673,https://sarveda.com/wp-content/uploads/2023/02/YB-Whitish-1.jpg,2023/02/YB-Whitish-1.jpg,https://sarveda.com/wp-content/uploads/2023/02/YB-Whitish-1.jpg
6674,https://sarveda.com/wp-content/uploads/2023/02/YB-Whitish2.jpg,2023/02/YB-Whitish2.jpg,https://sarveda.com/wp-content/uploads/2023/02/YB-Whitish2.jpg
6675,https://sarveda.com/wp-content/uploads/2023/02/Yoga-Blanket_Cards_1.jpg,2023/02/Yoga-Blanket_Cards_1.jpg,https://sarveda.com/wp-content/uploads/2023/02/Yoga-Blanket_Cards_1.jpg
6676,https://sarveda.com/wp-content/uploads/2023/02/Yoga-Blanket_Cards_2.jpg,2023/02/Yoga-Blanket_Cards_2.jpg,https://sarveda.com/wp-content/uploads/2023/02/Yoga-Blanket_Cards_2.jpg
6677,https://sarveda.com/wp-content/uploads/2023/02/Yoga-Blanket_Cards_3.jpg,2023/02/Yoga-Blanket_Cards_3.jpg,https://sarveda.com/wp-content/uploads/2023/02/Yoga-Blanket_Cards_3.jpg
6678,https://sarveda.com/wp-content/uploads/2023/02/Yoga-Blanket_Cards_4.jpg,2023/02/Yoga-Blanket_Cards_4.jpg,https://sarveda.com/wp-content/uploads/2023/02/Yoga-Blanket_Cards_4.jpg
6679,https://sarveda.com/wp-content/uploads/2023/02/Yoga-Blanket_Cards_5.jpg,2023/02/Yoga-Blanket_Cards_5.jpg,https://sarveda.com/wp-content/uploads/2023/02/Yoga-Blanket_Cards_5.jpg
6680,https://sarveda.com/wp-content/uploads/2023/02/Yoga-Blanket_A_1.jpg,2023/02/Yoga-Blanket_A_1.jpg,https://sarveda.com/wp-content/uploads/2023/02/Yoga-Blanket_A_1.jpg
6681,https://sarveda.com/wp-content/uploads/2023/02/Yoga-Blanket_A_2.jpg,2023/02/Yoga-Blanket_A_2.jpg,https://sarveda.com/wp-content/uploads/2023/02/Yoga-Blanket_A_2.jpg
6682,https://sarveda.com/wp-content/uploads/2023/02/Yoga-Blanket_A_3.jpg,2023/02/Yoga-Blanket_A_3.jpg,https://sarveda.com/wp-content/uploads/2023/02/Yoga-Blanket_A_3.jpg
6683,https://sarveda.com/wp-content/uploads/2023/02/Yoga-Blanket_A_4.jpg,2023/02/Yoga-Blanket_A_4.jpg,https://sarveda.com/wp-content/uploads/2023/02/Yoga-Blanket_A_4.jpg
6684,https://sarveda.com/wp-content/uploads/2023/02/Yoga-Blanket_A_5.jpg,2023/02/Yoga-Blanket_A_5.jpg,https://sarveda.com/wp-content/uploads/2023/02/Yoga-Blanket_A_5.jpg
6685,https://sarveda.com/wp-content/uploads/2023/02/Yoga-Blanket_A_6.jpg,2023/02/Yoga-Blanket_A_6.jpg,https://sarveda.com/wp-content/uploads/2023/02/Yoga-Blanket_A_6.jpg
6690,https://sarveda.com/wp-content/uploads/2023/02/IMG9951.jpg,2023/02/IMG9951-scaled.jpg,https://sarveda.com/wp-content/uploads/2023/02/IMG9951-scaled.jpg
6696,https://sarveda.com/wp-content/uploads/2023/02/IMG9948.jpg,2023/02/IMG9948-scaled.jpg,https://sarveda.com/wp-content/uploads/2023/02/IMG9948-scaled.jpg
6697,https://sarveda.com/wp-content/uploads/2023/02/IMG9954.jpg,2023/02/IMG9954-scaled.jpg,https://sarveda.com/wp-content/uploads/2023/02/IMG9954-scaled.jpg
6698,https://sarveda.com/wp-content/uploads/2023/02/IMG9956.jpg,2023/02/IMG9956-scaled.jpg,https://sarveda.com/wp-content/uploads/2023/02/IMG9956-scaled.jpg
6699,https://sarveda.com/wp-content/uploads/2023/02/IMG9946.jpg,2023/02/IMG9946-scaled.jpg,https://sarveda.com/wp-content/uploads/2023/02/IMG9946-scaled.jpg
6700,https://sarveda.com/wp-content/uploads/2023/02/Yoga-Bolster_A_1.jpg,2023/02/Yoga-Bolster_A_1.jpg,https://sarveda.com/wp-content/uploads/2023/02/Yoga-Bolster_A_1.jpg
6701,https://sarveda.com/wp-content/uploads/2023/02/Yoga-Bolster_A_2.jpg,2023/02/Yoga-Bolster_A_2.jpg,https://sarveda.com/wp-content/uploads/2023/02/Yoga-Bolster_A_2.jpg
6702,https://sarveda.com/wp-content/uploads/2023/02/Yoga-Bolster_A_3.jpg,2023/02/Yoga-Bolster_A_3.jpg,https://sarveda.com/wp-content/uploads/2023/02/Yoga-Bolster_A_3.jpg
6703,https://sarveda.com/wp-content/uploads/2023/02/Yoga-Bolster_A_4.jpg,2023/02/Yoga-Bolster_A_4.jpg,https://sarveda.com/wp-content/uploads/2023/02/Yoga-Bolster_A_4.jpg
6704,https://sarveda.com/wp-content/uploads/2023/02/Yoga-Bolster_A_5.jpg,2023/02/Yoga-Bolster_A_5.jpg,https://sarveda.com/wp-content/uploads/2023/02/Yoga-Bolster_A_5.jpg
6705,https://sarveda.com/wp-content/uploads/2023/02/Yoga-Bolster_A_6.jpg,2023/02/Yoga-Bolster_A_6.jpg,https://sarveda.com/wp-content/uploads/2023/02/Yoga-Bolster_A_6.jpg
6706,https://sarveda.com/wp-content/uploads/2023/02/Yoga-Bolster_Card_1.jpg,2023/02/Yoga-Bolster_Card_1.jpg,https://sarveda.com/wp-content/uploads/2023/02/Yoga-Bolster_Card_1.jpg
6707,https://sarveda.com/wp-content/uploads/2023/02/Yoga-Bolster_Card_2.jpg,2023/02/Yoga-Bolster_Card_2.jpg,https://sarveda.com/wp-content/uploads/2023/02/Yoga-Bolster_Card_2.jpg
6708,https://sarveda.com/wp-content/uploads/2023/02/Yoga-Bolster_Card_3.jpg,2023/02/Yoga-Bolster_Card_3.jpg,https://sarveda.com/wp-content/uploads/2023/02/Yoga-Bolster_Card_3.jpg
6709,https://sarveda.com/wp-content/uploads/2023/02/Yoga-Bolster_Card_4.jpg,2023/02/Yoga-Bolster_Card_4.jpg,https://sarveda.com/wp-content/uploads/2023/02/Yoga-Bolster_Card_4.jpg
6710,https://sarveda.com/wp-content/uploads/2023/02/Yoga-Bolster_Card_5.jpg,2023/02/Yoga-Bolster_Card_5.jpg,https://sarveda.com/wp-content/uploads/2023/02/Yoga-Bolster_Card_5.jpg
6712,https://sarveda.com/wp-content/uploads/2023/02/IMG9853.jpg,2023/02/IMG9853-scaled.jpg,https://sarveda.com/wp-content/uploads/2023/02/IMG9853-scaled.jpg
6713,https://sarveda.com/wp-content/uploads/2023/02/Zafu_Round_A_1.jpg,2023/02/Zafu_Round_A_1.jpg,https://sarveda.com/wp-content/uploads/2023/02/Zafu_Round_A_1.jpg
6714,https://sarveda.com/wp-content/uploads/2023/02/Zafu_Round_A_2.jpg,2023/02/Zafu_Round_A_2.jpg,https://sarveda.com/wp-content/uploads/2023/02/Zafu_Round_A_2.jpg
6715,https://sarveda.com/wp-content/uploads/2023/02/Zafu_Round_A_3.jpg,2023/02/Zafu_Round_A_3.jpg,https://sarveda.com/wp-content/uploads/2023/02/Zafu_Round_A_3.jpg
6716,https://sarveda.com/wp-content/uploads/2023/02/Zafu_Round_A_4.jpg,2023/02/Zafu_Round_A_4.jpg,https://sarveda.com/wp-content/uploads/2023/02/Zafu_Round_A_4.jpg
6717,https://sarveda.com/wp-content/uploads/2023/02/Zafu_Round_A_5.jpg,2023/02/Zafu_Round_A_5.jpg,https://sarveda.com/wp-content/uploads/2023/02/Zafu_Round_A_5.jpg
6718,https://sarveda.com/wp-content/uploads/2023/02/Zafu_Round_A_6.jpg,2023/02/Zafu_Round_A_6.jpg,https://sarveda.com/wp-content/uploads/2023/02/Zafu_Round_A_6.jpg
6719,https://sarveda.com/wp-content/uploads/2023/02/IMG9845.jpg,2023/02/IMG9845-scaled.jpg,https://sarveda.com/wp-content/uploads/2023/02/IMG9845-scaled.jpg
6720,https://sarveda.com/wp-content/uploads/2023/02/IMG9849.jpg,2023/02/IMG9849-scaled.jpg,https://sarveda.com/wp-content/uploads/2023/02/IMG9849-scaled.jpg
6721,https://sarveda.com/wp-content/uploads/2023/02/IMG9853-1.jpg,2023/02/IMG9853-1-scaled.jpg,https://sarveda.com/wp-content/uploads/2023/02/IMG9853-1-scaled.jpg
6722,https://sarveda.com/wp-content/uploads/2023/02/IMG9858.jpg,2023/02/IMG9858-scaled.jpg,https://sarveda.com/wp-content/uploads/2023/02/IMG9858-scaled.jpg
6723,https://sarveda.com/wp-content/uploads/2023/02/IMG9864.jpg,2023/02/IMG9864-scaled.jpg,https://sarveda.com/wp-content/uploads/2023/02/IMG9864-scaled.jpg
6724,https://sarveda.com/wp-content/uploads/2023/02/Zafu_Round_Card_1.jpg,2023/02/Zafu_Round_Card_1.jpg,https://sarveda.com/wp-content/uploads/2023/02/Zafu_Round_Card_1.jpg
6725,https://sarveda.com/wp-content/uploads/2023/02/Zafu_Round_Card_2.jpg,2023/02/Zafu_Round_Card_2.jpg,https://sarveda.com/wp-content/uploads/2023/02/Zafu_Round_Card_2.jpg
6726,https://sarveda.com/wp-content/uploads/2023/02/Zafu_Round_Card_3.jpg,2023/02/Zafu_Round_Card_3.jpg,https://sarveda.com/wp-content/uploads/2023/02/Zafu_Round_Card_3.jpg
6727,https://sarveda.com/wp-content/uploads/2023/02/Zafu_Round_Card_4.jpg,2023/02/Zafu_Round_Card_4.jpg,https://sarveda.com/wp-content/uploads/2023/02/Zafu_Round_Card_4.jpg
6728,https://sarveda.com/wp-content/uploads/2023/02/Zafu_Round_Card_5.jpg,2023/02/Zafu_Round_Card_5.jpg,https://sarveda.com/wp-content/uploads/2023/02/Zafu_Round_Card_5.jpg
6735,https://sarveda.com/wp-content/uploads/2023/02/IMG9888.jpg,2023/02/IMG9888-scaled.jpg,https://sarveda.com/wp-content/uploads/2023/02/IMG9888-scaled.jpg
6736,https://sarveda.com/wp-content/uploads/2023/02/Zafu_Crescent_A_1.jpg,2023/02/Zafu_Crescent_A_1.jpg,https://sarveda.com/wp-content/uploads/2023/02/Zafu_Crescent_A_1.jpg
6737,https://sarveda.com/wp-content/uploads/2023/02/Zafu_Crescent_A_2.jpg,2023/02/Zafu_Crescent_A_2.jpg,https://sarveda.com/wp-content/uploads/2023/02/Zafu_Crescent_A_2.jpg
6738,https://sarveda.com/wp-content/uploads/2023/02/Zafu_Crescent_A_3.jpg,2023/02/Zafu_Crescent_A_3.jpg,https://sarveda.com/wp-content/uploads/2023/02/Zafu_Crescent_A_3.jpg
6739,https://sarveda.com/wp-content/uploads/2023/02/Zafu_Crescent_A_4.jpg,2023/02/Zafu_Crescent_A_4.jpg,https://sarveda.com/wp-content/uploads/2023/02/Zafu_Crescent_A_4.jpg
6740,https://sarveda.com/wp-content/uploads/2023/02/Zafu_Crescent_A_5.jpg,2023/02/Zafu_Crescent_A_5.jpg,https://sarveda.com/wp-content/uploads/2023/02/Zafu_Crescent_A_5.jpg
6741,https://sarveda.com/wp-content/uploads/2023/02/Zafu_Crescent_A_6.jpg,2023/02/Zafu_Crescent_A_6.jpg,https://sarveda.com/wp-content/uploads/2023/02/Zafu_Crescent_A_6.jpg
6742,https://sarveda.com/wp-content/uploads/2023/02/IMG9882.jpg,2023/02/IMG9882-scaled.jpg,https://sarveda.com/wp-content/uploads/2023/02/IMG9882-scaled.jpg
6743,https://sarveda.com/wp-content/uploads/2023/02/IMG9888-1.jpg,2023/02/IMG9888-1-scaled.jpg,https://sarveda.com/wp-content/uploads/2023/02/IMG9888-1-scaled.jpg
6744,https://sarveda.com/wp-content/uploads/2023/02/IMG9893.jpg,2023/02/IMG9893-scaled.jpg,https://sarveda.com/wp-content/uploads/2023/02/IMG9893-scaled.jpg
6745,https://sarveda.com/wp-content/uploads/2023/02/IMG9896.jpg,2023/02/IMG9896-scaled.jpg,https://sarveda.com/wp-content/uploads/2023/02/IMG9896-scaled.jpg
6746,https://sarveda.com/wp-content/uploads/2023/02/Zafu_Crescent_Card_1.jpg,2023/02/Zafu_Crescent_Card_1.jpg,https://sarveda.com/wp-content/uploads/2023/02/Zafu_Crescent_Card_1.jpg
6747,https://sarveda.com/wp-content/uploads/2023/02/Zafu_Crescent_Card_2.jpg,2023/02/Zafu_Crescent_Card_2.jpg,https://sarveda.com/wp-content/uploads/2023/02/Zafu_Crescent_Card_2.jpg
6748,https://sarveda.com/wp-content/uploads/2023/02/Zafu_Crescent_Card_3.jpg,2023/02/Zafu_Crescent_Card_3.jpg,https://sarveda.com/wp-content/uploads/2023/02/Zafu_Crescent_Card_3.jpg
6749,https://sarveda.com/wp-content/uploads/2023/02/Zafu_Crescent_Card_4.jpg,2023/02/Zafu_Crescent_Card_4.jpg,https://sarveda.com/wp-content/uploads/2023/02/Zafu_Crescent_Card_4.jpg
6750,https://sarveda.com/wp-content/uploads/2023/02/Zafu_Crescent_Card_5.jpg,2023/02/Zafu_Crescent_Card_5.jpg,https://sarveda.com/wp-content/uploads/2023/02/Zafu_Crescent_Card_5.jpg
6756,https://sarveda.com/wp-content/uploads/2023/02/IMG9874.jpg,2023/02/IMG9874-scaled.jpg,https://sarveda.com/wp-content/uploads/2023/02/IMG9874-scaled.jpg
6757,https://sarveda.com/wp-content/uploads/2023/02/IMG9870.jpg,2023/02/IMG9870-scaled.jpg,https://sarveda.com/wp-content/uploads/2023/02/IMG9870-scaled.jpg
6758,https://sarveda.com/wp-content/uploads/2023/02/IMG9872.jpg,2023/02/IMG9872-scaled.jpg,https://sarveda.com/wp-content/uploads/2023/02/IMG9872-scaled.jpg
6759,https://sarveda.com/wp-content/uploads/2023/02/IMG9876.jpg,2023/02/IMG9876-scaled.jpg,https://sarveda.com/wp-content/uploads/2023/02/IMG9876-scaled.jpg
6760,https://sarveda.com/wp-content/uploads/2023/02/IMG9878.jpg,2023/02/IMG9878-scaled.jpg,https://sarveda.com/wp-content/uploads/2023/02/IMG9878-scaled.jpg
6761,https://sarveda.com/wp-content/uploads/2023/02/Zafu_Cylindrical_Card_1.jpg,2023/02/Zafu_Cylindrical_Card_1.jpg,https://sarveda.com/wp-content/uploads/2023/02/Zafu_Cylindrical_Card_1.jpg
6762,https://sarveda.com/wp-content/uploads/2023/02/Zafu_Cylindrical_Card_2.jpg,2023/02/Zafu_Cylindrical_Card_2.jpg,https://sarveda.com/wp-content/uploads/2023/02/Zafu_Cylindrical_Card_2.jpg
6763,https://sarveda.com/wp-content/uploads/2023/02/Zafu_Cylindrical_Card_3.jpg,2023/02/Zafu_Cylindrical_Card_3.jpg,https://sarveda.com/wp-content/uploads/2023/02/Zafu_Cylindrical_Card_3.jpg
6764,https://sarveda.com/wp-content/uploads/2023/02/Zafu_Cylindrical_Card_4.jpg,2023/02/Zafu_Cylindrical_Card_4.jpg,https://sarveda.com/wp-content/uploads/2023/02/Zafu_Cylindrical_Card_4.jpg
6765,https://sarveda.com/wp-content/uploads/2023/02/Zafu_Cylindrical_Card_5.jpg,2023/02/Zafu_Cylindrical_Card_5.jpg,https://sarveda.com/wp-content/uploads/2023/02/Zafu_Cylindrical_Card_5.jpg
6766,https://sarveda.com/wp-content/uploads/2023/02/Zafu_Cylindrical_A_1.jpg,2023/02/Zafu_Cylindrical_A_1.jpg,https://sarveda.com/wp-content/uploads/2023/02/Zafu_Cylindrical_A_1.jpg
6767,https://sarveda.com/wp-content/uploads/2023/02/Zafu_Cylindrical_A_2.jpg,2023/02/Zafu_Cylindrical_A_2.jpg,https://sarveda.com/wp-content/uploads/2023/02/Zafu_Cylindrical_A_2.jpg
6768,https://sarveda.com/wp-content/uploads/2023/02/Zafu_Cylindrical_A_3.jpg,2023/02/Zafu_Cylindrical_A_3.jpg,https://sarveda.com/wp-content/uploads/2023/02/Zafu_Cylindrical_A_3.jpg
6769,https://sarveda.com/wp-content/uploads/2023/02/Zafu_Cylindrical_A_4.jpg,2023/02/Zafu_Cylindrical_A_4.jpg,https://sarveda.com/wp-content/uploads/2023/02/Zafu_Cylindrical_A_4.jpg
6770,https://sarveda.com/wp-content/uploads/2023/02/Zafu_Cylindrical_A_5.jpg,2023/02/Zafu_Cylindrical_A_5.jpg,https://sarveda.com/wp-content/uploads/2023/02/Zafu_Cylindrical_A_5.jpg
6771,https://sarveda.com/wp-content/uploads/2023/02/Zafu_Cylindrical_A_6.jpg,2023/02/Zafu_Cylindrical_A_6.jpg,https://sarveda.com/wp-content/uploads/2023/02/Zafu_Cylindrical_A_6.jpg
6772,https://sarveda.com/wp-content/uploads/2023/02/Zafu_Cylindrical_A_4-1.jpg,2023/02/Zafu_Cylindrical_A_4-1.jpg,https://sarveda.com/wp-content/uploads/2023/02/Zafu_Cylindrical_A_4-1.jpg
6773,https://sarveda.com/wp-content/uploads/2023/02/Zafu_Cylindrical_A_5-1.jpg,2023/02/Zafu_Cylindrical_A_5-1.jpg,https://sarveda.com/wp-content/uploads/2023/02/Zafu_Cylindrical_A_5-1.jpg
6774,https://sarveda.com/wp-content/uploads/2023/02/Zafu_Cylindrical_A_6-1.jpg,2023/02/Zafu_Cylindrical_A_6-1.jpg,https://sarveda.com/wp-content/uploads/2023/02/Zafu_Cylindrical_A_6-1.jpg
6781,https://sarveda.com/wp-content/uploads/2023/02/IMG9976.jpg,2023/02/IMG9976-scaled.jpg,https://sarveda.com/wp-content/uploads/2023/02/IMG9976-scaled.jpg
6782,https://sarveda.com/wp-content/uploads/2023/02/Yoga-Zabuton_A_1.jpg,2023/02/Yoga-Zabuton_A_1.jpg,https://sarveda.com/wp-content/uploads/2023/02/Yoga-Zabuton_A_1.jpg
6783,https://sarveda.com/wp-content/uploads/2023/02/Yoga-Zabuton_A_2.jpg,2023/02/Yoga-Zabuton_A_2.jpg,https://sarveda.com/wp-content/uploads/2023/02/Yoga-Zabuton_A_2.jpg
6784,https://sarveda.com/wp-content/uploads/2023/02/Yoga-Zabuton_A_3.jpg,2023/02/Yoga-Zabuton_A_3.jpg,https://sarveda.com/wp-content/uploads/2023/02/Yoga-Zabuton_A_3.jpg
6785,https://sarveda.com/wp-content/uploads/2023/02/Yoga-Zabuton_A_4.jpg,2023/02/Yoga-Zabuton_A_4.jpg,https://sarveda.com/wp-content/uploads/2023/02/Yoga-Zabuton_A_4.jpg
6786,https://sarveda.com/wp-content/uploads/2023/02/Yoga-Zabuton_A_5.jpg,2023/02/Yoga-Zabuton_A_5.jpg,https://sarveda.com/wp-content/uploads/2023/02/Yoga-Zabuton_A_5.jpg
6787,https://sarveda.com/wp-content/uploads/2023/02/Yoga-Zabuton_A_6.jpg,2023/02/Yoga-Zabuton_A_6.jpg,https://sarveda.com/wp-content/uploads/2023/02/Yoga-Zabuton_A_6.jpg
6788,https://sarveda.com/wp-content/uploads/2023/02/IMG9980.jpg,2023/02/IMG9980-scaled.jpg,https://sarveda.com/wp-content/uploads/2023/02/IMG9980-scaled.jpg
6789,https://sarveda.com/wp-content/uploads/2023/02/Yoga-Zabuton_Cards_1.jpg,2023/02/Yoga-Zabuton_Cards_1.jpg,https://sarveda.com/wp-content/uploads/2023/02/Yoga-Zabuton_Cards_1.jpg
6790,https://sarveda.com/wp-content/uploads/2023/02/Yoga-Zabuton_Cards_2.jpg,2023/02/Yoga-Zabuton_Cards_2.jpg,https://sarveda.com/wp-content/uploads/2023/02/Yoga-Zabuton_Cards_2.jpg
6791,https://sarveda.com/wp-content/uploads/2023/02/Yoga-Zabuton_Cards_3.jpg,2023/02/Yoga-Zabuton_Cards_3.jpg,https://sarveda.com/wp-content/uploads/2023/02/Yoga-Zabuton_Cards_3.jpg
6792,https://sarveda.com/wp-content/uploads/2023/02/Yoga-Zabuton_Cards_4.jpg,2023/02/Yoga-Zabuton_Cards_4.jpg,https://sarveda.com/wp-content/uploads/2023/02/Yoga-Zabuton_Cards_4.jpg
6793,https://sarveda.com/wp-content/uploads/2023/02/Yoga-Zabuton_Cards_5.jpg,2023/02/Yoga-Zabuton_Cards_5.jpg,https://sarveda.com/wp-content/uploads/2023/02/Yoga-Zabuton_Cards_5.jpg
6802,https://sarveda.com/wp-content/uploads/2023/02/YM-Blue-2.3.jpg,2023/02/YM-Blue-2.3.jpg,https://sarveda.com/wp-content/uploads/2023/02/YM-Blue-2.3.jpg
6804,https://sarveda.com/wp-content/uploads/2023/02/YM-Blue-2.jpg,2023/02/YM-Blue-2.jpg,https://sarveda.com/wp-content/uploads/2023/02/YM-Blue-2.jpg
6809,https://sarveda.com/wp-content/uploads/2023/02/PSB-Black.jpg,2023/02/PSB-Black-scaled.jpg,https://sarveda.com/wp-content/uploads/2023/02/PSB-Black-scaled.jpg
6810,https://sarveda.com/wp-content/uploads/2023/02/PSB-Black2.jpg,2023/02/PSB-Black2-scaled.jpg,https://sarveda.com/wp-content/uploads/2023/02/PSB-Black2-scaled.jpg
6811,https://sarveda.com/wp-content/uploads/2023/02/PSB-Blue.jpg,2023/02/PSB-Blue-scaled.jpg,https://sarveda.com/wp-content/uploads/2023/02/PSB-Blue-scaled.jpg
6812,https://sarveda.com/wp-content/uploads/2023/02/PSB-Blue2.jpg,2023/02/PSB-Blue2-scaled.jpg,https://sarveda.com/wp-content/uploads/2023/02/PSB-Blue2-scaled.jpg
6813,https://sarveda.com/wp-content/uploads/2023/02/PSB-BLue3.jpg,2023/02/PSB-BLue3-scaled.jpg,https://sarveda.com/wp-content/uploads/2023/02/PSB-BLue3-scaled.jpg
6814,https://sarveda.com/wp-content/uploads/2023/02/PSB-Cream-2.jpg,2023/02/PSB-Cream-2-scaled.jpg,https://sarveda.com/wp-content/uploads/2023/02/PSB-Cream-2-scaled.jpg
6815,https://sarveda.com/wp-content/uploads/2023/02/PSB-Cream.jpg,2023/02/PSB-Cream-scaled.jpg,https://sarveda.com/wp-content/uploads/2023/02/PSB-Cream-scaled.jpg
6816,https://sarveda.com/wp-content/uploads/2023/02/PSB-Green.jpg,2023/02/PSB-Green-scaled.jpg,https://sarveda.com/wp-content/uploads/2023/02/PSB-Green-scaled.jpg
6817,https://sarveda.com/wp-content/uploads/2023/02/PSB-Green2.jpg,2023/02/PSB-Green2-scaled.jpg,https://sarveda.com/wp-content/uploads/2023/02/PSB-Green2-scaled.jpg
6818,https://sarveda.com/wp-content/uploads/2023/02/PSB-Red.jpg,2023/02/PSB-Red-scaled.jpg,https://sarveda.com/wp-content/uploads/2023/02/PSB-Red-scaled.jpg
6848,https://sarveda.com/wp-content/uploads/2023/02/ASB-Tara-Low.jpg,2023/02/ASB-Tara-Low.jpg,https://sarveda.com/wp-content/uploads/2023/02/ASB-Tara-Low.jpg
6849,https://sarveda.com/wp-content/uploads/2023/02/ASB-2.jpg,2023/02/ASB-2-scaled.jpg,https://sarveda.com/wp-content/uploads/2023/02/ASB-2-scaled.jpg
6850,https://sarveda.com/wp-content/uploads/2023/02/ASB-3.jpg,2023/02/ASB-3-scaled.jpg,https://sarveda.com/wp-content/uploads/2023/02/ASB-3-scaled.jpg
6851,https://sarveda.com/wp-content/uploads/2023/02/ASB-Dorje.jpg,2023/02/ASB-Dorje-scaled.jpg,https://sarveda.com/wp-content/uploads/2023/02/ASB-Dorje-scaled.jpg
6852,https://sarveda.com/wp-content/uploads/2023/02/ASB-Feet.jpg,2023/02/ASB-Feet-scaled.jpg,https://sarveda.com/wp-content/uploads/2023/02/ASB-Feet-scaled.jpg
6853,https://sarveda.com/wp-content/uploads/2023/02/ASB-Tara.jpg,2023/02/ASB-Tara-scaled.jpg,https://sarveda.com/wp-content/uploads/2023/02/ASB-Tara-scaled.jpg
6854,https://sarveda.com/wp-content/uploads/2023/02/ASB.jpg,2023/02/ASB-scaled.jpg,https://sarveda.com/wp-content/uploads/2023/02/ASB-scaled.jpg
6864,https://sarveda.com/wp-content/uploads/2023/02/ALSB-2.jpg,2023/02/ALSB-2-scaled.jpg,https://sarveda.com/wp-content/uploads/2023/02/ALSB-2-scaled.jpg
6865,https://sarveda.com/wp-content/uploads/2023/02/ALSB.jpg,2023/02/ALSB-scaled.jpg,https://sarveda.com/wp-content/uploads/2023/02/ALSB-scaled.jpg
6870,https://sarveda.com/wp-content/uploads/2023/02/ZSB-2.jpg,2023/02/ZSB-2-scaled.jpg,https://sarveda.com/wp-content/uploads/2023/02/ZSB-2-scaled.jpg
6871,https://sarveda.com/wp-content/uploads/2023/02/ZSB.jpg,2023/02/ZSB-scaled.jpg,https://sarveda.com/wp-content/uploads/2023/02/ZSB-scaled.jpg
6872,https://sarveda.com/wp-content/uploads/2023/02/PSB-Main-Image-.jpg,2023/02/PSB-Main-Image--scaled.jpg,https://sarveda.com/wp-content/uploads/2023/02/PSB-Main-Image--scaled.jpg
6874,https://sarveda.com/wp-content/uploads/2023/02/ESB-1.jpg,2023/02/ESB-1-scaled.jpg,https://sarveda.com/wp-content/uploads/2023/02/ESB-1-scaled.jpg
6875,https://sarveda.com/wp-content/uploads/2023/02/ESB-1-1.jpg,2023/02/ESB-1-1-scaled.jpg,https://sarveda.com/wp-content/uploads/2023/02/ESB-1-1-scaled.jpg
6876,https://sarveda.com/wp-content/uploads/2023/02/ESB-2.jpg,2023/02/ESB-2-scaled.jpg,https://sarveda.com/wp-content/uploads/2023/02/ESB-2-scaled.jpg
6880,https://sarveda.com/wp-content/uploads/2022/11/7-chakras.png,2022/11/7-chakras.png,https://sarveda.com/wp-content/uploads/2022/11/7-chakras.png
6881,https://sarveda.com/wp-content/uploads/2022/11/Vintage-7-chakras-both.png,2022/11/Vintage-7-chakras-both.png,https://sarveda.com/wp-content/uploads/2022/11/Vintage-7-chakras-both.png
6882,https://sarveda.com/wp-content/uploads/2022/11/IMG9548.jpg,2022/11/IMG9548-scaled.jpg,https://sarveda.com/wp-content/uploads/2022/11/IMG9548-scaled.jpg
6883,https://sarveda.com/wp-content/uploads/2022/11/IMG9543.jpg,2022/11/IMG9543-scaled.jpg,https://sarveda.com/wp-content/uploads/2022/11/IMG9543-scaled.jpg
6885,https://sarveda.com/wp-content/uploads/2023/02/HSB.jpg,2023/02/HSB-scaled.jpg,https://sarveda.com/wp-content/uploads/2023/02/HSB-scaled.jpg
6886,https://sarveda.com/wp-content/uploads/2023/02/HSSB.jpg,2023/02/HSSB-scaled.jpg,https://sarveda.com/wp-content/uploads/2023/02/HSSB-scaled.jpg
6887,https://sarveda.com/wp-content/uploads/2023/02/HSSB-1.jpg,2023/02/HSSB-1-scaled.jpg,https://sarveda.com/wp-content/uploads/2023/02/HSSB-1-scaled.jpg
6888,https://sarveda.com/wp-content/uploads/2023/02/HSSB-2.jpg,2023/02/HSSB-2-scaled.jpg,https://sarveda.com/wp-content/uploads/2023/02/HSSB-2-scaled.jpg
6889,https://sarveda.com/wp-content/uploads/2023/02/HSSB-3.jpg,2023/02/HSSB-3-scaled.jpg,https://sarveda.com/wp-content/uploads/2023/02/HSSB-3-scaled.jpg
6893,https://sarveda.com/wp-content/uploads/2023/02/HSB-1.jpg,2023/02/HSB-1-scaled.jpg,https://sarveda.com/wp-content/uploads/2023/02/HSB-1-scaled.jpg
6894,https://sarveda.com/wp-content/uploads/2023/02/HSB2.jpg,2023/02/HSB2-scaled.jpg,https://sarveda.com/wp-content/uploads/2023/02/HSB2-scaled.jpg
6896,https://sarveda.com/wp-content/uploads/2023/02/7ChakraSet.jpg,2023/02/7ChakraSet-scaled.jpg,https://sarveda.com/wp-content/uploads/2023/02/7ChakraSet-scaled.jpg
6897,https://sarveda.com/wp-content/uploads/2023/02/7ChakraSet-1.jpg,2023/02/7ChakraSet-1-scaled.jpg,https://sarveda.com/wp-content/uploads/2023/02/7ChakraSet-1-scaled.jpg
6898,https://sarveda.com/wp-content/uploads/2023/02/7-Chakra-2.jpg,2023/02/7-Chakra-2-scaled.jpg,https://sarveda.com/wp-content/uploads/2023/02/7-Chakra-2-scaled.jpg
6899,https://sarveda.com/wp-content/uploads/2023/02/7-Chakras-3.jpg,2023/02/7-Chakras-3-scaled.jpg,https://sarveda.com/wp-content/uploads/2023/02/7-Chakras-3-scaled.jpg
6912,https://sarveda.com/wp-content/uploads/2022/07/Damru-1.jpg,2022/07/Damru-1-scaled.jpg,https://sarveda.com/wp-content/uploads/2022/07/Damru-1-scaled.jpg
6913,https://sarveda.com/wp-content/uploads/2022/07/Damru-2.jpg,2022/07/Damru-2-scaled.jpg,https://sarveda.com/wp-content/uploads/2022/07/Damru-2-scaled.jpg
6914,https://sarveda.com/wp-content/uploads/2022/07/Damru-3.jpg,2022/07/Damru-3-scaled.jpg,https://sarveda.com/wp-content/uploads/2022/07/Damru-3-scaled.jpg
6915,https://sarveda.com/wp-content/uploads/2022/07/Damru-4.jpg,2022/07/Damru-4-scaled.jpg,https://sarveda.com/wp-content/uploads/2022/07/Damru-4-scaled.jpg
6916,https://sarveda.com/wp-content/uploads/2022/07/Damru-Size.jpg,2022/07/Damru-Size-scaled.jpg,https://sarveda.com/wp-content/uploads/2022/07/Damru-Size-scaled.jpg
6917,https://sarveda.com/wp-content/uploads/2022/07/Damru-Size.png,2022/07/Damru-Size.png,https://sarveda.com/wp-content/uploads/2022/07/Damru-Size.png
6920,https://sarveda.com/wp-content/uploads/2022/07/ancient-wisdon-5.png,2022/07/ancient-wisdon-5.png,https://sarveda.com/wp-content/uploads/2022/07/ancient-wisdon-5.png
6921,https://sarveda.com/wp-content/uploads/2022/07/Health-Benefits-9-1.jpg,2022/07/Health-Benefits-9-1.jpg,https://sarveda.com/wp-content/uploads/2022/07/Health-Benefits-9-1.jpg
6922,https://sarveda.com/wp-content/uploads/2022/07/7chakra-Cleaning.jpg,2022/07/7chakra-Cleaning.jpg,https://sarveda.com/wp-content/uploads/2022/07/7chakra-Cleaning.jpg
6923,https://sarveda.com/wp-content/uploads/2022/07/Vintage-7-chakras-both.png,2022/07/Vintage-7-chakras-both.png,https://sarveda.com/wp-content/uploads/2022/07/Vintage-7-chakras-both.png
6924,https://sarveda.com/wp-content/uploads/2022/07/copper11.png,2022/07/copper11.png,https://sarveda.com/wp-content/uploads/2022/07/copper11.png
6925,https://sarveda.com/wp-content/uploads/2022/07/copper33.png,2022/07/copper33.png,https://sarveda.com/wp-content/uploads/2022/07/copper33.png
6926,https://sarveda.com/wp-content/uploads/2023/01/IMG10118.jpg,2023/01/IMG10118-scaled.jpg,https://sarveda.com/wp-content/uploads/2023/01/IMG10118-scaled.jpg
6927,https://sarveda.com/wp-content/uploads/2023/01/IMG10119.jpg,2023/01/IMG10119-scaled.jpg,https://sarveda.com/wp-content/uploads/2023/01/IMG10119-scaled.jpg
6928,https://sarveda.com/wp-content/uploads/2023/01/IMG10120.jpg,2023/01/IMG10120-scaled.jpg,https://sarveda.com/wp-content/uploads/2023/01/IMG10120-scaled.jpg
6929,https://sarveda.com/wp-content/uploads/2023/01/IMG10121.jpg,2023/01/IMG10121-scaled.jpg,https://sarveda.com/wp-content/uploads/2023/01/IMG10121-scaled.jpg
6930,https://sarveda.com/wp-content/uploads/2023/01/IMG10122.jpg,2023/01/IMG10122-scaled.jpg,https://sarveda.com/wp-content/uploads/2023/01/IMG10122-scaled.jpg
6931,https://sarveda.com/wp-content/uploads/2023/01/IMG10156.jpg,2023/01/IMG10156-scaled.jpg,https://sarveda.com/wp-content/uploads/2023/01/IMG10156-scaled.jpg
6932,https://sarveda.com/wp-content/uploads/2023/01/IMG10159.jpg,2023/01/IMG10159-scaled.jpg,https://sarveda.com/wp-content/uploads/2023/01/IMG10159-scaled.jpg
6933,https://sarveda.com/wp-content/uploads/2023/01/IMG10165.jpg,2023/01/IMG10165-scaled.jpg,https://sarveda.com/wp-content/uploads/2023/01/IMG10165-scaled.jpg
6934,https://sarveda.com/wp-content/uploads/2023/01/IMG10169.jpg,2023/01/IMG10169-scaled.jpg,https://sarveda.com/wp-content/uploads/2023/01/IMG10169-scaled.jpg
6935,https://sarveda.com/wp-content/uploads/2023/01/IMG10169-1.jpg,2023/01/IMG10169-1-scaled.jpg,https://sarveda.com/wp-content/uploads/2023/01/IMG10169-1-scaled.jpg
6936,https://sarveda.com/wp-content/uploads/2023/01/IMG10174.jpg,2023/01/IMG10174-scaled.jpg,https://sarveda.com/wp-content/uploads/2023/01/IMG10174-scaled.jpg
6937,https://sarveda.com/wp-content/uploads/2023/01/IMG10127.jpg,2023/01/IMG10127-scaled.jpg,https://sarveda.com/wp-content/uploads/2023/01/IMG10127-scaled.jpg
6938,https://sarveda.com/wp-content/uploads/2023/01/IMG10131.jpg,2023/01/IMG10131-scaled.jpg,https://sarveda.com/wp-content/uploads/2023/01/IMG10131-scaled.jpg
6939,https://sarveda.com/wp-content/uploads/2023/01/IMG10132.jpg,2023/01/IMG10132-scaled.jpg,https://sarveda.com/wp-content/uploads/2023/01/IMG10132-scaled.jpg
6940,https://sarveda.com/wp-content/uploads/2023/01/IMG10133.jpg,2023/01/IMG10133-scaled.jpg,https://sarveda.com/wp-content/uploads/2023/01/IMG10133-scaled.jpg
6941,https://sarveda.com/wp-content/uploads/2023/01/IMG10134.jpg,2023/01/IMG10134-scaled.jpg,https://sarveda.com/wp-content/uploads/2023/01/IMG10134-scaled.jpg
6942,https://sarveda.com/wp-content/uploads/2023/02/YM-Blue-1.1-2.jpg,2023/02/YM-Blue-1.1-2.jpg,https://sarveda.com/wp-content/uploads/2023/02/YM-Blue-1.1-2.jpg
6943,https://sarveda.com/wp-content/uploads/2023/02/YM-Blue-2-1.jpg,2023/02/YM-Blue-2-1.jpg,https://sarveda.com/wp-content/uploads/2023/02/YM-Blue-2-1.jpg
6944,https://sarveda.com/wp-content/uploads/2023/02/YM-Blue-2.3-1.jpg,2023/02/YM-Blue-2.3-1.jpg,https://sarveda.com/wp-content/uploads/2023/02/YM-Blue-2.3-1.jpg
6945,https://sarveda.com/wp-content/uploads/2023/01/IMG9808-2.jpg,2023/01/IMG9808-2-scaled.jpg,https://sarveda.com/wp-content/uploads/2023/01/IMG9808-2-scaled.jpg
6946,https://sarveda.com/wp-content/uploads/2023/01/IMG9812-1.jpg,2023/01/IMG9812-1-scaled.jpg,https://sarveda.com/wp-content/uploads/2023/01/IMG9812-1-scaled.jpg
6947,https://sarveda.com/wp-content/uploads/2023/01/IMG9829.jpg,2023/01/IMG9829-scaled.jpg,https://sarveda.com/wp-content/uploads/2023/01/IMG9829-scaled.jpg
6948,https://sarveda.com/wp-content/uploads/2023/01/IMG9831.jpg,2023/01/IMG9831.jpg,https://sarveda.com/wp-content/uploads/2023/01/IMG9831.jpg
6949,https://sarveda.com/wp-content/uploads/2023/02/YB-Whitish-1-1.jpg,2023/02/YB-Whitish-1-1.jpg,https://sarveda.com/wp-content/uploads/2023/02/YB-Whitish-1-1.jpg
6950,https://sarveda.com/wp-content/uploads/2023/02/YB-Brown-1-1.jpg,2023/02/YB-Brown-1-1.jpg,https://sarveda.com/wp-content/uploads/2023/02/YB-Brown-1-1.jpg
6951,https://sarveda.com/wp-content/uploads/2023/02/YB-Red-1-1.jpg,2023/02/YB-Red-1-1.jpg,https://sarveda.com/wp-content/uploads/2023/02/YB-Red-1-1.jpg
6952,https://sarveda.com/wp-content/uploads/2023/02/IMG9845-1.jpg,2023/02/IMG9845-1.jpg,https://sarveda.com/wp-content/uploads/2023/02/IMG9845-1.jpg
6953,https://sarveda.com/wp-content/uploads/2023/02/IMG9849-1.jpg,2023/02/IMG9849-1.jpg,https://sarveda.com/wp-content/uploads/2023/02/IMG9849-1.jpg
6954,https://sarveda.com/wp-content/uploads/2023/02/IMG9853-2.jpg,2023/02/IMG9853-2-scaled.jpg,https://sarveda.com/wp-content/uploads/2023/02/IMG9853-2-scaled.jpg
6955,https://sarveda.com/wp-content/uploads/2023/02/IMG9858-1.jpg,2023/02/IMG9858-1.jpg,https://sarveda.com/wp-content/uploads/2023/02/IMG9858-1.jpg
6956,https://sarveda.com/wp-content/uploads/2023/02/IMG9864-1.jpg,2023/02/IMG9864-1-scaled.jpg,https://sarveda.com/wp-content/uploads/2023/02/IMG9864-1-scaled.jpg
6962,https://sarveda.com/wp-content/uploads/2023/02/Tingsha-Bell2.jpg,2023/02/Tingsha-Bell2-scaled.jpg,https://sarveda.com/wp-content/uploads/2023/02/Tingsha-Bell2-scaled.jpg
6963,https://sarveda.com/wp-content/uploads/2023/02/Tingsha-Bell3.jpg,2023/02/Tingsha-Bell3-scaled.jpg,https://sarveda.com/wp-content/uploads/2023/02/Tingsha-Bell3-scaled.jpg
6964,https://sarveda.com/wp-content/uploads/2023/02/Tinghsa-Bell.jpg,2023/02/Tinghsa-Bell.jpg,https://sarveda.com/wp-content/uploads/2023/02/Tinghsa-Bell.jpg
6965,https://sarveda.com/wp-content/uploads/2023/02/Tinghsa-Bell4.jpg,2023/02/Tinghsa-Bell4-scaled.jpg,https://sarveda.com/wp-content/uploads/2023/02/Tinghsa-Bell4-scaled.jpg
6974,https://sarveda.com/wp-content/uploads/2023/02/Buddhist-Bell-2.jpg,2023/02/Buddhist-Bell-2-scaled.jpg,https://sarveda.com/wp-content/uploads/2023/02/Buddhist-Bell-2-scaled.jpg
6975,https://sarveda.com/wp-content/uploads/2023/02/Buddhist-Bell.jpg,2023/02/Buddhist-Bell-scaled.jpg,https://sarveda.com/wp-content/uploads/2023/02/Buddhist-Bell-scaled.jpg
6981,https://sarveda.com/wp-content/uploads/2023/02/Mallet-Straight-Wide.jpg,2023/02/Mallet-Straight-Wide-scaled.jpg,https://sarveda.com/wp-content/uploads/2023/02/Mallet-Straight-Wide-scaled.jpg
6982,https://sarveda.com/wp-content/uploads/2023/02/Mallet-Straight-2.jpg,2023/02/Mallet-Straight-2-scaled.jpg,https://sarveda.com/wp-content/uploads/2023/02/Mallet-Straight-2-scaled.jpg
6983,https://sarveda.com/wp-content/uploads/2023/02/Mallet-Straight-Wide-1.jpg,2023/02/Mallet-Straight-Wide-1-scaled.jpg,https://sarveda.com/wp-content/uploads/2023/02/Mallet-Straight-Wide-1-scaled.jpg
6984,https://sarveda.com/wp-content/uploads/2023/02/Mallet-Straight.jpg,2023/02/Mallet-Straight-scaled.jpg,https://sarveda.com/wp-content/uploads/2023/02/Mallet-Straight-scaled.jpg
6985,https://sarveda.com/wp-content/uploads/2023/02/Mallet-Wide.jpg,2023/02/Mallet-Wide-scaled.jpg,https://sarveda.com/wp-content/uploads/2023/02/Mallet-Wide-scaled.jpg
6986,https://sarveda.com/wp-content/uploads/2023/02/Mallet-Wide2.jpg,2023/02/Mallet-Wide2-scaled.jpg,https://sarveda.com/wp-content/uploads/2023/02/Mallet-Wide2-scaled.jpg
6987,https://sarveda.com/wp-content/uploads/2023/02/Mallet-Straight-Wide-2.jpg,2023/02/Mallet-Straight-Wide-2-scaled.jpg,https://sarveda.com/wp-content/uploads/2023/02/Mallet-Straight-Wide-2-scaled.jpg
6989,https://sarveda.com/wp-content/uploads/2023/02/Cushion1.jpg,2023/02/Cushion1-scaled.jpg,https://sarveda.com/wp-content/uploads/2023/02/Cushion1-scaled.jpg
6993,https://sarveda.com/wp-content/uploads/2023/02/Cushion2.jpg,2023/02/Cushion2-scaled.jpg,https://sarveda.com/wp-content/uploads/2023/02/Cushion2-scaled.jpg
7012,https://sarveda.com/wp-content/uploads/2023/02/Printed-Bowls-Size.jpg,2023/02/Printed-Bowls-Size.jpg,https://sarveda.com/wp-content/uploads/2023/02/Printed-Bowls-Size.jpg
7014,https://sarveda.com/wp-content/uploads/2022/11/nepal123.jpg,2022/11/nepal123.jpg,https://sarveda.com/wp-content/uploads/2022/11/nepal123.jpg
7016,https://sarveda.com/wp-content/uploads/2022/11/WhatsApp-Image-2023-03-02-at-9.47.11-PM.jpeg,2022/11/WhatsApp-Image-2023-03-02-at-9.47.11-PM.jpeg,https://sarveda.com/wp-content/uploads/2022/11/WhatsApp-Image-2023-03-02-at-9.47.11-PM.jpeg
7017,https://sarveda.com/wp-content/uploads/2022/11/0d16c713-2466-4164-a014-bcc02d456a27.jpg,2022/11/0d16c713-2466-4164-a014-bcc02d456a27.jpg,https://sarveda.com/wp-content/uploads/2022/11/0d16c713-2466-4164-a014-bcc02d456a27.jpg
7018,https://sarveda.com/wp-content/uploads/2022/11/1579614e-84b7-4c2a-aee7-eaa455ee523b.jpg,2022/11/1579614e-84b7-4c2a-aee7-eaa455ee523b.jpg,https://sarveda.com/wp-content/uploads/2022/11/1579614e-84b7-4c2a-aee7-eaa455ee523b.jpg
7019,https://sarveda.com/wp-content/uploads/2022/11/ddd81ce9-0047-4e59-8594-cd901c243e93.jpg,2022/11/ddd81ce9-0047-4e59-8594-cd901c243e93.jpg,https://sarveda.com/wp-content/uploads/2022/11/ddd81ce9-0047-4e59-8594-cd901c243e93.jpg
7020,https://sarveda.com/wp-content/uploads/2022/11/IMG-6575.jpg,2022/11/IMG-6575.jpg,https://sarveda.com/wp-content/uploads/2022/11/IMG-6575.jpg
7021,https://sarveda.com/wp-content/uploads/2022/11/IMG-6576.jpg,2022/11/IMG-6576.jpg,https://sarveda.com/wp-content/uploads/2022/11/IMG-6576.jpg
7022,https://sarveda.com/wp-content/uploads/2022/11/IMG-6577.jpg,2022/11/IMG-6577.jpg,https://sarveda.com/wp-content/uploads/2022/11/IMG-6577.jpg
7023,https://sarveda.com/wp-content/uploads/2022/11/IMG-6578.jpg,2022/11/IMG-6578.jpg,https://sarveda.com/wp-content/uploads/2022/11/IMG-6578.jpg
7024,https://sarveda.com/wp-content/uploads/2022/11/IMG-6579.jpg,2022/11/IMG-6579.jpg,https://sarveda.com/wp-content/uploads/2022/11/IMG-6579.jpg
7025,https://sarveda.com/wp-content/uploads/2022/11/IMG-6580.jpg,2022/11/IMG-6580.jpg,https://sarveda.com/wp-content/uploads/2022/11/IMG-6580.jpg
7026,https://sarveda.com/wp-content/uploads/2022/11/IMG-6581.jpg,2022/11/IMG-6581.jpg,https://sarveda.com/wp-content/uploads/2022/11/IMG-6581.jpg
7027,https://sarveda.com/wp-content/uploads/2022/11/IMG-6583.jpg,2022/11/IMG-6583.jpg,https://sarveda.com/wp-content/uploads/2022/11/IMG-6583.jpg
7028,https://sarveda.com/wp-content/uploads/2022/11/IMG-6584.jpg,2022/11/IMG-6584.jpg,https://sarveda.com/wp-content/uploads/2022/11/IMG-6584.jpg
7029,https://sarveda.com/wp-content/uploads/2022/11/IMG-6585.jpg,2022/11/IMG-6585.jpg,https://sarveda.com/wp-content/uploads/2022/11/IMG-6585.jpg
7030,https://sarveda.com/wp-content/uploads/2022/11/IMG-6586.jpg,2022/11/IMG-6586.jpg,https://sarveda.com/wp-content/uploads/2022/11/IMG-6586.jpg
7031,https://sarveda.com/wp-content/uploads/2022/11/IMG-6587.jpg,2022/11/IMG-6587.jpg,https://sarveda.com/wp-content/uploads/2022/11/IMG-6587.jpg
7032,https://sarveda.com/wp-content/uploads/2022/11/IMG-6588.jpg,2022/11/IMG-6588.jpg,https://sarveda.com/wp-content/uploads/2022/11/IMG-6588.jpg
7033,https://sarveda.com/wp-content/uploads/2022/11/IMG-6589.jpg,2022/11/IMG-6589.jpg,https://sarveda.com/wp-content/uploads/2022/11/IMG-6589.jpg
7034,https://sarveda.com/wp-content/uploads/2022/11/Me_Saja.png,2022/11/Me_Saja.png,https://sarveda.com/wp-content/uploads/2022/11/Me_Saja.png
7035,https://sarveda.com/wp-content/uploads/2022/11/WhatsApp-Video-2023-03-02-at-10.31.20-PM.mp4,2022/11/WhatsApp-Video-2023-03-02-at-10.31.20-PM.mp4,https://sarveda.com/wp-content/uploads/2022/11/WhatsApp-Video-2023-03-02-at-10.31.20-PM.mp4
7041,https://sarveda.com/wp-content/uploads/2021/04/him4.jpg,2021/04/him4.jpg,https://sarveda.com/wp-content/uploads/2021/04/him4.jpg
7042,https://sarveda.com/wp-content/uploads/2021/04/him6.jpg,2021/04/him6.jpg,https://sarveda.com/wp-content/uploads/2021/04/him6.jpg
7043,https://sarveda.com/wp-content/uploads/2021/04/him8.jpg,2021/04/him8.jpg,https://sarveda.com/wp-content/uploads/2021/04/him8.jpg
7044,https://sarveda.com/wp-content/uploads/2021/04/him10.jpg,2021/04/him10.jpg,https://sarveda.com/wp-content/uploads/2021/04/him10.jpg
7045,https://sarveda.com/wp-content/uploads/2021/04/himalaya-1.jpg,2021/04/himalaya-1.jpg,https://sarveda.com/wp-content/uploads/2021/04/himalaya-1.jpg
7046,https://sarveda.com/wp-content/uploads/2021/04/him7.jpg,2021/04/him7.jpg,https://sarveda.com/wp-content/uploads/2021/04/him7.jpg
7047,https://sarveda.com/wp-content/uploads/2021/04/him3.jpg,2021/04/him3.jpg,https://sarveda.com/wp-content/uploads/2021/04/him3.jpg
7048,https://sarveda.com/wp-content/uploads/2021/04/him2.jpg,2021/04/him2.jpg,https://sarveda.com/wp-content/uploads/2021/04/him2.jpg
7051,https://sarveda.com/wp-content/uploads/2023/03/55fd2bb1-bab5-45e8-8faa-0890e34cc8b7.jpg,2023/03/55fd2bb1-bab5-45e8-8faa-0890e34cc8b7.jpg,https://sarveda.com/wp-content/uploads/2023/03/55fd2bb1-bab5-45e8-8faa-0890e34cc8b7.jpg
7052,https://sarveda.com/wp-content/uploads/2023/03/56ae8988-3e05-49a5-ada5-97e6073e11df.jpg,2023/03/56ae8988-3e05-49a5-ada5-97e6073e11df.jpg,https://sarveda.com/wp-content/uploads/2023/03/56ae8988-3e05-49a5-ada5-97e6073e11df.jpg
7053,https://sarveda.com/wp-content/uploads/2023/03/162b6e9e-8d4a-4030-8cde-9f0cd2e56411.jpg,2023/03/162b6e9e-8d4a-4030-8cde-9f0cd2e56411.jpg,https://sarveda.com/wp-content/uploads/2023/03/162b6e9e-8d4a-4030-8cde-9f0cd2e56411.jpg
7056,https://sarveda.com/wp-content/uploads/2023/03/bd3c96a9-70ca-4683-900c-8ab6fc4a6b7e.jpg,2023/03/bd3c96a9-70ca-4683-900c-8ab6fc4a6b7e.jpg,https://sarveda.com/wp-content/uploads/2023/03/bd3c96a9-70ca-4683-900c-8ab6fc4a6b7e.jpg
7057,https://sarveda.com/wp-content/uploads/2023/03/78e2906a-8f17-43cd-899b-b32186a862cd.jpg,2023/03/78e2906a-8f17-43cd-899b-b32186a862cd.jpg,https://sarveda.com/wp-content/uploads/2023/03/78e2906a-8f17-43cd-899b-b32186a862cd.jpg
7058,https://sarveda.com/wp-content/uploads/2023/03/f5374868-bfaf-433e-a5b1-e3e018216fc4.jpg,2023/03/f5374868-bfaf-433e-a5b1-e3e018216fc4.jpg,https://sarveda.com/wp-content/uploads/2023/03/f5374868-bfaf-433e-a5b1-e3e018216fc4.jpg
7059,https://sarveda.com/wp-content/uploads/2023/03/eb77e419-a40d-43d5-9387-19843b6f38ee.jpg,2023/03/eb77e419-a40d-43d5-9387-19843b6f38ee.jpg,https://sarveda.com/wp-content/uploads/2023/03/eb77e419-a40d-43d5-9387-19843b6f38ee.jpg
7060,https://sarveda.com/wp-content/uploads/2023/03/db331dd8-0781-4558-b685-7b2e8d3a5eab.jpg,2023/03/db331dd8-0781-4558-b685-7b2e8d3a5eab.jpg,https://sarveda.com/wp-content/uploads/2023/03/db331dd8-0781-4558-b685-7b2e8d3a5eab.jpg
7061,https://sarveda.com/wp-content/uploads/2023/03/650dc7b5-05d7-4f03-aa80-2f708b0393c7.jpg,2023/03/650dc7b5-05d7-4f03-aa80-2f708b0393c7.jpg,https://sarveda.com/wp-content/uploads/2023/03/650dc7b5-05d7-4f03-aa80-2f708b0393c7.jpg
7062,https://sarveda.com/wp-content/uploads/2023/03/a0643a06-8fb9-40bd-a63c-e1123c819963.jpg,2023/03/a0643a06-8fb9-40bd-a63c-e1123c819963.jpg,https://sarveda.com/wp-content/uploads/2023/03/a0643a06-8fb9-40bd-a63c-e1123c819963.jpg
7063,https://sarveda.com/wp-content/uploads/2023/03/79cc8717-e5a8-414b-aa28-a1ea185d06cb.jpg,2023/03/79cc8717-e5a8-414b-aa28-a1ea185d06cb.jpg,https://sarveda.com/wp-content/uploads/2023/03/79cc8717-e5a8-414b-aa28-a1ea185d06cb.jpg
7064,https://sarveda.com/wp-content/uploads/2023/03/415f3212-5a66-4ac1-ab31-0056c8603037.jpg,2023/03/415f3212-5a66-4ac1-ab31-0056c8603037.jpg,https://sarveda.com/wp-content/uploads/2023/03/415f3212-5a66-4ac1-ab31-0056c8603037.jpg
7065,https://sarveda.com/wp-content/uploads/2023/03/33a28b01-aff1-4bac-927f-9ad44e44f1f1.jpg,2023/03/33a28b01-aff1-4bac-927f-9ad44e44f1f1.jpg,https://sarveda.com/wp-content/uploads/2023/03/33a28b01-aff1-4bac-927f-9ad44e44f1f1.jpg
7066,https://sarveda.com/wp-content/uploads/2023/03/4080c732-bd0a-46ed-af79-06401dcb4343.jpg,2023/03/4080c732-bd0a-46ed-af79-06401dcb4343.jpg,https://sarveda.com/wp-content/uploads/2023/03/4080c732-bd0a-46ed-af79-06401dcb4343.jpg
7067,https://sarveda.com/wp-content/uploads/2023/03/1b5d4a6e-4cd3-48e3-9fb4-6f09ad50427c.jpg,2023/03/1b5d4a6e-4cd3-48e3-9fb4-6f09ad50427c.jpg,https://sarveda.com/wp-content/uploads/2023/03/1b5d4a6e-4cd3-48e3-9fb4-6f09ad50427c.jpg
7068,https://sarveda.com/wp-content/uploads/2023/03/f11e88b1-c580-4e90-81f3-d88f424f2c98.jpg,2023/03/f11e88b1-c580-4e90-81f3-d88f424f2c98.jpg,https://sarveda.com/wp-content/uploads/2023/03/f11e88b1-c580-4e90-81f3-d88f424f2c98.jpg
7069,https://sarveda.com/wp-content/uploads/2023/03/e956c9a6-956a-4cb6-921e-a5781f2ffc8d.jpg,2023/03/e956c9a6-956a-4cb6-921e-a5781f2ffc8d.jpg,https://sarveda.com/wp-content/uploads/2023/03/e956c9a6-956a-4cb6-921e-a5781f2ffc8d.jpg
7070,https://sarveda.com/wp-content/uploads/2023/03/4142224e-14e9-4bfc-82ba-d71ce6833e94.jpg,2023/03/4142224e-14e9-4bfc-82ba-d71ce6833e94.jpg,https://sarveda.com/wp-content/uploads/2023/03/4142224e-14e9-4bfc-82ba-d71ce6833e94.jpg
7071,https://sarveda.com/wp-content/uploads/2023/03/b26e520e-27c0-409f-beab-7396eb50e9b2.jpg,2023/03/b26e520e-27c0-409f-beab-7396eb50e9b2.jpg,https://sarveda.com/wp-content/uploads/2023/03/b26e520e-27c0-409f-beab-7396eb50e9b2.jpg
7072,https://sarveda.com/wp-content/uploads/2023/03/a7a0025e-6325-404c-ae49-99d03931c9c0.jpg,2023/03/a7a0025e-6325-404c-ae49-99d03931c9c0.jpg,https://sarveda.com/wp-content/uploads/2023/03/a7a0025e-6325-404c-ae49-99d03931c9c0.jpg
7073,https://sarveda.com/wp-content/uploads/2023/03/5fd58771-e969-4fa6-b668-7b69c55e38fa.jpg,2023/03/5fd58771-e969-4fa6-b668-7b69c55e38fa.jpg,https://sarveda.com/wp-content/uploads/2023/03/5fd58771-e969-4fa6-b668-7b69c55e38fa.jpg
7074,https://sarveda.com/wp-content/uploads/2023/03/2a669019-0fb0-4a5e-ac9b-1eed70b41b27.jpg,2023/03/2a669019-0fb0-4a5e-ac9b-1eed70b41b27.jpg,https://sarveda.com/wp-content/uploads/2023/03/2a669019-0fb0-4a5e-ac9b-1eed70b41b27.jpg
7075,https://sarveda.com/wp-content/uploads/2023/03/ae4e6920-573a-4251-830b-942310dff717.jpg,2023/03/ae4e6920-573a-4251-830b-942310dff717.jpg,https://sarveda.com/wp-content/uploads/2023/03/ae4e6920-573a-4251-830b-942310dff717.jpg
7076,https://sarveda.com/wp-content/uploads/2023/03/eb0b64cc-fa82-44fb-831f-84a21430e5ce.jpg,2023/03/eb0b64cc-fa82-44fb-831f-84a21430e5ce.jpg,https://sarveda.com/wp-content/uploads/2023/03/eb0b64cc-fa82-44fb-831f-84a21430e5ce.jpg
7077,https://sarveda.com/wp-content/uploads/2023/03/3d7d9214-ccc0-45ed-a1c4-c397c50ac82f.jpg,2023/03/3d7d9214-ccc0-45ed-a1c4-c397c50ac82f.jpg,https://sarveda.com/wp-content/uploads/2023/03/3d7d9214-ccc0-45ed-a1c4-c397c50ac82f.jpg
7078,https://sarveda.com/wp-content/uploads/2023/03/c3d275af-495f-4d0a-8966-1c277ca72e5c.jpg,2023/03/c3d275af-495f-4d0a-8966-1c277ca72e5c.jpg,https://sarveda.com/wp-content/uploads/2023/03/c3d275af-495f-4d0a-8966-1c277ca72e5c.jpg
7079,https://sarveda.com/wp-content/uploads/2023/03/66f47c4f-4e5d-45cc-8dab-755dd91ac34a.jpg,2023/03/66f47c4f-4e5d-45cc-8dab-755dd91ac34a.jpg,https://sarveda.com/wp-content/uploads/2023/03/66f47c4f-4e5d-45cc-8dab-755dd91ac34a.jpg
7080,https://sarveda.com/wp-content/uploads/2023/03/2b7f1180-5ff4-452a-80ea-bb5c05d710f1.jpg,2023/03/2b7f1180-5ff4-452a-80ea-bb5c05d710f1.jpg,https://sarveda.com/wp-content/uploads/2023/03/2b7f1180-5ff4-452a-80ea-bb5c05d710f1.jpg
7081,https://sarveda.com/wp-content/uploads/2023/03/0aa457ab-edf8-44ec-9e7d-5fb330fd116c.jpg,2023/03/0aa457ab-edf8-44ec-9e7d-5fb330fd116c.jpg,https://sarveda.com/wp-content/uploads/2023/03/0aa457ab-edf8-44ec-9e7d-5fb330fd116c.jpg
7082,https://sarveda.com/wp-content/uploads/2023/03/a85558eb-55ac-42d6-b083-b3d7bc8496fb.jpg,2023/03/a85558eb-55ac-42d6-b083-b3d7bc8496fb.jpg,https://sarveda.com/wp-content/uploads/2023/03/a85558eb-55ac-42d6-b083-b3d7bc8496fb.jpg
7083,https://sarveda.com/wp-content/uploads/2023/03/abf3acf3-60c3-4ebe-ac51-e787e8095228.jpg,2023/03/abf3acf3-60c3-4ebe-ac51-e787e8095228.jpg,https://sarveda.com/wp-content/uploads/2023/03/abf3acf3-60c3-4ebe-ac51-e787e8095228.jpg
7084,https://sarveda.com/wp-content/uploads/2023/03/2c1eb1ce-2e9b-463a-a380-5fe45e5270c3.jpg,2023/03/2c1eb1ce-2e9b-463a-a380-5fe45e5270c3.jpg,https://sarveda.com/wp-content/uploads/2023/03/2c1eb1ce-2e9b-463a-a380-5fe45e5270c3.jpg
7085,https://sarveda.com/wp-content/uploads/2023/03/fee45658-7540-4d77-bc1e-bdec904afd14.jpg,2023/03/fee45658-7540-4d77-bc1e-bdec904afd14.jpg,https://sarveda.com/wp-content/uploads/2023/03/fee45658-7540-4d77-bc1e-bdec904afd14.jpg
7086,https://sarveda.com/wp-content/uploads/2023/03/dea106f3-7cdb-42b0-bd14-e4a62f86a2f6.jpg,2023/03/dea106f3-7cdb-42b0-bd14-e4a62f86a2f6.jpg,https://sarveda.com/wp-content/uploads/2023/03/dea106f3-7cdb-42b0-bd14-e4a62f86a2f6.jpg
7087,https://sarveda.com/wp-content/uploads/2023/03/01d2c928-cf1a-41a2-b5e6-d0bb1adce44d.jpg,2023/03/01d2c928-cf1a-41a2-b5e6-d0bb1adce44d.jpg,https://sarveda.com/wp-content/uploads/2023/03/01d2c928-cf1a-41a2-b5e6-d0bb1adce44d.jpg
7088,https://sarveda.com/wp-content/uploads/2023/03/Oneness-Final-Cut.mp4,2023/03/Oneness-Final-Cut.mp4,https://sarveda.com/wp-content/uploads/2023/03/Oneness-Final-Cut.mp4
7089,https://sarveda.com/wp-content/uploads/2023/03/WhatsApp-Image-2022-12-07-at-11.40.43-AM-1.jpeg,2023/03/WhatsApp-Image-2022-12-07-at-11.40.43-AM-1.jpeg,https://sarveda.com/wp-content/uploads/2023/03/WhatsApp-Image-2022-12-07-at-11.40.43-AM-1.jpeg
7090,https://sarveda.com/wp-content/uploads/2023/03/WhatsApp-Image-2022-12-07-at-11.40.43-AM-2.jpeg,2023/03/WhatsApp-Image-2022-12-07-at-11.40.43-AM-2.jpeg,https://sarveda.com/wp-content/uploads/2023/03/WhatsApp-Image-2022-12-07-at-11.40.43-AM-2.jpeg
7091,https://sarveda.com/wp-content/uploads/2023/03/WhatsApp-Image-2022-12-07-at-11.40.43-AM-4.jpeg,2023/03/WhatsApp-Image-2022-12-07-at-11.40.43-AM-4.jpeg,https://sarveda.com/wp-content/uploads/2023/03/WhatsApp-Image-2022-12-07-at-11.40.43-AM-4.jpeg
7092,https://sarveda.com/wp-content/uploads/2023/03/WhatsApp-Image-2022-12-07-at-11.40.43-AM.jpeg,2023/03/WhatsApp-Image-2022-12-07-at-11.40.43-AM.jpeg,https://sarveda.com/wp-content/uploads/2023/03/WhatsApp-Image-2022-12-07-at-11.40.43-AM.jpeg
7093,https://sarveda.com/wp-content/uploads/2023/03/WhatsApp-Image-2022-12-07-at-11.40.44-AM-1.jpeg,2023/03/WhatsApp-Image-2022-12-07-at-11.40.44-AM-1.jpeg,https://sarveda.com/wp-content/uploads/2023/03/WhatsApp-Image-2022-12-07-at-11.40.44-AM-1.jpeg
7094,https://sarveda.com/wp-content/uploads/2023/03/WhatsApp-Image-2022-12-07-at-11.40.44-AM-2.jpeg,2023/03/WhatsApp-Image-2022-12-07-at-11.40.44-AM-2.jpeg,https://sarveda.com/wp-content/uploads/2023/03/WhatsApp-Image-2022-12-07-at-11.40.44-AM-2.jpeg
7095,https://sarveda.com/wp-content/uploads/2023/03/WhatsApp-Image-2022-12-07-at-11.40.44-AM.jpeg,2023/03/WhatsApp-Image-2022-12-07-at-11.40.44-AM.jpeg,https://sarveda.com/wp-content/uploads/2023/03/WhatsApp-Image-2022-12-07-at-11.40.44-AM.jpeg
7096,https://sarveda.com/wp-content/uploads/2023/03/WhatsApp-Image-2022-12-07-at-12.28.10-PM-1.jpeg,2023/03/WhatsApp-Image-2022-12-07-at-12.28.10-PM-1.jpeg,https://sarveda.com/wp-content/uploads/2023/03/WhatsApp-Image-2022-12-07-at-12.28.10-PM-1.jpeg
7097,https://sarveda.com/wp-content/uploads/2023/03/WhatsApp-Image-2022-12-07-at-12.28.10-PM.jpeg,2023/03/WhatsApp-Image-2022-12-07-at-12.28.10-PM.jpeg,https://sarveda.com/wp-content/uploads/2023/03/WhatsApp-Image-2022-12-07-at-12.28.10-PM.jpeg
7101,https://sarveda.com/wp-content/uploads/2023/02/Yoga-Bolster_Card_4-1.jpg,2023/02/Yoga-Bolster_Card_4-1.jpg,https://sarveda.com/wp-content/uploads/2023/02/Yoga-Bolster_Card_4-1.jpg
7102,https://sarveda.com/wp-content/uploads/2023/02/Yoga-Bolster_A_4-1.jpg,2023/02/Yoga-Bolster_A_4-1.jpg,https://sarveda.com/wp-content/uploads/2023/02/Yoga-Bolster_A_4-1.jpg
7104,https://sarveda.com/wp-content/uploads/2023/03/in-the-lap-of-himalayas.jpg,2023/03/in-the-lap-of-himalayas.jpg,https://sarveda.com/wp-content/uploads/2023/03/in-the-lap-of-himalayas.jpg
7105,https://sarveda.com/wp-content/uploads/2023/02/Zafu_Crescent_Card_2-1.jpg,2023/02/Zafu_Crescent_Card_2-1.jpg,https://sarveda.com/wp-content/uploads/2023/02/Zafu_Crescent_Card_2-1.jpg
7106,https://sarveda.com/wp-content/uploads/2023/02/Zafu_Crescent_A_1-1.jpg,2023/02/Zafu_Crescent_A_1-1.jpg,https://sarveda.com/wp-content/uploads/2023/02/Zafu_Crescent_A_1-1.jpg
7107,https://sarveda.com/wp-content/uploads/2023/02/Zafu_Cylindrical_Card_3-1.jpg,2023/02/Zafu_Cylindrical_Card_3-1.jpg,https://sarveda.com/wp-content/uploads/2023/02/Zafu_Cylindrical_Card_3-1.jpg
7108,https://sarveda.com/wp-content/uploads/2023/02/Zafu_Cylindrical_A_4-2.jpg,2023/02/Zafu_Cylindrical_A_4-2.jpg,https://sarveda.com/wp-content/uploads/2023/02/Zafu_Cylindrical_A_4-2.jpg
7109,https://sarveda.com/wp-content/uploads/2023/02/Zafu_Round_Card_3-1.jpg,2023/02/Zafu_Round_Card_3-1.jpg,https://sarveda.com/wp-content/uploads/2023/02/Zafu_Round_Card_3-1.jpg
7110,https://sarveda.com/wp-content/uploads/2023/02/Zafu_Round_A_4-1.jpg,2023/02/Zafu_Round_A_4-1.jpg,https://sarveda.com/wp-content/uploads/2023/02/Zafu_Round_A_4-1.jpg
7111,https://sarveda.com/wp-content/uploads/2023/02/Yoga-Zabuton_Cards_3-1.jpg,2023/02/Yoga-Zabuton_Cards_3-1.jpg,https://sarveda.com/wp-content/uploads/2023/02/Yoga-Zabuton_Cards_3-1.jpg
7112,https://sarveda.com/wp-content/uploads/2023/02/Yoga-Zabuton_A_4-1.jpg,2023/02/Yoga-Zabuton_A_4-1.jpg,https://sarveda.com/wp-content/uploads/2023/02/Yoga-Zabuton_A_4-1.jpg
7116,https://sarveda.com/wp-content/uploads/2021/04/IMG_2981.jpg,2021/04/IMG_2981.jpg,https://sarveda.com/wp-content/uploads/2021/04/IMG_2981.jpg
7117,https://sarveda.com/wp-content/uploads/2021/04/IMG_2982.jpg,2021/04/IMG_2982.jpg,https://sarveda.com/wp-content/uploads/2021/04/IMG_2982.jpg
7118,https://sarveda.com/wp-content/uploads/2021/04/IMG_2980.jpg,2021/04/IMG_2980.jpg,https://sarveda.com/wp-content/uploads/2021/04/IMG_2980.jpg
7123,https://sarveda.com/wp-content/uploads/2023/02/BM-Common-1.jpg,2023/02/BM-Common-1.jpg,https://sarveda.com/wp-content/uploads/2023/02/BM-Common-1.jpg
7124,https://sarveda.com/wp-content/uploads/2023/02/BM-Common-3.jpg,2023/02/BM-Common-3.jpg,https://sarveda.com/wp-content/uploads/2023/02/BM-Common-3.jpg
7125,https://sarveda.com/wp-content/uploads/2023/02/Hand-Hammered_2.png,2023/02/Hand-Hammered_2.png,https://sarveda.com/wp-content/uploads/2023/02/Hand-Hammered_2.png
7126,https://sarveda.com/wp-content/uploads/2023/02/HH-Common-4.jpg,2023/02/HH-Common-4.jpg,https://sarveda.com/wp-content/uploads/2023/02/HH-Common-4.jpg
7127,https://sarveda.com/wp-content/uploads/2023/02/HH-Common_2.png,2023/02/HH-Common_2.png,https://sarveda.com/wp-content/uploads/2023/02/HH-Common_2.png
7128,https://sarveda.com/wp-content/uploads/2023/02/HH-Size-1.jpg,2023/02/HH-Size-1.jpg,https://sarveda.com/wp-content/uploads/2023/02/HH-Size-1.jpg
7129,https://sarveda.com/wp-content/uploads/2023/02/HH-Size-Large.jpg,2023/02/HH-Size-Large.jpg,https://sarveda.com/wp-content/uploads/2023/02/HH-Size-Large.jpg
7130,https://sarveda.com/wp-content/uploads/2023/02/BM-Common-1-1.jpg,2023/02/BM-Common-1-1.jpg,https://sarveda.com/wp-content/uploads/2023/02/BM-Common-1-1.jpg
7131,https://sarveda.com/wp-content/uploads/2023/02/BM-Common-3-1.jpg,2023/02/BM-Common-3-1.jpg,https://sarveda.com/wp-content/uploads/2023/02/BM-Common-3-1.jpg
7132,https://sarveda.com/wp-content/uploads/2023/02/Handmade-2.jpg,2023/02/Handmade-2.jpg,https://sarveda.com/wp-content/uploads/2023/02/Handmade-2.jpg
7133,https://sarveda.com/wp-content/uploads/2023/02/Handmade-Polished-Singing_1.jpg,2023/02/Handmade-Polished-Singing_1.jpg,https://sarveda.com/wp-content/uploads/2023/02/Handmade-Polished-Singing_1.jpg
7134,https://sarveda.com/wp-content/uploads/2023/02/Handmade-Polished-Singing_2.jpg,2023/02/Handmade-Polished-Singing_2.jpg,https://sarveda.com/wp-content/uploads/2023/02/Handmade-Polished-Singing_2.jpg
7135,https://sarveda.com/wp-content/uploads/2023/02/Handmade-Polished-Singing_3.jpg,2023/02/Handmade-Polished-Singing_3.jpg,https://sarveda.com/wp-content/uploads/2023/02/Handmade-Polished-Singing_3.jpg
7136,https://sarveda.com/wp-content/uploads/2023/02/Handmade-Polished-Singing_4.jpg,2023/02/Handmade-Polished-Singing_4.jpg,https://sarveda.com/wp-content/uploads/2023/02/Handmade-Polished-Singing_4.jpg
7137,https://sarveda.com/wp-content/uploads/2023/02/Handmade-Polished-Singing_5.jpg,2023/02/Handmade-Polished-Singing_5.jpg,https://sarveda.com/wp-content/uploads/2023/02/Handmade-Polished-Singing_5.jpg
7138,https://sarveda.com/wp-content/uploads/2023/02/Handmade-Polished-Singing_6.jpg,2023/02/Handmade-Polished-Singing_6.jpg,https://sarveda.com/wp-content/uploads/2023/02/Handmade-Polished-Singing_6.jpg
7139,https://sarveda.com/wp-content/uploads/2023/02/Handmade-Polished-Singing_7.jpg,2023/02/Handmade-Polished-Singing_7.jpg,https://sarveda.com/wp-content/uploads/2023/02/Handmade-Polished-Singing_7.jpg
7140,https://sarveda.com/wp-content/uploads/2023/02/Handmade-Polished-Singing_Set.jpg,2023/02/Handmade-Polished-Singing_Set.jpg,https://sarveda.com/wp-content/uploads/2023/02/Handmade-Polished-Singing_Set.jpg
7141,https://sarveda.com/wp-content/uploads/2023/02/Hanmade-4.jpg,2023/02/Hanmade-4.jpg,https://sarveda.com/wp-content/uploads/2023/02/Hanmade-4.jpg
7142,https://sarveda.com/wp-content/uploads/2023/02/BM-Common-1-2.jpg,2023/02/BM-Common-1-2.jpg,https://sarveda.com/wp-content/uploads/2023/02/BM-Common-1-2.jpg
7143,https://sarveda.com/wp-content/uploads/2023/02/BM-Common-3-2.jpg,2023/02/BM-Common-3-2.jpg,https://sarveda.com/wp-content/uploads/2023/02/BM-Common-3-2.jpg
7144,https://sarveda.com/wp-content/uploads/2023/02/Common_2.png,2023/02/Common_2.png,https://sarveda.com/wp-content/uploads/2023/02/Common_2.png
7145,https://sarveda.com/wp-content/uploads/2023/02/Common_4.jpg,2023/02/Common_4.jpg,https://sarveda.com/wp-content/uploads/2023/02/Common_4.jpg
7146,https://sarveda.com/wp-content/uploads/2023/02/Engraved-Silver-Golden_1.jpg,2023/02/Engraved-Silver-Golden_1.jpg,https://sarveda.com/wp-content/uploads/2023/02/Engraved-Silver-Golden_1.jpg
7147,https://sarveda.com/wp-content/uploads/2023/02/Engraved-Silver-Golden_2.jpg,2023/02/Engraved-Silver-Golden_2.jpg,https://sarveda.com/wp-content/uploads/2023/02/Engraved-Silver-Golden_2.jpg
7148,https://sarveda.com/wp-content/uploads/2023/02/Engraved-Silver-Golden-Sizes.jpg,2023/02/Engraved-Silver-Golden-Sizes.jpg,https://sarveda.com/wp-content/uploads/2023/02/Engraved-Silver-Golden-Sizes.jpg
7149,https://sarveda.com/wp-content/uploads/2023/02/Zen-Handmade-tuned_1.jpg,2023/02/Zen-Handmade-tuned_1.jpg,https://sarveda.com/wp-content/uploads/2023/02/Zen-Handmade-tuned_1.jpg
7150,https://sarveda.com/wp-content/uploads/2023/02/Zen-Handmade-tuned_2.jpg,2023/02/Zen-Handmade-tuned_2.jpg,https://sarveda.com/wp-content/uploads/2023/02/Zen-Handmade-tuned_2.jpg
7151,https://sarveda.com/wp-content/uploads/2023/02/Zen-Handmade-tuned_sizes.jpg,2023/02/Zen-Handmade-tuned_sizes.jpg,https://sarveda.com/wp-content/uploads/2023/02/Zen-Handmade-tuned_sizes.jpg
7152,https://sarveda.com/wp-content/uploads/2023/02/BM-Common-1-3.jpg,2023/02/BM-Common-1-3.jpg,https://sarveda.com/wp-content/uploads/2023/02/BM-Common-1-3.jpg
7153,https://sarveda.com/wp-content/uploads/2023/02/BM-Common-3-3.jpg,2023/02/BM-Common-3-3.jpg,https://sarveda.com/wp-content/uploads/2023/02/BM-Common-3-3.jpg
7154,https://sarveda.com/wp-content/uploads/2023/02/Common_2.1.jpg,2023/02/Common_2.1.jpg,https://sarveda.com/wp-content/uploads/2023/02/Common_2.1.jpg
7155,https://sarveda.com/wp-content/uploads/2023/02/Common_4.1.jpg,2023/02/Common_4.1.jpg,https://sarveda.com/wp-content/uploads/2023/02/Common_4.1.jpg
7156,https://sarveda.com/wp-content/uploads/2023/02/Antique-handcrafted-_Buddha.jpg,2023/02/Antique-handcrafted-_Buddha.jpg,https://sarveda.com/wp-content/uploads/2023/02/Antique-handcrafted-_Buddha.jpg
7157,https://sarveda.com/wp-content/uploads/2023/02/Antique-handcrafted-_Dorje.jpg,2023/02/Antique-handcrafted-_Dorje.jpg,https://sarveda.com/wp-content/uploads/2023/02/Antique-handcrafted-_Dorje.jpg
7158,https://sarveda.com/wp-content/uploads/2023/02/Antique-handcrafted-_Feet.jpg,2023/02/Antique-handcrafted-_Feet.jpg,https://sarveda.com/wp-content/uploads/2023/02/Antique-handcrafted-_Feet.jpg
7159,https://sarveda.com/wp-content/uploads/2023/02/Antique-handcrafted-_Sizes.png,2023/02/Antique-handcrafted-_Sizes.png,https://sarveda.com/wp-content/uploads/2023/02/Antique-handcrafted-_Sizes.png
7160,https://sarveda.com/wp-content/uploads/2023/02/Common_2.jpg,2023/02/Common_2.jpg,https://sarveda.com/wp-content/uploads/2023/02/Common_2.jpg
7161,https://sarveda.com/wp-content/uploads/2023/02/Common_4-1.jpg,2023/02/Common_4-1.jpg,https://sarveda.com/wp-content/uploads/2023/02/Common_4-1.jpg
7162,https://sarveda.com/wp-content/uploads/2023/02/Designs.jpg,2023/02/Designs.jpg,https://sarveda.com/wp-content/uploads/2023/02/Designs.jpg
7163,https://sarveda.com/wp-content/uploads/2023/02/Tara.jpg,2023/02/Tara.jpg,https://sarveda.com/wp-content/uploads/2023/02/Tara.jpg
7164,https://sarveda.com/wp-content/uploads/2023/02/ALSB-common-4.jpg,2023/02/ALSB-common-4.jpg,https://sarveda.com/wp-content/uploads/2023/02/ALSB-common-4.jpg
7165,https://sarveda.com/wp-content/uploads/2023/02/ALSB-Size-Large.jpg,2023/02/ALSB-Size-Large.jpg,https://sarveda.com/wp-content/uploads/2023/02/ALSB-Size-Large.jpg
7166,https://sarveda.com/wp-content/uploads/2023/02/ALSB-Sizes.jpg,2023/02/ALSB-Sizes.jpg,https://sarveda.com/wp-content/uploads/2023/02/ALSB-Sizes.jpg
7167,https://sarveda.com/wp-content/uploads/2023/02/ALSB-Size-Small.jpg,2023/02/ALSB-Size-Small.jpg,https://sarveda.com/wp-content/uploads/2023/02/ALSB-Size-Small.jpg
7168,https://sarveda.com/wp-content/uploads/2023/02/BM-Common-1-4.jpg,2023/02/BM-Common-1-4.jpg,https://sarveda.com/wp-content/uploads/2023/02/BM-Common-1-4.jpg
7169,https://sarveda.com/wp-content/uploads/2023/02/BM-Common-3-4.jpg,2023/02/BM-Common-3-4.jpg,https://sarveda.com/wp-content/uploads/2023/02/BM-Common-3-4.jpg
7170,https://sarveda.com/wp-content/uploads/2023/02/Common_2-ALSB.png,2023/02/Common_2-ALSB.png,https://sarveda.com/wp-content/uploads/2023/02/Common_2-ALSB.png
7171,https://sarveda.com/wp-content/uploads/2023/02/BM-Common-6.jpg,2023/02/BM-Common-6.jpg,https://sarveda.com/wp-content/uploads/2023/02/BM-Common-6.jpg
7172,https://sarveda.com/wp-content/uploads/2023/02/BM-Common-1-5.jpg,2023/02/BM-Common-1-5.jpg,https://sarveda.com/wp-content/uploads/2023/02/BM-Common-1-5.jpg
7173,https://sarveda.com/wp-content/uploads/2023/02/BM-Common-3-5.jpg,2023/02/BM-Common-3-5.jpg,https://sarveda.com/wp-content/uploads/2023/02/BM-Common-3-5.jpg
7174,https://sarveda.com/wp-content/uploads/2023/02/BM-Common-7.jpg,2023/02/BM-Common-7.jpg,https://sarveda.com/wp-content/uploads/2023/02/BM-Common-7.jpg
7178,https://sarveda.com/wp-content/uploads/2023/03/51iEuEAMxXL.jpg,2023/03/51iEuEAMxXL.jpg,https://sarveda.com/wp-content/uploads/2023/03/51iEuEAMxXL.jpg
7179,https://sarveda.com/wp-content/uploads/2023/03/21eAQl4W9UL.jpg,2023/03/21eAQl4W9UL.jpg,https://sarveda.com/wp-content/uploads/2023/03/21eAQl4W9UL.jpg
7180,https://sarveda.com/wp-content/uploads/2023/03/51pomuwKMeL.jpg,2023/03/51pomuwKMeL.jpg,https://sarveda.com/wp-content/uploads/2023/03/51pomuwKMeL.jpg
7181,https://sarveda.com/wp-content/uploads/2023/03/51-jp9o8nL.jpg,2023/03/51-jp9o8nL.jpg,https://sarveda.com/wp-content/uploads/2023/03/51-jp9o8nL.jpg
7182,https://sarveda.com/wp-content/uploads/2023/03/51eNH0UylyL.jpg,2023/03/51eNH0UylyL.jpg,https://sarveda.com/wp-content/uploads/2023/03/51eNH0UylyL.jpg
7183,https://sarveda.com/wp-content/uploads/2023/03/51dakxcjsRL.jpg,2023/03/51dakxcjsRL.jpg,https://sarveda.com/wp-content/uploads/2023/03/51dakxcjsRL.jpg
7184,https://sarveda.com/wp-content/uploads/2023/03/31YChOyI7L.jpg,2023/03/31YChOyI7L.jpg,https://sarveda.com/wp-content/uploads/2023/03/31YChOyI7L.jpg
7191,https://sarveda.com/wp-content/uploads/2023/03/a0643a06-8fb9-40bd-a63c-e1123c819963-1.jpg,2023/03/a0643a06-8fb9-40bd-a63c-e1123c819963-1.jpg,https://sarveda.com/wp-content/uploads/2023/03/a0643a06-8fb9-40bd-a63c-e1123c819963-1.jpg
7192,https://sarveda.com/wp-content/uploads/2023/03/0aa457ab-edf8-44ec-9e7d-5fb330fd116c-1.jpg,2023/03/0aa457ab-edf8-44ec-9e7d-5fb330fd116c-1.jpg,https://sarveda.com/wp-content/uploads/2023/03/0aa457ab-edf8-44ec-9e7d-5fb330fd116c-1.jpg
7193,https://sarveda.com/wp-content/uploads/2023/03/a73347c2-11e3-44bb-b715-578cc398c3cf.jpg,2023/03/a73347c2-11e3-44bb-b715-578cc398c3cf.jpg,https://sarveda.com/wp-content/uploads/2023/03/a73347c2-11e3-44bb-b715-578cc398c3cf.jpg
7194,https://sarveda.com/wp-content/uploads/2023/03/2c1eb1ce-2e9b-463a-a380-5fe45e5270c3-1.jpg,2023/03/2c1eb1ce-2e9b-463a-a380-5fe45e5270c3-1.jpg,https://sarveda.com/wp-content/uploads/2023/03/2c1eb1ce-2e9b-463a-a380-5fe45e5270c3-1.jpg
7195,https://sarveda.com/wp-content/uploads/2023/03/5ff2e890-6b0b-4699-912e-6dc8ef2572ee.jpg,2023/03/5ff2e890-6b0b-4699-912e-6dc8ef2572ee.jpg,https://sarveda.com/wp-content/uploads/2023/03/5ff2e890-6b0b-4699-912e-6dc8ef2572ee.jpg
7196,https://sarveda.com/wp-content/uploads/2023/03/5fd58771-e969-4fa6-b668-7b69c55e38fa-1.jpg,2023/03/5fd58771-e969-4fa6-b668-7b69c55e38fa-1.jpg,https://sarveda.com/wp-content/uploads/2023/03/5fd58771-e969-4fa6-b668-7b69c55e38fa-1.jpg
7197,https://sarveda.com/wp-content/uploads/2023/03/1d54ef4c-acc6-43b0-bd16-beed3d096478.jpg,2023/03/1d54ef4c-acc6-43b0-bd16-beed3d096478.jpg,https://sarveda.com/wp-content/uploads/2023/03/1d54ef4c-acc6-43b0-bd16-beed3d096478.jpg
7198,https://sarveda.com/wp-content/uploads/2023/03/WhatsApp-Image-2022-12-07-at-11.40.45-AM.jpeg,2023/03/WhatsApp-Image-2022-12-07-at-11.40.45-AM.jpeg,https://sarveda.com/wp-content/uploads/2023/03/WhatsApp-Image-2022-12-07-at-11.40.45-AM.jpeg
7199,https://sarveda.com/wp-content/uploads/2023/03/WhatsApp-Image-2022-12-07-at-11.40.43-AM-2-1.jpeg,2023/03/WhatsApp-Image-2022-12-07-at-11.40.43-AM-2-1.jpeg,https://sarveda.com/wp-content/uploads/2023/03/WhatsApp-Image-2022-12-07-at-11.40.43-AM-2-1.jpeg
7200,https://sarveda.com/wp-content/uploads/2023/03/WhatsApp-Image-2022-12-07-at-11.40.43-AM-4-1.jpeg,2023/03/WhatsApp-Image-2022-12-07-at-11.40.43-AM-4-1.jpeg,https://sarveda.com/wp-content/uploads/2023/03/WhatsApp-Image-2022-12-07-at-11.40.43-AM-4-1.jpeg
7201,https://sarveda.com/wp-content/uploads/2021/04/IMG_2980-1.jpg,2021/04/IMG_2980-1.jpg,https://sarveda.com/wp-content/uploads/2021/04/IMG_2980-1.jpg
7202,https://sarveda.com/wp-content/uploads/2021/04/TUH_9687.jpg,2021/04/TUH_9687-scaled.jpg,https://sarveda.com/wp-content/uploads/2021/04/TUH_9687-scaled.jpg
7203,https://sarveda.com/wp-content/uploads/2021/04/TUH_9683.jpg,2021/04/TUH_9683-scaled.jpg,https://sarveda.com/wp-content/uploads/2021/04/TUH_9683-scaled.jpg
7204,https://sarveda.com/wp-content/uploads/2021/04/TUH_9674.jpg,2021/04/TUH_9674-scaled.jpg,https://sarveda.com/wp-content/uploads/2021/04/TUH_9674-scaled.jpg
7205,https://sarveda.com/wp-content/uploads/2021/04/TUH_9707.jpg,2021/04/TUH_9707-scaled.jpg,https://sarveda.com/wp-content/uploads/2021/04/TUH_9707-scaled.jpg
7206,https://sarveda.com/wp-content/uploads/2021/04/TUH_9615.jpg,2021/04/TUH_9615-scaled.jpg,https://sarveda.com/wp-content/uploads/2021/04/TUH_9615-scaled.jpg
7207,https://sarveda.com/wp-content/uploads/2021/04/TUH_9582.jpg,2021/04/TUH_9582-scaled.jpg,https://sarveda.com/wp-content/uploads/2021/04/TUH_9582-scaled.jpg
7208,https://sarveda.com/wp-content/uploads/2021/04/TUH_9494.jpg,2021/04/TUH_9494-scaled.jpg,https://sarveda.com/wp-content/uploads/2021/04/TUH_9494-scaled.jpg
7209,https://sarveda.com/wp-content/uploads/2021/04/TUH_9719.jpg,2021/04/TUH_9719-scaled.jpg,https://sarveda.com/wp-content/uploads/2021/04/TUH_9719-scaled.jpg
7210,https://sarveda.com/wp-content/uploads/2021/04/IMG_5696.png,2021/04/IMG_5696.png,https://sarveda.com/wp-content/uploads/2021/04/IMG_5696.png
7211,https://sarveda.com/wp-content/uploads/2021/04/IMG_9895.png,2021/04/IMG_9895.png,https://sarveda.com/wp-content/uploads/2021/04/IMG_9895.png
7212,https://sarveda.com/wp-content/uploads/2023/03/img1.jpeg,2023/03/img1.jpeg,https://sarveda.com/wp-content/uploads/2023/03/img1.jpeg
7214,https://sarveda.com/wp-content/uploads/2023/03/31VRehvyuhL-1.jpg,2023/03/31VRehvyuhL-1.jpg,https://sarveda.com/wp-content/uploads/2023/03/31VRehvyuhL-1.jpg
7215,https://sarveda.com/wp-content/uploads/2023/03/41a9ToqVcwL.jpg,2023/03/41a9ToqVcwL.jpg,https://sarveda.com/wp-content/uploads/2023/03/41a9ToqVcwL.jpg
7216,https://sarveda.com/wp-content/uploads/2023/03/31VRehvyuhL.jpg,2023/03/31VRehvyuhL.jpg,https://sarveda.com/wp-content/uploads/2023/03/31VRehvyuhL.jpg
7217,https://sarveda.com/wp-content/uploads/2023/03/41j581SBUxL-1.jpg,2023/03/41j581SBUxL-1.jpg,https://sarveda.com/wp-content/uploads/2023/03/41j581SBUxL-1.jpg
7218,https://sarveda.com/wp-content/uploads/2023/03/417fyZxrSKL.jpg,2023/03/417fyZxrSKL.jpg,https://sarveda.com/wp-content/uploads/2023/03/417fyZxrSKL.jpg
7219,https://sarveda.com/wp-content/uploads/2023/03/411VC-ypGbL.jpg,2023/03/411VC-ypGbL.jpg,https://sarveda.com/wp-content/uploads/2023/03/411VC-ypGbL.jpg
7220,https://sarveda.com/wp-content/uploads/2023/03/41j581SBUxL.jpg,2023/03/41j581SBUxL.jpg,https://sarveda.com/wp-content/uploads/2023/03/41j581SBUxL.jpg
7224,https://sarveda.com/wp-content/uploads/2022/11/Nepal-Retreat-Video.mp4,2022/11/Nepal-Retreat-Video.mp4,https://sarveda.com/wp-content/uploads/2022/11/Nepal-Retreat-Video.mp4
7242,https://sarveda.com/wp-content/uploads/2023/01/Yoga-Strap_1.jpg,2023/01/Yoga-Strap_1-scaled.jpg,https://sarveda.com/wp-content/uploads/2023/01/Yoga-Strap_1-scaled.jpg
7243,https://sarveda.com/wp-content/uploads/2023/01/Yoga-Strap_2.jpg,2023/01/Yoga-Strap_2-scaled.jpg,https://sarveda.com/wp-content/uploads/2023/01/Yoga-Strap_2-scaled.jpg
7244,https://sarveda.com/wp-content/uploads/2023/01/Yoga-Strap_3.jpg,2023/01/Yoga-Strap_3-scaled.jpg,https://sarveda.com/wp-content/uploads/2023/01/Yoga-Strap_3-scaled.jpg
7245,https://sarveda.com/wp-content/uploads/2023/01/Yoga-Strap_4.jpg,2023/01/Yoga-Strap_4-scaled.jpg,https://sarveda.com/wp-content/uploads/2023/01/Yoga-Strap_4-scaled.jpg
7246,https://sarveda.com/wp-content/uploads/2023/01/Yoga-Strap_5.jpg,2023/01/Yoga-Strap_5-scaled.jpg,https://sarveda.com/wp-content/uploads/2023/01/Yoga-Strap_5-scaled.jpg
7247,https://sarveda.com/wp-content/uploads/2023/01/Strap_Cards_4-1-1.jpg,2023/01/Strap_Cards_4-1-1.jpg,https://sarveda.com/wp-content/uploads/2023/01/Strap_Cards_4-1-1.jpg
7248,https://sarveda.com/wp-content/uploads/2023/01/Strap_Main-1.jpg,2023/01/Strap_Main-1.jpg,https://sarveda.com/wp-content/uploads/2023/01/Strap_Main-1.jpg
7265,https://sarveda.com/wp-content/uploads/2023/06/IMG10058.jpg,2023/06/IMG10058-scaled.jpg,https://sarveda.com/wp-content/uploads/2023/06/IMG10058-scaled.jpg
7266,https://sarveda.com/wp-content/uploads/2023/06/5838e86c-e530-472a-a013-8cab61e5f54a-1.jpg,2023/06/5838e86c-e530-472a-a013-8cab61e5f54a-1.jpg,https://sarveda.com/wp-content/uploads/2023/06/5838e86c-e530-472a-a013-8cab61e5f54a-1.jpg
7284,https://sarveda.com/wp-content/uploads/2023/03/IMG9985.jpg,2023/03/IMG9985-scaled.jpg,https://sarveda.com/wp-content/uploads/2023/03/IMG9985-scaled.jpg
7294,https://sarveda.com/wp-content/uploads/2023/08/LP-14.jpg,2023/08/LP-14-scaled.jpg,https://sarveda.com/wp-content/uploads/2023/08/LP-14-scaled.jpg
7295,https://sarveda.com/wp-content/uploads/2023/08/LP-14-1.jpg,2023/08/LP-14-1-scaled.jpg,https://sarveda.com/wp-content/uploads/2023/08/LP-14-1-scaled.jpg
7296,https://sarveda.com/wp-content/uploads/2023/08/LP-15.jpg,2023/08/LP-15-scaled.jpg,https://sarveda.com/wp-content/uploads/2023/08/LP-15-scaled.jpg
7297,https://sarveda.com/wp-content/uploads/2023/08/LP-321.jpg,2023/08/LP-321.jpg,https://sarveda.com/wp-content/uploads/2023/08/LP-321.jpg
7298,https://sarveda.com/wp-content/uploads/2023/08/LP-322.jpg,2023/08/LP-322.jpg,https://sarveda.com/wp-content/uploads/2023/08/LP-322.jpg
7299,https://sarveda.com/wp-content/uploads/2023/08/LP-323.jpg,2023/08/LP-323.jpg,https://sarveda.com/wp-content/uploads/2023/08/LP-323.jpg
7301,https://sarveda.com/wp-content/uploads/2023/08/LP-4.jpg,2023/08/LP-4-scaled.jpg,https://sarveda.com/wp-content/uploads/2023/08/LP-4-scaled.jpg
7302,https://sarveda.com/wp-content/uploads/2023/08/LP-4-1.jpg,2023/08/LP-4-1-scaled.jpg,https://sarveda.com/wp-content/uploads/2023/08/LP-4-1-scaled.jpg
7303,https://sarveda.com/wp-content/uploads/2023/08/LP-92.jpg,2023/08/LP-92.jpg,https://sarveda.com/wp-content/uploads/2023/08/LP-92.jpg
7304,https://sarveda.com/wp-content/uploads/2023/08/LP-93.jpg,2023/08/LP-93.jpg,https://sarveda.com/wp-content/uploads/2023/08/LP-93.jpg
7305,https://sarveda.com/wp-content/uploads/2023/08/LP-202.jpg,2023/08/LP-202.jpg,https://sarveda.com/wp-content/uploads/2023/08/LP-202.jpg
7306,https://sarveda.com/wp-content/uploads/2023/08/LP-203.jpg,2023/08/LP-203.jpg,https://sarveda.com/wp-content/uploads/2023/08/LP-203.jpg
7308,https://sarveda.com/wp-content/uploads/2023/08/LP-324.jpg,2023/08/LP-324.jpg,https://sarveda.com/wp-content/uploads/2023/08/LP-324.jpg
7309,https://sarveda.com/wp-content/uploads/2023/08/LP-325.jpg,2023/08/LP-325.jpg,https://sarveda.com/wp-content/uploads/2023/08/LP-325.jpg
7310,https://sarveda.com/wp-content/uploads/2023/08/LP-326.jpg,2023/08/LP-326.jpg,https://sarveda.com/wp-content/uploads/2023/08/LP-326.jpg
7311,https://sarveda.com/wp-content/uploads/2023/08/LP-327.jpg,2023/08/LP-327.jpg,https://sarveda.com/wp-content/uploads/2023/08/LP-327.jpg
7312,https://sarveda.com/wp-content/uploads/2023/08/LP-328.jpg,2023/08/LP-328.jpg,https://sarveda.com/wp-content/uploads/2023/08/LP-328.jpg
7313,https://sarveda.com/wp-content/uploads/2023/08/LP-329.jpg,2023/08/LP-329.jpg,https://sarveda.com/wp-content/uploads/2023/08/LP-329.jpg
7318,https://sarveda.com/wp-content/uploads/2023/08/LP-18.jpg,2023/08/LP-18-scaled.jpg,https://sarveda.com/wp-content/uploads/2023/08/LP-18-scaled.jpg
7319,https://sarveda.com/wp-content/uploads/2023/08/LP-19.jpg,2023/08/LP-19-scaled.jpg,https://sarveda.com/wp-content/uploads/2023/08/LP-19-scaled.jpg
7320,https://sarveda.com/wp-content/uploads/2023/08/LP-308.jpg,2023/08/LP-308.jpg,https://sarveda.com/wp-content/uploads/2023/08/LP-308.jpg
7321,https://sarveda.com/wp-content/uploads/2023/08/LP-309.jpg,2023/08/LP-309.jpg,https://sarveda.com/wp-content/uploads/2023/08/LP-309.jpg
7322,https://sarveda.com/wp-content/uploads/2023/08/LP-310.jpg,2023/08/LP-310.jpg,https://sarveda.com/wp-content/uploads/2023/08/LP-310.jpg
7323,https://sarveda.com/wp-content/uploads/2023/08/LP-311.jpg,2023/08/LP-311.jpg,https://sarveda.com/wp-content/uploads/2023/08/LP-311.jpg
7325,https://sarveda.com/wp-content/uploads/2023/08/LP-330.jpg,2023/08/LP-330.jpg,https://sarveda.com/wp-content/uploads/2023/08/LP-330.jpg
7326,https://sarveda.com/wp-content/uploads/2023/08/LP-331.jpg,2023/08/LP-331.jpg,https://sarveda.com/wp-content/uploads/2023/08/LP-331.jpg
7327,https://sarveda.com/wp-content/uploads/2023/08/LP-332.jpg,2023/08/LP-332.jpg,https://sarveda.com/wp-content/uploads/2023/08/LP-332.jpg
7328,https://sarveda.com/wp-content/uploads/2023/08/LP-333.jpg,2023/08/LP-333.jpg,https://sarveda.com/wp-content/uploads/2023/08/LP-333.jpg
7330,https://sarveda.com/wp-content/uploads/2023/08/LP-1.jpg,2023/08/LP-1-scaled.jpg,https://sarveda.com/wp-content/uploads/2023/08/LP-1-scaled.jpg
7331,https://sarveda.com/wp-content/uploads/2023/08/LP-165.jpg,2023/08/LP-165.jpg,https://sarveda.com/wp-content/uploads/2023/08/LP-165.jpg
7332,https://sarveda.com/wp-content/uploads/2023/08/LP-166.jpg,2023/08/LP-166.jpg,https://sarveda.com/wp-content/uploads/2023/08/LP-166.jpg
7333,https://sarveda.com/wp-content/uploads/2023/08/LP-167.jpg,2023/08/LP-167.jpg,https://sarveda.com/wp-content/uploads/2023/08/LP-167.jpg
7335,https://sarveda.com/wp-content/uploads/2023/08/LP-12.jpg,2023/08/LP-12-scaled.jpg,https://sarveda.com/wp-content/uploads/2023/08/LP-12-scaled.jpg
7336,https://sarveda.com/wp-content/uploads/2023/08/LP-11.jpg,2023/08/LP-11-scaled.jpg,https://sarveda.com/wp-content/uploads/2023/08/LP-11-scaled.jpg
7337,https://sarveda.com/wp-content/uploads/2023/08/LP-12-1.jpg,2023/08/LP-12-1-scaled.jpg,https://sarveda.com/wp-content/uploads/2023/08/LP-12-1-scaled.jpg
7338,https://sarveda.com/wp-content/uploads/2023/08/LP-13.jpg,2023/08/LP-13-scaled.jpg,https://sarveda.com/wp-content/uploads/2023/08/LP-13-scaled.jpg
7339,https://sarveda.com/wp-content/uploads/2023/08/LP-156.jpg,2023/08/LP-156.jpg,https://sarveda.com/wp-content/uploads/2023/08/LP-156.jpg
7340,https://sarveda.com/wp-content/uploads/2023/08/LP-157.jpg,2023/08/LP-157.jpg,https://sarveda.com/wp-content/uploads/2023/08/LP-157.jpg
7341,https://sarveda.com/wp-content/uploads/2023/08/LP-158.jpg,2023/08/LP-158.jpg,https://sarveda.com/wp-content/uploads/2023/08/LP-158.jpg
7343,https://sarveda.com/wp-content/uploads/2023/08/LP-50.jpg,2023/08/LP-50-scaled.jpg,https://sarveda.com/wp-content/uploads/2023/08/LP-50-scaled.jpg
7344,https://sarveda.com/wp-content/uploads/2023/08/LP-49.jpg,2023/08/LP-49-scaled.jpg,https://sarveda.com/wp-content/uploads/2023/08/LP-49-scaled.jpg
7345,https://sarveda.com/wp-content/uploads/2023/08/LP-50-1.jpg,2023/08/LP-50-1-scaled.jpg,https://sarveda.com/wp-content/uploads/2023/08/LP-50-1-scaled.jpg
7346,https://sarveda.com/wp-content/uploads/2023/08/LP-159.jpg,2023/08/LP-159.jpg,https://sarveda.com/wp-content/uploads/2023/08/LP-159.jpg
7347,https://sarveda.com/wp-content/uploads/2023/08/LP-160.jpg,2023/08/LP-160.jpg,https://sarveda.com/wp-content/uploads/2023/08/LP-160.jpg
7348,https://sarveda.com/wp-content/uploads/2023/08/LP-161.jpg,2023/08/LP-161.jpg,https://sarveda.com/wp-content/uploads/2023/08/LP-161.jpg
7350,https://sarveda.com/wp-content/uploads/2023/08/LP-2.jpg,2023/08/LP-2-scaled.jpg,https://sarveda.com/wp-content/uploads/2023/08/LP-2-scaled.jpg
7351,https://sarveda.com/wp-content/uploads/2023/08/LP-2-1.jpg,2023/08/LP-2-1-scaled.jpg,https://sarveda.com/wp-content/uploads/2023/08/LP-2-1-scaled.jpg
7352,https://sarveda.com/wp-content/uploads/2023/08/LP-3.jpg,2023/08/LP-3-scaled.jpg,https://sarveda.com/wp-content/uploads/2023/08/LP-3-scaled.jpg
7353,https://sarveda.com/wp-content/uploads/2023/08/LP-162.jpg,2023/08/LP-162.jpg,https://sarveda.com/wp-content/uploads/2023/08/LP-162.jpg
7354,https://sarveda.com/wp-content/uploads/2023/08/LP-163.jpg,2023/08/LP-163.jpg,https://sarveda.com/wp-content/uploads/2023/08/LP-163.jpg
7355,https://sarveda.com/wp-content/uploads/2023/08/LP-164.jpg,2023/08/LP-164.jpg,https://sarveda.com/wp-content/uploads/2023/08/LP-164.jpg
7357,https://sarveda.com/wp-content/uploads/2023/08/LP-20.jpg,2023/08/LP-20-scaled.jpg,https://sarveda.com/wp-content/uploads/2023/08/LP-20-scaled.jpg
7358,https://sarveda.com/wp-content/uploads/2023/08/LP-20-1.jpg,2023/08/LP-20-1-scaled.jpg,https://sarveda.com/wp-content/uploads/2023/08/LP-20-1-scaled.jpg
7359,https://sarveda.com/wp-content/uploads/2023/08/LP-21.jpg,2023/08/LP-21-scaled.jpg,https://sarveda.com/wp-content/uploads/2023/08/LP-21-scaled.jpg
7360,https://sarveda.com/wp-content/uploads/2023/08/LP-199.jpg,2023/08/LP-199.jpg,https://sarveda.com/wp-content/uploads/2023/08/LP-199.jpg
7361,https://sarveda.com/wp-content/uploads/2023/08/LP-200.jpg,2023/08/LP-200.jpg,https://sarveda.com/wp-content/uploads/2023/08/LP-200.jpg
7362,https://sarveda.com/wp-content/uploads/2023/08/LP-201.jpg,2023/08/LP-201.jpg,https://sarveda.com/wp-content/uploads/2023/08/LP-201.jpg
7364,https://sarveda.com/wp-content/uploads/2023/08/LP-61.jpg,2023/08/LP-61.jpg,https://sarveda.com/wp-content/uploads/2023/08/LP-61.jpg
7365,https://sarveda.com/wp-content/uploads/2023/08/LP-60.jpg,2023/08/LP-60.jpg,https://sarveda.com/wp-content/uploads/2023/08/LP-60.jpg
7366,https://sarveda.com/wp-content/uploads/2023/08/LP-61-1.jpg,2023/08/LP-61-1.jpg,https://sarveda.com/wp-content/uploads/2023/08/LP-61-1.jpg
7367,https://sarveda.com/wp-content/uploads/2023/08/LP-177.jpg,2023/08/LP-177.jpg,https://sarveda.com/wp-content/uploads/2023/08/LP-177.jpg
7368,https://sarveda.com/wp-content/uploads/2023/08/LP-178.jpg,2023/08/LP-178.jpg,https://sarveda.com/wp-content/uploads/2023/08/LP-178.jpg
7369,https://sarveda.com/wp-content/uploads/2023/08/LP-179.jpg,2023/08/LP-179.jpg,https://sarveda.com/wp-content/uploads/2023/08/LP-179.jpg
7371,https://sarveda.com/wp-content/uploads/2023/08/LP-42.jpg,2023/08/LP-42-scaled.jpg,https://sarveda.com/wp-content/uploads/2023/08/LP-42-scaled.jpg
7372,https://sarveda.com/wp-content/uploads/2023/08/LP-42-1.jpg,2023/08/LP-42-1-scaled.jpg,https://sarveda.com/wp-content/uploads/2023/08/LP-42-1-scaled.jpg
7373,https://sarveda.com/wp-content/uploads/2023/08/LP-45.jpg,2023/08/LP-45-scaled.jpg,https://sarveda.com/wp-content/uploads/2023/08/LP-45-scaled.jpg
7374,https://sarveda.com/wp-content/uploads/2023/08/LP-214.jpg,2023/08/LP-214.jpg,https://sarveda.com/wp-content/uploads/2023/08/LP-214.jpg
7375,https://sarveda.com/wp-content/uploads/2023/08/LP-215.jpg,2023/08/LP-215.jpg,https://sarveda.com/wp-content/uploads/2023/08/LP-215.jpg
7376,https://sarveda.com/wp-content/uploads/2023/08/LP-216.jpg,2023/08/LP-216.jpg,https://sarveda.com/wp-content/uploads/2023/08/LP-216.jpg
7381,https://sarveda.com/wp-content/uploads/2023/08/LP-39.jpg,2023/08/LP-39-scaled.jpg,https://sarveda.com/wp-content/uploads/2023/08/LP-39-scaled.jpg
7382,https://sarveda.com/wp-content/uploads/2023/08/LP-39-1.jpg,2023/08/LP-39-1-scaled.jpg,https://sarveda.com/wp-content/uploads/2023/08/LP-39-1-scaled.jpg
7383,https://sarveda.com/wp-content/uploads/2023/08/LP-41.jpg,2023/08/LP-41-scaled.jpg,https://sarveda.com/wp-content/uploads/2023/08/LP-41-scaled.jpg
7384,https://sarveda.com/wp-content/uploads/2023/08/LP-43.jpg,2023/08/LP-43-scaled.jpg,https://sarveda.com/wp-content/uploads/2023/08/LP-43-scaled.jpg
7385,https://sarveda.com/wp-content/uploads/2023/08/LP-44.jpg,2023/08/LP-44-scaled.jpg,https://sarveda.com/wp-content/uploads/2023/08/LP-44-scaled.jpg
7386,https://sarveda.com/wp-content/uploads/2023/08/LP-46.jpg,2023/08/LP-46-scaled.jpg,https://sarveda.com/wp-content/uploads/2023/08/LP-46-scaled.jpg
7387,https://sarveda.com/wp-content/uploads/2023/08/LP-47.jpg,2023/08/LP-47-scaled.jpg,https://sarveda.com/wp-content/uploads/2023/08/LP-47-scaled.jpg
7388,https://sarveda.com/wp-content/uploads/2023/08/LP-48.jpg,2023/08/LP-48-scaled.jpg,https://sarveda.com/wp-content/uploads/2023/08/LP-48-scaled.jpg
7389,https://sarveda.com/wp-content/uploads/2023/08/LP-232.jpg,2023/08/LP-232.jpg,https://sarveda.com/wp-content/uploads/2023/08/LP-232.jpg
7390,https://sarveda.com/wp-content/uploads/2023/08/LP-233.jpg,2023/08/LP-233.jpg,https://sarveda.com/wp-content/uploads/2023/08/LP-233.jpg
7391,https://sarveda.com/wp-content/uploads/2023/08/LP-234.jpg,2023/08/LP-234.jpg,https://sarveda.com/wp-content/uploads/2023/08/LP-234.jpg
7392,https://sarveda.com/wp-content/uploads/2023/08/LP-235.jpg,2023/08/LP-235.jpg,https://sarveda.com/wp-content/uploads/2023/08/LP-235.jpg
7393,https://sarveda.com/wp-content/uploads/2023/08/LP-236.jpg,2023/08/LP-236.jpg,https://sarveda.com/wp-content/uploads/2023/08/LP-236.jpg
7394,https://sarveda.com/wp-content/uploads/2023/08/LP-238.jpg,2023/08/LP-238.jpg,https://sarveda.com/wp-content/uploads/2023/08/LP-238.jpg
7395,https://sarveda.com/wp-content/uploads/2023/08/LP-240.jpg,2023/08/LP-240.jpg,https://sarveda.com/wp-content/uploads/2023/08/LP-240.jpg
7397,https://sarveda.com/wp-content/uploads/2023/08/LP-99.jpg,2023/08/LP-99.jpg,https://sarveda.com/wp-content/uploads/2023/08/LP-99.jpg
7398,https://sarveda.com/wp-content/uploads/2023/08/LP-97.jpg,2023/08/LP-97.jpg,https://sarveda.com/wp-content/uploads/2023/08/LP-97.jpg
7399,https://sarveda.com/wp-content/uploads/2023/08/LP-99-1.jpg,2023/08/LP-99-1.jpg,https://sarveda.com/wp-content/uploads/2023/08/LP-99-1.jpg
7400,https://sarveda.com/wp-content/uploads/2023/08/LP-100.jpg,2023/08/LP-100.jpg,https://sarveda.com/wp-content/uploads/2023/08/LP-100.jpg
7401,https://sarveda.com/wp-content/uploads/2023/08/LP-168.jpg,2023/08/LP-168.jpg,https://sarveda.com/wp-content/uploads/2023/08/LP-168.jpg
7402,https://sarveda.com/wp-content/uploads/2023/08/LP-169.jpg,2023/08/LP-169.jpg,https://sarveda.com/wp-content/uploads/2023/08/LP-169.jpg
7403,https://sarveda.com/wp-content/uploads/2023/08/LP-170.jpg,2023/08/LP-170.jpg,https://sarveda.com/wp-content/uploads/2023/08/LP-170.jpg
7405,https://sarveda.com/wp-content/uploads/2023/08/LP-53.jpg,2023/08/LP-53.jpg,https://sarveda.com/wp-content/uploads/2023/08/LP-53.jpg
7406,https://sarveda.com/wp-content/uploads/2023/08/LP-52.jpg,2023/08/LP-52.jpg,https://sarveda.com/wp-content/uploads/2023/08/LP-52.jpg
7407,https://sarveda.com/wp-content/uploads/2023/08/LP-53-1.jpg,2023/08/LP-53-1.jpg,https://sarveda.com/wp-content/uploads/2023/08/LP-53-1.jpg
7408,https://sarveda.com/wp-content/uploads/2023/08/LP-54.jpg,2023/08/LP-54.jpg,https://sarveda.com/wp-content/uploads/2023/08/LP-54.jpg
7409,https://sarveda.com/wp-content/uploads/2023/08/LP-55.jpg,2023/08/LP-55.jpg,https://sarveda.com/wp-content/uploads/2023/08/LP-55.jpg
7410,https://sarveda.com/wp-content/uploads/2023/08/LP-57.jpg,2023/08/LP-57.jpg,https://sarveda.com/wp-content/uploads/2023/08/LP-57.jpg
7411,https://sarveda.com/wp-content/uploads/2023/08/LP-204.jpg,2023/08/LP-204.jpg,https://sarveda.com/wp-content/uploads/2023/08/LP-204.jpg
7412,https://sarveda.com/wp-content/uploads/2023/08/LP-205.jpg,2023/08/LP-205.jpg,https://sarveda.com/wp-content/uploads/2023/08/LP-205.jpg
7413,https://sarveda.com/wp-content/uploads/2023/08/LP-206.jpg,2023/08/LP-206.jpg,https://sarveda.com/wp-content/uploads/2023/08/LP-206.jpg
7422,https://sarveda.com/wp-content/uploads/2023/08/LP-38.jpg,2023/08/LP-38-scaled.jpg,https://sarveda.com/wp-content/uploads/2023/08/LP-38-scaled.jpg
7423,https://sarveda.com/wp-content/uploads/2023/08/LP-24.jpg,2023/08/LP-24-scaled.jpg,https://sarveda.com/wp-content/uploads/2023/08/LP-24-scaled.jpg
7424,https://sarveda.com/wp-content/uploads/2023/08/LP-25.jpg,2023/08/LP-25-scaled.jpg,https://sarveda.com/wp-content/uploads/2023/08/LP-25-scaled.jpg
7425,https://sarveda.com/wp-content/uploads/2023/08/LP-27.jpg,2023/08/LP-27-scaled.jpg,https://sarveda.com/wp-content/uploads/2023/08/LP-27-scaled.jpg
7426,https://sarveda.com/wp-content/uploads/2023/08/LP-30.jpg,2023/08/LP-30-scaled.jpg,https://sarveda.com/wp-content/uploads/2023/08/LP-30-scaled.jpg
7427,https://sarveda.com/wp-content/uploads/2023/08/LP-32.jpg,2023/08/LP-32-scaled.jpg,https://sarveda.com/wp-content/uploads/2023/08/LP-32-scaled.jpg
7428,https://sarveda.com/wp-content/uploads/2023/08/LP-35.jpg,2023/08/LP-35-scaled.jpg,https://sarveda.com/wp-content/uploads/2023/08/LP-35-scaled.jpg
7429,https://sarveda.com/wp-content/uploads/2023/08/LP-37.jpg,2023/08/LP-37-scaled.jpg,https://sarveda.com/wp-content/uploads/2023/08/LP-37-scaled.jpg
7430,https://sarveda.com/wp-content/uploads/2023/08/LP-38-1.jpg,2023/08/LP-38-1-scaled.jpg,https://sarveda.com/wp-content/uploads/2023/08/LP-38-1-scaled.jpg
7431,https://sarveda.com/wp-content/uploads/2023/08/LP-180.jpg,2023/08/LP-180.jpg,https://sarveda.com/wp-content/uploads/2023/08/LP-180.jpg
7432,https://sarveda.com/wp-content/uploads/2023/08/LP-182.jpg,2023/08/LP-182.jpg,https://sarveda.com/wp-content/uploads/2023/08/LP-182.jpg
7433,https://sarveda.com/wp-content/uploads/2023/08/LP-185.jpg,2023/08/LP-185.jpg,https://sarveda.com/wp-content/uploads/2023/08/LP-185.jpg
7434,https://sarveda.com/wp-content/uploads/2023/08/LP-189.jpg,2023/08/LP-189.jpg,https://sarveda.com/wp-content/uploads/2023/08/LP-189.jpg
7436,https://sarveda.com/wp-content/uploads/2023/08/LP-83.jpg,2023/08/LP-83.jpg,https://sarveda.com/wp-content/uploads/2023/08/LP-83.jpg
7437,https://sarveda.com/wp-content/uploads/2023/08/LP-51.jpg,2023/08/LP-51.jpg,https://sarveda.com/wp-content/uploads/2023/08/LP-51.jpg
7438,https://sarveda.com/wp-content/uploads/2023/08/LP-83-1.jpg,2023/08/LP-83-1.jpg,https://sarveda.com/wp-content/uploads/2023/08/LP-83-1.jpg
7439,https://sarveda.com/wp-content/uploads/2023/08/LP-84.jpg,2023/08/LP-84.jpg,https://sarveda.com/wp-content/uploads/2023/08/LP-84.jpg
7440,https://sarveda.com/wp-content/uploads/2023/08/LP-85.jpg,2023/08/LP-85.jpg,https://sarveda.com/wp-content/uploads/2023/08/LP-85.jpg
7441,https://sarveda.com/wp-content/uploads/2023/08/LP-86.jpg,2023/08/LP-86.jpg,https://sarveda.com/wp-content/uploads/2023/08/LP-86.jpg
7442,https://sarveda.com/wp-content/uploads/2023/08/LP-263.jpg,2023/08/LP-263.jpg,https://sarveda.com/wp-content/uploads/2023/08/LP-263.jpg
7444,https://sarveda.com/wp-content/uploads/2023/08/LP-94.jpg,2023/08/LP-94.jpg,https://sarveda.com/wp-content/uploads/2023/08/LP-94.jpg
7445,https://sarveda.com/wp-content/uploads/2023/08/LP-94-1.jpg,2023/08/LP-94-1.jpg,https://sarveda.com/wp-content/uploads/2023/08/LP-94-1.jpg
7446,https://sarveda.com/wp-content/uploads/2023/08/LP-95.jpg,2023/08/LP-95.jpg,https://sarveda.com/wp-content/uploads/2023/08/LP-95.jpg
7447,https://sarveda.com/wp-content/uploads/2023/08/LP-96.jpg,2023/08/LP-96.jpg,https://sarveda.com/wp-content/uploads/2023/08/LP-96.jpg
7448,https://sarveda.com/wp-content/uploads/2023/08/LP-154.jpg,2023/08/LP-154.jpg,https://sarveda.com/wp-content/uploads/2023/08/LP-154.jpg
7449,https://sarveda.com/wp-content/uploads/2023/08/LP-155.jpg,2023/08/LP-155.jpg,https://sarveda.com/wp-content/uploads/2023/08/LP-155.jpg
7451,https://sarveda.com/wp-content/uploads/2023/08/LP-10.jpg,2023/08/LP-10-scaled.jpg,https://sarveda.com/wp-content/uploads/2023/08/LP-10-scaled.jpg
7452,https://sarveda.com/wp-content/uploads/2023/08/LP-10-1.jpg,2023/08/LP-10-1-scaled.jpg,https://sarveda.com/wp-content/uploads/2023/08/LP-10-1-scaled.jpg
7453,https://sarveda.com/wp-content/uploads/2023/08/LP-174.jpg,2023/08/LP-174.jpg,https://sarveda.com/wp-content/uploads/2023/08/LP-174.jpg
7454,https://sarveda.com/wp-content/uploads/2023/08/LP-175.jpg,2023/08/LP-175.jpg,https://sarveda.com/wp-content/uploads/2023/08/LP-175.jpg
7455,https://sarveda.com/wp-content/uploads/2023/08/LP-176.jpg,2023/08/LP-176.jpg,https://sarveda.com/wp-content/uploads/2023/08/LP-176.jpg
7457,https://sarveda.com/wp-content/uploads/2023/08/LP-210.jpg,2023/08/LP-210.jpg,https://sarveda.com/wp-content/uploads/2023/08/LP-210.jpg
7458,https://sarveda.com/wp-content/uploads/2023/08/LP-58.jpg,2023/08/LP-58.jpg,https://sarveda.com/wp-content/uploads/2023/08/LP-58.jpg
7459,https://sarveda.com/wp-content/uploads/2023/08/LP-59.jpg,2023/08/LP-59.jpg,https://sarveda.com/wp-content/uploads/2023/08/LP-59.jpg
7460,https://sarveda.com/wp-content/uploads/2023/08/LP-207.jpg,2023/08/LP-207.jpg,https://sarveda.com/wp-content/uploads/2023/08/LP-207.jpg
7461,https://sarveda.com/wp-content/uploads/2023/08/LP-208.jpg,2023/08/LP-208.jpg,https://sarveda.com/wp-content/uploads/2023/08/LP-208.jpg
7462,https://sarveda.com/wp-content/uploads/2023/08/LP-209.jpg,2023/08/LP-209.jpg,https://sarveda.com/wp-content/uploads/2023/08/LP-209.jpg
7465,https://sarveda.com/wp-content/uploads/2023/08/LP-89.jpg,2023/08/LP-89.jpg,https://sarveda.com/wp-content/uploads/2023/08/LP-89.jpg
7466,https://sarveda.com/wp-content/uploads/2023/08/LP-88.jpg,2023/08/LP-88.jpg,https://sarveda.com/wp-content/uploads/2023/08/LP-88.jpg
7467,https://sarveda.com/wp-content/uploads/2023/08/LP-90.jpg,2023/08/LP-90.jpg,https://sarveda.com/wp-content/uploads/2023/08/LP-90.jpg
7468,https://sarveda.com/wp-content/uploads/2023/08/LP-91.jpg,2023/08/LP-91.jpg,https://sarveda.com/wp-content/uploads/2023/08/LP-91.jpg
7469,https://sarveda.com/wp-content/uploads/2023/08/LP-196.jpg,2023/08/LP-196.jpg,https://sarveda.com/wp-content/uploads/2023/08/LP-196.jpg
7470,https://sarveda.com/wp-content/uploads/2023/08/LP-197.jpg,2023/08/LP-197.jpg,https://sarveda.com/wp-content/uploads/2023/08/LP-197.jpg
7471,https://sarveda.com/wp-content/uploads/2023/08/LP-198.jpg,2023/08/LP-198.jpg,https://sarveda.com/wp-content/uploads/2023/08/LP-198.jpg
7473,https://sarveda.com/wp-content/uploads/2023/08/LP-63.jpg,2023/08/LP-63.jpg,https://sarveda.com/wp-content/uploads/2023/08/LP-63.jpg
7474,https://sarveda.com/wp-content/uploads/2023/08/LP-62.jpg,2023/08/LP-62.jpg,https://sarveda.com/wp-content/uploads/2023/08/LP-62.jpg
7475,https://sarveda.com/wp-content/uploads/2023/08/LP-193.jpg,2023/08/LP-193.jpg,https://sarveda.com/wp-content/uploads/2023/08/LP-193.jpg
7476,https://sarveda.com/wp-content/uploads/2023/08/LP-194.jpg,2023/08/LP-194.jpg,https://sarveda.com/wp-content/uploads/2023/08/LP-194.jpg
7477,https://sarveda.com/wp-content/uploads/2023/08/LP-195.jpg,2023/08/LP-195.jpg,https://sarveda.com/wp-content/uploads/2023/08/LP-195.jpg
7479,https://sarveda.com/wp-content/uploads/2023/08/LP-159-1.jpg,2023/08/LP-159-1.jpg,https://sarveda.com/wp-content/uploads/2023/08/LP-159-1.jpg
7480,https://sarveda.com/wp-content/uploads/2023/08/LP-49-1.jpg,2023/08/LP-49-1-scaled.jpg,https://sarveda.com/wp-content/uploads/2023/08/LP-49-1-scaled.jpg
7481,https://sarveda.com/wp-content/uploads/2023/08/LP-50-2.jpg,2023/08/LP-50-2-scaled.jpg,https://sarveda.com/wp-content/uploads/2023/08/LP-50-2-scaled.jpg
7482,https://sarveda.com/wp-content/uploads/2023/08/LP-160-1.jpg,2023/08/LP-160-1.jpg,https://sarveda.com/wp-content/uploads/2023/08/LP-160-1.jpg
7483,https://sarveda.com/wp-content/uploads/2023/08/LP-161-1.jpg,2023/08/LP-161-1.jpg,https://sarveda.com/wp-content/uploads/2023/08/LP-161-1.jpg
7485,https://sarveda.com/wp-content/uploads/2023/08/LP-9.jpg,2023/08/LP-9-scaled.jpg,https://sarveda.com/wp-content/uploads/2023/08/LP-9-scaled.jpg
7486,https://sarveda.com/wp-content/uploads/2023/08/LP-8.jpg,2023/08/LP-8-scaled.jpg,https://sarveda.com/wp-content/uploads/2023/08/LP-8-scaled.jpg
7487,https://sarveda.com/wp-content/uploads/2023/08/LP-317.jpg,2023/08/LP-317.jpg,https://sarveda.com/wp-content/uploads/2023/08/LP-317.jpg
7488,https://sarveda.com/wp-content/uploads/2023/08/LP-318.jpg,2023/08/LP-318-scaled.jpg,https://sarveda.com/wp-content/uploads/2023/08/LP-318-scaled.jpg
7489,https://sarveda.com/wp-content/uploads/2023/08/LP-319.jpg,2023/08/LP-319.jpg,https://sarveda.com/wp-content/uploads/2023/08/LP-319.jpg
7490,https://sarveda.com/wp-content/uploads/2023/08/LP-320.jpg,2023/08/LP-320.jpg,https://sarveda.com/wp-content/uploads/2023/08/LP-320.jpg
7496,https://sarveda.com/wp-content/uploads/2023/08/LP-129.jpg,2023/08/LP-129.jpg,https://sarveda.com/wp-content/uploads/2023/08/LP-129.jpg
7497,https://sarveda.com/wp-content/uploads/2023/08/LP-124.jpg,2023/08/LP-124.jpg,https://sarveda.com/wp-content/uploads/2023/08/LP-124.jpg
7498,https://sarveda.com/wp-content/uploads/2023/08/LP-128.jpg,2023/08/LP-128.jpg,https://sarveda.com/wp-content/uploads/2023/08/LP-128.jpg
7499,https://sarveda.com/wp-content/uploads/2023/08/LP-129-1.jpg,2023/08/LP-129-1.jpg,https://sarveda.com/wp-content/uploads/2023/08/LP-129-1.jpg
7500,https://sarveda.com/wp-content/uploads/2023/08/LP-142.jpg,2023/08/LP-142.jpg,https://sarveda.com/wp-content/uploads/2023/08/LP-142.jpg
7501,https://sarveda.com/wp-content/uploads/2023/08/LP-144.jpg,2023/08/LP-144.jpg,https://sarveda.com/wp-content/uploads/2023/08/LP-144.jpg
7502,https://sarveda.com/wp-content/uploads/2023/08/LP-145.jpg,2023/08/LP-145.jpg,https://sarveda.com/wp-content/uploads/2023/08/LP-145.jpg
7503,https://sarveda.com/wp-content/uploads/2023/08/LP-147.jpg,2023/08/LP-147.jpg,https://sarveda.com/wp-content/uploads/2023/08/LP-147.jpg
7504,https://sarveda.com/wp-content/uploads/2023/08/LP-148.jpg,2023/08/LP-148.jpg,https://sarveda.com/wp-content/uploads/2023/08/LP-148.jpg
7505,https://sarveda.com/wp-content/uploads/2023/08/LP-150.jpg,2023/08/LP-150.jpg,https://sarveda.com/wp-content/uploads/2023/08/LP-150.jpg
7506,https://sarveda.com/wp-content/uploads/2023/08/LP-151.jpg,2023/08/LP-151.jpg,https://sarveda.com/wp-content/uploads/2023/08/LP-151.jpg
7507,https://sarveda.com/wp-content/uploads/2023/08/LP-153.jpg,2023/08/LP-153.jpg,https://sarveda.com/wp-content/uploads/2023/08/LP-153.jpg
7528,https://sarveda.com/wp-content/uploads/2023/02/LP-261.jpg,2023/02/LP-261.jpg,https://sarveda.com/wp-content/uploads/2023/02/LP-261.jpg
7529,https://sarveda.com/wp-content/uploads/2023/02/LP-249.jpg,2023/02/LP-249.jpg,https://sarveda.com/wp-content/uploads/2023/02/LP-249.jpg
7530,https://sarveda.com/wp-content/uploads/2023/02/LP-250.jpg,2023/02/LP-250.jpg,https://sarveda.com/wp-content/uploads/2023/02/LP-250.jpg
7531,https://sarveda.com/wp-content/uploads/2023/02/LP-251.jpg,2023/02/LP-251.jpg,https://sarveda.com/wp-content/uploads/2023/02/LP-251.jpg
7532,https://sarveda.com/wp-content/uploads/2023/02/LP-252.jpg,2023/02/LP-252.jpg,https://sarveda.com/wp-content/uploads/2023/02/LP-252.jpg
7533,https://sarveda.com/wp-content/uploads/2023/02/LP-253.jpg,2023/02/LP-253.jpg,https://sarveda.com/wp-content/uploads/2023/02/LP-253.jpg
7534,https://sarveda.com/wp-content/uploads/2023/02/LP-254.jpg,2023/02/LP-254.jpg,https://sarveda.com/wp-content/uploads/2023/02/LP-254.jpg
7535,https://sarveda.com/wp-content/uploads/2023/02/LP-255.jpg,2023/02/LP-255.jpg,https://sarveda.com/wp-content/uploads/2023/02/LP-255.jpg
7536,https://sarveda.com/wp-content/uploads/2023/02/LP-256.jpg,2023/02/LP-256.jpg,https://sarveda.com/wp-content/uploads/2023/02/LP-256.jpg
7537,https://sarveda.com/wp-content/uploads/2023/02/LP-257.jpg,2023/02/LP-257.jpg,https://sarveda.com/wp-content/uploads/2023/02/LP-257.jpg
7538,https://sarveda.com/wp-content/uploads/2023/02/LP-258.jpg,2023/02/LP-258.jpg,https://sarveda.com/wp-content/uploads/2023/02/LP-258.jpg
7539,https://sarveda.com/wp-content/uploads/2023/02/LP-259.jpg,2023/02/LP-259.jpg,https://sarveda.com/wp-content/uploads/2023/02/LP-259.jpg
7540,https://sarveda.com/wp-content/uploads/2023/02/LP-260.jpg,2023/02/LP-260.jpg,https://sarveda.com/wp-content/uploads/2023/02/LP-260.jpg
7543,https://sarveda.com/wp-content/uploads/2023/08/LP-171.jpg,2023/08/LP-171.jpg,https://sarveda.com/wp-content/uploads/2023/08/LP-171.jpg
7544,https://sarveda.com/wp-content/uploads/2023/08/LP-22.jpg,2023/08/LP-22-scaled.jpg,https://sarveda.com/wp-content/uploads/2023/08/LP-22-scaled.jpg
7545,https://sarveda.com/wp-content/uploads/2023/08/LP-23.jpg,2023/08/LP-23-scaled.jpg,https://sarveda.com/wp-content/uploads/2023/08/LP-23-scaled.jpg
7546,https://sarveda.com/wp-content/uploads/2023/08/LP-172.jpg,2023/08/LP-172.jpg,https://sarveda.com/wp-content/uploads/2023/08/LP-172.jpg
7547,https://sarveda.com/wp-content/uploads/2023/08/LP-173.jpg,2023/08/LP-173.jpg,https://sarveda.com/wp-content/uploads/2023/08/LP-173.jpg
7549,https://sarveda.com/wp-content/uploads/2023/08/LP-104.jpg,2023/08/LP-104.jpg,https://sarveda.com/wp-content/uploads/2023/08/LP-104.jpg
7550,https://sarveda.com/wp-content/uploads/2023/08/LP-102.jpg,2023/08/LP-102.jpg,https://sarveda.com/wp-content/uploads/2023/08/LP-102.jpg
7551,https://sarveda.com/wp-content/uploads/2023/08/LP-103.jpg,2023/08/LP-103.jpg,https://sarveda.com/wp-content/uploads/2023/08/LP-103.jpg
7552,https://sarveda.com/wp-content/uploads/2023/08/LP-211.jpg,2023/08/LP-211.jpg,https://sarveda.com/wp-content/uploads/2023/08/LP-211.jpg
7553,https://sarveda.com/wp-content/uploads/2023/08/LP-212.jpg,2023/08/LP-212.jpg,https://sarveda.com/wp-content/uploads/2023/08/LP-212.jpg
7554,https://sarveda.com/wp-content/uploads/2023/08/LP-217.jpg,2023/08/LP-217.jpg,https://sarveda.com/wp-content/uploads/2023/08/LP-217.jpg
7555,https://sarveda.com/wp-content/uploads/2023/08/LP-220.jpg,2023/08/LP-220.jpg,https://sarveda.com/wp-content/uploads/2023/08/LP-220.jpg
7556,https://sarveda.com/wp-content/uploads/2023/08/LP-223.jpg,2023/08/LP-223.jpg,https://sarveda.com/wp-content/uploads/2023/08/LP-223.jpg
7557,https://sarveda.com/wp-content/uploads/2023/08/LP-226.jpg,2023/08/LP-226.jpg,https://sarveda.com/wp-content/uploads/2023/08/LP-226.jpg
7558,https://sarveda.com/wp-content/uploads/2023/08/LP-229.jpg,2023/08/LP-229.jpg,https://sarveda.com/wp-content/uploads/2023/08/LP-229.jpg
7560,https://sarveda.com/wp-content/uploads/2023/02/LP-336.jpg,2023/02/LP-336.jpg,https://sarveda.com/wp-content/uploads/2023/02/LP-336.jpg
7561,https://sarveda.com/wp-content/uploads/2023/02/LP-337.jpg,2023/02/LP-337.jpg,https://sarveda.com/wp-content/uploads/2023/02/LP-337.jpg
7563,https://sarveda.com/wp-content/uploads/2023/02/LP-339.jpg,2023/02/LP-339.jpg,https://sarveda.com/wp-content/uploads/2023/02/LP-339.jpg
7564,https://sarveda.com/wp-content/uploads/2023/02/LP-340.jpg,2023/02/LP-340.jpg,https://sarveda.com/wp-content/uploads/2023/02/LP-340.jpg
7566,https://sarveda.com/wp-content/uploads/2023/02/LP-334.jpg,2023/02/LP-334.jpg,https://sarveda.com/wp-content/uploads/2023/02/LP-334.jpg
7567,https://sarveda.com/wp-content/uploads/2023/02/LP-335.jpg,2023/02/LP-335.jpg,https://sarveda.com/wp-content/uploads/2023/02/LP-335.jpg
7574,https://sarveda.com/wp-content/uploads/2023/08/LP-298.jpg,2023/08/LP-298.jpg,https://sarveda.com/wp-content/uploads/2023/08/LP-298.jpg
7575,https://sarveda.com/wp-content/uploads/2023/08/LP-292.jpg,2023/08/LP-292.jpg,https://sarveda.com/wp-content/uploads/2023/08/LP-292.jpg
7576,https://sarveda.com/wp-content/uploads/2023/08/LP-293.jpg,2023/08/LP-293.jpg,https://sarveda.com/wp-content/uploads/2023/08/LP-293.jpg
7577,https://sarveda.com/wp-content/uploads/2023/08/LP-294.jpg,2023/08/LP-294.jpg,https://sarveda.com/wp-content/uploads/2023/08/LP-294.jpg
7578,https://sarveda.com/wp-content/uploads/2023/08/LP-295.jpg,2023/08/LP-295.jpg,https://sarveda.com/wp-content/uploads/2023/08/LP-295.jpg
7579,https://sarveda.com/wp-content/uploads/2023/08/LP-296.jpg,2023/08/LP-296.jpg,https://sarveda.com/wp-content/uploads/2023/08/LP-296.jpg
7580,https://sarveda.com/wp-content/uploads/2023/08/LP-297.jpg,2023/08/LP-297.jpg,https://sarveda.com/wp-content/uploads/2023/08/LP-297.jpg
7581,https://sarveda.com/wp-content/uploads/2023/08/LP-299.jpg,2023/08/LP-299.jpg,https://sarveda.com/wp-content/uploads/2023/08/LP-299.jpg
7582,https://sarveda.com/wp-content/uploads/2023/08/LP-300.jpg,2023/08/LP-300.jpg,https://sarveda.com/wp-content/uploads/2023/08/LP-300.jpg
7583,https://sarveda.com/wp-content/uploads/2023/08/LP-301.jpg,2023/08/LP-301.jpg,https://sarveda.com/wp-content/uploads/2023/08/LP-301.jpg
7587,https://sarveda.com/wp-content/uploads/2023/08/LP-348.jpg,2023/08/LP-348.jpg,https://sarveda.com/wp-content/uploads/2023/08/LP-348.jpg
7588,https://sarveda.com/wp-content/uploads/2023/08/LP-349.jpg,2023/08/LP-349.jpg,https://sarveda.com/wp-content/uploads/2023/08/LP-349.jpg
7589,https://sarveda.com/wp-content/uploads/2023/08/LP-74.jpg,2023/08/LP-74.jpg,https://sarveda.com/wp-content/uploads/2023/08/LP-74.jpg
7591,https://sarveda.com/wp-content/uploads/2023/08/LP-75.jpg,2023/08/LP-75.jpg,https://sarveda.com/wp-content/uploads/2023/08/LP-75.jpg
7592,https://sarveda.com/wp-content/uploads/2023/08/LP-75-1.jpg,2023/08/LP-75-1.jpg,https://sarveda.com/wp-content/uploads/2023/08/LP-75-1.jpg
7593,https://sarveda.com/wp-content/uploads/2023/08/LP-346.jpg,2023/08/LP-346.jpg,https://sarveda.com/wp-content/uploads/2023/08/LP-346.jpg
7594,https://sarveda.com/wp-content/uploads/2023/08/LP-347.jpg,2023/08/LP-347.jpg,https://sarveda.com/wp-content/uploads/2023/08/LP-347.jpg
7600,https://sarveda.com/wp-content/uploads/2023/08/LP-73.jpg,2023/08/LP-73.jpg,https://sarveda.com/wp-content/uploads/2023/08/LP-73.jpg
7601,https://sarveda.com/wp-content/uploads/2023/08/LP-72.jpg,2023/08/LP-72.jpg,https://sarveda.com/wp-content/uploads/2023/08/LP-72.jpg
7602,https://sarveda.com/wp-content/uploads/2023/08/LP-73-1.jpg,2023/08/LP-73-1.jpg,https://sarveda.com/wp-content/uploads/2023/08/LP-73-1.jpg
7603,https://sarveda.com/wp-content/uploads/2023/08/LP-76.jpg,2023/08/LP-76.jpg,https://sarveda.com/wp-content/uploads/2023/08/LP-76.jpg
7604,https://sarveda.com/wp-content/uploads/2023/08/LP-77.jpg,2023/08/LP-77.jpg,https://sarveda.com/wp-content/uploads/2023/08/LP-77.jpg
7605,https://sarveda.com/wp-content/uploads/2023/08/LP-350.jpg,2023/08/LP-350.jpg,https://sarveda.com/wp-content/uploads/2023/08/LP-350.jpg
7606,https://sarveda.com/wp-content/uploads/2023/08/LP-351.jpg,2023/08/LP-351.jpg,https://sarveda.com/wp-content/uploads/2023/08/LP-351.jpg
7612,https://sarveda.com/wp-content/uploads/2023/08/LP-68.jpg,2023/08/LP-68.jpg,https://sarveda.com/wp-content/uploads/2023/08/LP-68.jpg
7613,https://sarveda.com/wp-content/uploads/2023/08/LP-67.jpg,2023/08/LP-67.jpg,https://sarveda.com/wp-content/uploads/2023/08/LP-67.jpg
7614,https://sarveda.com/wp-content/uploads/2023/08/LP-68-1.jpg,2023/08/LP-68-1.jpg,https://sarveda.com/wp-content/uploads/2023/08/LP-68-1.jpg
7615,https://sarveda.com/wp-content/uploads/2023/08/LP-69.jpg,2023/08/LP-69.jpg,https://sarveda.com/wp-content/uploads/2023/08/LP-69.jpg
7616,https://sarveda.com/wp-content/uploads/2023/08/LP-70.jpg,2023/08/LP-70.jpg,https://sarveda.com/wp-content/uploads/2023/08/LP-70.jpg
7617,https://sarveda.com/wp-content/uploads/2023/08/LP-71.jpg,2023/08/LP-71.jpg,https://sarveda.com/wp-content/uploads/2023/08/LP-71.jpg
7618,https://sarveda.com/wp-content/uploads/2023/08/LP-78.jpg,2023/08/LP-78.jpg,https://sarveda.com/wp-content/uploads/2023/08/LP-78.jpg
7619,https://sarveda.com/wp-content/uploads/2023/08/LP-79.jpg,2023/08/LP-79.jpg,https://sarveda.com/wp-content/uploads/2023/08/LP-79.jpg
7620,https://sarveda.com/wp-content/uploads/2023/08/LP-80.jpg,2023/08/LP-80.jpg,https://sarveda.com/wp-content/uploads/2023/08/LP-80.jpg
7621,https://sarveda.com/wp-content/uploads/2023/08/LP-342.jpg,2023/08/LP-342.jpg,https://sarveda.com/wp-content/uploads/2023/08/LP-342.jpg
7622,https://sarveda.com/wp-content/uploads/2023/08/LP-343.jpg,2023/08/LP-343.jpg,https://sarveda.com/wp-content/uploads/2023/08/LP-343.jpg
7623,https://sarveda.com/wp-content/uploads/2023/08/LP-344.jpg,2023/08/LP-344.jpg,https://sarveda.com/wp-content/uploads/2023/08/LP-344.jpg
7624,https://sarveda.com/wp-content/uploads/2023/08/LP-345.jpg,2023/08/LP-345.jpg,https://sarveda.com/wp-content/uploads/2023/08/LP-345.jpg
7630,https://sarveda.com/wp-content/uploads/2023/08/LP-362.jpg,2023/08/LP-362.jpg,https://sarveda.com/wp-content/uploads/2023/08/LP-362.jpg
7631,https://sarveda.com/wp-content/uploads/2023/08/LP-355.jpg,2023/08/LP-355.jpg,https://sarveda.com/wp-content/uploads/2023/08/LP-355.jpg
7632,https://sarveda.com/wp-content/uploads/2023/08/LP-356.jpg,2023/08/LP-356.jpg,https://sarveda.com/wp-content/uploads/2023/08/LP-356.jpg
7633,https://sarveda.com/wp-content/uploads/2023/08/LP-357.jpg,2023/08/LP-357.jpg,https://sarveda.com/wp-content/uploads/2023/08/LP-357.jpg
7634,https://sarveda.com/wp-content/uploads/2023/08/LP-361.jpg,2023/08/LP-361.jpg,https://sarveda.com/wp-content/uploads/2023/08/LP-361.jpg
7635,https://sarveda.com/wp-content/uploads/2023/08/LP-363.jpg,2023/08/LP-363.jpg,https://sarveda.com/wp-content/uploads/2023/08/LP-363.jpg
7636,https://sarveda.com/wp-content/uploads/2023/08/LP-364.jpg,2023/08/LP-364.jpg,https://sarveda.com/wp-content/uploads/2023/08/LP-364.jpg
7637,https://sarveda.com/wp-content/uploads/2023/08/LP-365.jpg,2023/08/LP-365.jpg,https://sarveda.com/wp-content/uploads/2023/08/LP-365.jpg
7638,https://sarveda.com/wp-content/uploads/2023/08/LP-366.jpg,2023/08/LP-366.jpg,https://sarveda.com/wp-content/uploads/2023/08/LP-366.jpg
7639,https://sarveda.com/wp-content/uploads/2023/08/LP-373.jpg,2023/08/LP-373.jpg,https://sarveda.com/wp-content/uploads/2023/08/LP-373.jpg
7640,https://sarveda.com/wp-content/uploads/2023/08/LP-374.jpg,2023/08/LP-374.jpg,https://sarveda.com/wp-content/uploads/2023/08/LP-374.jpg
7641,https://sarveda.com/wp-content/uploads/2023/08/LP-375.jpg,2023/08/LP-375.jpg,https://sarveda.com/wp-content/uploads/2023/08/LP-375.jpg
7647,https://sarveda.com/wp-content/uploads/2023/08/LP-352.jpg,2023/08/LP-352.jpg,https://sarveda.com/wp-content/uploads/2023/08/LP-352.jpg
7648,https://sarveda.com/wp-content/uploads/2023/08/LP-353.jpg,2023/08/LP-353.jpg,https://sarveda.com/wp-content/uploads/2023/08/LP-353.jpg
7649,https://sarveda.com/wp-content/uploads/2023/08/LP-358.jpg,2023/08/LP-358.jpg,https://sarveda.com/wp-content/uploads/2023/08/LP-358.jpg
7650,https://sarveda.com/wp-content/uploads/2023/08/LP-359.jpg,2023/08/LP-359.jpg,https://sarveda.com/wp-content/uploads/2023/08/LP-359.jpg
7651,https://sarveda.com/wp-content/uploads/2023/08/LP-367.jpg,2023/08/LP-367.jpg,https://sarveda.com/wp-content/uploads/2023/08/LP-367.jpg
7652,https://sarveda.com/wp-content/uploads/2023/08/LP-368.jpg,2023/08/LP-368.jpg,https://sarveda.com/wp-content/uploads/2023/08/LP-368.jpg
7653,https://sarveda.com/wp-content/uploads/2023/08/LP-370.jpg,2023/08/LP-370.jpg,https://sarveda.com/wp-content/uploads/2023/08/LP-370.jpg
7654,https://sarveda.com/wp-content/uploads/2023/08/LP-371.jpg,2023/08/LP-371.jpg,https://sarveda.com/wp-content/uploads/2023/08/LP-371.jpg
7656,https://sarveda.com/wp-content/uploads/2023/08/LP-108.jpg,2023/08/LP-108.jpg,https://sarveda.com/wp-content/uploads/2023/08/LP-108.jpg
7657,https://sarveda.com/wp-content/uploads/2023/08/LP-107.jpg,2023/08/LP-107.jpg,https://sarveda.com/wp-content/uploads/2023/08/LP-107.jpg
7658,https://sarveda.com/wp-content/uploads/2023/08/LP-117.jpg,2023/08/LP-117.jpg,https://sarveda.com/wp-content/uploads/2023/08/LP-117.jpg
7659,https://sarveda.com/wp-content/uploads/2023/08/LP-140.jpg,2023/08/LP-140.jpg,https://sarveda.com/wp-content/uploads/2023/08/LP-140.jpg
7660,https://sarveda.com/wp-content/uploads/2023/08/LP-141.jpg,2023/08/LP-141.jpg,https://sarveda.com/wp-content/uploads/2023/08/LP-141.jpg
7666,https://sarveda.com/wp-content/uploads/2023/08/LP-119.jpg,2023/08/LP-119.jpg,https://sarveda.com/wp-content/uploads/2023/08/LP-119.jpg
7667,https://sarveda.com/wp-content/uploads/2023/08/LP-105.jpg,2023/08/LP-105.jpg,https://sarveda.com/wp-content/uploads/2023/08/LP-105.jpg
7668,https://sarveda.com/wp-content/uploads/2023/08/LP-106.jpg,2023/08/LP-106.jpg,https://sarveda.com/wp-content/uploads/2023/08/LP-106.jpg
7669,https://sarveda.com/wp-content/uploads/2023/08/LP-109.jpg,2023/08/LP-109.jpg,https://sarveda.com/wp-content/uploads/2023/08/LP-109.jpg
7670,https://sarveda.com/wp-content/uploads/2023/08/LP-110.jpg,2023/08/LP-110.jpg,https://sarveda.com/wp-content/uploads/2023/08/LP-110.jpg
7671,https://sarveda.com/wp-content/uploads/2023/08/LP-111.jpg,2023/08/LP-111.jpg,https://sarveda.com/wp-content/uploads/2023/08/LP-111.jpg
7672,https://sarveda.com/wp-content/uploads/2023/08/LP-112.jpg,2023/08/LP-112.jpg,https://sarveda.com/wp-content/uploads/2023/08/LP-112.jpg
7673,https://sarveda.com/wp-content/uploads/2023/08/LP-113.jpg,2023/08/LP-113.jpg,https://sarveda.com/wp-content/uploads/2023/08/LP-113.jpg
7674,https://sarveda.com/wp-content/uploads/2023/08/LP-114.jpg,2023/08/LP-114.jpg,https://sarveda.com/wp-content/uploads/2023/08/LP-114.jpg
7675,https://sarveda.com/wp-content/uploads/2023/08/LP-115.jpg,2023/08/LP-115.jpg,https://sarveda.com/wp-content/uploads/2023/08/LP-115.jpg
7676,https://sarveda.com/wp-content/uploads/2023/08/LP-116.jpg,2023/08/LP-116.jpg,https://sarveda.com/wp-content/uploads/2023/08/LP-116.jpg
7677,https://sarveda.com/wp-content/uploads/2023/08/LP-118.jpg,2023/08/LP-118.jpg,https://sarveda.com/wp-content/uploads/2023/08/LP-118.jpg
7678,https://sarveda.com/wp-content/uploads/2023/08/LP-119-1.jpg,2023/08/LP-119-1.jpg,https://sarveda.com/wp-content/uploads/2023/08/LP-119-1.jpg
7679,https://sarveda.com/wp-content/uploads/2023/08/LP-120.jpg,2023/08/LP-120.jpg,https://sarveda.com/wp-content/uploads/2023/08/LP-120.jpg
7680,https://sarveda.com/wp-content/uploads/2023/08/LP-121.jpg,2023/08/LP-121.jpg,https://sarveda.com/wp-content/uploads/2023/08/LP-121.jpg
7681,https://sarveda.com/wp-content/uploads/2023/08/LP-122.jpg,2023/08/LP-122.jpg,https://sarveda.com/wp-content/uploads/2023/08/LP-122.jpg
7682,https://sarveda.com/wp-content/uploads/2023/08/LP-131.jpg,2023/08/LP-131.jpg,https://sarveda.com/wp-content/uploads/2023/08/LP-131.jpg
7683,https://sarveda.com/wp-content/uploads/2023/08/LP-133.jpg,2023/08/LP-133.jpg,https://sarveda.com/wp-content/uploads/2023/08/LP-133.jpg
7684,https://sarveda.com/wp-content/uploads/2023/08/LP-135.jpg,2023/08/LP-135.jpg,https://sarveda.com/wp-content/uploads/2023/08/LP-135.jpg
7685,https://sarveda.com/wp-content/uploads/2023/08/LP-137.jpg,2023/08/LP-137.jpg,https://sarveda.com/wp-content/uploads/2023/08/LP-137.jpg
7686,https://sarveda.com/wp-content/uploads/2023/08/LP-139.jpg,2023/08/LP-139.jpg,https://sarveda.com/wp-content/uploads/2023/08/LP-139.jpg
7696,https://sarveda.com/wp-content/uploads/2023/08/LP-266.jpg,2023/08/LP-266.jpg,https://sarveda.com/wp-content/uploads/2023/08/LP-266.jpg
7697,https://sarveda.com/wp-content/uploads/2023/08/LP-267.jpg,2023/08/LP-267.jpg,https://sarveda.com/wp-content/uploads/2023/08/LP-267.jpg
7698,https://sarveda.com/wp-content/uploads/2023/08/LP-268.jpg,2023/08/LP-268.jpg,https://sarveda.com/wp-content/uploads/2023/08/LP-268.jpg
7699,https://sarveda.com/wp-content/uploads/2023/08/LP-269.jpg,2023/08/LP-269.jpg,https://sarveda.com/wp-content/uploads/2023/08/LP-269.jpg
7700,https://sarveda.com/wp-content/uploads/2023/08/LP-270.jpg,2023/08/LP-270.jpg,https://sarveda.com/wp-content/uploads/2023/08/LP-270.jpg
7701,https://sarveda.com/wp-content/uploads/2023/08/LP-271.jpg,2023/08/LP-271.jpg,https://sarveda.com/wp-content/uploads/2023/08/LP-271.jpg
7702,https://sarveda.com/wp-content/uploads/2023/08/LP-272.jpg,2023/08/LP-272.jpg,https://sarveda.com/wp-content/uploads/2023/08/LP-272.jpg
7703,https://sarveda.com/wp-content/uploads/2023/08/LP-273.jpg,2023/08/LP-273.jpg,https://sarveda.com/wp-content/uploads/2023/08/LP-273.jpg
7704,https://sarveda.com/wp-content/uploads/2023/08/LP-274.jpg,2023/08/LP-274.jpg,https://sarveda.com/wp-content/uploads/2023/08/LP-274.jpg
7705,https://sarveda.com/wp-content/uploads/2023/08/LP-275.jpg,2023/08/LP-275.jpg,https://sarveda.com/wp-content/uploads/2023/08/LP-275.jpg
7706,https://sarveda.com/wp-content/uploads/2023/08/LP-276.jpg,2023/08/LP-276.jpg,https://sarveda.com/wp-content/uploads/2023/08/LP-276.jpg
7707,https://sarveda.com/wp-content/uploads/2023/08/LP-277.jpg,2023/08/LP-277.jpg,https://sarveda.com/wp-content/uploads/2023/08/LP-277.jpg
7708,https://sarveda.com/wp-content/uploads/2023/08/LP-278.jpg,2023/08/LP-278.jpg,https://sarveda.com/wp-content/uploads/2023/08/LP-278.jpg
7709,https://sarveda.com/wp-content/uploads/2023/08/LP-279.jpg,2023/08/LP-279.jpg,https://sarveda.com/wp-content/uploads/2023/08/LP-279.jpg
7710,https://sarveda.com/wp-content/uploads/2023/08/LP-280.jpg,2023/08/LP-280.jpg,https://sarveda.com/wp-content/uploads/2023/08/LP-280.jpg
7711,https://sarveda.com/wp-content/uploads/2023/08/LP-281.jpg,2023/08/LP-281.jpg,https://sarveda.com/wp-content/uploads/2023/08/LP-281.jpg
7712,https://sarveda.com/wp-content/uploads/2023/08/LP-282.jpg,2023/08/LP-282.jpg,https://sarveda.com/wp-content/uploads/2023/08/LP-282.jpg
7713,https://sarveda.com/wp-content/uploads/2023/08/LP-283.jpg,2023/08/LP-283.jpg,https://sarveda.com/wp-content/uploads/2023/08/LP-283.jpg
7714,https://sarveda.com/wp-content/uploads/2023/08/LP-284.jpg,2023/08/LP-284.jpg,https://sarveda.com/wp-content/uploads/2023/08/LP-284.jpg
7715,https://sarveda.com/wp-content/uploads/2023/08/LP-285.jpg,2023/08/LP-285.jpg,https://sarveda.com/wp-content/uploads/2023/08/LP-285.jpg
7716,https://sarveda.com/wp-content/uploads/2023/08/LP-286.jpg,2023/08/LP-286.jpg,https://sarveda.com/wp-content/uploads/2023/08/LP-286.jpg
7717,https://sarveda.com/wp-content/uploads/2023/08/LP-287.jpg,2023/08/LP-287.jpg,https://sarveda.com/wp-content/uploads/2023/08/LP-287.jpg
7718,https://sarveda.com/wp-content/uploads/2023/08/LP-288.jpg,2023/08/LP-288.jpg,https://sarveda.com/wp-content/uploads/2023/08/LP-288.jpg
7719,https://sarveda.com/wp-content/uploads/2023/08/LP-289.jpg,2023/08/LP-289.jpg,https://sarveda.com/wp-content/uploads/2023/08/LP-289.jpg
7720,https://sarveda.com/wp-content/uploads/2023/08/LP-290.jpg,2023/08/LP-290.jpg,https://sarveda.com/wp-content/uploads/2023/08/LP-290.jpg
7721,https://sarveda.com/wp-content/uploads/2023/08/LP-291.jpg,2023/08/LP-291.jpg,https://sarveda.com/wp-content/uploads/2023/08/LP-291.jpg
7752,https://sarveda.com/wp-content/uploads/2023/02/LP-241.jpg,2023/02/LP-241.jpg,https://sarveda.com/wp-content/uploads/2023/02/LP-241.jpg
7753,https://sarveda.com/wp-content/uploads/2023/02/LP-242.jpg,2023/02/LP-242.jpg,https://sarveda.com/wp-content/uploads/2023/02/LP-242.jpg
7754,https://sarveda.com/wp-content/uploads/2023/02/LP-243.jpg,2023/02/LP-243.jpg,https://sarveda.com/wp-content/uploads/2023/02/LP-243.jpg
7755,https://sarveda.com/wp-content/uploads/2023/02/LP-244.jpg,2023/02/LP-244.jpg,https://sarveda.com/wp-content/uploads/2023/02/LP-244.jpg
7756,https://sarveda.com/wp-content/uploads/2023/02/LP-245.jpg,2023/02/LP-245.jpg,https://sarveda.com/wp-content/uploads/2023/02/LP-245.jpg
7757,https://sarveda.com/wp-content/uploads/2023/02/LP-246.jpg,2023/02/LP-246.jpg,https://sarveda.com/wp-content/uploads/2023/02/LP-246.jpg
7758,https://sarveda.com/wp-content/uploads/2023/02/LP-247.jpg,2023/02/LP-247.jpg,https://sarveda.com/wp-content/uploads/2023/02/LP-247.jpg
7759,https://sarveda.com/wp-content/uploads/2023/02/LP-248.jpg,2023/02/LP-248.jpg,https://sarveda.com/wp-content/uploads/2023/02/LP-248.jpg
7803,https://sarveda.com/wp-content/uploads/2022/11/LP-16.jpg,2022/11/LP-16-scaled.jpg,https://sarveda.com/wp-content/uploads/2022/11/LP-16-scaled.jpg
7804,https://sarveda.com/wp-content/uploads/2022/11/LP-17.jpg,2022/11/LP-17-scaled.jpg,https://sarveda.com/wp-content/uploads/2022/11/LP-17-scaled.jpg
7805,https://sarveda.com/wp-content/uploads/2022/11/LP-306.jpg,2022/11/LP-306.jpg,https://sarveda.com/wp-content/uploads/2022/11/LP-306.jpg
7806,https://sarveda.com/wp-content/uploads/2022/11/LP-307.jpg,2022/11/LP-307.jpg,https://sarveda.com/wp-content/uploads/2022/11/LP-307.jpg
7813,https://sarveda.com/wp-content/uploads/2021/11/Tongue-cleaner-1.png,2021/11/Tongue-cleaner-1.png,https://sarveda.com/wp-content/uploads/2021/11/Tongue-cleaner-1.png
7814,https://sarveda.com/wp-content/uploads/2021/11/Copper-Ring-type2.png,2021/11/Copper-Ring-type2.png,https://sarveda.com/wp-content/uploads/2021/11/Copper-Ring-type2.png
7815,https://sarveda.com/wp-content/uploads/2021/11/Copper-ring1.png,2021/11/Copper-ring1.png,https://sarveda.com/wp-content/uploads/2021/11/Copper-ring1.png
7816,https://sarveda.com/wp-content/uploads/2021/11/TC_Pack-of-4-1.jpg,2021/11/TC_Pack-of-4-1.jpg,https://sarveda.com/wp-content/uploads/2021/11/TC_Pack-of-4-1.jpg
7817,https://sarveda.com/wp-content/uploads/2021/11/IMG36361-1.jpg,2021/11/IMG36361-1.jpg,https://sarveda.com/wp-content/uploads/2021/11/IMG36361-1.jpg
7818,https://sarveda.com/wp-content/uploads/2021/11/IMG36363-1.jpg,2021/11/IMG36363-1.jpg,https://sarveda.com/wp-content/uploads/2021/11/IMG36363-1.jpg
7819,https://sarveda.com/wp-content/uploads/2023/08/Kalimba-4.png,2023/08/Kalimba-4.png,https://sarveda.com/wp-content/uploads/2023/08/Kalimba-4.png
7832,https://sarveda.com/wp-content/uploads/2022/07/Yoga-Psychology.png,2022/07/Yoga-Psychology.png,https://sarveda.com/wp-content/uploads/2022/07/Yoga-Psychology.png
7833,https://sarveda.com/wp-content/uploads/2022/07/Arjun-Arora.png,2022/07/Arjun-Arora.png,https://sarveda.com/wp-content/uploads/2022/07/Arjun-Arora.png
7854,https://sarveda.com/wp-content/uploads/2023/08/Shakers-Rattles.png,2023/08/Shakers-Rattles.png,https://sarveda.com/wp-content/uploads/2023/08/Shakers-Rattles.png
7855,https://sarveda.com/wp-content/uploads/2023/08/Copper-bottles.png,2023/08/Copper-bottles.png,https://sarveda.com/wp-content/uploads/2023/08/Copper-bottles.png
7856,https://sarveda.com/wp-content/uploads/2023/08/Sound-healing-Instruments.png,2023/08/Sound-healing-Instruments.png,https://sarveda.com/wp-content/uploads/2023/08/Sound-healing-Instruments.png
7867,https://sarveda.com/wp-content/uploads/2023/01/Plain-2-G-1.jpg,2023/01/Plain-2-G-1.jpg,https://sarveda.com/wp-content/uploads/2023/01/Plain-2-G-1.jpg
7868,https://sarveda.com/wp-content/uploads/2023/01/Plain-2-G-2.jpg,2023/01/Plain-2-G-2.jpg,https://sarveda.com/wp-content/uploads/2023/01/Plain-2-G-2.jpg
7869,https://sarveda.com/wp-content/uploads/2023/01/Vintage-2-G-1.jpg,2023/01/Vintage-2-G-1.jpg,https://sarveda.com/wp-content/uploads/2023/01/Vintage-2-G-1.jpg
7870,https://sarveda.com/wp-content/uploads/2023/01/Vintage-2-G-2.jpg,2023/01/Vintage-2-G-2.jpg,https://sarveda.com/wp-content/uploads/2023/01/Vintage-2-G-2.jpg
7871,https://sarveda.com/wp-content/uploads/2023/01/ancient-wisdon-5-600x330-1.png,2023/01/ancient-wisdon-5-600x330-1.png,https://sarveda.com/wp-content/uploads/2023/01/ancient-wisdon-5-600x330-1.png
7872,https://sarveda.com/wp-content/uploads/2023/01/Health-Benefits-9-1-600x330-1.jpeg,2023/01/Health-Benefits-9-1-600x330-1.jpeg,https://sarveda.com/wp-content/uploads/2023/01/Health-Benefits-9-1-600x330-1.jpeg
7873,https://sarveda.com/wp-content/uploads/2023/01/A-New-600x371-1.png,2023/01/A-New-600x371-1.png,https://sarveda.com/wp-content/uploads/2023/01/A-New-600x371-1.png
7874,https://sarveda.com/wp-content/uploads/2023/01/A3-600x371-1.png,2023/01/A3-600x371-1.png,https://sarveda.com/wp-content/uploads/2023/01/A3-600x371-1.png
7906,https://sarveda.com/wp-content/uploads/2023/02/LP-264.jpg,2023/02/LP-264.jpg,https://sarveda.com/wp-content/uploads/2023/02/LP-264.jpg
7907,https://sarveda.com/wp-content/uploads/2023/02/LP-265.jpg,2023/02/LP-265.jpg,https://sarveda.com/wp-content/uploads/2023/02/LP-265.jpg
7909,https://sarveda.com/wp-content/uploads/2023/09/WhatsApp-Image-2023-09-12-at-15.54.24.jpeg,2023/09/WhatsApp-Image-2023-09-12-at-15.54.24.jpeg,https://sarveda.com/wp-content/uploads/2023/09/WhatsApp-Image-2023-09-12-at-15.54.24.jpeg
7919,https://sarveda.com/wp-content/uploads/2023/09/banner_01.jpg,2023/09/banner_01.jpg,https://sarveda.com/wp-content/uploads/2023/09/banner_01.jpg
7920,https://sarveda.com/wp-content/uploads/2023/09/banner_02.jpg,2023/09/banner_02.jpg,https://sarveda.com/wp-content/uploads/2023/09/banner_02.jpg
7967,https://sarveda.com/wp-content/uploads/2023/08/LP-122-1.jpg,2023/08/LP-122-1.jpg,https://sarveda.com/wp-content/uploads/2023/08/LP-122-1.jpg
7968,https://sarveda.com/wp-content/uploads/2023/08/LP-131-1.jpg,2023/08/LP-131-1.jpg,https://sarveda.com/wp-content/uploads/2023/08/LP-131-1.jpg
7973,https://sarveda.com/wp-content/uploads/2023/09/122-1.jpg,2023/09/122-1-scaled.jpg,https://sarveda.com/wp-content/uploads/2023/09/122-1-scaled.jpg
7981,https://sarveda.com/wp-content/uploads/2023/09/Blue-Mat-1.png,2023/09/Blue-Mat-1.png,https://sarveda.com/wp-content/uploads/2023/09/Blue-Mat-1.png
7982,https://sarveda.com/wp-content/uploads/2023/09/Blue-Mat-2.png,2023/09/Blue-Mat-2.png,https://sarveda.com/wp-content/uploads/2023/09/Blue-Mat-2.png
7983,https://sarveda.com/wp-content/uploads/2023/09/Blue-Mat-3.png,2023/09/Blue-Mat-3.png,https://sarveda.com/wp-content/uploads/2023/09/Blue-Mat-3.png
7984,https://sarveda.com/wp-content/uploads/2023/09/Orange-Mat-1.png,2023/09/Orange-Mat-1.png,https://sarveda.com/wp-content/uploads/2023/09/Orange-Mat-1.png
7986,https://sarveda.com/wp-content/uploads/2023/09/Orange-Plain-2.png,2023/09/Orange-Plain-2.png,https://sarveda.com/wp-content/uploads/2023/09/Orange-Plain-2.png
7987,https://sarveda.com/wp-content/uploads/2023/09/Orange-Plain-3.png,2023/09/Orange-Plain-3.png,https://sarveda.com/wp-content/uploads/2023/09/Orange-Plain-3.png
7988,https://sarveda.com/wp-content/uploads/2023/09/Pink-PLain-1.png,2023/09/Pink-PLain-1.png,https://sarveda.com/wp-content/uploads/2023/09/Pink-PLain-1.png
7989,https://sarveda.com/wp-content/uploads/2023/09/PLain-Green-2.png,2023/09/PLain-Green-2.png,https://sarveda.com/wp-content/uploads/2023/09/PLain-Green-2.png
7990,https://sarveda.com/wp-content/uploads/2023/09/PLain-Green-3.png,2023/09/PLain-Green-3.png,https://sarveda.com/wp-content/uploads/2023/09/PLain-Green-3.png
7991,https://sarveda.com/wp-content/uploads/2023/09/PLain-Green.png,2023/09/PLain-Green.png,https://sarveda.com/wp-content/uploads/2023/09/PLain-Green.png
7992,https://sarveda.com/wp-content/uploads/2023/09/PLain-Pink-2.png,2023/09/PLain-Pink-2.png,https://sarveda.com/wp-content/uploads/2023/09/PLain-Pink-2.png
7993,https://sarveda.com/wp-content/uploads/2023/09/PLain-Pink-3.png,2023/09/PLain-Pink-3.png,https://sarveda.com/wp-content/uploads/2023/09/PLain-Pink-3.png
7996,https://sarveda.com/wp-content/uploads/2022/04/sound-therapy.png,2022/04/sound-therapy.png,https://sarveda.com/wp-content/uploads/2022/04/sound-therapy.png
7998,https://sarveda.com/wp-content/uploads/2022/04/Priyanjali.png,2022/04/Priyanjali.png,https://sarveda.com/wp-content/uploads/2022/04/Priyanjali.png
7999,https://sarveda.com/wp-content/uploads/2022/04/Sowmya-Aiiyar.png,2022/04/Sowmya-Aiiyar.png,https://sarveda.com/wp-content/uploads/2022/04/Sowmya-Aiiyar.png
8000,https://sarveda.com/wp-content/uploads/2022/04/Arjun-Arora.png,2022/04/Arjun-Arora.png,https://sarveda.com/wp-content/uploads/2022/04/Arjun-Arora.png
8008,https://sarveda.com/wp-content/uploads/2023/09/Sound-Alchemy.png,2023/09/Sound-Alchemy.png,https://sarveda.com/wp-content/uploads/2023/09/Sound-Alchemy.png
8009,https://sarveda.com/wp-content/uploads/2023/09/Priyanjali.png,2023/09/Priyanjali.png,https://sarveda.com/wp-content/uploads/2023/09/Priyanjali.png
8041,https://sarveda.com/wp-content/uploads/2023/10/Common_2.1.jpg,2023/10/Common_2.1.jpg,https://sarveda.com/wp-content/uploads/2023/10/Common_2.1.jpg
8042,https://sarveda.com/wp-content/uploads/2023/10/Common_4.1.jpg,2023/10/Common_4.1.jpg,https://sarveda.com/wp-content/uploads/2023/10/Common_4.1.jpg
8043,https://sarveda.com/wp-content/uploads/2023/10/Zen-Handmade-tuned_sizes.jpg,2023/10/Zen-Handmade-tuned_sizes.jpg,https://sarveda.com/wp-content/uploads/2023/10/Zen-Handmade-tuned_sizes.jpg
8063,https://sarveda.com/wp-content/uploads/2023/10/C-AnnaZiska.mp4,2023/10/C-AnnaZiska.mp4,https://sarveda.com/wp-content/uploads/2023/10/C-AnnaZiska.mp4
8064,https://sarveda.com/wp-content/uploads/2023/10/Custom-Artwork-3.png,2023/10/Custom-Artwork-3.png,https://sarveda.com/wp-content/uploads/2023/10/Custom-Artwork-3.png
8065,https://sarveda.com/wp-content/uploads/2023/10/Custom-Artwork1.png,2023/10/Custom-Artwork1.png,https://sarveda.com/wp-content/uploads/2023/10/Custom-Artwork1.png
8066,https://sarveda.com/wp-content/uploads/2023/10/Custom-Artwork2.png,2023/10/Custom-Artwork2.png,https://sarveda.com/wp-content/uploads/2023/10/Custom-Artwork2.png
8067,https://sarveda.com/wp-content/uploads/2023/10/D-Celtic-Minor.mp4,2023/10/D-Celtic-Minor.mp4,https://sarveda.com/wp-content/uploads/2023/10/D-Celtic-Minor.mp4
8068,https://sarveda.com/wp-content/uploads/2023/10/D-Kurd-10.mp4,2023/10/D-Kurd-10.mp4,https://sarveda.com/wp-content/uploads/2023/10/D-Kurd-10.mp4
8069,https://sarveda.com/wp-content/uploads/2023/10/F-Low-Pygmy-9.mp4,2023/10/F-Low-Pygmy-9.mp4,https://sarveda.com/wp-content/uploads/2023/10/F-Low-Pygmy-9.mp4
8070,https://sarveda.com/wp-content/uploads/2023/10/Handpan-C-AnnZiska.png,2023/10/Handpan-C-AnnZiska.png,https://sarveda.com/wp-content/uploads/2023/10/Handpan-C-AnnZiska.png
8071,https://sarveda.com/wp-content/uploads/2023/10/Handpan-D-Celtic-Minor.png,2023/10/Handpan-D-Celtic-Minor.png,https://sarveda.com/wp-content/uploads/2023/10/Handpan-D-Celtic-Minor.png
8072,https://sarveda.com/wp-content/uploads/2023/10/Handpan-F-Low-Pygmy.png,2023/10/Handpan-F-Low-Pygmy.png,https://sarveda.com/wp-content/uploads/2023/10/Handpan-F-Low-Pygmy.png
8073,https://sarveda.com/wp-content/uploads/2023/10/Hanpan-D-Kurd-10.png,2023/10/Hanpan-D-Kurd-10.png,https://sarveda.com/wp-content/uploads/2023/10/Hanpan-D-Kurd-10.png
8109,https://sarveda.com/wp-content/uploads/2023/03/goa-yoga-adventure-retreat.jpg,2023/03/goa-yoga-adventure-retreat.jpg,https://sarveda.com/wp-content/uploads/2023/03/goa-yoga-adventure-retreat.jpg
8132,https://sarveda.com/wp-content/uploads/2023/10/D-Celtic-Minor.png,2023/10/D-Celtic-Minor.png,https://sarveda.com/wp-content/uploads/2023/10/D-Celtic-Minor.png
8133,https://sarveda.com/wp-content/uploads/2023/10/D-Kurd-10-1.png,2023/10/D-Kurd-10-1.png,https://sarveda.com/wp-content/uploads/2023/10/D-Kurd-10-1.png
8134,https://sarveda.com/wp-content/uploads/2023/10/D-Kurd-10-back.png,2023/10/D-Kurd-10-back.png,https://sarveda.com/wp-content/uploads/2023/10/D-Kurd-10-back.png
8135,https://sarveda.com/wp-content/uploads/2023/10/F-Low-Pygmy-9.png,2023/10/F-Low-Pygmy-9.png,https://sarveda.com/wp-content/uploads/2023/10/F-Low-Pygmy-9.png
8136,https://sarveda.com/wp-content/uploads/2023/10/handpan-Stand.png,2023/10/handpan-Stand.png,https://sarveda.com/wp-content/uploads/2023/10/handpan-Stand.png
8154,https://sarveda.com/wp-content/uploads/2023/08/Pangi-rattle-with-Rattan-Shaker-handle_2.jpg,2023/08/Pangi-rattle-with-Rattan-Shaker-handle_2.jpg,https://sarveda.com/wp-content/uploads/2023/08/Pangi-rattle-with-Rattan-Shaker-handle_2.jpg
8155,https://sarveda.com/wp-content/uploads/2023/08/Pangi-rattle-with-Rattan-Shaker-handle_3.jpg,2023/08/Pangi-rattle-with-Rattan-Shaker-handle_3.jpg,https://sarveda.com/wp-content/uploads/2023/08/Pangi-rattle-with-Rattan-Shaker-handle_3.jpg
8156,https://sarveda.com/wp-content/uploads/2023/08/Pangi-rattle-with-Rattan-Shaker-handle_5.jpg,2023/08/Pangi-rattle-with-Rattan-Shaker-handle_5.jpg,https://sarveda.com/wp-content/uploads/2023/08/Pangi-rattle-with-Rattan-Shaker-handle_5.jpg
8157,https://sarveda.com/wp-content/uploads/2023/08/Painted-Egg-Shaker_2.jpg,2023/08/Painted-Egg-Shaker_2.jpg,https://sarveda.com/wp-content/uploads/2023/08/Painted-Egg-Shaker_2.jpg
8158,https://sarveda.com/wp-content/uploads/2023/08/Painted-Egg-Shaker_3.jpg,2023/08/Painted-Egg-Shaker_3.jpg,https://sarveda.com/wp-content/uploads/2023/08/Painted-Egg-Shaker_3.jpg
8159,https://sarveda.com/wp-content/uploads/2023/08/Painted-Egg-Shaker_5.jpg,2023/08/Painted-Egg-Shaker_5.jpg,https://sarveda.com/wp-content/uploads/2023/08/Painted-Egg-Shaker_5.jpg
8160,https://sarveda.com/wp-content/uploads/2023/08/Coconut-Maracas-Shaker_2.jpg,2023/08/Coconut-Maracas-Shaker_2.jpg,https://sarveda.com/wp-content/uploads/2023/08/Coconut-Maracas-Shaker_2.jpg
8161,https://sarveda.com/wp-content/uploads/2023/08/Coconut-Maracas-Shaker_3.jpg,2023/08/Coconut-Maracas-Shaker_3.jpg,https://sarveda.com/wp-content/uploads/2023/08/Coconut-Maracas-Shaker_3.jpg
8162,https://sarveda.com/wp-content/uploads/2023/08/Coconut-Maracas-Shaker_4.jpg,2023/08/Coconut-Maracas-Shaker_4.jpg,https://sarveda.com/wp-content/uploads/2023/08/Coconut-Maracas-Shaker_4.jpg
8163,https://sarveda.com/wp-content/uploads/2023/08/Coconut-Maracas-Shaker_5.jpg,2023/08/Coconut-Maracas-Shaker_5.jpg,https://sarveda.com/wp-content/uploads/2023/08/Coconut-Maracas-Shaker_5.jpg
8164,https://sarveda.com/wp-content/uploads/2023/08/Coconut-Maracas-Shaker_4-1.jpg,2023/08/Coconut-Maracas-Shaker_4-1.jpg,https://sarveda.com/wp-content/uploads/2023/08/Coconut-Maracas-Shaker_4-1.jpg
8165,https://sarveda.com/wp-content/uploads/2023/08/Kenari-Seed-Shell-Shaker-with-Handle_2.jpg,2023/08/Kenari-Seed-Shell-Shaker-with-Handle_2.jpg,https://sarveda.com/wp-content/uploads/2023/08/Kenari-Seed-Shell-Shaker-with-Handle_2.jpg
8166,https://sarveda.com/wp-content/uploads/2023/08/Kenari-Seed-Shell-Shaker-with-Handle_3.jpg,2023/08/Kenari-Seed-Shell-Shaker-with-Handle_3.jpg,https://sarveda.com/wp-content/uploads/2023/08/Kenari-Seed-Shell-Shaker-with-Handle_3.jpg
8167,https://sarveda.com/wp-content/uploads/2023/08/Kenari-Seed-Shell-Shaker-with-Handle_5.jpg,2023/08/Kenari-Seed-Shell-Shaker-with-Handle_5.jpg,https://sarveda.com/wp-content/uploads/2023/08/Kenari-Seed-Shell-Shaker-with-Handle_5.jpg
8170,https://sarveda.com/wp-content/uploads/2023/08/Egg-Shaker-with-Handle_2.jpg,2023/08/Egg-Shaker-with-Handle_2.jpg,https://sarveda.com/wp-content/uploads/2023/08/Egg-Shaker-with-Handle_2.jpg
8171,https://sarveda.com/wp-content/uploads/2023/08/Egg-Shaker-with-Handle_3.jpg,2023/08/Egg-Shaker-with-Handle_3.jpg,https://sarveda.com/wp-content/uploads/2023/08/Egg-Shaker-with-Handle_3.jpg
8172,https://sarveda.com/wp-content/uploads/2023/08/Egg-Shaker-with-Handle_4.jpg,2023/08/Egg-Shaker-with-Handle_4.jpg,https://sarveda.com/wp-content/uploads/2023/08/Egg-Shaker-with-Handle_4.jpg
8173,https://sarveda.com/wp-content/uploads/2023/08/Egg-Shaker-with-Handle_5.jpg,2023/08/Egg-Shaker-with-Handle_5.jpg,https://sarveda.com/wp-content/uploads/2023/08/Egg-Shaker-with-Handle_5.jpg
8174,https://sarveda.com/wp-content/uploads/2023/08/Asalato-Shaker_2.jpg,2023/08/Asalato-Shaker_2.jpg,https://sarveda.com/wp-content/uploads/2023/08/Asalato-Shaker_2.jpg
8175,https://sarveda.com/wp-content/uploads/2023/08/Asalato-Shaker_3.jpg,2023/08/Asalato-Shaker_3.jpg,https://sarveda.com/wp-content/uploads/2023/08/Asalato-Shaker_3.jpg
8176,https://sarveda.com/wp-content/uploads/2023/08/Asalato-Shaker_4.jpg,2023/08/Asalato-Shaker_4.jpg,https://sarveda.com/wp-content/uploads/2023/08/Asalato-Shaker_4.jpg
8177,https://sarveda.com/wp-content/uploads/2023/08/Asalato-Shaker_5.jpg,2023/08/Asalato-Shaker_5.jpg,https://sarveda.com/wp-content/uploads/2023/08/Asalato-Shaker_5.jpg
8178,https://sarveda.com/wp-content/uploads/2023/08/Bamboo-Rainstick_2.jpg,2023/08/Bamboo-Rainstick_2.jpg,https://sarveda.com/wp-content/uploads/2023/08/Bamboo-Rainstick_2.jpg
8179,https://sarveda.com/wp-content/uploads/2023/08/Bamboo-Rainstick_3.jpg,2023/08/Bamboo-Rainstick_3.jpg,https://sarveda.com/wp-content/uploads/2023/08/Bamboo-Rainstick_3.jpg
8180,https://sarveda.com/wp-content/uploads/2023/08/Bamboo-Rainstick_5.jpg,2023/08/Bamboo-Rainstick_5.jpg,https://sarveda.com/wp-content/uploads/2023/08/Bamboo-Rainstick_5.jpg
8181,https://sarveda.com/wp-content/uploads/2023/08/Mini-Xylophone_2.jpg,2023/08/Mini-Xylophone_2.jpg,https://sarveda.com/wp-content/uploads/2023/08/Mini-Xylophone_2.jpg
8182,https://sarveda.com/wp-content/uploads/2023/08/Mini-Xylophone_3.jpg,2023/08/Mini-Xylophone_3.jpg,https://sarveda.com/wp-content/uploads/2023/08/Mini-Xylophone_3.jpg
8183,https://sarveda.com/wp-content/uploads/2023/08/Mini-Xylophone_5.jpg,2023/08/Mini-Xylophone_5.jpg,https://sarveda.com/wp-content/uploads/2023/08/Mini-Xylophone_5.jpg
8184,https://sarveda.com/wp-content/uploads/2023/08/Shamanic-Drum-_2.jpg,2023/08/Shamanic-Drum-_2.jpg,https://sarveda.com/wp-content/uploads/2023/08/Shamanic-Drum-_2.jpg
8185,https://sarveda.com/wp-content/uploads/2023/08/Shamanic-Drum-_3.jpg,2023/08/Shamanic-Drum-_3.jpg,https://sarveda.com/wp-content/uploads/2023/08/Shamanic-Drum-_3.jpg
8186,https://sarveda.com/wp-content/uploads/2023/08/Shamanic-Drum-_5.jpg,2023/08/Shamanic-Drum-_5.jpg,https://sarveda.com/wp-content/uploads/2023/08/Shamanic-Drum-_5.jpg
8187,https://sarveda.com/wp-content/uploads/2023/08/Bamboo-Xylophone_2.jpg,2023/08/Bamboo-Xylophone_2.jpg,https://sarveda.com/wp-content/uploads/2023/08/Bamboo-Xylophone_2.jpg
8188,https://sarveda.com/wp-content/uploads/2023/08/Bamboo-Xylophone_3.jpg,2023/08/Bamboo-Xylophone_3.jpg,https://sarveda.com/wp-content/uploads/2023/08/Bamboo-Xylophone_3.jpg
8189,https://sarveda.com/wp-content/uploads/2023/08/Bamboo-Xylophone_5.jpg,2023/08/Bamboo-Xylophone_5.jpg,https://sarveda.com/wp-content/uploads/2023/08/Bamboo-Xylophone_5.jpg
8190,https://sarveda.com/wp-content/uploads/2023/08/Wooden-Maracas-Shaker_2.jpg,2023/08/Wooden-Maracas-Shaker_2.jpg,https://sarveda.com/wp-content/uploads/2023/08/Wooden-Maracas-Shaker_2.jpg
8191,https://sarveda.com/wp-content/uploads/2023/08/Wooden-Maracas-Shaker_3.jpg,2023/08/Wooden-Maracas-Shaker_3.jpg,https://sarveda.com/wp-content/uploads/2023/08/Wooden-Maracas-Shaker_3.jpg
8192,https://sarveda.com/wp-content/uploads/2023/08/Wooden-Maracas-Shaker_5.jpg,2023/08/Wooden-Maracas-Shaker_5.jpg,https://sarveda.com/wp-content/uploads/2023/08/Wooden-Maracas-Shaker_5.jpg
8194,https://sarveda.com/wp-content/uploads/2022/11/Mini-Coconut-Shaker-Eye-Shaped_2.jpg,2022/11/Mini-Coconut-Shaker-Eye-Shaped_2.jpg,https://sarveda.com/wp-content/uploads/2022/11/Mini-Coconut-Shaker-Eye-Shaped_2.jpg
8195,https://sarveda.com/wp-content/uploads/2022/11/Mini-Coconut-Shaker-Eye-Shaped_3.jpg,2022/11/Mini-Coconut-Shaker-Eye-Shaped_3.jpg,https://sarveda.com/wp-content/uploads/2022/11/Mini-Coconut-Shaker-Eye-Shaped_3.jpg
8196,https://sarveda.com/wp-content/uploads/2022/11/Mini-Coconut-Shaker-Eye-Shaped_5.jpg,2022/11/Mini-Coconut-Shaker-Eye-Shaped_5.jpg,https://sarveda.com/wp-content/uploads/2022/11/Mini-Coconut-Shaker-Eye-Shaped_5.jpg
8197,https://sarveda.com/wp-content/uploads/2022/11/Mini-Coconut-Shaker-Round-Shaped_2.jpg,2022/11/Mini-Coconut-Shaker-Round-Shaped_2.jpg,https://sarveda.com/wp-content/uploads/2022/11/Mini-Coconut-Shaker-Round-Shaped_2.jpg
8198,https://sarveda.com/wp-content/uploads/2022/11/Mini-Coconut-Shaker-Round-Shaped_3.jpg,2022/11/Mini-Coconut-Shaker-Round-Shaped_3.jpg,https://sarveda.com/wp-content/uploads/2022/11/Mini-Coconut-Shaker-Round-Shaped_3.jpg
8199,https://sarveda.com/wp-content/uploads/2022/11/Mini-Coconut-Shaker-Round-Shaped_5.jpg,2022/11/Mini-Coconut-Shaker-Round-Shaped_5.jpg,https://sarveda.com/wp-content/uploads/2022/11/Mini-Coconut-Shaker-Round-Shaped_5.jpg
8200,https://sarveda.com/wp-content/uploads/2022/11/Mini-Coconut-Shaker-Square-Shaped_2.jpg,2022/11/Mini-Coconut-Shaker-Square-Shaped_2.jpg,https://sarveda.com/wp-content/uploads/2022/11/Mini-Coconut-Shaker-Square-Shaped_2.jpg
8201,https://sarveda.com/wp-content/uploads/2022/11/Mini-Coconut-Shaker-Square-Shaped_3.jpg,2022/11/Mini-Coconut-Shaker-Square-Shaped_3.jpg,https://sarveda.com/wp-content/uploads/2022/11/Mini-Coconut-Shaker-Square-Shaped_3.jpg
8202,https://sarveda.com/wp-content/uploads/2022/11/Mini-Coconut-Shaker-Square-Shaped_5.jpg,2022/11/Mini-Coconut-Shaker-Square-Shaped_5.jpg,https://sarveda.com/wp-content/uploads/2022/11/Mini-Coconut-Shaker-Square-Shaped_5.jpg
8204,https://sarveda.com/wp-content/uploads/2023/08/Wooden-Maracas-Shaker-Dot-Painted_2.jpg,2023/08/Wooden-Maracas-Shaker-Dot-Painted_2.jpg,https://sarveda.com/wp-content/uploads/2023/08/Wooden-Maracas-Shaker-Dot-Painted_2.jpg
8205,https://sarveda.com/wp-content/uploads/2023/08/Wooden-Maracas-Shaker-Dot-Painted_3.jpg,2023/08/Wooden-Maracas-Shaker-Dot-Painted_3.jpg,https://sarveda.com/wp-content/uploads/2023/08/Wooden-Maracas-Shaker-Dot-Painted_3.jpg
8206,https://sarveda.com/wp-content/uploads/2023/08/Wooden-Maracas-Shaker-Dot-Painted_5.jpg,2023/08/Wooden-Maracas-Shaker-Dot-Painted_5.jpg,https://sarveda.com/wp-content/uploads/2023/08/Wooden-Maracas-Shaker-Dot-Painted_5.jpg
8207,https://sarveda.com/wp-content/uploads/2023/08/Kenari-Seed-Shell-Shakers_2.jpg,2023/08/Kenari-Seed-Shell-Shakers_2.jpg,https://sarveda.com/wp-content/uploads/2023/08/Kenari-Seed-Shell-Shakers_2.jpg
8208,https://sarveda.com/wp-content/uploads/2023/08/Kenari-Seed-Shell-Shakers_3.jpg,2023/08/Kenari-Seed-Shell-Shakers_3.jpg,https://sarveda.com/wp-content/uploads/2023/08/Kenari-Seed-Shell-Shakers_3.jpg
8209,https://sarveda.com/wp-content/uploads/2023/08/Kenari-Seed-Shell-Shakers_5.jpg,2023/08/Kenari-Seed-Shell-Shakers_5.jpg,https://sarveda.com/wp-content/uploads/2023/08/Kenari-Seed-Shell-Shakers_5.jpg
8210,https://sarveda.com/wp-content/uploads/2022/07/Coconut-Rattle_2.jpg,2022/07/Coconut-Rattle_2.jpg,https://sarveda.com/wp-content/uploads/2022/07/Coconut-Rattle_2.jpg
8211,https://sarveda.com/wp-content/uploads/2022/07/Coconut-Rattle_3.jpg,2022/07/Coconut-Rattle_3.jpg,https://sarveda.com/wp-content/uploads/2022/07/Coconut-Rattle_3.jpg
8212,https://sarveda.com/wp-content/uploads/2022/07/Coconut-Rattle_5.jpg,2022/07/Coconut-Rattle_5.jpg,https://sarveda.com/wp-content/uploads/2022/07/Coconut-Rattle_5.jpg
8213,https://sarveda.com/wp-content/uploads/2022/07/Handheld-Coconut-Shaker_2.jpg,2022/07/Handheld-Coconut-Shaker_2.jpg,https://sarveda.com/wp-content/uploads/2022/07/Handheld-Coconut-Shaker_2.jpg
8214,https://sarveda.com/wp-content/uploads/2022/07/Handheld-Coconut-Shaker_3.jpg,2022/07/Handheld-Coconut-Shaker_3.jpg,https://sarveda.com/wp-content/uploads/2022/07/Handheld-Coconut-Shaker_3.jpg
8215,https://sarveda.com/wp-content/uploads/2022/07/Handheld-Coconut-Shaker_5.jpg,2022/07/Handheld-Coconut-Shaker_5.jpg,https://sarveda.com/wp-content/uploads/2022/07/Handheld-Coconut-Shaker_5.jpg
8216,https://sarveda.com/wp-content/uploads/2023/08/Thunder-Tube_2.jpg,2023/08/Thunder-Tube_2.jpg,https://sarveda.com/wp-content/uploads/2023/08/Thunder-Tube_2.jpg
8217,https://sarveda.com/wp-content/uploads/2023/08/Thunder-Tube_3.jpg,2023/08/Thunder-Tube_3.jpg,https://sarveda.com/wp-content/uploads/2023/08/Thunder-Tube_3.jpg
8218,https://sarveda.com/wp-content/uploads/2023/08/Thunder-Tube_5.jpg,2023/08/Thunder-Tube_5.jpg,https://sarveda.com/wp-content/uploads/2023/08/Thunder-Tube_5.jpg
8219,https://sarveda.com/wp-content/uploads/2023/08/Bar-Chime_2.jpg,2023/08/Bar-Chime_2.jpg,https://sarveda.com/wp-content/uploads/2023/08/Bar-Chime_2.jpg
8220,https://sarveda.com/wp-content/uploads/2023/08/Bar-Chime_3.jpg,2023/08/Bar-Chime_3.jpg,https://sarveda.com/wp-content/uploads/2023/08/Bar-Chime_3.jpg
8221,https://sarveda.com/wp-content/uploads/2023/08/Bar-Chime_5.jpg,2023/08/Bar-Chime_5.jpg,https://sarveda.com/wp-content/uploads/2023/08/Bar-Chime_5.jpg
8222,https://sarveda.com/wp-content/uploads/2023/08/Half-Moon-Tambourine_2.jpg,2023/08/Half-Moon-Tambourine_2.jpg,https://sarveda.com/wp-content/uploads/2023/08/Half-Moon-Tambourine_2.jpg
8223,https://sarveda.com/wp-content/uploads/2023/08/Half-Moon-Tambourine_3.jpg,2023/08/Half-Moon-Tambourine_3.jpg,https://sarveda.com/wp-content/uploads/2023/08/Half-Moon-Tambourine_3.jpg
8224,https://sarveda.com/wp-content/uploads/2023/08/Half-Moon-Tambourine_5.jpg,2023/08/Half-Moon-Tambourine_5.jpg,https://sarveda.com/wp-content/uploads/2023/08/Half-Moon-Tambourine_5.jpg
8225,https://sarveda.com/wp-content/uploads/2023/08/Circular-Tambourine_2.jpg,2023/08/Circular-Tambourine_2.jpg,https://sarveda.com/wp-content/uploads/2023/08/Circular-Tambourine_2.jpg
8226,https://sarveda.com/wp-content/uploads/2023/08/Circular-Tambourine_3.jpg,2023/08/Circular-Tambourine_3.jpg,https://sarveda.com/wp-content/uploads/2023/08/Circular-Tambourine_3.jpg
8227,https://sarveda.com/wp-content/uploads/2023/08/Circular-Tambourine_5.jpg,2023/08/Circular-Tambourine_5.jpg,https://sarveda.com/wp-content/uploads/2023/08/Circular-Tambourine_5.jpg
8232,https://sarveda.com/wp-content/uploads/2023/11/Handmade-machine-made-singing-bowl-sarveda.png,2023/11/Handmade-machine-made-singing-bowl-sarveda.png,https://sarveda.com/wp-content/uploads/2023/11/Handmade-machine-made-singing-bowl-sarveda.png
8233,https://sarveda.com/wp-content/uploads/2023/11/hb-vs-mm.png,2023/11/hb-vs-mm.png,https://sarveda.com/wp-content/uploads/2023/11/hb-vs-mm.png
8236,https://sarveda.com/wp-content/uploads/2023/11/hm-vs-mm.png,2023/11/hm-vs-mm.png,https://sarveda.com/wp-content/uploads/2023/11/hm-vs-mm.png
8238,https://sarveda.com/wp-content/uploads/2023/11/hm-12.png,2023/11/hm-12.png,https://sarveda.com/wp-content/uploads/2023/11/hm-12.png
8239,https://sarveda.com/wp-content/uploads/2023/11/machine-made-bowl.png,2023/11/machine-made-bowl.png,https://sarveda.com/wp-content/uploads/2023/11/machine-made-bowl.png
8241,https://sarveda.com/wp-content/uploads/2023/11/frequency-hand-made.png,2023/11/frequency-hand-made.png,https://sarveda.com/wp-content/uploads/2023/11/frequency-hand-made.png
8242,https://sarveda.com/wp-content/uploads/2023/11/frequency-machine-made-bowl.png,2023/11/frequency-machine-made-bowl.png,https://sarveda.com/wp-content/uploads/2023/11/frequency-machine-made-bowl.png
8256,https://sarveda.com/wp-content/uploads/2023/08/A_Coconut-Maracas-Shaker_2.png,2023/08/A_Coconut-Maracas-Shaker_2.png,https://sarveda.com/wp-content/uploads/2023/08/A_Coconut-Maracas-Shaker_2.png
8257,https://sarveda.com/wp-content/uploads/2023/08/A_Coconut-Maracas-Shaker_3.png,2023/08/A_Coconut-Maracas-Shaker_3.png,https://sarveda.com/wp-content/uploads/2023/08/A_Coconut-Maracas-Shaker_3.png
8258,https://sarveda.com/wp-content/uploads/2023/08/A_Coconut-Maracas-Shaker-Painted_2.png,2023/08/A_Coconut-Maracas-Shaker-Painted_2.png,https://sarveda.com/wp-content/uploads/2023/08/A_Coconut-Maracas-Shaker-Painted_2.png
8259,https://sarveda.com/wp-content/uploads/2023/08/A_Coconut-Maracas-Shaker-Painted_3.png,2023/08/A_Coconut-Maracas-Shaker-Painted_3.png,https://sarveda.com/wp-content/uploads/2023/08/A_Coconut-Maracas-Shaker-Painted_3.png
8260,https://sarveda.com/wp-content/uploads/2023/08/A_Kenari-Seed-Shell-Shaker-with-Handle_2.png,2023/08/A_Kenari-Seed-Shell-Shaker-with-Handle_2.png,https://sarveda.com/wp-content/uploads/2023/08/A_Kenari-Seed-Shell-Shaker-with-Handle_2.png
8261,https://sarveda.com/wp-content/uploads/2023/08/A_Kenari-Seed-Shell-Shaker-with-Handle_3.png,2023/08/A_Kenari-Seed-Shell-Shaker-with-Handle_3.png,https://sarveda.com/wp-content/uploads/2023/08/A_Kenari-Seed-Shell-Shaker-with-Handle_3.png
8262,https://sarveda.com/wp-content/uploads/2023/08/A_Painted-Egg-Shaker_2.png,2023/08/A_Painted-Egg-Shaker_2.png,https://sarveda.com/wp-content/uploads/2023/08/A_Painted-Egg-Shaker_2.png
8263,https://sarveda.com/wp-content/uploads/2023/08/A_Painted-Egg-Shaker_3.png,2023/08/A_Painted-Egg-Shaker_3.png,https://sarveda.com/wp-content/uploads/2023/08/A_Painted-Egg-Shaker_3.png
8264,https://sarveda.com/wp-content/uploads/2023/08/A_Pangi-rattle-with-Rattan-Shaker-handle_2.png,2023/08/A_Pangi-rattle-with-Rattan-Shaker-handle_2.png,https://sarveda.com/wp-content/uploads/2023/08/A_Pangi-rattle-with-Rattan-Shaker-handle_2.png
8265,https://sarveda.com/wp-content/uploads/2023/08/A_Pangi-rattle-with-Rattan-Shaker-handle_3.png,2023/08/A_Pangi-rattle-with-Rattan-Shaker-handle_3.png,https://sarveda.com/wp-content/uploads/2023/08/A_Pangi-rattle-with-Rattan-Shaker-handle_3.png
8266,https://sarveda.com/wp-content/uploads/2023/08/Egg-Shaker-with-Handle_2.png,2023/08/Egg-Shaker-with-Handle_2.png,https://sarveda.com/wp-content/uploads/2023/08/Egg-Shaker-with-Handle_2.png
8267,https://sarveda.com/wp-content/uploads/2023/08/Egg-Shaker-with-Handle_3.png,2023/08/Egg-Shaker-with-Handle_3.png,https://sarveda.com/wp-content/uploads/2023/08/Egg-Shaker-with-Handle_3.png
8268,https://sarveda.com/wp-content/uploads/2023/08/A_Generic_1.jpg,2023/08/A_Generic_1.jpg,https://sarveda.com/wp-content/uploads/2023/08/A_Generic_1.jpg
8269,https://sarveda.com/wp-content/uploads/2023/08/A_Generic_4.png,2023/08/A_Generic_4.png,https://sarveda.com/wp-content/uploads/2023/08/A_Generic_4.png
8270,https://sarveda.com/wp-content/uploads/2022/11/Mini-Coconut-Shaker-Eye-Shaped_2.png,2022/11/Mini-Coconut-Shaker-Eye-Shaped_2.png,https://sarveda.com/wp-content/uploads/2022/11/Mini-Coconut-Shaker-Eye-Shaped_2.png
8271,https://sarveda.com/wp-content/uploads/2022/11/Mini-Coconut-Shaker-Eye-Shaped_3.png,2022/11/Mini-Coconut-Shaker-Eye-Shaped_3.png,https://sarveda.com/wp-content/uploads/2022/11/Mini-Coconut-Shaker-Eye-Shaped_3.png
8272,https://sarveda.com/wp-content/uploads/2022/11/Mini-Coconut-Shaker-Round-Shaped_2.png,2022/11/Mini-Coconut-Shaker-Round-Shaped_2.png,https://sarveda.com/wp-content/uploads/2022/11/Mini-Coconut-Shaker-Round-Shaped_2.png
8273,https://sarveda.com/wp-content/uploads/2022/11/Mini-Coconut-Shaker-Round-Shaped_3.png,2022/11/Mini-Coconut-Shaker-Round-Shaped_3.png,https://sarveda.com/wp-content/uploads/2022/11/Mini-Coconut-Shaker-Round-Shaped_3.png
8274,https://sarveda.com/wp-content/uploads/2022/11/Mini-Coconut-Shaker-Square-Shaped_2.png,2022/11/Mini-Coconut-Shaker-Square-Shaped_2.png,https://sarveda.com/wp-content/uploads/2022/11/Mini-Coconut-Shaker-Square-Shaped_2.png
8275,https://sarveda.com/wp-content/uploads/2022/11/Mini-Coconut-Shaker-Square-Shaped_3.png,2022/11/Mini-Coconut-Shaker-Square-Shaped_3.png,https://sarveda.com/wp-content/uploads/2022/11/Mini-Coconut-Shaker-Square-Shaped_3.png
8276,https://sarveda.com/wp-content/uploads/2023/08/Wooden-Maracas-Shaker_2.png,2023/08/Wooden-Maracas-Shaker_2.png,https://sarveda.com/wp-content/uploads/2023/08/Wooden-Maracas-Shaker_2.png
8277,https://sarveda.com/wp-content/uploads/2023/08/Wooden-Maracas-Shaker_3.png,2023/08/Wooden-Maracas-Shaker_3.png,https://sarveda.com/wp-content/uploads/2023/08/Wooden-Maracas-Shaker_3.png
8278,https://sarveda.com/wp-content/uploads/2023/08/Wooden-Maracas-Shaker-Dot-Painted_2-1.jpg,2023/08/Wooden-Maracas-Shaker-Dot-Painted_2-1.jpg,https://sarveda.com/wp-content/uploads/2023/08/Wooden-Maracas-Shaker-Dot-Painted_2-1.jpg
8279,https://sarveda.com/wp-content/uploads/2023/08/Wooden-Maracas-Shaker-Dot-Painted_3.png,2023/08/Wooden-Maracas-Shaker-Dot-Painted_3.png,https://sarveda.com/wp-content/uploads/2023/08/Wooden-Maracas-Shaker-Dot-Painted_3.png
8280,https://sarveda.com/wp-content/uploads/2023/08/Pangi-Seed-Shell-Shaker_2.png,2023/08/Pangi-Seed-Shell-Shaker_2.png,https://sarveda.com/wp-content/uploads/2023/08/Pangi-Seed-Shell-Shaker_2.png
8281,https://sarveda.com/wp-content/uploads/2023/08/Pangi-Seed-Shell-Shaker_3.png,2023/08/Pangi-Seed-Shell-Shaker_3.png,https://sarveda.com/wp-content/uploads/2023/08/Pangi-Seed-Shell-Shaker_3.png
8282,https://sarveda.com/wp-content/uploads/2022/07/Coconut-Rattle_2.png,2022/07/Coconut-Rattle_2.png,https://sarveda.com/wp-content/uploads/2022/07/Coconut-Rattle_2.png
8283,https://sarveda.com/wp-content/uploads/2022/07/Coconut-Rattle_3.png,2022/07/Coconut-Rattle_3.png,https://sarveda.com/wp-content/uploads/2022/07/Coconut-Rattle_3.png
8284,https://sarveda.com/wp-content/uploads/2023/08/Kenari-Seed-Shell-Shakers_2.png,2023/08/Kenari-Seed-Shell-Shakers_2.png,https://sarveda.com/wp-content/uploads/2023/08/Kenari-Seed-Shell-Shakers_2.png
8285,https://sarveda.com/wp-content/uploads/2023/08/Kenari-Seed-Shell-Shakers_3.png,2023/08/Kenari-Seed-Shell-Shakers_3.png,https://sarveda.com/wp-content/uploads/2023/08/Kenari-Seed-Shell-Shakers_3.png
8287,https://sarveda.com/wp-content/uploads/2023/08/Bar-Chime_2.png,2023/08/Bar-Chime_2.png,https://sarveda.com/wp-content/uploads/2023/08/Bar-Chime_2.png
8288,https://sarveda.com/wp-content/uploads/2023/08/Bar-Chime_3.png,2023/08/Bar-Chime_3.png,https://sarveda.com/wp-content/uploads/2023/08/Bar-Chime_3.png
8289,https://sarveda.com/wp-content/uploads/2023/08/Circular-Tambourine_3.png,2023/08/Circular-Tambourine_3.png,https://sarveda.com/wp-content/uploads/2023/08/Circular-Tambourine_3.png
8290,https://sarveda.com/wp-content/uploads/2023/08/Half-Moon-Tambourine_3.png,2023/08/Half-Moon-Tambourine_3.png,https://sarveda.com/wp-content/uploads/2023/08/Half-Moon-Tambourine_3.png
8291,https://sarveda.com/wp-content/uploads/2023/08/Spin_Twist-Drum_3.png,2023/08/Spin_Twist-Drum_3.png,https://sarveda.com/wp-content/uploads/2023/08/Spin_Twist-Drum_3.png
8292,https://sarveda.com/wp-content/uploads/2023/08/Asalato-Shaker_2-1.jpg,2023/08/Asalato-Shaker_2-1.jpg,https://sarveda.com/wp-content/uploads/2023/08/Asalato-Shaker_2-1.jpg
8293,https://sarveda.com/wp-content/uploads/2023/08/A_Generic_1-1.jpg,2023/08/A_Generic_1-1.jpg,https://sarveda.com/wp-content/uploads/2023/08/A_Generic_1-1.jpg
8294,https://sarveda.com/wp-content/uploads/2023/08/Bamboo-Rainstick_2.png,2023/08/Bamboo-Rainstick_2.png,https://sarveda.com/wp-content/uploads/2023/08/Bamboo-Rainstick_2.png
8295,https://sarveda.com/wp-content/uploads/2023/08/Bamboo-Rainstick_3.png,2023/08/Bamboo-Rainstick_3.png,https://sarveda.com/wp-content/uploads/2023/08/Bamboo-Rainstick_3.png
8296,https://sarveda.com/wp-content/uploads/2023/08/Shamanic-Drum-_2.png,2023/08/Shamanic-Drum-_2.png,https://sarveda.com/wp-content/uploads/2023/08/Shamanic-Drum-_2.png
8297,https://sarveda.com/wp-content/uploads/2023/08/Shamanic-Drum-_3.png,2023/08/Shamanic-Drum-_3.png,https://sarveda.com/wp-content/uploads/2023/08/Shamanic-Drum-_3.png
8299,https://sarveda.com/wp-content/uploads/2023/08/Bamboo-Xylophone_3.png,2023/08/Bamboo-Xylophone_3.png,https://sarveda.com/wp-content/uploads/2023/08/Bamboo-Xylophone_3.png
8300,https://sarveda.com/wp-content/uploads/2023/08/Mini-Xylophone_3.png,2023/08/Mini-Xylophone_3.png,https://sarveda.com/wp-content/uploads/2023/08/Mini-Xylophone_3.png
8301,https://sarveda.com/wp-content/uploads/2023/08/Mini-Tongue-Drum_2.jpg,2023/08/Mini-Tongue-Drum_2.jpg,https://sarveda.com/wp-content/uploads/2023/08/Mini-Tongue-Drum_2.jpg
8302,https://sarveda.com/wp-content/uploads/2023/08/32.jpg,2023/08/32.jpg,https://sarveda.com/wp-content/uploads/2023/08/32.jpg
8309,https://sarveda.com/wp-content/uploads/2023/08/30-2.jpg,2023/08/30-2.jpg,https://sarveda.com/wp-content/uploads/2023/08/30-2.jpg
8310,https://sarveda.com/wp-content/uploads/2023/08/39.jpg,2023/08/39.jpg,https://sarveda.com/wp-content/uploads/2023/08/39.jpg
8318,https://sarveda.com/wp-content/uploads/2023/11/41mnkGqliWL.jpg,2023/11/41mnkGqliWL.jpg,https://sarveda.com/wp-content/uploads/2023/11/41mnkGqliWL.jpg
8319,https://sarveda.com/wp-content/uploads/2023/11/41mnkGqliWL-1.jpg,2023/11/41mnkGqliWL-1.jpg,https://sarveda.com/wp-content/uploads/2023/11/41mnkGqliWL-1.jpg
8320,https://sarveda.com/wp-content/uploads/2023/11/41nrU2oejpL-1.jpg,2023/11/41nrU2oejpL-1.jpg,https://sarveda.com/wp-content/uploads/2023/11/41nrU2oejpL-1.jpg
8375,https://sarveda.com/wp-content/uploads/2023/11/416on5E5yEL.jpg,2023/11/416on5E5yEL.jpg,https://sarveda.com/wp-content/uploads/2023/11/416on5E5yEL.jpg
8376,https://sarveda.com/wp-content/uploads/2023/11/41nrU2oejpL.jpg,2023/11/41nrU2oejpL.jpg,https://sarveda.com/wp-content/uploads/2023/11/41nrU2oejpL.jpg
8377,https://sarveda.com/wp-content/uploads/2023/11/41AJBViJyrL.jpg,2023/11/41AJBViJyrL.jpg,https://sarveda.com/wp-content/uploads/2023/11/41AJBViJyrL.jpg
8445,https://sarveda.com/wp-content/uploads/2023/11/57metal-singing-bowl.png,2023/11/57metal-singing-bowl.png,https://sarveda.com/wp-content/uploads/2023/11/57metal-singing-bowl.png
8446,https://sarveda.com/wp-content/uploads/2023/11/pos-1.png,2023/11/pos-1.png,https://sarveda.com/wp-content/uploads/2023/11/pos-1.png
8508,https://sarveda.com/wp-content/uploads/2023/11/Pink_MatMacrame.png,2023/11/Pink_MatMacrame.png,https://sarveda.com/wp-content/uploads/2023/11/Pink_MatMacrame.png
8509,https://sarveda.com/wp-content/uploads/2023/11/15-1.jpg,2023/11/15-1-scaled.jpg,https://sarveda.com/wp-content/uploads/2023/11/15-1-scaled.jpg
8510,https://sarveda.com/wp-content/uploads/2023/11/17.jpg,2023/11/17-scaled.jpg,https://sarveda.com/wp-content/uploads/2023/11/17-scaled.jpg
8511,https://sarveda.com/wp-content/uploads/2023/11/29-1.jpg,2023/11/29-1.jpg,https://sarveda.com/wp-content/uploads/2023/11/29-1.jpg
8512,https://sarveda.com/wp-content/uploads/2023/11/28-1.jpg,2023/11/28-1.jpg,https://sarveda.com/wp-content/uploads/2023/11/28-1.jpg
8513,https://sarveda.com/wp-content/uploads/2023/11/19.jpg,2023/11/19-scaled.jpg,https://sarveda.com/wp-content/uploads/2023/11/19-scaled.jpg
8514,https://sarveda.com/wp-content/uploads/2023/11/38-1.jpg,2023/11/38-1-scaled.jpg,https://sarveda.com/wp-content/uploads/2023/11/38-1-scaled.jpg
8515,https://sarveda.com/wp-content/uploads/2023/11/50.jpg,2023/11/50.jpg,https://sarveda.com/wp-content/uploads/2023/11/50.jpg
8516,https://sarveda.com/wp-content/uploads/2023/11/49.jpg,2023/11/49-scaled.jpg,https://sarveda.com/wp-content/uploads/2023/11/49-scaled.jpg
8517,https://sarveda.com/wp-content/uploads/2023/11/48.jpg,2023/11/48.jpg,https://sarveda.com/wp-content/uploads/2023/11/48.jpg
8518,https://sarveda.com/wp-content/uploads/2023/11/44.jpg,2023/11/44.jpg,https://sarveda.com/wp-content/uploads/2023/11/44.jpg
8519,https://sarveda.com/wp-content/uploads/2023/11/45-1.jpg,2023/11/45-1.jpg,https://sarveda.com/wp-content/uploads/2023/11/45-1.jpg
8520,https://sarveda.com/wp-content/uploads/2023/11/46.jpg,2023/11/46.jpg,https://sarveda.com/wp-content/uploads/2023/11/46.jpg
8521,https://sarveda.com/wp-content/uploads/2023/11/47.jpg,2023/11/47.jpg,https://sarveda.com/wp-content/uploads/2023/11/47.jpg
8522,https://sarveda.com/wp-content/uploads/2023/11/38.jpg,2023/11/38-scaled.jpg,https://sarveda.com/wp-content/uploads/2023/11/38-scaled.jpg
8523,https://sarveda.com/wp-content/uploads/2023/11/37.jpg,2023/11/37.jpg,https://sarveda.com/wp-content/uploads/2023/11/37.jpg
8524,https://sarveda.com/wp-content/uploads/2023/11/36.jpg,2023/11/36.jpg,https://sarveda.com/wp-content/uploads/2023/11/36.jpg
8525,https://sarveda.com/wp-content/uploads/2023/11/33.jpg,2023/11/33-scaled.jpg,https://sarveda.com/wp-content/uploads/2023/11/33-scaled.jpg
8526,https://sarveda.com/wp-content/uploads/2023/11/35.jpg,2023/11/35-scaled.jpg,https://sarveda.com/wp-content/uploads/2023/11/35-scaled.jpg
8527,https://sarveda.com/wp-content/uploads/2023/11/29.jpg,2023/11/29.jpg,https://sarveda.com/wp-content/uploads/2023/11/29.jpg
8528,https://sarveda.com/wp-content/uploads/2023/11/28.jpg,2023/11/28.jpg,https://sarveda.com/wp-content/uploads/2023/11/28.jpg
8529,https://sarveda.com/wp-content/uploads/2023/11/23.jpg,2023/11/23.jpg,https://sarveda.com/wp-content/uploads/2023/11/23.jpg
8530,https://sarveda.com/wp-content/uploads/2023/11/15.jpg,2023/11/15-scaled.jpg,https://sarveda.com/wp-content/uploads/2023/11/15-scaled.jpg
8532,https://sarveda.com/wp-content/uploads/2023/11/Pink-Plain-Yoga-Mat-Sarveda.png,2023/11/Pink-Plain-Yoga-Mat-Sarveda.png,https://sarveda.com/wp-content/uploads/2023/11/Pink-Plain-Yoga-Mat-Sarveda.png
8533,https://sarveda.com/wp-content/uploads/2023/11/blue-yoga-mat-rubber-grip.png,2023/11/blue-yoga-mat-rubber-grip.png,https://sarveda.com/wp-content/uploads/2023/11/blue-yoga-mat-rubber-grip.png
8534,https://sarveda.com/wp-content/uploads/2023/11/green-yoga-mat-rubber-grip.png,2023/11/green-yoga-mat-rubber-grip.png,https://sarveda.com/wp-content/uploads/2023/11/green-yoga-mat-rubber-grip.png
8535,https://sarveda.com/wp-content/uploads/2023/11/orange-yoga-mat-rubber-grip.png,2023/11/orange-yoga-mat-rubber-grip.png,https://sarveda.com/wp-content/uploads/2023/11/orange-yoga-mat-rubber-grip.png
8536,https://sarveda.com/wp-content/uploads/2023/11/pink-yoga-mat-rubber-grip.png,2023/11/pink-yoga-mat-rubber-grip.png,https://sarveda.com/wp-content/uploads/2023/11/pink-yoga-mat-rubber-grip.png
8537,https://sarveda.com/wp-content/uploads/2023/11/5.png,2023/11/5.png,https://sarveda.com/wp-content/uploads/2023/11/5.png
8538,https://sarveda.com/wp-content/uploads/2023/11/Pink-Plain-.jpg,2023/11/Pink-Plain-.jpg,https://sarveda.com/wp-content/uploads/2023/11/Pink-Plain-.jpg
8539,https://sarveda.com/wp-content/uploads/2023/11/2-1.jpg,2023/11/2-1.jpg,https://sarveda.com/wp-content/uploads/2023/11/2-1.jpg
8540,https://sarveda.com/wp-content/uploads/2023/11/4.jpg,2023/11/4.jpg,https://sarveda.com/wp-content/uploads/2023/11/4.jpg
8617,https://sarveda.com/wp-content/uploads/2023/11/A-Banner-Designs-for-Merchandisers-30.jpg,2023/11/A-Banner-Designs-for-Merchandisers-30.jpg,https://sarveda.com/wp-content/uploads/2023/11/A-Banner-Designs-for-Merchandisers-30.jpg
8618,https://sarveda.com/wp-content/uploads/2023/11/A-Banner-Designs-for-Merchandisers-43-1.jpg,2023/11/A-Banner-Designs-for-Merchandisers-43-1.jpg,https://sarveda.com/wp-content/uploads/2023/11/A-Banner-Designs-for-Merchandisers-43-1.jpg
8619,https://sarveda.com/wp-content/uploads/2023/11/Blue-7-Chakra-.jpg,2023/11/Blue-7-Chakra-.jpg,https://sarveda.com/wp-content/uploads/2023/11/Blue-7-Chakra-.jpg
8621,https://sarveda.com/wp-content/uploads/2023/11/A-Banner-Designs-for-Merchandisers-30-1.jpg,2023/11/A-Banner-Designs-for-Merchandisers-30-1.jpg,https://sarveda.com/wp-content/uploads/2023/11/A-Banner-Designs-for-Merchandisers-30-1.jpg
8622,https://sarveda.com/wp-content/uploads/2023/11/A-Banner-Designs-for-Merchandisers-46-1.jpg,2023/11/A-Banner-Designs-for-Merchandisers-46-1.jpg,https://sarveda.com/wp-content/uploads/2023/11/A-Banner-Designs-for-Merchandisers-46-1.jpg
8623,https://sarveda.com/wp-content/uploads/2023/11/Orange-Lotus.jpg,2023/11/Orange-Lotus.jpg,https://sarveda.com/wp-content/uploads/2023/11/Orange-Lotus.jpg
8625,https://sarveda.com/wp-content/uploads/2023/11/sarveda-yoga-eco-friendly-mats-cotton.png,2023/11/sarveda-yoga-eco-friendly-mats-cotton.png,https://sarveda.com/wp-content/uploads/2023/11/sarveda-yoga-eco-friendly-mats-cotton.png
8627,https://sarveda.com/wp-content/uploads/2023/11/Yoga-Mat_A_2-1.jpg,2023/11/Yoga-Mat_A_2-1.jpg,https://sarveda.com/wp-content/uploads/2023/11/Yoga-Mat_A_2-1.jpg
8628,https://sarveda.com/wp-content/uploads/2023/11/Yoga-Mat_A_3-1.jpg,2023/11/Yoga-Mat_A_3-1.jpg,https://sarveda.com/wp-content/uploads/2023/11/Yoga-Mat_A_3-1.jpg
8629,https://sarveda.com/wp-content/uploads/2023/11/Yoga-Mat_A_4A-1.jpg,2023/11/Yoga-Mat_A_4A-1.jpg,https://sarveda.com/wp-content/uploads/2023/11/Yoga-Mat_A_4A-1.jpg
8630,https://sarveda.com/wp-content/uploads/2023/11/Yoga-Mat_A_5-1.jpg,2023/11/Yoga-Mat_A_5-1.jpg,https://sarveda.com/wp-content/uploads/2023/11/Yoga-Mat_A_5-1.jpg
8631,https://sarveda.com/wp-content/uploads/2023/11/Yoga-strap_A_5.jpg,2023/11/Yoga-strap_A_5.jpg,https://sarveda.com/wp-content/uploads/2023/11/Yoga-strap_A_5.jpg
8632,https://sarveda.com/wp-content/uploads/2023/11/Yoga-Mat_A_6-1.jpg,2023/11/Yoga-Mat_A_6-1.jpg,https://sarveda.com/wp-content/uploads/2023/11/Yoga-Mat_A_6-1.jpg
8633,https://sarveda.com/wp-content/uploads/2023/08/Yoga-strap_A_1.jpg,2023/08/Yoga-strap_A_1.jpg,https://sarveda.com/wp-content/uploads/2023/08/Yoga-strap_A_1.jpg
8634,https://sarveda.com/wp-content/uploads/2023/08/Yoga-strap_A_2.jpg,2023/08/Yoga-strap_A_2.jpg,https://sarveda.com/wp-content/uploads/2023/08/Yoga-strap_A_2.jpg
8635,https://sarveda.com/wp-content/uploads/2023/08/Yoga-strap_A_4.jpg,2023/08/Yoga-strap_A_4.jpg,https://sarveda.com/wp-content/uploads/2023/08/Yoga-strap_A_4.jpg
8636,https://sarveda.com/wp-content/uploads/2023/08/Yoga-strap_A_3.jpg,2023/08/Yoga-strap_A_3.jpg,https://sarveda.com/wp-content/uploads/2023/08/Yoga-strap_A_3.jpg
8637,https://sarveda.com/wp-content/uploads/2023/08/Yoga-strap_A_4-1.jpg,2023/08/Yoga-strap_A_4-1.jpg,https://sarveda.com/wp-content/uploads/2023/08/Yoga-strap_A_4-1.jpg
8638,https://sarveda.com/wp-content/uploads/2023/08/Yoga-strap_A_5.jpg,2023/08/Yoga-strap_A_5.jpg,https://sarveda.com/wp-content/uploads/2023/08/Yoga-strap_A_5.jpg
8639,https://sarveda.com/wp-content/uploads/2023/08/Yoga-strap_A_6.jpg,2023/08/Yoga-strap_A_6.jpg,https://sarveda.com/wp-content/uploads/2023/08/Yoga-strap_A_6.jpg
8641,https://sarveda.com/wp-content/uploads/2023/08/Yoga-strap_Card_1.jpg,2023/08/Yoga-strap_Card_1.jpg,https://sarveda.com/wp-content/uploads/2023/08/Yoga-strap_Card_1.jpg
8642,https://sarveda.com/wp-content/uploads/2023/08/Yoga-strap_Card_2.jpg,2023/08/Yoga-strap_Card_2.jpg,https://sarveda.com/wp-content/uploads/2023/08/Yoga-strap_Card_2.jpg
8643,https://sarveda.com/wp-content/uploads/2023/08/Yoga-strap_Card_3.jpg,2023/08/Yoga-strap_Card_3.jpg,https://sarveda.com/wp-content/uploads/2023/08/Yoga-strap_Card_3.jpg
8644,https://sarveda.com/wp-content/uploads/2023/08/Yoga-strap_Card_4.jpg,2023/08/Yoga-strap_Card_4.jpg,https://sarveda.com/wp-content/uploads/2023/08/Yoga-strap_Card_4.jpg
8645,https://sarveda.com/wp-content/uploads/2023/08/Yoga-strap_Card_5.jpg,2023/08/Yoga-strap_Card_5.jpg,https://sarveda.com/wp-content/uploads/2023/08/Yoga-strap_Card_5.jpg
8646,https://sarveda.com/wp-content/uploads/2023/11/Yoga-Mat_Card_1-1.jpg,2023/11/Yoga-Mat_Card_1-1.jpg,https://sarveda.com/wp-content/uploads/2023/11/Yoga-Mat_Card_1-1.jpg
8647,https://sarveda.com/wp-content/uploads/2023/11/Yoga-Mat_Card_2-1.jpg,2023/11/Yoga-Mat_Card_2-1.jpg,https://sarveda.com/wp-content/uploads/2023/11/Yoga-Mat_Card_2-1.jpg
8648,https://sarveda.com/wp-content/uploads/2023/11/Yoga-Mat_Card_3.jpg,2023/11/Yoga-Mat_Card_3.jpg,https://sarveda.com/wp-content/uploads/2023/11/Yoga-Mat_Card_3.jpg
8649,https://sarveda.com/wp-content/uploads/2023/11/Yoga-Mat_Card_4-1.jpg,2023/11/Yoga-Mat_Card_4-1.jpg,https://sarveda.com/wp-content/uploads/2023/11/Yoga-Mat_Card_4-1.jpg
8650,https://sarveda.com/wp-content/uploads/2023/11/Yoga-Mat_Card_1-1-1.jpg,2023/11/Yoga-Mat_Card_1-1-1.jpg,https://sarveda.com/wp-content/uploads/2023/11/Yoga-Mat_Card_1-1-1.jpg
8651,https://sarveda.com/wp-content/uploads/2023/11/Yoga-Mat_Card_2-1-1.jpg,2023/11/Yoga-Mat_Card_2-1-1.jpg,https://sarveda.com/wp-content/uploads/2023/11/Yoga-Mat_Card_2-1-1.jpg
8652,https://sarveda.com/wp-content/uploads/2023/11/Yoga-Mat_Card_3-1.jpg,2023/11/Yoga-Mat_Card_3-1.jpg,https://sarveda.com/wp-content/uploads/2023/11/Yoga-Mat_Card_3-1.jpg
8653,https://sarveda.com/wp-content/uploads/2023/11/Yoga-Mat_Card_4-1-1.jpg,2023/11/Yoga-Mat_Card_4-1-1.jpg,https://sarveda.com/wp-content/uploads/2023/11/Yoga-Mat_Card_4-1-1.jpg
8654,https://sarveda.com/wp-content/uploads/2023/11/Yoga-Mat_Card_5-1.jpg,2023/11/Yoga-Mat_Card_5-1.jpg,https://sarveda.com/wp-content/uploads/2023/11/Yoga-Mat_Card_5-1.jpg
8655,https://sarveda.com/wp-content/uploads/2023/11/Yoga-strap_Card_1.jpg,2023/11/Yoga-strap_Card_1.jpg,https://sarveda.com/wp-content/uploads/2023/11/Yoga-strap_Card_1.jpg
8656,https://sarveda.com/wp-content/uploads/2023/11/Yoga-strap_Card_2.jpg,2023/11/Yoga-strap_Card_2.jpg,https://sarveda.com/wp-content/uploads/2023/11/Yoga-strap_Card_2.jpg
8657,https://sarveda.com/wp-content/uploads/2023/11/Yoga-strap_Card_3.jpg,2023/11/Yoga-strap_Card_3.jpg,https://sarveda.com/wp-content/uploads/2023/11/Yoga-strap_Card_3.jpg
8658,https://sarveda.com/wp-content/uploads/2023/11/Yoga-strap_Card_4.jpg,2023/11/Yoga-strap_Card_4.jpg,https://sarveda.com/wp-content/uploads/2023/11/Yoga-strap_Card_4.jpg
8659,https://sarveda.com/wp-content/uploads/2023/11/Yoga-strap_Card_5.jpg,2023/11/Yoga-strap_Card_5.jpg,https://sarveda.com/wp-content/uploads/2023/11/Yoga-strap_Card_5.jpg
8717,https://sarveda.com/wp-content/uploads/2023/12/Nada-Yoga-Course-1.png,2023/12/Nada-Yoga-Course-1.png,https://sarveda.com/wp-content/uploads/2023/12/Nada-Yoga-Course-1.png
8718,https://sarveda.com/wp-content/uploads/2023/12/Screenshot-2023-12-19-at-12.31.13-PM.png,2023/12/Screenshot-2023-12-19-at-12.31.13-PM.png,https://sarveda.com/wp-content/uploads/2023/12/Screenshot-2023-12-19-at-12.31.13-PM.png
8719,https://sarveda.com/wp-content/uploads/2023/12/Screenshot-2023-12-19-at-12.32.00-PM.png,2023/12/Screenshot-2023-12-19-at-12.32.00-PM.png,https://sarveda.com/wp-content/uploads/2023/12/Screenshot-2023-12-19-at-12.32.00-PM.png
8720,https://sarveda.com/wp-content/uploads/2023/12/Screenshot-2023-12-19-at-12.30.50-PM.png,2023/12/Screenshot-2023-12-19-at-12.30.50-PM.png,https://sarveda.com/wp-content/uploads/2023/12/Screenshot-2023-12-19-at-12.30.50-PM.png
8765,https://sarveda.com/wp-content/uploads/2023/08/Bamboo-Rainstick_2-1.jpg,2023/08/Bamboo-Rainstick_2-1.jpg,https://sarveda.com/wp-content/uploads/2023/08/Bamboo-Rainstick_2-1.jpg
8766,https://sarveda.com/wp-content/uploads/2023/08/Bamboo-Rainstick_3-1.jpg,2023/08/Bamboo-Rainstick_3-1.jpg,https://sarveda.com/wp-content/uploads/2023/08/Bamboo-Rainstick_3-1.jpg
8767,https://sarveda.com/wp-content/uploads/2023/08/Bamboo-Rainstick_4.jpg,2023/08/Bamboo-Rainstick_4.jpg,https://sarveda.com/wp-content/uploads/2023/08/Bamboo-Rainstick_4.jpg
8768,https://sarveda.com/wp-content/uploads/2023/08/Bamboo-Rainstick_5-1.jpg,2023/08/Bamboo-Rainstick_5-1.jpg,https://sarveda.com/wp-content/uploads/2023/08/Bamboo-Rainstick_5-1.jpg
8769,https://sarveda.com/wp-content/uploads/2023/08/Bamboo-Rainstick_4.png,2023/08/Bamboo-Rainstick_4.png,https://sarveda.com/wp-content/uploads/2023/08/Bamboo-Rainstick_4.png
8770,https://sarveda.com/wp-content/uploads/2023/08/A_Generic_1-1-1.jpg,2023/08/A_Generic_1-1-1.jpg,https://sarveda.com/wp-content/uploads/2023/08/A_Generic_1-1-1.jpg
8776,https://sarveda.com/wp-content/uploads/2023/08/Mini-Xylophone_3-1.jpg,2023/08/Mini-Xylophone_3-1.jpg,https://sarveda.com/wp-content/uploads/2023/08/Mini-Xylophone_3-1.jpg
8778,https://sarveda.com/wp-content/uploads/2023/11/usb-3.png,2023/11/usb-3.png,https://sarveda.com/wp-content/uploads/2023/11/usb-3.png
8781,https://sarveda.com/wp-content/uploads/2023/08/15-keys-2.png,2023/08/15-keys-2.png,https://sarveda.com/wp-content/uploads/2023/08/15-keys-2.png
8786,https://sarveda.com/wp-content/uploads/2023/08/A.jpg,2023/08/A.jpg,https://sarveda.com/wp-content/uploads/2023/08/A.jpg
8787,https://sarveda.com/wp-content/uploads/2023/08/B.jpg,2023/08/B.jpg,https://sarveda.com/wp-content/uploads/2023/08/B.jpg
8788,https://sarveda.com/wp-content/uploads/2023/08/C.jpg,2023/08/C.jpg,https://sarveda.com/wp-content/uploads/2023/08/C.jpg
8789,https://sarveda.com/wp-content/uploads/2023/08/D.jpg,2023/08/D.jpg,https://sarveda.com/wp-content/uploads/2023/08/D.jpg
8790,https://sarveda.com/wp-content/uploads/2023/08/1-13.jpg,2023/08/1-13.jpg,https://sarveda.com/wp-content/uploads/2023/08/1-13.jpg
8791,https://sarveda.com/wp-content/uploads/2023/08/2-11.jpg,2023/08/2-11.jpg,https://sarveda.com/wp-content/uploads/2023/08/2-11.jpg
8792,https://sarveda.com/wp-content/uploads/2023/08/3-13.jpg,2023/08/3-13.jpg,https://sarveda.com/wp-content/uploads/2023/08/3-13.jpg
8793,https://sarveda.com/wp-content/uploads/2023/08/4-12.jpg,2023/08/4-12.jpg,https://sarveda.com/wp-content/uploads/2023/08/4-12.jpg
8794,https://sarveda.com/wp-content/uploads/2023/08/5-8.jpg,2023/08/5-8.jpg,https://sarveda.com/wp-content/uploads/2023/08/5-8.jpg
8795,https://sarveda.com/wp-content/uploads/2023/08/6-3.jpg,2023/08/6-3.jpg,https://sarveda.com/wp-content/uploads/2023/08/6-3.jpg
8796,https://sarveda.com/wp-content/uploads/2023/08/7-3.jpg,2023/08/7-3.jpg,https://sarveda.com/wp-content/uploads/2023/08/7-3.jpg
8797,https://sarveda.com/wp-content/uploads/2023/08/8-3.jpg,2023/08/8-3.jpg,https://sarveda.com/wp-content/uploads/2023/08/8-3.jpg
8798,https://sarveda.com/wp-content/uploads/2023/08/9-3.jpg,2023/08/9-3.jpg,https://sarveda.com/wp-content/uploads/2023/08/9-3.jpg
8799,https://sarveda.com/wp-content/uploads/2023/08/10-1.jpg,2023/08/10-1.jpg,https://sarveda.com/wp-content/uploads/2023/08/10-1.jpg
8827,https://sarveda.com/wp-content/uploads/2024/01/gong-tam-tam.jpeg,2024/01/gong-tam-tam.jpeg,https://sarveda.com/wp-content/uploads/2024/01/gong-tam-tam.jpeg
8828,https://sarveda.com/wp-content/uploads/2024/01/chau-gong-3.webp,2024/01/chau-gong-3.webp,https://sarveda.com/wp-content/uploads/2024/01/chau-gong-3.webp
8829,https://sarveda.com/wp-content/uploads/2024/01/chau-gong2.jpeg,2024/01/chau-gong2.jpeg,https://sarveda.com/wp-content/uploads/2024/01/chau-gong2.jpeg
8830,https://sarveda.com/wp-content/uploads/2023/02/Yoga-Bolster_A_2-1.jpg,2023/02/Yoga-Bolster_A_2-1.jpg,https://sarveda.com/wp-content/uploads/2023/02/Yoga-Bolster_A_2-1.jpg
8831,https://sarveda.com/wp-content/uploads/2023/02/Yoga-Bolster_Card_1-1.jpg,2023/02/Yoga-Bolster_Card_1-1.jpg,https://sarveda.com/wp-content/uploads/2023/02/Yoga-Bolster_Card_1-1.jpg
8832,https://sarveda.com/wp-content/uploads/2023/02/Zafu_Cylindrical_A_2-1.jpg,2023/02/Zafu_Cylindrical_A_2-1.jpg,https://sarveda.com/wp-content/uploads/2023/02/Zafu_Cylindrical_A_2-1.jpg
8834,https://sarveda.com/wp-content/uploads/2023/02/Zafu_Cylindrical_Card_1-2.jpg,2023/02/Zafu_Cylindrical_Card_1-2.jpg,https://sarveda.com/wp-content/uploads/2023/02/Zafu_Cylindrical_Card_1-2.jpg
8835,https://sarveda.com/wp-content/uploads/2024/01/flat-gong-11.png,2024/01/flat-gong-11.png,https://sarveda.com/wp-content/uploads/2024/01/flat-gong-11.png
8836,https://sarveda.com/wp-content/uploads/2024/01/flat-gongs-1.png,2024/01/flat-gongs-1.png,https://sarveda.com/wp-content/uploads/2024/01/flat-gongs-1.png
8903,https://sarveda.com/wp-content/uploads/2024/01/Flower-of-Life-1.png,2024/01/Flower-of-Life-1.png,https://sarveda.com/wp-content/uploads/2024/01/Flower-of-Life-1.png
8904,https://sarveda.com/wp-content/uploads/2024/01/Flower-of-Life-2.png,2024/01/Flower-of-Life-2.png,https://sarveda.com/wp-content/uploads/2024/01/Flower-of-Life-2.png
8905,https://sarveda.com/wp-content/uploads/2024/01/Flower-of-Life-3.png,2024/01/Flower-of-Life-3.png,https://sarveda.com/wp-content/uploads/2024/01/Flower-of-Life-3.png
8906,https://sarveda.com/wp-content/uploads/2024/01/Mandala.png,2024/01/Mandala.png,https://sarveda.com/wp-content/uploads/2024/01/Mandala.png
8907,https://sarveda.com/wp-content/uploads/2024/01/Om.png,2024/01/Om.png,https://sarveda.com/wp-content/uploads/2024/01/Om.png
8908,https://sarveda.com/wp-content/uploads/2024/01/Tara.png,2024/01/Tara.png,https://sarveda.com/wp-content/uploads/2024/01/Tara.png
8909,https://sarveda.com/wp-content/uploads/2024/01/7-Chakras.png,2024/01/7-Chakras.png,https://sarveda.com/wp-content/uploads/2024/01/7-Chakras.png
8925,https://sarveda.com/wp-content/uploads/2024/01/Sound-healing-online-course.png,2024/01/Sound-healing-online-course.png,https://sarveda.com/wp-content/uploads/2024/01/Sound-healing-online-course.png
8926,https://sarveda.com/wp-content/uploads/2024/01/Website-Banner-Sarveda-online-course-nada-yoga-sound-healing.png,2024/01/Website-Banner-Sarveda-online-course-nada-yoga-sound-healing.png,https://sarveda.com/wp-content/uploads/2024/01/Website-Banner-Sarveda-online-course-nada-yoga-sound-healing.png
8927,https://sarveda.com/wp-content/uploads/2024/01/Screenshot-2023-12-19-at-12.31.26-PM.png,2024/01/Screenshot-2023-12-19-at-12.31.26-PM.png,https://sarveda.com/wp-content/uploads/2024/01/Screenshot-2023-12-19-at-12.31.26-PM.png
8938,https://sarveda.com/wp-content/uploads/2024/01/Sound-Therapy-Nada-Yoga-Workshop-Bangalore.png,2024/01/Sound-Therapy-Nada-Yoga-Workshop-Bangalore.png,https://sarveda.com/wp-content/uploads/2024/01/Sound-Therapy-Nada-Yoga-Workshop-Bangalore.png
8957,https://sarveda.com/wp-content/uploads/2024/01/goa-therapy.png,2024/01/goa-therapy.png,https://sarveda.com/wp-content/uploads/2024/01/goa-therapy.png
8958,https://sarveda.com/wp-content/uploads/2024/01/Valerie-frolov-sarveda.png,2024/01/Valerie-frolov-sarveda.png,https://sarveda.com/wp-content/uploads/2024/01/Valerie-frolov-sarveda.png
8959,https://sarveda.com/wp-content/uploads/2024/01/Aditya-Prabhu-Sarveda.png,2024/01/Aditya-Prabhu-Sarveda.png,https://sarveda.com/wp-content/uploads/2024/01/Aditya-Prabhu-Sarveda.png
8962,https://sarveda.com/wp-content/uploads/2024/01/Screenshot-2024-01-22-at-1.56.01-PM.png,2024/01/Screenshot-2024-01-22-at-1.56.01-PM.png,https://sarveda.com/wp-content/uploads/2024/01/Screenshot-2024-01-22-at-1.56.01-PM.png
8963,https://sarveda.com/wp-content/uploads/2024/01/Screenshot-2024-01-22-at-1.56.10-PM.png,2024/01/Screenshot-2024-01-22-at-1.56.10-PM.png,https://sarveda.com/wp-content/uploads/2024/01/Screenshot-2024-01-22-at-1.56.10-PM.png
8964,https://sarveda.com/wp-content/uploads/2024/01/Screenshot-2024-01-22-at-1.56.22-PM.png,2024/01/Screenshot-2024-01-22-at-1.56.22-PM.png,https://sarveda.com/wp-content/uploads/2024/01/Screenshot-2024-01-22-at-1.56.22-PM.png
8965,https://sarveda.com/wp-content/uploads/2024/01/Screenshot-2024-01-22-at-1.56.43-PM.png,2024/01/Screenshot-2024-01-22-at-1.56.43-PM.png,https://sarveda.com/wp-content/uploads/2024/01/Screenshot-2024-01-22-at-1.56.43-PM.png
8966,https://sarveda.com/wp-content/uploads/2024/01/Screenshot-2024-01-22-at-1.57.14-PM.png,2024/01/Screenshot-2024-01-22-at-1.57.14-PM.png,https://sarveda.com/wp-content/uploads/2024/01/Screenshot-2024-01-22-at-1.57.14-PM.png
8967,https://sarveda.com/wp-content/uploads/2024/01/Screenshot-2024-01-22-at-1.57.24-PM.png,2024/01/Screenshot-2024-01-22-at-1.57.24-PM.png,https://sarveda.com/wp-content/uploads/2024/01/Screenshot-2024-01-22-at-1.57.24-PM.png
8968,https://sarveda.com/wp-content/uploads/2024/01/Screenshot-2024-01-22-at-2.33.10-PM.png,2024/01/Screenshot-2024-01-22-at-2.33.10-PM.png,https://sarveda.com/wp-content/uploads/2024/01/Screenshot-2024-01-22-at-2.33.10-PM.png
8969,https://sarveda.com/wp-content/uploads/2024/01/Screenshot-2024-01-22-at-2.33.20-PM.png,2024/01/Screenshot-2024-01-22-at-2.33.20-PM.png,https://sarveda.com/wp-content/uploads/2024/01/Screenshot-2024-01-22-at-2.33.20-PM.png
8970,https://sarveda.com/wp-content/uploads/2024/01/Screenshot-2024-01-22-at-2.33.27-PM.png,2024/01/Screenshot-2024-01-22-at-2.33.27-PM.png,https://sarveda.com/wp-content/uploads/2024/01/Screenshot-2024-01-22-at-2.33.27-PM.png
8971,https://sarveda.com/wp-content/uploads/2024/01/Screenshot-2024-01-22-at-1.57.03-PM.png,2024/01/Screenshot-2024-01-22-at-1.57.03-PM.png,https://sarveda.com/wp-content/uploads/2024/01/Screenshot-2024-01-22-at-1.57.03-PM.png
8973,https://sarveda.com/wp-content/uploads/2024/01/post111.png,2024/01/post111.png,https://sarveda.com/wp-content/uploads/2024/01/post111.png
8974,https://sarveda.com/wp-content/uploads/2024/01/aditya-drum-circle.png,2024/01/aditya-drum-circle.png,https://sarveda.com/wp-content/uploads/2024/01/aditya-drum-circle.png
9003,https://sarveda.com/wp-content/uploads/2023/09/7-chakras-matte.png,2023/09/7-chakras-matte.png,https://sarveda.com/wp-content/uploads/2023/09/7-chakras-matte.png
9004,https://sarveda.com/wp-content/uploads/2023/09/7-chakras-full-moon.png,2023/09/7-chakras-full-moon.png,https://sarveda.com/wp-content/uploads/2023/09/7-chakras-full-moon.png
9005,https://sarveda.com/wp-content/uploads/2023/09/full-moon-set.png,2023/09/full-moon-set.png,https://sarveda.com/wp-content/uploads/2023/09/full-moon-set.png
9006,https://sarveda.com/wp-content/uploads/2023/09/7-chakras-matte-1.png,2023/09/7-chakras-matte-1.png,https://sarveda.com/wp-content/uploads/2023/09/7-chakras-matte-1.png
9007,https://sarveda.com/wp-content/uploads/2023/09/7-chakras-Set.png,2023/09/7-chakras-Set.png,https://sarveda.com/wp-content/uploads/2023/09/7-chakras-Set.png
9008,https://sarveda.com/wp-content/uploads/2023/09/7-chakras-full-moon-1.png,2023/09/7-chakras-full-moon-1.png,https://sarveda.com/wp-content/uploads/2023/09/7-chakras-full-moon-1.png
9046,https://sarveda.com/wp-content/uploads/2024/02/Sarveda-Products.png,2024/02/Sarveda-Products.png,https://sarveda.com/wp-content/uploads/2024/02/Sarveda-Products.png
9054,https://sarveda.com/wp-content/uploads/2023/11/Snapinsta.app_video_10000000_741290371200524_2814593685715538361_n.mp4,2023/11/Snapinsta.app_video_10000000_741290371200524_2814593685715538361_n.mp4,https://sarveda.com/wp-content/uploads/2023/11/Snapinsta.app_video_10000000_741290371200524_2814593685715538361_n.mp4
9055,https://sarveda.com/wp-content/uploads/2023/11/Snapinsta.app_video_10000000_741290371200524_2814593685715538361_n-1.mp4,2023/11/Snapinsta.app_video_10000000_741290371200524_2814593685715538361_n-1.mp4,https://sarveda.com/wp-content/uploads/2023/11/Snapinsta.app_video_10000000_741290371200524_2814593685715538361_n-1.mp4
9056,https://sarveda.com/wp-content/uploads/2023/11/Snapinsta.app_video_10000000_741290371200524_2814593685715538361_n-2.mp4,2023/11/Snapinsta.app_video_10000000_741290371200524_2814593685715538361_n-2.mp4,https://sarveda.com/wp-content/uploads/2023/11/Snapinsta.app_video_10000000_741290371200524_2814593685715538361_n-2.mp4
9057,https://sarveda.com/wp-content/uploads/2021/11/Snapinsta.app_video_4F49C15E34F38E611858A33AD140D390_video_dashinit.mp4,2021/11/Snapinsta.app_video_4F49C15E34F38E611858A33AD140D390_video_dashinit.mp4,https://sarveda.com/wp-content/uploads/2021/11/Snapinsta.app_video_4F49C15E34F38E611858A33AD140D390_video_dashinit.mp4
9183,https://sarveda.com/wp-content/uploads/2024/04/Handpans.png,2024/04/Handpans.png,https://sarveda.com/wp-content/uploads/2024/04/Handpans.png
9189,https://sarveda.com/wp-content/uploads/2023/09/standard.png,2023/09/standard.png,https://sarveda.com/wp-content/uploads/2023/09/standard.png
9190,https://sarveda.com/wp-content/uploads/2023/09/7-Chakras-Set-1.png,2023/09/7-Chakras-Set-1.png,https://sarveda.com/wp-content/uploads/2023/09/7-Chakras-Set-1.png
9191,https://sarveda.com/wp-content/uploads/2023/09/7-Chakras-Exterior.png,2023/09/7-Chakras-Exterior.png,https://sarveda.com/wp-content/uploads/2023/09/7-Chakras-Exterior.png
9192,https://sarveda.com/wp-content/uploads/2023/09/7-Chakras-Interior.png,2023/09/7-Chakras-Interior.png,https://sarveda.com/wp-content/uploads/2023/09/7-Chakras-Interior.png
9226,https://sarveda.com/wp-content/uploads/2024/04/Eye-pillow_Main-1.jpg,2024/04/Eye-pillow_Main-1.jpg,https://sarveda.com/wp-content/uploads/2024/04/Eye-pillow_Main-1.jpg
9227,https://sarveda.com/wp-content/uploads/2024/04/Eye-pillow_Card_1-1.jpg,2024/04/Eye-pillow_Card_1-1.jpg,https://sarveda.com/wp-content/uploads/2024/04/Eye-pillow_Card_1-1.jpg
9228,https://sarveda.com/wp-content/uploads/2024/04/Eye-pillow_Card_2-1.jpg,2024/04/Eye-pillow_Card_2-1.jpg,https://sarveda.com/wp-content/uploads/2024/04/Eye-pillow_Card_2-1.jpg
9229,https://sarveda.com/wp-content/uploads/2024/04/Eye-pillow_Card_3-1.jpg,2024/04/Eye-pillow_Card_3-1.jpg,https://sarveda.com/wp-content/uploads/2024/04/Eye-pillow_Card_3-1.jpg
9230,https://sarveda.com/wp-content/uploads/2024/04/Eye-pillow_Card_4-1.jpg,2024/04/Eye-pillow_Card_4-1.jpg,https://sarveda.com/wp-content/uploads/2024/04/Eye-pillow_Card_4-1.jpg
9231,https://sarveda.com/wp-content/uploads/2024/04/Eye-pillow_Card_5-1.jpg,2024/04/Eye-pillow_Card_5-1.jpg,https://sarveda.com/wp-content/uploads/2024/04/Eye-pillow_Card_5-1.jpg
9232,https://sarveda.com/wp-content/uploads/2024/04/Eye-pillow_Card_6-1.jpg,2024/04/Eye-pillow_Card_6-1.jpg,https://sarveda.com/wp-content/uploads/2024/04/Eye-pillow_Card_6-1.jpg
9233,https://sarveda.com/wp-content/uploads/2024/04/Eye-pillow_Card_7.jpg,2024/04/Eye-pillow_Card_7.jpg,https://sarveda.com/wp-content/uploads/2024/04/Eye-pillow_Card_7.jpg
9260,https://sarveda.com/wp-content/uploads/2024/04/Yoga-Mat_Card_1-3.jpg,2024/04/Yoga-Mat_Card_1-3.jpg,https://sarveda.com/wp-content/uploads/2024/04/Yoga-Mat_Card_1-3.jpg
9261,https://sarveda.com/wp-content/uploads/2024/04/Yoga-Mat_Card_2-3.jpg,2024/04/Yoga-Mat_Card_2-3.jpg,https://sarveda.com/wp-content/uploads/2024/04/Yoga-Mat_Card_2-3.jpg
9262,https://sarveda.com/wp-content/uploads/2024/04/Yoga-Mat_Card_3-2.jpg,2024/04/Yoga-Mat_Card_3-2.jpg,https://sarveda.com/wp-content/uploads/2024/04/Yoga-Mat_Card_3-2.jpg
9263,https://sarveda.com/wp-content/uploads/2024/04/Yoga-Mat_Card_4-3.jpg,2024/04/Yoga-Mat_Card_4-3.jpg,https://sarveda.com/wp-content/uploads/2024/04/Yoga-Mat_Card_4-3.jpg
9264,https://sarveda.com/wp-content/uploads/2024/04/Yoga-Mat_Card_5-3.jpg,2024/04/Yoga-Mat_Card_5-3.jpg,https://sarveda.com/wp-content/uploads/2024/04/Yoga-Mat_Card_5-3.jpg
9265,https://sarveda.com/wp-content/uploads/2024/04/Yoga-Mat_Card_6.jpg,2024/04/Yoga-Mat_Card_6.jpg,https://sarveda.com/wp-content/uploads/2024/04/Yoga-Mat_Card_6.jpg
9266,https://sarveda.com/wp-content/uploads/2023/02/Zafu_Round_Card_Sage.jpg,2023/02/Zafu_Round_Card_Sage.jpg,https://sarveda.com/wp-content/uploads/2023/02/Zafu_Round_Card_Sage.jpg
9267,https://sarveda.com/wp-content/uploads/2023/02/Zafu_Round_Card_1-1.jpg,2023/02/Zafu_Round_Card_1-1.jpg,https://sarveda.com/wp-content/uploads/2023/02/Zafu_Round_Card_1-1.jpg
9268,https://sarveda.com/wp-content/uploads/2023/02/Zafu_Round_Card_2-1.jpg,2023/02/Zafu_Round_Card_2-1.jpg,https://sarveda.com/wp-content/uploads/2023/02/Zafu_Round_Card_2-1.jpg
9269,https://sarveda.com/wp-content/uploads/2023/02/Zafu_Round_Card_3-1-1.jpg,2023/02/Zafu_Round_Card_3-1-1.jpg,https://sarveda.com/wp-content/uploads/2023/02/Zafu_Round_Card_3-1-1.jpg
9270,https://sarveda.com/wp-content/uploads/2023/02/Zafu_Round_Card_4-1.jpg,2023/02/Zafu_Round_Card_4-1.jpg,https://sarveda.com/wp-content/uploads/2023/02/Zafu_Round_Card_4-1.jpg
9271,https://sarveda.com/wp-content/uploads/2023/02/Zafu_Round_Card_5-1.jpg,2023/02/Zafu_Round_Card_5-1.jpg,https://sarveda.com/wp-content/uploads/2023/02/Zafu_Round_Card_5-1.jpg
9272,https://sarveda.com/wp-content/uploads/2023/02/Zafu_Round_Card_6.jpg,2023/02/Zafu_Round_Card_6.jpg,https://sarveda.com/wp-content/uploads/2023/02/Zafu_Round_Card_6.jpg
9273,https://sarveda.com/wp-content/uploads/2023/02/Zafu_Round_Card_Blue.jpg,2023/02/Zafu_Round_Card_Blue.jpg,https://sarveda.com/wp-content/uploads/2023/02/Zafu_Round_Card_Blue.jpg
9274,https://sarveda.com/wp-content/uploads/2023/02/Zafu_Round_Card_Dark-grey.jpg,2023/02/Zafu_Round_Card_Dark-grey.jpg,https://sarveda.com/wp-content/uploads/2023/02/Zafu_Round_Card_Dark-grey.jpg
9275,https://sarveda.com/wp-content/uploads/2023/02/Zafu_Round_Card_Grey.jpg,2023/02/Zafu_Round_Card_Grey.jpg,https://sarveda.com/wp-content/uploads/2023/02/Zafu_Round_Card_Grey.jpg
9276,https://sarveda.com/wp-content/uploads/2023/02/Zafu_Round_Card_Orange.jpg,2023/02/Zafu_Round_Card_Orange.jpg,https://sarveda.com/wp-content/uploads/2023/02/Zafu_Round_Card_Orange.jpg
9277,https://sarveda.com/wp-content/uploads/2023/02/Zafu_Round_Card_Sage-1.jpg,2023/02/Zafu_Round_Card_Sage-1.jpg,https://sarveda.com/wp-content/uploads/2023/02/Zafu_Round_Card_Sage-1.jpg
9285,https://sarveda.com/wp-content/uploads/2023/02/Zafu_Cylindrical_Card_1-2-1.jpg,2023/02/Zafu_Cylindrical_Card_1-2-1.jpg,https://sarveda.com/wp-content/uploads/2023/02/Zafu_Cylindrical_Card_1-2-1.jpg
9286,https://sarveda.com/wp-content/uploads/2023/02/Zafu_Cylindrical_Card_2-2.jpg,2023/02/Zafu_Cylindrical_Card_2-2.jpg,https://sarveda.com/wp-content/uploads/2023/02/Zafu_Cylindrical_Card_2-2.jpg
9287,https://sarveda.com/wp-content/uploads/2023/02/Zafu_Cylindrical_Card_3-3.jpg,2023/02/Zafu_Cylindrical_Card_3-3.jpg,https://sarveda.com/wp-content/uploads/2023/02/Zafu_Cylindrical_Card_3-3.jpg
9288,https://sarveda.com/wp-content/uploads/2023/02/Zafu_Cylindrical_Card_4-2.jpg,2023/02/Zafu_Cylindrical_Card_4-2.jpg,https://sarveda.com/wp-content/uploads/2023/02/Zafu_Cylindrical_Card_4-2.jpg
9289,https://sarveda.com/wp-content/uploads/2023/02/Zafu_Cylindrical_Card_5-2.jpg,2023/02/Zafu_Cylindrical_Card_5-2.jpg,https://sarveda.com/wp-content/uploads/2023/02/Zafu_Cylindrical_Card_5-2.jpg
9290,https://sarveda.com/wp-content/uploads/2023/02/Zafu_Cylindrical_Card_6.jpg,2023/02/Zafu_Cylindrical_Card_6.jpg,https://sarveda.com/wp-content/uploads/2023/02/Zafu_Cylindrical_Card_6.jpg
9298,https://sarveda.com/wp-content/uploads/2023/02/Yoga-Zabuton_Cards_Blue.jpg,2023/02/Yoga-Zabuton_Cards_Blue.jpg,https://sarveda.com/wp-content/uploads/2023/02/Yoga-Zabuton_Cards_Blue.jpg
9299,https://sarveda.com/wp-content/uploads/2023/02/Yoga-Zabuton_Cards_1-1.jpg,2023/02/Yoga-Zabuton_Cards_1-1.jpg,https://sarveda.com/wp-content/uploads/2023/02/Yoga-Zabuton_Cards_1-1.jpg
9300,https://sarveda.com/wp-content/uploads/2023/02/Yoga-Zabuton_Cards_2-1.jpg,2023/02/Yoga-Zabuton_Cards_2-1.jpg,https://sarveda.com/wp-content/uploads/2023/02/Yoga-Zabuton_Cards_2-1.jpg
9301,https://sarveda.com/wp-content/uploads/2023/02/Yoga-Zabuton_Cards_3-1-1.jpg,2023/02/Yoga-Zabuton_Cards_3-1-1.jpg,https://sarveda.com/wp-content/uploads/2023/02/Yoga-Zabuton_Cards_3-1-1.jpg
9302,https://sarveda.com/wp-content/uploads/2023/02/Yoga-Zabuton_Cards_4-1.jpg,2023/02/Yoga-Zabuton_Cards_4-1.jpg,https://sarveda.com/wp-content/uploads/2023/02/Yoga-Zabuton_Cards_4-1.jpg
9303,https://sarveda.com/wp-content/uploads/2023/02/Yoga-Zabuton_Cards_5-1.jpg,2023/02/Yoga-Zabuton_Cards_5-1.jpg,https://sarveda.com/wp-content/uploads/2023/02/Yoga-Zabuton_Cards_5-1.jpg
9304,https://sarveda.com/wp-content/uploads/2023/02/Yoga-Zabuton_Cards_6.jpg,2023/02/Yoga-Zabuton_Cards_6.jpg,https://sarveda.com/wp-content/uploads/2023/02/Yoga-Zabuton_Cards_6.jpg
9305,https://sarveda.com/wp-content/uploads/2023/02/Yoga-Zabuton_Cards_7.jpg,2023/02/Yoga-Zabuton_Cards_7.jpg,https://sarveda.com/wp-content/uploads/2023/02/Yoga-Zabuton_Cards_7.jpg
9306,https://sarveda.com/wp-content/uploads/2023/02/Yoga-Zabuton_Cards_8.jpg,2023/02/Yoga-Zabuton_Cards_8.jpg,https://sarveda.com/wp-content/uploads/2023/02/Yoga-Zabuton_Cards_8.jpg
9307,https://sarveda.com/wp-content/uploads/2023/02/Yoga-Zabuton_Cards_Blue-1.jpg,2023/02/Yoga-Zabuton_Cards_Blue-1.jpg,https://sarveda.com/wp-content/uploads/2023/02/Yoga-Zabuton_Cards_Blue-1.jpg
9308,https://sarveda.com/wp-content/uploads/2023/02/Yoga-Zabuton_Cards_Grey.jpg,2023/02/Yoga-Zabuton_Cards_Grey.jpg,https://sarveda.com/wp-content/uploads/2023/02/Yoga-Zabuton_Cards_Grey.jpg
9315,https://sarveda.com/wp-content/uploads/2023/02/Yoga-Rectangle-Bolster_Card_1.jpg,2023/02/Yoga-Rectangle-Bolster_Card_1.jpg,https://sarveda.com/wp-content/uploads/2023/02/Yoga-Rectangle-Bolster_Card_1.jpg
9316,https://sarveda.com/wp-content/uploads/2023/02/Yoga-Rectangle-Bolster_Card_2.jpg,2023/02/Yoga-Rectangle-Bolster_Card_2.jpg,https://sarveda.com/wp-content/uploads/2023/02/Yoga-Rectangle-Bolster_Card_2.jpg
9317,https://sarveda.com/wp-content/uploads/2023/02/Yoga-Rectangle-Bolster_Card_3.jpg,2023/02/Yoga-Rectangle-Bolster_Card_3.jpg,https://sarveda.com/wp-content/uploads/2023/02/Yoga-Rectangle-Bolster_Card_3.jpg
9318,https://sarveda.com/wp-content/uploads/2023/02/Yoga-Rectangle-Bolster_Card_4.jpg,2023/02/Yoga-Rectangle-Bolster_Card_4.jpg,https://sarveda.com/wp-content/uploads/2023/02/Yoga-Rectangle-Bolster_Card_4.jpg
9319,https://sarveda.com/wp-content/uploads/2023/02/Yoga-Rectangle-Bolster_Card_5.jpg,2023/02/Yoga-Rectangle-Bolster_Card_5.jpg,https://sarveda.com/wp-content/uploads/2023/02/Yoga-Rectangle-Bolster_Card_5.jpg
9385,https://sarveda.com/wp-content/uploads/2024/04/IMG-2395.jpg,2024/04/IMG-2395-scaled.jpg,https://sarveda.com/wp-content/uploads/2024/04/IMG-2395-scaled.jpg
9386,https://sarveda.com/wp-content/uploads/2024/04/IMG-2318.jpg,2024/04/IMG-2318-scaled.jpg,https://sarveda.com/wp-content/uploads/2024/04/IMG-2318-scaled.jpg
9387,https://sarveda.com/wp-content/uploads/2024/04/IMG-2308.jpg,2024/04/IMG-2308-scaled.jpg,https://sarveda.com/wp-content/uploads/2024/04/IMG-2308-scaled.jpg
9455,https://sarveda.com/wp-content/uploads/2024/04/IMF-2322.jpg,2024/04/IMF-2322-scaled.jpg,https://sarveda.com/wp-content/uploads/2024/04/IMF-2322-scaled.jpg
9456,https://sarveda.com/wp-content/uploads/2024/04/IMG-2330.jpg,2024/04/IMG-2330-scaled.jpg,https://sarveda.com/wp-content/uploads/2024/04/IMG-2330-scaled.jpg
9457,https://sarveda.com/wp-content/uploads/2024/04/IMG-2327.jpg,2024/04/IMG-2327-scaled.jpg,https://sarveda.com/wp-content/uploads/2024/04/IMG-2327-scaled.jpg
9518,https://sarveda.com/wp-content/uploads/2024/05/IMG-2339.jpg,2024/05/IMG-2339-scaled.jpg,https://sarveda.com/wp-content/uploads/2024/05/IMG-2339-scaled.jpg
9519,https://sarveda.com/wp-content/uploads/2024/05/IMG-2345.jpg,2024/05/IMG-2345-scaled.jpg,https://sarveda.com/wp-content/uploads/2024/05/IMG-2345-scaled.jpg
9520,https://sarveda.com/wp-content/uploads/2024/05/IMG-2342.jpg,2024/05/IMG-2342-scaled.jpg,https://sarveda.com/wp-content/uploads/2024/05/IMG-2342-scaled.jpg
9522,https://sarveda.com/wp-content/uploads/2024/05/IMG-2296.jpg,2024/05/IMG-2296-scaled.jpg,https://sarveda.com/wp-content/uploads/2024/05/IMG-2296-scaled.jpg
9523,https://sarveda.com/wp-content/uploads/2024/05/IMG-2300.jpg,2024/05/IMG-2300-scaled.jpg,https://sarveda.com/wp-content/uploads/2024/05/IMG-2300-scaled.jpg
9524,https://sarveda.com/wp-content/uploads/2024/05/IMG-2304.jpg,2024/05/IMG-2304-scaled.jpg,https://sarveda.com/wp-content/uploads/2024/05/IMG-2304-scaled.jpg
9530,https://sarveda.com/wp-content/uploads/2024/05/IMG-2371.jpg,2024/05/IMG-2371-scaled.jpg,https://sarveda.com/wp-content/uploads/2024/05/IMG-2371-scaled.jpg
9539,https://sarveda.com/wp-content/uploads/2024/05/IMG-2371-1.jpg,2024/05/IMG-2371-1-scaled.jpg,https://sarveda.com/wp-content/uploads/2024/05/IMG-2371-1-scaled.jpg
9540,https://sarveda.com/wp-content/uploads/2024/05/IMG-2372.jpg,2024/05/IMG-2372-scaled.jpg,https://sarveda.com/wp-content/uploads/2024/05/IMG-2372-scaled.jpg
9541,https://sarveda.com/wp-content/uploads/2024/05/IMG-2432.jpg,2024/05/IMG-2432-scaled.jpg,https://sarveda.com/wp-content/uploads/2024/05/IMG-2432-scaled.jpg
9543,https://sarveda.com/wp-content/uploads/2024/04/IMG-2375.jpg,2024/04/IMG-2375-scaled.jpg,https://sarveda.com/wp-content/uploads/2024/04/IMG-2375-scaled.jpg
9544,https://sarveda.com/wp-content/uploads/2024/04/IMG-2475.jpg,2024/04/IMG-2475-scaled.jpg,https://sarveda.com/wp-content/uploads/2024/04/IMG-2475-scaled.jpg
9545,https://sarveda.com/wp-content/uploads/2024/04/IMG0859.jpg,2024/04/IMG0859-scaled.jpg,https://sarveda.com/wp-content/uploads/2024/04/IMG0859-scaled.jpg
9546,https://sarveda.com/wp-content/uploads/2024/04/IMG0857.jpg,2024/04/IMG0857-scaled.jpg,https://sarveda.com/wp-content/uploads/2024/04/IMG0857-scaled.jpg
9547,https://sarveda.com/wp-content/uploads/2024/04/IMG0845.jpg,2024/04/IMG0845-scaled.jpg,https://sarveda.com/wp-content/uploads/2024/04/IMG0845-scaled.jpg
9548,https://sarveda.com/wp-content/uploads/2024/04/IMG0863.jpg,2024/04/IMG0863-scaled.jpg,https://sarveda.com/wp-content/uploads/2024/04/IMG0863-scaled.jpg
9549,https://sarveda.com/wp-content/uploads/2024/04/IMG0832.jpg,2024/04/IMG0832-scaled.jpg,https://sarveda.com/wp-content/uploads/2024/04/IMG0832-scaled.jpg
9550,https://sarveda.com/wp-content/uploads/2024/04/IMG0945.jpg,2024/04/IMG0945-scaled.jpg,https://sarveda.com/wp-content/uploads/2024/04/IMG0945-scaled.jpg
9551,https://sarveda.com/wp-content/uploads/2024/04/IMG0827.jpg,2024/04/IMG0827-scaled.jpg,https://sarveda.com/wp-content/uploads/2024/04/IMG0827-scaled.jpg
9552,https://sarveda.com/wp-content/uploads/2024/04/IMG0829.jpg,2024/04/IMG0829-scaled.jpg,https://sarveda.com/wp-content/uploads/2024/04/IMG0829-scaled.jpg
9553,https://sarveda.com/wp-content/uploads/2024/04/IMG0832-1.jpg,2024/04/IMG0832-1-scaled.jpg,https://sarveda.com/wp-content/uploads/2024/04/IMG0832-1-scaled.jpg
9554,https://sarveda.com/wp-content/uploads/2024/04/IMG0839.jpg,2024/04/IMG0839-scaled.jpg,https://sarveda.com/wp-content/uploads/2024/04/IMG0839-scaled.jpg
9555,https://sarveda.com/wp-content/uploads/2024/04/IMG0945-1.jpg,2024/04/IMG0945-1-scaled.jpg,https://sarveda.com/wp-content/uploads/2024/04/IMG0945-1-scaled.jpg
9556,https://sarveda.com/wp-content/uploads/2024/04/IMG0968.jpg,2024/04/IMG0968-scaled.jpg,https://sarveda.com/wp-content/uploads/2024/04/IMG0968-scaled.jpg
9557,https://sarveda.com/wp-content/uploads/2024/04/IMG0972.jpg,2024/04/IMG0972-scaled.jpg,https://sarveda.com/wp-content/uploads/2024/04/IMG0972-scaled.jpg
9558,https://sarveda.com/wp-content/uploads/2024/04/IMG0984.jpg,2024/04/IMG0984-scaled.jpg,https://sarveda.com/wp-content/uploads/2024/04/IMG0984-scaled.jpg
9559,https://sarveda.com/wp-content/uploads/2024/04/IMG0835.jpg,2024/04/IMG0835-scaled.jpg,https://sarveda.com/wp-content/uploads/2024/04/IMG0835-scaled.jpg
9560,https://sarveda.com/wp-content/uploads/2024/04/IMG0958.jpg,2024/04/IMG0958-scaled.jpg,https://sarveda.com/wp-content/uploads/2024/04/IMG0958-scaled.jpg
9561,https://sarveda.com/wp-content/uploads/2024/04/IMG0901.jpg,2024/04/IMG0901-scaled.jpg,https://sarveda.com/wp-content/uploads/2024/04/IMG0901-scaled.jpg
9562,https://sarveda.com/wp-content/uploads/2024/04/IMG0887.jpg,2024/04/IMG0887-scaled.jpg,https://sarveda.com/wp-content/uploads/2024/04/IMG0887-scaled.jpg
9563,https://sarveda.com/wp-content/uploads/2024/04/IMG0901-1.jpg,2024/04/IMG0901-1-scaled.jpg,https://sarveda.com/wp-content/uploads/2024/04/IMG0901-1-scaled.jpg
9564,https://sarveda.com/wp-content/uploads/2024/04/IMG0907.jpg,2024/04/IMG0907-scaled.jpg,https://sarveda.com/wp-content/uploads/2024/04/IMG0907-scaled.jpg
9565,https://sarveda.com/wp-content/uploads/2024/04/IMG1405.jpg,2024/04/IMG1405-scaled.jpg,https://sarveda.com/wp-content/uploads/2024/04/IMG1405-scaled.jpg
9566,https://sarveda.com/wp-content/uploads/2024/04/IMG1419.jpg,2024/04/IMG1419-scaled.jpg,https://sarveda.com/wp-content/uploads/2024/04/IMG1419-scaled.jpg
9567,https://sarveda.com/wp-content/uploads/2024/04/IMG1423.jpg,2024/04/IMG1423-scaled.jpg,https://sarveda.com/wp-content/uploads/2024/04/IMG1423-scaled.jpg
9594,https://sarveda.com/wp-content/uploads/2023/08/IMG0814.jpg,2023/08/IMG0814-scaled.jpg,https://sarveda.com/wp-content/uploads/2023/08/IMG0814-scaled.jpg
9595,https://sarveda.com/wp-content/uploads/2023/08/IMG0817.jpg,2023/08/IMG0817-scaled.jpg,https://sarveda.com/wp-content/uploads/2023/08/IMG0817-scaled.jpg
9596,https://sarveda.com/wp-content/uploads/2023/08/IMG0818.jpg,2023/08/IMG0818-scaled.jpg,https://sarveda.com/wp-content/uploads/2023/08/IMG0818-scaled.jpg
9600,https://sarveda.com/wp-content/uploads/2023/03/IMG0898.jpg,2023/03/IMG0898-scaled.jpg,https://sarveda.com/wp-content/uploads/2023/03/IMG0898-scaled.jpg
9601,https://sarveda.com/wp-content/uploads/2023/03/IMG0906.jpg,2023/03/IMG0906-scaled.jpg,https://sarveda.com/wp-content/uploads/2023/03/IMG0906-scaled.jpg
9602,https://sarveda.com/wp-content/uploads/2023/03/IMG0910.jpg,2023/03/IMG0910-scaled.jpg,https://sarveda.com/wp-content/uploads/2023/03/IMG0910-scaled.jpg
9603,https://sarveda.com/wp-content/uploads/2023/03/IMG1407.jpg,2023/03/IMG1407-scaled.jpg,https://sarveda.com/wp-content/uploads/2023/03/IMG1407-scaled.jpg
9604,https://sarveda.com/wp-content/uploads/2023/03/IMG1414.jpg,2023/03/IMG1414-scaled.jpg,https://sarveda.com/wp-content/uploads/2023/03/IMG1414-scaled.jpg
9605,https://sarveda.com/wp-content/uploads/2023/03/IMG1427.jpg,2023/03/IMG1427-scaled.jpg,https://sarveda.com/wp-content/uploads/2023/03/IMG1427-scaled.jpg
9609,https://sarveda.com/wp-content/uploads/2023/02/IMG0883.jpg,2023/02/IMG0883-scaled.jpg,https://sarveda.com/wp-content/uploads/2023/02/IMG0883-scaled.jpg
9610,https://sarveda.com/wp-content/uploads/2023/02/IMG0893.jpg,2023/02/IMG0893-scaled.jpg,https://sarveda.com/wp-content/uploads/2023/02/IMG0893-scaled.jpg
9611,https://sarveda.com/wp-content/uploads/2023/02/IMG0904.jpg,2023/02/IMG0904-scaled.jpg,https://sarveda.com/wp-content/uploads/2023/02/IMG0904-scaled.jpg
9612,https://sarveda.com/wp-content/uploads/2023/02/IMG1391.jpg,2023/02/IMG1391-scaled.jpg,https://sarveda.com/wp-content/uploads/2023/02/IMG1391-scaled.jpg
9613,https://sarveda.com/wp-content/uploads/2023/02/IMG1397.jpg,2023/02/IMG1397-scaled.jpg,https://sarveda.com/wp-content/uploads/2023/02/IMG1397-scaled.jpg
9614,https://sarveda.com/wp-content/uploads/2023/02/IMG1400.jpg,2023/02/IMG1400-scaled.jpg,https://sarveda.com/wp-content/uploads/2023/02/IMG1400-scaled.jpg
9615,https://sarveda.com/wp-content/uploads/2024/04/IMG-2488.jpg,2024/04/IMG-2488-scaled.jpg,https://sarveda.com/wp-content/uploads/2024/04/IMG-2488-scaled.jpg
9616,https://sarveda.com/wp-content/uploads/2024/04/IMG-2490.jpg,2024/04/IMG-2490-scaled.jpg,https://sarveda.com/wp-content/uploads/2024/04/IMG-2490-scaled.jpg
9617,https://sarveda.com/wp-content/uploads/2024/04/IMG-2492.jpg,2024/04/IMG-2492-scaled.jpg,https://sarveda.com/wp-content/uploads/2024/04/IMG-2492-scaled.jpg
9618,https://sarveda.com/wp-content/uploads/2024/04/IMG-2494.jpg,2024/04/IMG-2494-scaled.jpg,https://sarveda.com/wp-content/uploads/2024/04/IMG-2494-scaled.jpg
9619,https://sarveda.com/wp-content/uploads/2024/04/IMG-2497.jpg,2024/04/IMG-2497-scaled.jpg,https://sarveda.com/wp-content/uploads/2024/04/IMG-2497-scaled.jpg
9620,https://sarveda.com/wp-content/uploads/2024/04/img-2500.jpg,2024/04/img-2500-scaled.jpg,https://sarveda.com/wp-content/uploads/2024/04/img-2500-scaled.jpg
9621,https://sarveda.com/wp-content/uploads/2024/04/IMG-2505.jpg,2024/04/IMG-2505-scaled.jpg,https://sarveda.com/wp-content/uploads/2024/04/IMG-2505-scaled.jpg
9622,https://sarveda.com/wp-content/uploads/2024/04/IMG-2512.jpg,2024/04/IMG-2512-scaled.jpg,https://sarveda.com/wp-content/uploads/2024/04/IMG-2512-scaled.jpg
9623,https://sarveda.com/wp-content/uploads/2024/04/IMG-2517.jpg,2024/04/IMG-2517-scaled.jpg,https://sarveda.com/wp-content/uploads/2024/04/IMG-2517-scaled.jpg
9624,https://sarveda.com/wp-content/uploads/2024/04/IMG2523.jpg,2024/04/IMG2523-scaled.jpg,https://sarveda.com/wp-content/uploads/2024/04/IMG2523-scaled.jpg
9625,https://sarveda.com/wp-content/uploads/2023/02/Yoga-Bolster_Card_3-1.jpg,2023/02/Yoga-Bolster_Card_3-1.jpg,https://sarveda.com/wp-content/uploads/2023/02/Yoga-Bolster_Card_3-1.jpg
9626,https://sarveda.com/wp-content/uploads/2023/02/Yoga-Bolster_Card_4-1-1.jpg,2023/02/Yoga-Bolster_Card_4-1-1.jpg,https://sarveda.com/wp-content/uploads/2023/02/Yoga-Bolster_Card_4-1-1.jpg
9631,https://sarveda.com/wp-content/uploads/2023/02/IMG0831.jpg,2023/02/IMG0831-scaled.jpg,https://sarveda.com/wp-content/uploads/2023/02/IMG0831-scaled.jpg
9632,https://sarveda.com/wp-content/uploads/2023/02/IMG0833.jpg,2023/02/IMG0833-scaled.jpg,https://sarveda.com/wp-content/uploads/2023/02/IMG0833-scaled.jpg
9633,https://sarveda.com/wp-content/uploads/2023/02/IMG0834.jpg,2023/02/IMG0834-scaled.jpg,https://sarveda.com/wp-content/uploads/2023/02/IMG0834-scaled.jpg
9634,https://sarveda.com/wp-content/uploads/2023/02/IMG0836.jpg,2023/02/IMG0836-scaled.jpg,https://sarveda.com/wp-content/uploads/2023/02/IMG0836-scaled.jpg
9635,https://sarveda.com/wp-content/uploads/2023/02/IMG0951.jpg,2023/02/IMG0951-scaled.jpg,https://sarveda.com/wp-content/uploads/2023/02/IMG0951-scaled.jpg
9636,https://sarveda.com/wp-content/uploads/2023/02/IMG0954.jpg,2023/02/IMG0954-scaled.jpg,https://sarveda.com/wp-content/uploads/2023/02/IMG0954-scaled.jpg
9637,https://sarveda.com/wp-content/uploads/2023/02/IMG0962.jpg,2023/02/IMG0962-scaled.jpg,https://sarveda.com/wp-content/uploads/2023/02/IMG0962-scaled.jpg
9638,https://sarveda.com/wp-content/uploads/2023/02/IMG0980.jpg,2023/02/IMG0980-scaled.jpg,https://sarveda.com/wp-content/uploads/2023/02/IMG0980-scaled.jpg
9639,https://sarveda.com/wp-content/uploads/2023/02/IMG0858.jpg,2023/02/IMG0858-scaled.jpg,https://sarveda.com/wp-content/uploads/2023/02/IMG0858-scaled.jpg
9640,https://sarveda.com/wp-content/uploads/2023/02/IMG0976.jpg,2023/02/IMG0976-scaled.jpg,https://sarveda.com/wp-content/uploads/2023/02/IMG0976-scaled.jpg
9641,https://sarveda.com/wp-content/uploads/2024/04/Hi-Zafu-Lotus-Sarveda.png,2024/04/Hi-Zafu-Lotus-Sarveda.png,https://sarveda.com/wp-content/uploads/2024/04/Hi-Zafu-Lotus-Sarveda.png
9642,https://sarveda.com/wp-content/uploads/2024/04/Round-Zafu-Sarveda-Lotus.png,2024/04/Round-Zafu-Sarveda-Lotus.png,https://sarveda.com/wp-content/uploads/2024/04/Round-Zafu-Sarveda-Lotus.png
9644,https://sarveda.com/wp-content/uploads/2023/02/IMG0824.jpg,2023/02/IMG0824-scaled.jpg,https://sarveda.com/wp-content/uploads/2023/02/IMG0824-scaled.jpg
9645,https://sarveda.com/wp-content/uploads/2023/02/IMG0850.jpg,2023/02/IMG0850-scaled.jpg,https://sarveda.com/wp-content/uploads/2023/02/IMG0850-scaled.jpg
9646,https://sarveda.com/wp-content/uploads/2023/02/IMG0852.jpg,2023/02/IMG0852-scaled.jpg,https://sarveda.com/wp-content/uploads/2023/02/IMG0852-scaled.jpg
9647,https://sarveda.com/wp-content/uploads/2023/02/IMG0861.jpg,2023/02/IMG0861-scaled.jpg,https://sarveda.com/wp-content/uploads/2023/02/IMG0861-scaled.jpg
9648,https://sarveda.com/wp-content/uploads/2023/02/IMG0864.jpg,2023/02/IMG0864-scaled.jpg,https://sarveda.com/wp-content/uploads/2023/02/IMG0864-scaled.jpg
9649,https://sarveda.com/wp-content/uploads/2023/02/IMG0865.jpg,2023/02/IMG0865-scaled.jpg,https://sarveda.com/wp-content/uploads/2023/02/IMG0865-scaled.jpg
9650,https://sarveda.com/wp-content/uploads/2023/02/IMG0998.jpg,2023/02/IMG0998-scaled.jpg,https://sarveda.com/wp-content/uploads/2023/02/IMG0998-scaled.jpg
9651,https://sarveda.com/wp-content/uploads/2023/02/IMG1004.jpg,2023/02/IMG1004-scaled.jpg,https://sarveda.com/wp-content/uploads/2023/02/IMG1004-scaled.jpg
9652,https://sarveda.com/wp-content/uploads/2023/02/IMG1007.jpg,2023/02/IMG1007-scaled.jpg,https://sarveda.com/wp-content/uploads/2023/02/IMG1007-scaled.jpg
9653,https://sarveda.com/wp-content/uploads/2023/02/IMG1016.jpg,2023/02/IMG1016-scaled.jpg,https://sarveda.com/wp-content/uploads/2023/02/IMG1016-scaled.jpg
9654,https://sarveda.com/wp-content/uploads/2023/02/IMG1027.jpg,2023/02/IMG1027-scaled.jpg,https://sarveda.com/wp-content/uploads/2023/02/IMG1027-scaled.jpg
9655,https://sarveda.com/wp-content/uploads/2023/02/IMG1031.jpg,2023/02/IMG1031-scaled.jpg,https://sarveda.com/wp-content/uploads/2023/02/IMG1031-scaled.jpg
9662,https://sarveda.com/wp-content/uploads/2023/02/IMG1043.jpg,2023/02/IMG1043-scaled.jpg,https://sarveda.com/wp-content/uploads/2023/02/IMG1043-scaled.jpg
9663,https://sarveda.com/wp-content/uploads/2023/02/IMG1049.jpg,2023/02/IMG1049-scaled.jpg,https://sarveda.com/wp-content/uploads/2023/02/IMG1049-scaled.jpg
9664,https://sarveda.com/wp-content/uploads/2023/02/IMG1054.jpg,2023/02/IMG1054-scaled.jpg,https://sarveda.com/wp-content/uploads/2023/02/IMG1054-scaled.jpg
9665,https://sarveda.com/wp-content/uploads/2023/02/IMG1061.jpg,2023/02/IMG1061-scaled.jpg,https://sarveda.com/wp-content/uploads/2023/02/IMG1061-scaled.jpg
9666,https://sarveda.com/wp-content/uploads/2023/02/IMG0867.jpg,2023/02/IMG0867-scaled.jpg,https://sarveda.com/wp-content/uploads/2023/02/IMG0867-scaled.jpg
9667,https://sarveda.com/wp-content/uploads/2023/02/IMG0871.jpg,2023/02/IMG0871-scaled.jpg,https://sarveda.com/wp-content/uploads/2023/02/IMG0871-scaled.jpg
9668,https://sarveda.com/wp-content/uploads/2023/02/IMG0872.jpg,2023/02/IMG0872-scaled.jpg,https://sarveda.com/wp-content/uploads/2023/02/IMG0872-scaled.jpg
9669,https://sarveda.com/wp-content/uploads/2023/02/IMG0874.jpg,2023/02/IMG0874-scaled.jpg,https://sarveda.com/wp-content/uploads/2023/02/IMG0874-scaled.jpg
9682,https://sarveda.com/wp-content/uploads/2024/05/Yoga-Rectangle-Bolster_Card_3-1.jpg,2024/05/Yoga-Rectangle-Bolster_Card_3-1.jpg,https://sarveda.com/wp-content/uploads/2024/05/Yoga-Rectangle-Bolster_Card_3-1.jpg
9683,https://sarveda.com/wp-content/uploads/2024/05/Yoga-Rectangle-Bolster_Card_4-1.jpg,2024/05/Yoga-Rectangle-Bolster_Card_4-1.jpg,https://sarveda.com/wp-content/uploads/2024/05/Yoga-Rectangle-Bolster_Card_4-1.jpg
9684,https://sarveda.com/wp-content/uploads/2024/05/Yoga-Rectangle-Bolster_Card_Blue.jpg,2024/05/Yoga-Rectangle-Bolster_Card_Blue.jpg,https://sarveda.com/wp-content/uploads/2024/05/Yoga-Rectangle-Bolster_Card_Blue.jpg
9685,https://sarveda.com/wp-content/uploads/2024/05/Yoga-Rectangle-Bolster_Card_Dark-Grey.jpg,2024/05/Yoga-Rectangle-Bolster_Card_Dark-Grey.jpg,https://sarveda.com/wp-content/uploads/2024/05/Yoga-Rectangle-Bolster_Card_Dark-Grey.jpg
9686,https://sarveda.com/wp-content/uploads/2024/05/Yoga-Rectangle-Bolster_Card_Green.jpg,2024/05/Yoga-Rectangle-Bolster_Card_Green.jpg,https://sarveda.com/wp-content/uploads/2024/05/Yoga-Rectangle-Bolster_Card_Green.jpg
9687,https://sarveda.com/wp-content/uploads/2024/05/Yoga-Rectangle-Bolster_Card_Grey.jpg,2024/05/Yoga-Rectangle-Bolster_Card_Grey.jpg,https://sarveda.com/wp-content/uploads/2024/05/Yoga-Rectangle-Bolster_Card_Grey.jpg
9688,https://sarveda.com/wp-content/uploads/2024/05/Yoga-Rectangle-Bolster_Card_Maroon.jpg,2024/05/Yoga-Rectangle-Bolster_Card_Maroon.jpg,https://sarveda.com/wp-content/uploads/2024/05/Yoga-Rectangle-Bolster_Card_Maroon.jpg
9689,https://sarveda.com/wp-content/uploads/2024/05/Yoga-Rectangle-Bolster_Card_Pink.jpg,2024/05/Yoga-Rectangle-Bolster_Card_Pink.jpg,https://sarveda.com/wp-content/uploads/2024/05/Yoga-Rectangle-Bolster_Card_Pink.jpg
9691,https://sarveda.com/wp-content/uploads/2023/02/Zafu_Crescent_Card_2A.jpg,2023/02/Zafu_Crescent_Card_2A.jpg,https://sarveda.com/wp-content/uploads/2023/02/Zafu_Crescent_Card_2A.jpg
9692,https://sarveda.com/wp-content/uploads/2023/02/Zafu_Crescent_Card_3A.jpg,2023/02/Zafu_Crescent_Card_3A.jpg,https://sarveda.com/wp-content/uploads/2023/02/Zafu_Crescent_Card_3A.jpg
9693,https://sarveda.com/wp-content/uploads/2023/02/Zafu_Crescent_Card_4A.jpg,2023/02/Zafu_Crescent_Card_4A.jpg,https://sarveda.com/wp-content/uploads/2023/02/Zafu_Crescent_Card_4A.jpg
9712,https://sarveda.com/wp-content/uploads/2024/04/Yoga-Mat_Card_2-3-1.jpg,2024/04/Yoga-Mat_Card_2-3-1.jpg,https://sarveda.com/wp-content/uploads/2024/04/Yoga-Mat_Card_2-3-1.jpg
9726,https://sarveda.com/wp-content/uploads/2024/05/IMG1250.jpg,2024/05/IMG1250-scaled.jpg,https://sarveda.com/wp-content/uploads/2024/05/IMG1250-scaled.jpg
9727,https://sarveda.com/wp-content/uploads/2024/05/IMG1263.jpg,2024/05/IMG1263-scaled.jpg,https://sarveda.com/wp-content/uploads/2024/05/IMG1263-scaled.jpg
9728,https://sarveda.com/wp-content/uploads/2024/05/IMG1269.jpg,2024/05/IMG1269-scaled.jpg,https://sarveda.com/wp-content/uploads/2024/05/IMG1269-scaled.jpg
9729,https://sarveda.com/wp-content/uploads/2024/05/IMG1275.jpg,2024/05/IMG1275-scaled.jpg,https://sarveda.com/wp-content/uploads/2024/05/IMG1275-scaled.jpg
9730,https://sarveda.com/wp-content/uploads/2024/05/IMG1363.jpg,2024/05/IMG1363-scaled.jpg,https://sarveda.com/wp-content/uploads/2024/05/IMG1363-scaled.jpg
9731,https://sarveda.com/wp-content/uploads/2024/05/IMG1370.jpg,2024/05/IMG1370-scaled.jpg,https://sarveda.com/wp-content/uploads/2024/05/IMG1370-scaled.jpg
9732,https://sarveda.com/wp-content/uploads/2024/05/IMG1372.jpg,2024/05/IMG1372-scaled.jpg,https://sarveda.com/wp-content/uploads/2024/05/IMG1372-scaled.jpg
9733,https://sarveda.com/wp-content/uploads/2024/05/IMG1374.jpg,2024/05/IMG1374-scaled.jpg,https://sarveda.com/wp-content/uploads/2024/05/IMG1374-scaled.jpg
9734,https://sarveda.com/wp-content/uploads/2024/05/IMG1376.jpg,2024/05/IMG1376-scaled.jpg,https://sarveda.com/wp-content/uploads/2024/05/IMG1376-scaled.jpg
9735,https://sarveda.com/wp-content/uploads/2024/05/IMG1379.jpg,2024/05/IMG1379-scaled.jpg,https://sarveda.com/wp-content/uploads/2024/05/IMG1379-scaled.jpg
9736,https://sarveda.com/wp-content/uploads/2024/05/IMG1382.jpg,2024/05/IMG1382-scaled.jpg,https://sarveda.com/wp-content/uploads/2024/05/IMG1382-scaled.jpg
9737,https://sarveda.com/wp-content/uploads/2023/01/7-Chakra-Gift-Set_1.jpg,2023/01/7-Chakra-Gift-Set_1-scaled.jpg,https://sarveda.com/wp-content/uploads/2023/01/7-Chakra-Gift-Set_1-scaled.jpg
9738,https://sarveda.com/wp-content/uploads/2023/01/7-Chakra-Gift-Set_2.jpg,2023/01/7-Chakra-Gift-Set_2-scaled.jpg,https://sarveda.com/wp-content/uploads/2023/01/7-Chakra-Gift-Set_2-scaled.jpg
9739,https://sarveda.com/wp-content/uploads/2023/01/7-Chakra-Gift-Set_3.jpg,2023/01/7-Chakra-Gift-Set_3-scaled.jpg,https://sarveda.com/wp-content/uploads/2023/01/7-Chakra-Gift-Set_3-scaled.jpg
9740,https://sarveda.com/wp-content/uploads/2023/01/7-Chakra-Gift-Set.jpg,2023/01/7-Chakra-Gift-Set-scaled.jpg,https://sarveda.com/wp-content/uploads/2023/01/7-Chakra-Gift-Set-scaled.jpg
9741,https://sarveda.com/wp-content/uploads/2023/01/7-Chakra-Gift-Set_4.jpg,2023/01/7-Chakra-Gift-Set_4-scaled.jpg,https://sarveda.com/wp-content/uploads/2023/01/7-Chakra-Gift-Set_4-scaled.jpg
9742,https://sarveda.com/wp-content/uploads/2023/08/Asalato-Pair.png,2023/08/Asalato-Pair.png,https://sarveda.com/wp-content/uploads/2023/08/Asalato-Pair.png
9754,https://sarveda.com/wp-content/uploads/2023/02/Common_1.png,2023/02/Common_1.png,https://sarveda.com/wp-content/uploads/2023/02/Common_1.png
9755,https://sarveda.com/wp-content/uploads/2023/02/Handmade-Polished_-Matte-Bowl_1.png,2023/02/Handmade-Polished_-Matte-Bowl_1.png,https://sarveda.com/wp-content/uploads/2023/02/Handmade-Polished_-Matte-Bowl_1.png
9756,https://sarveda.com/wp-content/uploads/2023/02/Handmade-Polished_-Matte-Bowl_2.png,2023/02/Handmade-Polished_-Matte-Bowl_2.png,https://sarveda.com/wp-content/uploads/2023/02/Handmade-Polished_-Matte-Bowl_2.png
9757,https://sarveda.com/wp-content/uploads/2023/02/Handmade-Polished_-Matte-Bowl_3.png,2023/02/Handmade-Polished_-Matte-Bowl_3.png,https://sarveda.com/wp-content/uploads/2023/02/Handmade-Polished_-Matte-Bowl_3.png
9758,https://sarveda.com/wp-content/uploads/2023/02/Handmade-Polished_-Matte-Bowl_4.png,2023/02/Handmade-Polished_-Matte-Bowl_4.png,https://sarveda.com/wp-content/uploads/2023/02/Handmade-Polished_-Matte-Bowl_4.png
9759,https://sarveda.com/wp-content/uploads/2023/02/Handmade-Polished_-Matte-Bowl_5.png,2023/02/Handmade-Polished_-Matte-Bowl_5.png,https://sarveda.com/wp-content/uploads/2023/02/Handmade-Polished_-Matte-Bowl_5.png
9760,https://sarveda.com/wp-content/uploads/2023/02/IMG0913.jpg,2023/02/IMG0913-scaled.jpg,https://sarveda.com/wp-content/uploads/2023/02/IMG0913-scaled.jpg
9761,https://sarveda.com/wp-content/uploads/2023/02/IMG1103.jpg,2023/02/IMG1103-scaled.jpg,https://sarveda.com/wp-content/uploads/2023/02/IMG1103-scaled.jpg
9764,https://sarveda.com/wp-content/uploads/2024/05/181.jpg,2024/05/181.jpg,https://sarveda.com/wp-content/uploads/2024/05/181.jpg
9765,https://sarveda.com/wp-content/uploads/2024/05/180.jpg,2024/05/180.jpg,https://sarveda.com/wp-content/uploads/2024/05/180.jpg
9766,https://sarveda.com/wp-content/uploads/2024/05/181-1.jpg,2024/05/181-1.jpg,https://sarveda.com/wp-content/uploads/2024/05/181-1.jpg
9767,https://sarveda.com/wp-content/uploads/2024/05/182.jpg,2024/05/182.jpg,https://sarveda.com/wp-content/uploads/2024/05/182.jpg
9768,https://sarveda.com/wp-content/uploads/2024/05/IMG1119.jpg,2024/05/IMG1119-scaled.jpg,https://sarveda.com/wp-content/uploads/2024/05/IMG1119-scaled.jpg
9769,https://sarveda.com/wp-content/uploads/2024/05/IMG1124.jpg,2024/05/IMG1124-scaled.jpg,https://sarveda.com/wp-content/uploads/2024/05/IMG1124-scaled.jpg
9770,https://sarveda.com/wp-content/uploads/2024/05/IMG1132.jpg,2024/05/IMG1132-scaled.jpg,https://sarveda.com/wp-content/uploads/2024/05/IMG1132-scaled.jpg
9771,https://sarveda.com/wp-content/uploads/2024/05/IMG1136.jpg,2024/05/IMG1136-scaled.jpg,https://sarveda.com/wp-content/uploads/2024/05/IMG1136-scaled.jpg
9772,https://sarveda.com/wp-content/uploads/2024/05/IMG1331.jpg,2024/05/IMG1331-scaled.jpg,https://sarveda.com/wp-content/uploads/2024/05/IMG1331-scaled.jpg
9773,https://sarveda.com/wp-content/uploads/2024/05/Meditation-Chair_Card_1.jpg,2024/05/Meditation-Chair_Card_1.jpg,https://sarveda.com/wp-content/uploads/2024/05/Meditation-Chair_Card_1.jpg
9774,https://sarveda.com/wp-content/uploads/2024/05/Meditation-Chair_Card_2.jpg,2024/05/Meditation-Chair_Card_2.jpg,https://sarveda.com/wp-content/uploads/2024/05/Meditation-Chair_Card_2.jpg
9775,https://sarveda.com/wp-content/uploads/2024/05/Meditation-Chair_Card_3.jpg,2024/05/Meditation-Chair_Card_3.jpg,https://sarveda.com/wp-content/uploads/2024/05/Meditation-Chair_Card_3.jpg
9776,https://sarveda.com/wp-content/uploads/2024/05/Meditation-Chair_Card_4.jpg,2024/05/Meditation-Chair_Card_4.jpg,https://sarveda.com/wp-content/uploads/2024/05/Meditation-Chair_Card_4.jpg
9787,https://sarveda.com/wp-content/uploads/2024/05/154.jpg,2024/05/154.jpg,https://sarveda.com/wp-content/uploads/2024/05/154.jpg
9788,https://sarveda.com/wp-content/uploads/2024/05/IMG0626.jpg,2024/05/IMG0626-scaled.jpg,https://sarveda.com/wp-content/uploads/2024/05/IMG0626-scaled.jpg
9789,https://sarveda.com/wp-content/uploads/2024/05/IMG0631.jpg,2024/05/IMG0631-scaled.jpg,https://sarveda.com/wp-content/uploads/2024/05/IMG0631-scaled.jpg
9838,https://sarveda.com/wp-content/uploads/2024/05/Handmade-Etched-All_.png,2024/05/Handmade-Etched-All_.png,https://sarveda.com/wp-content/uploads/2024/05/Handmade-Etched-All_.png
9839,https://sarveda.com/wp-content/uploads/2024/05/Handmade-Etched-Buddha-1.png,2024/05/Handmade-Etched-Buddha-1.png,https://sarveda.com/wp-content/uploads/2024/05/Handmade-Etched-Buddha-1.png
9840,https://sarveda.com/wp-content/uploads/2024/05/Handmade-Etched-Buddha-2.png,2024/05/Handmade-Etched-Buddha-2.png,https://sarveda.com/wp-content/uploads/2024/05/Handmade-Etched-Buddha-2.png
9841,https://sarveda.com/wp-content/uploads/2024/05/Handmade-Etched-Buddhas-Eyes-1.png,2024/05/Handmade-Etched-Buddhas-Eyes-1.png,https://sarveda.com/wp-content/uploads/2024/05/Handmade-Etched-Buddhas-Eyes-1.png
9842,https://sarveda.com/wp-content/uploads/2024/05/Handmade-Etched-Buddhas-Eyes-2.png,2024/05/Handmade-Etched-Buddhas-Eyes-2.png,https://sarveda.com/wp-content/uploads/2024/05/Handmade-Etched-Buddhas-Eyes-2.png
9843,https://sarveda.com/wp-content/uploads/2024/05/Handmade-Etched-Chakras-1.png,2024/05/Handmade-Etched-Chakras-1.png,https://sarveda.com/wp-content/uploads/2024/05/Handmade-Etched-Chakras-1.png
9844,https://sarveda.com/wp-content/uploads/2024/05/Handmade-Etched-Chakras-2.png,2024/05/Handmade-Etched-Chakras-2.png,https://sarveda.com/wp-content/uploads/2024/05/Handmade-Etched-Chakras-2.png
9845,https://sarveda.com/wp-content/uploads/2024/05/Handmade-Etched-Dorje-1.png,2024/05/Handmade-Etched-Dorje-1.png,https://sarveda.com/wp-content/uploads/2024/05/Handmade-Etched-Dorje-1.png
9846,https://sarveda.com/wp-content/uploads/2024/05/Handmade-Etched-Dorje-2.png,2024/05/Handmade-Etched-Dorje-2.png,https://sarveda.com/wp-content/uploads/2024/05/Handmade-Etched-Dorje-2.png
9847,https://sarveda.com/wp-content/uploads/2024/05/Handmade-Etched-Flower-of-Life-1.png,2024/05/Handmade-Etched-Flower-of-Life-1.png,https://sarveda.com/wp-content/uploads/2024/05/Handmade-Etched-Flower-of-Life-1.png
9848,https://sarveda.com/wp-content/uploads/2024/05/Handmade-Etched-Flower-of-Life-2.png,2024/05/Handmade-Etched-Flower-of-Life-2.png,https://sarveda.com/wp-content/uploads/2024/05/Handmade-Etched-Flower-of-Life-2.png
9849,https://sarveda.com/wp-content/uploads/2024/05/Handmade-Etched-Golden-Feet-1.png,2024/05/Handmade-Etched-Golden-Feet-1.png,https://sarveda.com/wp-content/uploads/2024/05/Handmade-Etched-Golden-Feet-1.png
9850,https://sarveda.com/wp-content/uploads/2024/05/Handmade-Etched-Golden-Feet-2.png,2024/05/Handmade-Etched-Golden-Feet-2.png,https://sarveda.com/wp-content/uploads/2024/05/Handmade-Etched-Golden-Feet-2.png
9851,https://sarveda.com/wp-content/uploads/2024/05/Handmade-Etched-Om-1.png,2024/05/Handmade-Etched-Om-1.png,https://sarveda.com/wp-content/uploads/2024/05/Handmade-Etched-Om-1.png
9852,https://sarveda.com/wp-content/uploads/2024/05/Handmade-Etched-Om-2.png,2024/05/Handmade-Etched-Om-2.png,https://sarveda.com/wp-content/uploads/2024/05/Handmade-Etched-Om-2.png
9853,https://sarveda.com/wp-content/uploads/2024/05/Handmade-Etched-Sacred-Geometry-1.png,2024/05/Handmade-Etched-Sacred-Geometry-1.png,https://sarveda.com/wp-content/uploads/2024/05/Handmade-Etched-Sacred-Geometry-1.png
9854,https://sarveda.com/wp-content/uploads/2024/05/Handmade-Etched-Sacred-Geometry-2.png,2024/05/Handmade-Etched-Sacred-Geometry-2.png,https://sarveda.com/wp-content/uploads/2024/05/Handmade-Etched-Sacred-Geometry-2.png
9855,https://sarveda.com/wp-content/uploads/2024/05/Handmade-Etched-Tara-1.png,2024/05/Handmade-Etched-Tara-1.png,https://sarveda.com/wp-content/uploads/2024/05/Handmade-Etched-Tara-1.png
9856,https://sarveda.com/wp-content/uploads/2024/05/Handmade-Etched-Tara-2.png,2024/05/Handmade-Etched-Tara-2.png,https://sarveda.com/wp-content/uploads/2024/05/Handmade-Etched-Tara-2.png
9857,https://sarveda.com/wp-content/uploads/2024/05/Handmade-Etched.png,2024/05/Handmade-Etched.png,https://sarveda.com/wp-content/uploads/2024/05/Handmade-Etched.png
9858,https://sarveda.com/wp-content/uploads/2024/02/LP-345-300x300-1.jpg,2024/02/LP-345-300x300-1.jpg,https://sarveda.com/wp-content/uploads/2024/02/LP-345-300x300-1.jpg
9944,https://sarveda.com/wp-content/uploads/2024/05/Lingam-Bowl_1.png,2024/05/Lingam-Bowl_1.png,https://sarveda.com/wp-content/uploads/2024/05/Lingam-Bowl_1.png
9945,https://sarveda.com/wp-content/uploads/2024/05/Lingam-Bowl_2.png,2024/05/Lingam-Bowl_2.png,https://sarveda.com/wp-content/uploads/2024/05/Lingam-Bowl_2.png
9946,https://sarveda.com/wp-content/uploads/2024/05/Lingam-Bowl_3.png,2024/05/Lingam-Bowl_3.png,https://sarveda.com/wp-content/uploads/2024/05/Lingam-Bowl_3.png
9947,https://sarveda.com/wp-content/uploads/2024/05/Lingam-Bowl_4.png,2024/05/Lingam-Bowl_4.png,https://sarveda.com/wp-content/uploads/2024/05/Lingam-Bowl_4.png
9948,https://sarveda.com/wp-content/uploads/2024/05/Lingam-Bowl_5.png,2024/05/Lingam-Bowl_5.png,https://sarveda.com/wp-content/uploads/2024/05/Lingam-Bowl_5.png
9958,https://sarveda.com/wp-content/uploads/2024/05/Handmade-Black-Gold-1.png,2024/05/Handmade-Black-Gold-1.png,https://sarveda.com/wp-content/uploads/2024/05/Handmade-Black-Gold-1.png
9959,https://sarveda.com/wp-content/uploads/2024/05/Handmade-Black-Gold-2.png,2024/05/Handmade-Black-Gold-2.png,https://sarveda.com/wp-content/uploads/2024/05/Handmade-Black-Gold-2.png
9960,https://sarveda.com/wp-content/uploads/2024/05/Handmade-Black-Gold-3.png,2024/05/Handmade-Black-Gold-3.png,https://sarveda.com/wp-content/uploads/2024/05/Handmade-Black-Gold-3.png
9961,https://sarveda.com/wp-content/uploads/2024/05/Handmade-Black-Gold-4.png,2024/05/Handmade-Black-Gold-4.png,https://sarveda.com/wp-content/uploads/2024/05/Handmade-Black-Gold-4.png
9962,https://sarveda.com/wp-content/uploads/2024/05/Handmade-Black-Gold-5.png,2024/05/Handmade-Black-Gold-5.png,https://sarveda.com/wp-content/uploads/2024/05/Handmade-Black-Gold-5.png
9963,https://sarveda.com/wp-content/uploads/2024/05/Handmade-Black-Gold-6.png,2024/05/Handmade-Black-Gold-6.png,https://sarveda.com/wp-content/uploads/2024/05/Handmade-Black-Gold-6.png
9965,https://sarveda.com/wp-content/uploads/2024/05/Handmade-Antique-1.png,2024/05/Handmade-Antique-1.png,https://sarveda.com/wp-content/uploads/2024/05/Handmade-Antique-1.png
9966,https://sarveda.com/wp-content/uploads/2024/05/Handmade-Antique-2.png,2024/05/Handmade-Antique-2.png,https://sarveda.com/wp-content/uploads/2024/05/Handmade-Antique-2.png
9967,https://sarveda.com/wp-content/uploads/2024/05/Handmade-Antique-3.png,2024/05/Handmade-Antique-3.png,https://sarveda.com/wp-content/uploads/2024/05/Handmade-Antique-3.png
9968,https://sarveda.com/wp-content/uploads/2024/05/Handmade-Antique-4.png,2024/05/Handmade-Antique-4.png,https://sarveda.com/wp-content/uploads/2024/05/Handmade-Antique-4.png
9969,https://sarveda.com/wp-content/uploads/2024/05/Handmade-Antique-5.png,2024/05/Handmade-Antique-5.png,https://sarveda.com/wp-content/uploads/2024/05/Handmade-Antique-5.png
9970,https://sarveda.com/wp-content/uploads/2024/05/Handmade-Antique-6.png,2024/05/Handmade-Antique-6.png,https://sarveda.com/wp-content/uploads/2024/05/Handmade-Antique-6.png
9979,https://sarveda.com/wp-content/uploads/2024/05/Joint-Bowl_1.png,2024/05/Joint-Bowl_1.png,https://sarveda.com/wp-content/uploads/2024/05/Joint-Bowl_1.png
9980,https://sarveda.com/wp-content/uploads/2024/05/Joint-Bowl_2.png,2024/05/Joint-Bowl_2.png,https://sarveda.com/wp-content/uploads/2024/05/Joint-Bowl_2.png
9981,https://sarveda.com/wp-content/uploads/2024/05/Joint-Bowl_3.png,2024/05/Joint-Bowl_3.png,https://sarveda.com/wp-content/uploads/2024/05/Joint-Bowl_3.png
9982,https://sarveda.com/wp-content/uploads/2024/05/Joint-Bowl_4.png,2024/05/Joint-Bowl_4.png,https://sarveda.com/wp-content/uploads/2024/05/Joint-Bowl_4.png
9983,https://sarveda.com/wp-content/uploads/2024/05/Joint-Bowl_5.png,2024/05/Joint-Bowl_5.png,https://sarveda.com/wp-content/uploads/2024/05/Joint-Bowl_5.png
9987,https://sarveda.com/wp-content/uploads/2024/05/Hanging-Bowl-1.png,2024/05/Hanging-Bowl-1.png,https://sarveda.com/wp-content/uploads/2024/05/Hanging-Bowl-1.png
9988,https://sarveda.com/wp-content/uploads/2024/05/Hanging-Bowl-2.png,2024/05/Hanging-Bowl-2.png,https://sarveda.com/wp-content/uploads/2024/05/Hanging-Bowl-2.png
9989,https://sarveda.com/wp-content/uploads/2024/05/Hanging-Bowl-3.png,2024/05/Hanging-Bowl-3.png,https://sarveda.com/wp-content/uploads/2024/05/Hanging-Bowl-3.png
9990,https://sarveda.com/wp-content/uploads/2024/05/Hanging-Bowl-4.png,2024/05/Hanging-Bowl-4.png,https://sarveda.com/wp-content/uploads/2024/05/Hanging-Bowl-4.png
9995,https://sarveda.com/wp-content/uploads/2024/01/Sound-Therapy-Healing-Online-Course-Sarveda.png,2024/01/Sound-Therapy-Healing-Online-Course-Sarveda.png,https://sarveda.com/wp-content/uploads/2024/01/Sound-Therapy-Healing-Online-Course-Sarveda.png
9996,https://sarveda.com/wp-content/uploads/2024/01/Sound-Alchemy-Sarveda-Therapy-Healing-Course-Online.png,2024/01/Sound-Alchemy-Sarveda-Therapy-Healing-Course-Online.png,https://sarveda.com/wp-content/uploads/2024/01/Sound-Alchemy-Sarveda-Therapy-Healing-Course-Online.png
9998,https://sarveda.com/wp-content/uploads/2024/05/Handmade-Etched-Buddha-1-1.png,2024/05/Handmade-Etched-Buddha-1-1.png,https://sarveda.com/wp-content/uploads/2024/05/Handmade-Etched-Buddha-1-1.png
10001,https://sarveda.com/wp-content/uploads/2024/05/Singing-Bowls.png,2024/05/Singing-Bowls.png,https://sarveda.com/wp-content/uploads/2024/05/Singing-Bowls.png
10004,https://sarveda.com/wp-content/uploads/2023/11/7-chakras-Singing-Bowl-Set.png,2023/11/7-chakras-Singing-Bowl-Set.png,https://sarveda.com/wp-content/uploads/2023/11/7-chakras-Singing-Bowl-Set.png
10024,https://sarveda.com/wp-content/uploads/2024/05/IMG0075.jpg,2024/05/IMG0075-scaled.jpg,https://sarveda.com/wp-content/uploads/2024/05/IMG0075-scaled.jpg
10025,https://sarveda.com/wp-content/uploads/2024/05/IMG0083.jpg,2024/05/IMG0083-scaled.jpg,https://sarveda.com/wp-content/uploads/2024/05/IMG0083-scaled.jpg
10026,https://sarveda.com/wp-content/uploads/2024/05/IMG0091.jpg,2024/05/IMG0091-scaled.jpg,https://sarveda.com/wp-content/uploads/2024/05/IMG0091-scaled.jpg
10027,https://sarveda.com/wp-content/uploads/2024/05/IMG0097.jpg,2024/05/IMG0097-scaled.jpg,https://sarveda.com/wp-content/uploads/2024/05/IMG0097-scaled.jpg
10028,https://sarveda.com/wp-content/uploads/2024/05/IMG0112.jpg,2024/05/IMG0112-scaled.jpg,https://sarveda.com/wp-content/uploads/2024/05/IMG0112-scaled.jpg
10029,https://sarveda.com/wp-content/uploads/2024/05/IMG0566.jpg,2024/05/IMG0566-scaled.jpg,https://sarveda.com/wp-content/uploads/2024/05/IMG0566-scaled.jpg
10030,https://sarveda.com/wp-content/uploads/2024/05/IMG0577.jpg,2024/05/IMG0577-scaled.jpg,https://sarveda.com/wp-content/uploads/2024/05/IMG0577-scaled.jpg
10031,https://sarveda.com/wp-content/uploads/2024/05/IMG0582.jpg,2024/05/IMG0582-scaled.jpg,https://sarveda.com/wp-content/uploads/2024/05/IMG0582-scaled.jpg
10032,https://sarveda.com/wp-content/uploads/2024/05/IMG0588.jpg,2024/05/IMG0588-scaled.jpg,https://sarveda.com/wp-content/uploads/2024/05/IMG0588-scaled.jpg
10033,https://sarveda.com/wp-content/uploads/2024/05/IMG0592.jpg,2024/05/IMG0592-scaled.jpg,https://sarveda.com/wp-content/uploads/2024/05/IMG0592-scaled.jpg
10034,https://sarveda.com/wp-content/uploads/2024/05/IMG0598.jpg,2024/05/IMG0598-scaled.jpg,https://sarveda.com/wp-content/uploads/2024/05/IMG0598-scaled.jpg
10036,https://sarveda.com/wp-content/uploads/2024/05/IMG0144.jpg,2024/05/IMG0144-scaled.jpg,https://sarveda.com/wp-content/uploads/2024/05/IMG0144-scaled.jpg
10037,https://sarveda.com/wp-content/uploads/2024/05/IMG0150.jpg,2024/05/IMG0150-scaled.jpg,https://sarveda.com/wp-content/uploads/2024/05/IMG0150-scaled.jpg
10038,https://sarveda.com/wp-content/uploads/2024/05/IMG0156.jpg,2024/05/IMG0156-scaled.jpg,https://sarveda.com/wp-content/uploads/2024/05/IMG0156-scaled.jpg
10039,https://sarveda.com/wp-content/uploads/2024/05/IMG0163.jpg,2024/05/IMG0163-scaled.jpg,https://sarveda.com/wp-content/uploads/2024/05/IMG0163-scaled.jpg
10040,https://sarveda.com/wp-content/uploads/2024/05/IMG0540.jpg,2024/05/IMG0540-scaled.jpg,https://sarveda.com/wp-content/uploads/2024/05/IMG0540-scaled.jpg
10041,https://sarveda.com/wp-content/uploads/2024/05/IMG0548.jpg,2024/05/IMG0548-scaled.jpg,https://sarveda.com/wp-content/uploads/2024/05/IMG0548-scaled.jpg
10042,https://sarveda.com/wp-content/uploads/2024/05/IMG0556.jpg,2024/05/IMG0556-scaled.jpg,https://sarveda.com/wp-content/uploads/2024/05/IMG0556-scaled.jpg
10043,https://sarveda.com/wp-content/uploads/2024/05/IMG0561.jpg,2024/05/IMG0561-scaled.jpg,https://sarveda.com/wp-content/uploads/2024/05/IMG0561-scaled.jpg
10044,https://sarveda.com/wp-content/uploads/2024/05/IMG0706.jpg,2024/05/IMG0706-scaled.jpg,https://sarveda.com/wp-content/uploads/2024/05/IMG0706-scaled.jpg
10045,https://sarveda.com/wp-content/uploads/2024/05/IMG0708.jpg,2024/05/IMG0708-scaled.jpg,https://sarveda.com/wp-content/uploads/2024/05/IMG0708-scaled.jpg
10046,https://sarveda.com/wp-content/uploads/2024/05/IMG0710.jpg,2024/05/IMG0710-scaled.jpg,https://sarveda.com/wp-content/uploads/2024/05/IMG0710-scaled.jpg
10047,https://sarveda.com/wp-content/uploads/2024/05/IMG0711.jpg,2024/05/IMG0711-scaled.jpg,https://sarveda.com/wp-content/uploads/2024/05/IMG0711-scaled.jpg
10061,https://sarveda.com/wp-content/uploads/2024/05/about.png,2024/05/about.png,https://sarveda.com/wp-content/uploads/2024/05/about.png
10062,https://sarveda.com/wp-content/uploads/2024/05/care-instructions.png,2024/05/care-instructions.png,https://sarveda.com/wp-content/uploads/2024/05/care-instructions.png
10063,https://sarveda.com/wp-content/uploads/2024/05/health-benefits.png,2024/05/health-benefits.png,https://sarveda.com/wp-content/uploads/2024/05/health-benefits.png
10064,https://sarveda.com/wp-content/uploads/2024/05/how-to-play.png,2024/05/how-to-play.png,https://sarveda.com/wp-content/uploads/2024/05/how-to-play.png
10065,https://sarveda.com/wp-content/uploads/2024/05/how-to-use.png,2024/05/how-to-use.png,https://sarveda.com/wp-content/uploads/2024/05/how-to-use.png
10066,https://sarveda.com/wp-content/uploads/2024/05/key-features.png,2024/05/key-features.png,https://sarveda.com/wp-content/uploads/2024/05/key-features.png
10067,https://sarveda.com/wp-content/uploads/2024/05/shipping-returns.png,2024/05/shipping-returns.png,https://sarveda.com/wp-content/uploads/2024/05/shipping-returns.png
10106,https://sarveda.com/wp-content/uploads/2023/08/1-13-1.jpg,2023/08/1-13-1.jpg,https://sarveda.com/wp-content/uploads/2023/08/1-13-1.jpg
10107,https://sarveda.com/wp-content/uploads/2023/08/2-11-1.jpg,2023/08/2-11-1.jpg,https://sarveda.com/wp-content/uploads/2023/08/2-11-1.jpg
10108,https://sarveda.com/wp-content/uploads/2023/08/3-13-1.jpg,2023/08/3-13-1.jpg,https://sarveda.com/wp-content/uploads/2023/08/3-13-1.jpg
10109,https://sarveda.com/wp-content/uploads/2023/08/4-12-1.jpg,2023/08/4-12-1.jpg,https://sarveda.com/wp-content/uploads/2023/08/4-12-1.jpg
10110,https://sarveda.com/wp-content/uploads/2023/08/5-8-1.jpg,2023/08/5-8-1.jpg,https://sarveda.com/wp-content/uploads/2023/08/5-8-1.jpg
10111,https://sarveda.com/wp-content/uploads/2023/08/6-3-1.jpg,2023/08/6-3-1.jpg,https://sarveda.com/wp-content/uploads/2023/08/6-3-1.jpg
10112,https://sarveda.com/wp-content/uploads/2023/08/7-3-1.jpg,2023/08/7-3-1.jpg,https://sarveda.com/wp-content/uploads/2023/08/7-3-1.jpg
10113,https://sarveda.com/wp-content/uploads/2023/08/8-3-1.jpg,2023/08/8-3-1.jpg,https://sarveda.com/wp-content/uploads/2023/08/8-3-1.jpg
10114,https://sarveda.com/wp-content/uploads/2023/08/9-3-1.jpg,2023/08/9-3-1.jpg,https://sarveda.com/wp-content/uploads/2023/08/9-3-1.jpg
10115,https://sarveda.com/wp-content/uploads/2023/08/10-1-1.jpg,2023/08/10-1-1.jpg,https://sarveda.com/wp-content/uploads/2023/08/10-1-1.jpg
10116,https://sarveda.com/wp-content/uploads/2023/08/11-1.jpg,2023/08/11-1.jpg,https://sarveda.com/wp-content/uploads/2023/08/11-1.jpg
10117,https://sarveda.com/wp-content/uploads/2023/08/12.jpg,2023/08/12.jpg,https://sarveda.com/wp-content/uploads/2023/08/12.jpg
10118,https://sarveda.com/wp-content/uploads/2023/08/13-2.jpg,2023/08/13-2.jpg,https://sarveda.com/wp-content/uploads/2023/08/13-2.jpg
10119,https://sarveda.com/wp-content/uploads/2023/08/14-1.jpg,2023/08/14-1.jpg,https://sarveda.com/wp-content/uploads/2023/08/14-1.jpg
10120,https://sarveda.com/wp-content/uploads/2023/08/15-1.jpg,2023/08/15-1.jpg,https://sarveda.com/wp-content/uploads/2023/08/15-1.jpg
10121,https://sarveda.com/wp-content/uploads/2023/08/16-3.jpg,2023/08/16-3.jpg,https://sarveda.com/wp-content/uploads/2023/08/16-3.jpg
10122,https://sarveda.com/wp-content/uploads/2023/08/17-1.jpg,2023/08/17-1.jpg,https://sarveda.com/wp-content/uploads/2023/08/17-1.jpg
10123,https://sarveda.com/wp-content/uploads/2023/08/18-1.jpg,2023/08/18-1.jpg,https://sarveda.com/wp-content/uploads/2023/08/18-1.jpg
10124,https://sarveda.com/wp-content/uploads/2023/08/19-1.jpg,2023/08/19-1.jpg,https://sarveda.com/wp-content/uploads/2023/08/19-1.jpg
10134,https://sarveda.com/wp-content/uploads/2024/05/Sound-therapy-fundamentals.png,2024/05/Sound-therapy-fundamentals.png,https://sarveda.com/wp-content/uploads/2024/05/Sound-therapy-fundamentals.png
10136,https://sarveda.com/wp-content/uploads/2024/05/sound-therapy-2.png,2024/05/sound-therapy-2.png,https://sarveda.com/wp-content/uploads/2024/05/sound-therapy-2.png
10157,https://sarveda.com/wp-content/uploads/2024/05/IMG-2371-2.jpg,2024/05/IMG-2371-2-scaled.jpg,https://sarveda.com/wp-content/uploads/2024/05/IMG-2371-2-scaled.jpg
10158,https://sarveda.com/wp-content/uploads/2024/05/IMG-2372-1.jpg,2024/05/IMG-2372-1-scaled.jpg,https://sarveda.com/wp-content/uploads/2024/05/IMG-2372-1-scaled.jpg
10159,https://sarveda.com/wp-content/uploads/2024/05/IMG-2432-1.jpg,2024/05/IMG-2432-1-scaled.jpg,https://sarveda.com/wp-content/uploads/2024/05/IMG-2432-1-scaled.jpg
10160,https://sarveda.com/wp-content/uploads/2024/05/Ocean-Drum_1.jpg,2024/05/Ocean-Drum_1.jpg,https://sarveda.com/wp-content/uploads/2024/05/Ocean-Drum_1.jpg
10161,https://sarveda.com/wp-content/uploads/2024/05/Ocean-Drum_2.jpg,2024/05/Ocean-Drum_2.jpg,https://sarveda.com/wp-content/uploads/2024/05/Ocean-Drum_2.jpg
10162,https://sarveda.com/wp-content/uploads/2024/05/Ocean-Drum_3.jpg,2024/05/Ocean-Drum_3.jpg,https://sarveda.com/wp-content/uploads/2024/05/Ocean-Drum_3.jpg
10163,https://sarveda.com/wp-content/uploads/2024/05/Ocean-Drum_4.jpg,2024/05/Ocean-Drum_4.jpg,https://sarveda.com/wp-content/uploads/2024/05/Ocean-Drum_4.jpg
10164,https://sarveda.com/wp-content/uploads/2023/08/IMG0813.jpg,2023/08/IMG0813-scaled.jpg,https://sarveda.com/wp-content/uploads/2023/08/IMG0813-scaled.jpg
10165,https://sarveda.com/wp-content/uploads/2023/08/IMG0814-1.jpg,2023/08/IMG0814-1-scaled.jpg,https://sarveda.com/wp-content/uploads/2023/08/IMG0814-1-scaled.jpg
10166,https://sarveda.com/wp-content/uploads/2023/08/IMG0817-1.jpg,2023/08/IMG0817-1-scaled.jpg,https://sarveda.com/wp-content/uploads/2023/08/IMG0817-1-scaled.jpg
10167,https://sarveda.com/wp-content/uploads/2023/08/IMG0818-1.jpg,2023/08/IMG0818-1-scaled.jpg,https://sarveda.com/wp-content/uploads/2023/08/IMG0818-1-scaled.jpg
10168,https://sarveda.com/wp-content/uploads/2023/08/IMG0819.jpg,2023/08/IMG0819-scaled.jpg,https://sarveda.com/wp-content/uploads/2023/08/IMG0819-scaled.jpg
10169,https://sarveda.com/wp-content/uploads/2023/08/IMG1210.jpg,2023/08/IMG1210-scaled.jpg,https://sarveda.com/wp-content/uploads/2023/08/IMG1210-scaled.jpg
10170,https://sarveda.com/wp-content/uploads/2023/08/Shamanic-Drum_1.jpg,2023/08/Shamanic-Drum_1.jpg,https://sarveda.com/wp-content/uploads/2023/08/Shamanic-Drum_1.jpg
10171,https://sarveda.com/wp-content/uploads/2023/08/Shamanic-Drum_2.jpg,2023/08/Shamanic-Drum_2.jpg,https://sarveda.com/wp-content/uploads/2023/08/Shamanic-Drum_2.jpg
10172,https://sarveda.com/wp-content/uploads/2023/08/Shamanic-Drum_3.jpg,2023/08/Shamanic-Drum_3.jpg,https://sarveda.com/wp-content/uploads/2023/08/Shamanic-Drum_3.jpg
10173,https://sarveda.com/wp-content/uploads/2023/08/Shamanic-Drum_4.jpg,2023/08/Shamanic-Drum_4.jpg,https://sarveda.com/wp-content/uploads/2023/08/Shamanic-Drum_4.jpg
10174,https://sarveda.com/wp-content/uploads/2024/05/Tuning-Fork_1.jpg,2024/05/Tuning-Fork_1.jpg,https://sarveda.com/wp-content/uploads/2024/05/Tuning-Fork_1.jpg
10175,https://sarveda.com/wp-content/uploads/2024/05/Tuning-Fork_2.jpg,2024/05/Tuning-Fork_2.jpg,https://sarveda.com/wp-content/uploads/2024/05/Tuning-Fork_2.jpg
10176,https://sarveda.com/wp-content/uploads/2024/05/Tuning-Fork_3.jpg,2024/05/Tuning-Fork_3.jpg,https://sarveda.com/wp-content/uploads/2024/05/Tuning-Fork_3.jpg
10177,https://sarveda.com/wp-content/uploads/2024/05/Tuning-Fork_4.jpg,2024/05/Tuning-Fork_4.jpg,https://sarveda.com/wp-content/uploads/2024/05/Tuning-Fork_4.jpg
10178,https://sarveda.com/wp-content/uploads/2024/05/Tuning-Fork_5.jpg,2024/05/Tuning-Fork_5.jpg,https://sarveda.com/wp-content/uploads/2024/05/Tuning-Fork_5.jpg
10179,https://sarveda.com/wp-content/uploads/2024/05/Tuning-Fork_6.jpg,2024/05/Tuning-Fork_6.jpg,https://sarveda.com/wp-content/uploads/2024/05/Tuning-Fork_6.jpg
10197,https://sarveda.com/wp-content/uploads/2024/01/Gong_1.jpg,2024/01/Gong_1.jpg,https://sarveda.com/wp-content/uploads/2024/01/Gong_1.jpg
10198,https://sarveda.com/wp-content/uploads/2024/01/Gong_2.jpg,2024/01/Gong_2.jpg,https://sarveda.com/wp-content/uploads/2024/01/Gong_2.jpg
10199,https://sarveda.com/wp-content/uploads/2024/01/Gong_3.jpg,2024/01/Gong_3.jpg,https://sarveda.com/wp-content/uploads/2024/01/Gong_3.jpg
10200,https://sarveda.com/wp-content/uploads/2024/01/Gong_4.jpg,2024/01/Gong_4.jpg,https://sarveda.com/wp-content/uploads/2024/01/Gong_4.jpg
10201,https://sarveda.com/wp-content/uploads/2024/01/Gong_5.jpg,2024/01/Gong_5.jpg,https://sarveda.com/wp-content/uploads/2024/01/Gong_5.jpg
10202,https://sarveda.com/wp-content/uploads/2024/01/Gong_6.jpg,2024/01/Gong_6.jpg,https://sarveda.com/wp-content/uploads/2024/01/Gong_6.jpg
10203,https://sarveda.com/wp-content/uploads/2024/01/Gong_7.jpg,2024/01/Gong_7.jpg,https://sarveda.com/wp-content/uploads/2024/01/Gong_7.jpg
10204,https://sarveda.com/wp-content/uploads/2024/01/Gong_8.jpg,2024/01/Gong_8.jpg,https://sarveda.com/wp-content/uploads/2024/01/Gong_8.jpg
10205,https://sarveda.com/wp-content/uploads/2024/01/Gong_9.jpg,2024/01/Gong_9.jpg,https://sarveda.com/wp-content/uploads/2024/01/Gong_9.jpg
10206,https://sarveda.com/wp-content/uploads/2024/01/Gong_10.jpg,2024/01/Gong_10.jpg,https://sarveda.com/wp-content/uploads/2024/01/Gong_10.jpg
10207,https://sarveda.com/wp-content/uploads/2024/01/Gong_11.jpg,2024/01/Gong_11.jpg,https://sarveda.com/wp-content/uploads/2024/01/Gong_11.jpg
10208,https://sarveda.com/wp-content/uploads/2024/01/Gong_12.jpg,2024/01/Gong_12.jpg,https://sarveda.com/wp-content/uploads/2024/01/Gong_12.jpg
10210,https://sarveda.com/wp-content/uploads/2024/01/IMG0784.jpg,2024/01/IMG0784-scaled.jpg,https://sarveda.com/wp-content/uploads/2024/01/IMG0784-scaled.jpg
10328,https://sarveda.com/wp-content/uploads/2023/10/Handpan_1.jpg,2023/10/Handpan_1.jpg,https://sarveda.com/wp-content/uploads/2023/10/Handpan_1.jpg
10329,https://sarveda.com/wp-content/uploads/2023/10/IMG0800.jpg,2023/10/IMG0800-scaled.jpg,https://sarveda.com/wp-content/uploads/2023/10/IMG0800-scaled.jpg
10330,https://sarveda.com/wp-content/uploads/2023/10/IMG0801.jpg,2023/10/IMG0801-scaled.jpg,https://sarveda.com/wp-content/uploads/2023/10/IMG0801-scaled.jpg
10331,https://sarveda.com/wp-content/uploads/2023/10/IMG0807.jpg,2023/10/IMG0807-scaled.jpg,https://sarveda.com/wp-content/uploads/2023/10/IMG0807-scaled.jpg
10332,https://sarveda.com/wp-content/uploads/2023/10/IMG0810.jpg,2023/10/IMG0810-scaled.jpg,https://sarveda.com/wp-content/uploads/2023/10/IMG0810-scaled.jpg
10333,https://sarveda.com/wp-content/uploads/2023/10/IMG1146-.jpg,2023/10/IMG1146--scaled.jpg,https://sarveda.com/wp-content/uploads/2023/10/IMG1146--scaled.jpg
10348,https://sarveda.com/wp-content/uploads/2024/05/Swinging-Chimes_3.jpg,2024/05/Swinging-Chimes_3.jpg,https://sarveda.com/wp-content/uploads/2024/05/Swinging-Chimes_3.jpg
10349,https://sarveda.com/wp-content/uploads/2024/05/Swinging-Chimes_1.jpg,2024/05/Swinging-Chimes_1.jpg,https://sarveda.com/wp-content/uploads/2024/05/Swinging-Chimes_1.jpg
10350,https://sarveda.com/wp-content/uploads/2024/05/Swinging-Chimes_2.jpg,2024/05/Swinging-Chimes_2.jpg,https://sarveda.com/wp-content/uploads/2024/05/Swinging-Chimes_2.jpg
10351,https://sarveda.com/wp-content/uploads/2024/05/Swinging-Chimes_3-1.jpg,2024/05/Swinging-Chimes_3-1.jpg,https://sarveda.com/wp-content/uploads/2024/05/Swinging-Chimes_3-1.jpg
10352,https://sarveda.com/wp-content/uploads/2024/05/Swinging-Chimes_4.jpg,2024/05/Swinging-Chimes_4.jpg,https://sarveda.com/wp-content/uploads/2024/05/Swinging-Chimes_4.jpg
10353,https://sarveda.com/wp-content/uploads/2024/05/Swinging-Chimes_5.jpg,2024/05/Swinging-Chimes_5.jpg,https://sarveda.com/wp-content/uploads/2024/05/Swinging-Chimes_5.jpg
42255,https://sarveda.com/wp-content/uploads/2023/02/Mallet_1.jpg,2023/02/Mallet_1.jpg,https://sarveda.com/wp-content/uploads/2023/02/Mallet_1.jpg
42256,https://sarveda.com/wp-content/uploads/2023/02/Mallet_2.jpg,2023/02/Mallet_2.jpg,https://sarveda.com/wp-content/uploads/2023/02/Mallet_2.jpg
42257,https://sarveda.com/wp-content/uploads/2023/02/Mallet_3.jpg,2023/02/Mallet_3.jpg,https://sarveda.com/wp-content/uploads/2023/02/Mallet_3.jpg
42258,https://sarveda.com/wp-content/uploads/2023/02/Mallet_4.jpg,2023/02/Mallet_4.jpg,https://sarveda.com/wp-content/uploads/2023/02/Mallet_4.jpg
42259,https://sarveda.com/wp-content/uploads/2023/02/Mallet_5.jpg,2023/02/Mallet_5.jpg,https://sarveda.com/wp-content/uploads/2023/02/Mallet_5.jpg
42260,https://sarveda.com/wp-content/uploads/2023/02/Mallet_6.jpg,2023/02/Mallet_6.jpg,https://sarveda.com/wp-content/uploads/2023/02/Mallet_6.jpg
42261,https://sarveda.com/wp-content/uploads/2023/02/Mallet_7.jpg,2023/02/Mallet_7.jpg,https://sarveda.com/wp-content/uploads/2023/02/Mallet_7.jpg
42262,https://sarveda.com/wp-content/uploads/2023/02/Mallet_8.jpg,2023/02/Mallet_8.jpg,https://sarveda.com/wp-content/uploads/2023/02/Mallet_8.jpg
42263,https://sarveda.com/wp-content/uploads/2023/02/Mallet_9.jpg,2023/02/Mallet_9.jpg,https://sarveda.com/wp-content/uploads/2023/02/Mallet_9.jpg
42264,https://sarveda.com/wp-content/uploads/2023/02/Mallet_10.jpg,2023/02/Mallet_10.jpg,https://sarveda.com/wp-content/uploads/2023/02/Mallet_10.jpg
42265,https://sarveda.com/wp-content/uploads/2023/02/Mallet_11.jpg,2023/02/Mallet_11.jpg,https://sarveda.com/wp-content/uploads/2023/02/Mallet_11.jpg
42266,https://sarveda.com/wp-content/uploads/2023/02/Mallet_12.jpg,2023/02/Mallet_12.jpg,https://sarveda.com/wp-content/uploads/2023/02/Mallet_12.jpg
42267,https://sarveda.com/wp-content/uploads/2023/02/Mallet_13.jpg,2023/02/Mallet_13.jpg,https://sarveda.com/wp-content/uploads/2023/02/Mallet_13.jpg
42268,https://sarveda.com/wp-content/uploads/2023/02/Mallet_14.jpg,2023/02/Mallet_14.jpg,https://sarveda.com/wp-content/uploads/2023/02/Mallet_14.jpg
42269,https://sarveda.com/wp-content/uploads/2023/02/Mallet_15.jpg,2023/02/Mallet_15.jpg,https://sarveda.com/wp-content/uploads/2023/02/Mallet_15.jpg
42270,https://sarveda.com/wp-content/uploads/2023/02/Mallet_16.jpg,2023/02/Mallet_16.jpg,https://sarveda.com/wp-content/uploads/2023/02/Mallet_16.jpg
42271,https://sarveda.com/wp-content/uploads/2023/02/Mallet_17.jpg,2023/02/Mallet_17.jpg,https://sarveda.com/wp-content/uploads/2023/02/Mallet_17.jpg
42272,https://sarveda.com/wp-content/uploads/2023/02/Cushion_1.jpg,2023/02/Cushion_1.jpg,https://sarveda.com/wp-content/uploads/2023/02/Cushion_1.jpg
42273,https://sarveda.com/wp-content/uploads/2023/02/Cushion_2.jpg,2023/02/Cushion_2.jpg,https://sarveda.com/wp-content/uploads/2023/02/Cushion_2.jpg
42291,https://sarveda.com/wp-content/uploads/2024/06/Tinghsa-Bells_1.jpg,2024/06/Tinghsa-Bells_1.jpg,https://sarveda.com/wp-content/uploads/2024/06/Tinghsa-Bells_1.jpg
42292,https://sarveda.com/wp-content/uploads/2024/06/Tinghsa-Bells_2-1.jpg,2024/06/Tinghsa-Bells_2-1.jpg,https://sarveda.com/wp-content/uploads/2024/06/Tinghsa-Bells_2-1.jpg
42293,https://sarveda.com/wp-content/uploads/2024/06/Tinghsa-Bells_3.jpg,2024/06/Tinghsa-Bells_3.jpg,https://sarveda.com/wp-content/uploads/2024/06/Tinghsa-Bells_3.jpg
42294,https://sarveda.com/wp-content/uploads/2024/06/Tinghsa-Bells_5.jpg,2024/06/Tinghsa-Bells_5.jpg,https://sarveda.com/wp-content/uploads/2024/06/Tinghsa-Bells_5.jpg
42295,https://sarveda.com/wp-content/uploads/2024/06/Tinghsa-Bells_6.jpg,2024/06/Tinghsa-Bells_6.jpg,https://sarveda.com/wp-content/uploads/2024/06/Tinghsa-Bells_6.jpg
42296,https://sarveda.com/wp-content/uploads/2024/06/Tinghsa-Bells_7.jpg,2024/06/Tinghsa-Bells_7.jpg,https://sarveda.com/wp-content/uploads/2024/06/Tinghsa-Bells_7.jpg
42318,https://sarveda.com/wp-content/uploads/2024/06/Caxixi_1.jpg,2024/06/Caxixi_1.jpg,https://sarveda.com/wp-content/uploads/2024/06/Caxixi_1.jpg
42319,https://sarveda.com/wp-content/uploads/2024/06/Caxixi_2.jpg,2024/06/Caxixi_2.jpg,https://sarveda.com/wp-content/uploads/2024/06/Caxixi_2.jpg
42320,https://sarveda.com/wp-content/uploads/2024/06/Caxixi_3.jpg,2024/06/Caxixi_3.jpg,https://sarveda.com/wp-content/uploads/2024/06/Caxixi_3.jpg
42321,https://sarveda.com/wp-content/uploads/2024/06/IMG1174.jpg,2024/06/IMG1174-scaled.jpg,https://sarveda.com/wp-content/uploads/2024/06/IMG1174-scaled.jpg
42322,https://sarveda.com/wp-content/uploads/2024/06/IMG1181.jpg,2024/06/IMG1181-scaled.jpg,https://sarveda.com/wp-content/uploads/2024/06/IMG1181-scaled.jpg
42324,https://sarveda.com/wp-content/uploads/2024/06/IMG1280.jpg,2024/06/IMG1280-scaled.jpg,https://sarveda.com/wp-content/uploads/2024/06/IMG1280-scaled.jpg
42325,https://sarveda.com/wp-content/uploads/2024/06/IMG1282.jpg,2024/06/IMG1282-scaled.jpg,https://sarveda.com/wp-content/uploads/2024/06/IMG1282-scaled.jpg
42326,https://sarveda.com/wp-content/uploads/2024/06/IMG1286.jpg,2024/06/IMG1286-scaled.jpg,https://sarveda.com/wp-content/uploads/2024/06/IMG1286-scaled.jpg
42327,https://sarveda.com/wp-content/uploads/2024/06/Kenari-Bracelet_1.jpg,2024/06/Kenari-Bracelet_1.jpg,https://sarveda.com/wp-content/uploads/2024/06/Kenari-Bracelet_1.jpg
42328,https://sarveda.com/wp-content/uploads/2024/06/Kenari-Bracelet_2.jpg,2024/06/Kenari-Bracelet_2.jpg,https://sarveda.com/wp-content/uploads/2024/06/Kenari-Bracelet_2.jpg
42329,https://sarveda.com/wp-content/uploads/2024/06/Kenari-Bracelet_3.jpg,2024/06/Kenari-Bracelet_3.jpg,https://sarveda.com/wp-content/uploads/2024/06/Kenari-Bracelet_3.jpg
42333,https://sarveda.com/wp-content/uploads/2024/06/Xylophone_1.png,2024/06/Xylophone_1.png,https://sarveda.com/wp-content/uploads/2024/06/Xylophone_1.png
42334,https://sarveda.com/wp-content/uploads/2024/06/Xylophone_2.png,2024/06/Xylophone_2.png,https://sarveda.com/wp-content/uploads/2024/06/Xylophone_2.png
42335,https://sarveda.com/wp-content/uploads/2024/06/Xylophone_3.png,2024/06/Xylophone_3.png,https://sarveda.com/wp-content/uploads/2024/06/Xylophone_3.png
42336,https://sarveda.com/wp-content/uploads/2024/06/Xylophone_4.png,2024/06/Xylophone_4.png,https://sarveda.com/wp-content/uploads/2024/06/Xylophone_4.png
42337,https://sarveda.com/wp-content/uploads/2024/06/Xylophone_5.png,2024/06/Xylophone_5.png,https://sarveda.com/wp-content/uploads/2024/06/Xylophone_5.png
42341,https://sarveda.com/wp-content/uploads/2024/06/Xylophone_Wooden_1.png,2024/06/Xylophone_Wooden_1.png,https://sarveda.com/wp-content/uploads/2024/06/Xylophone_Wooden_1.png
42342,https://sarveda.com/wp-content/uploads/2024/06/Xylophone_Wooden_2.png,2024/06/Xylophone_Wooden_2.png,https://sarveda.com/wp-content/uploads/2024/06/Xylophone_Wooden_2.png
42343,https://sarveda.com/wp-content/uploads/2024/06/Xylophone_Wooden_3.png,2024/06/Xylophone_Wooden_3.png,https://sarveda.com/wp-content/uploads/2024/06/Xylophone_Wooden_3.png
42344,https://sarveda.com/wp-content/uploads/2024/06/Xylophone_Wooden_4.png,2024/06/Xylophone_Wooden_4.png,https://sarveda.com/wp-content/uploads/2024/06/Xylophone_Wooden_4.png
42345,https://sarveda.com/wp-content/uploads/2022/08/Tinghsa-Bells_1.jpg,2022/08/Tinghsa-Bells_1.jpg,https://sarveda.com/wp-content/uploads/2022/08/Tinghsa-Bells_1.jpg
42346,https://sarveda.com/wp-content/uploads/2022/08/Tinghsa-Bells_2-1.jpg,2022/08/Tinghsa-Bells_2-1.jpg,https://sarveda.com/wp-content/uploads/2022/08/Tinghsa-Bells_2-1.jpg
42347,https://sarveda.com/wp-content/uploads/2022/08/Tinghsa-Bells_3.jpg,2022/08/Tinghsa-Bells_3.jpg,https://sarveda.com/wp-content/uploads/2022/08/Tinghsa-Bells_3.jpg
42348,https://sarveda.com/wp-content/uploads/2022/08/Tinghsa-Bells_5.jpg,2022/08/Tinghsa-Bells_5.jpg,https://sarveda.com/wp-content/uploads/2022/08/Tinghsa-Bells_5.jpg
42349,https://sarveda.com/wp-content/uploads/2022/08/Tinghsa-Bells_6.jpg,2022/08/Tinghsa-Bells_6.jpg,https://sarveda.com/wp-content/uploads/2022/08/Tinghsa-Bells_6.jpg
42350,https://sarveda.com/wp-content/uploads/2022/08/Tinghsa-Bells_7.jpg,2022/08/Tinghsa-Bells_7.jpg,https://sarveda.com/wp-content/uploads/2022/08/Tinghsa-Bells_7.jpg
42376,https://sarveda.com/wp-content/uploads/2024/06/IMG0918.jpg,2024/06/IMG0918-scaled.jpg,https://sarveda.com/wp-content/uploads/2024/06/IMG0918-scaled.jpg
42377,https://sarveda.com/wp-content/uploads/2024/06/IMG0919.jpg,2024/06/IMG0919-scaled.jpg,https://sarveda.com/wp-content/uploads/2024/06/IMG0919-scaled.jpg
42378,https://sarveda.com/wp-content/uploads/2024/06/IMG0922.jpg,2024/06/IMG0922-scaled.jpg,https://sarveda.com/wp-content/uploads/2024/06/IMG0922-scaled.jpg
42379,https://sarveda.com/wp-content/uploads/2024/06/IMG0924.jpg,2024/06/IMG0924-scaled.jpg,https://sarveda.com/wp-content/uploads/2024/06/IMG0924-scaled.jpg
42380,https://sarveda.com/wp-content/uploads/2024/06/IMG0925.jpg,2024/06/IMG0925-scaled.jpg,https://sarveda.com/wp-content/uploads/2024/06/IMG0925-scaled.jpg
42381,https://sarveda.com/wp-content/uploads/2024/06/IMG0926.jpg,2024/06/IMG0926-scaled.jpg,https://sarveda.com/wp-content/uploads/2024/06/IMG0926-scaled.jpg
42382,https://sarveda.com/wp-content/uploads/2024/06/IMG0929.jpg,2024/06/IMG0929-scaled.jpg,https://sarveda.com/wp-content/uploads/2024/06/IMG0929-scaled.jpg
42383,https://sarveda.com/wp-content/uploads/2024/06/IMG0931.jpg,2024/06/IMG0931-scaled.jpg,https://sarveda.com/wp-content/uploads/2024/06/IMG0931-scaled.jpg
42384,https://sarveda.com/wp-content/uploads/2024/06/IMG1154.jpg,2024/06/IMG1154-scaled.jpg,https://sarveda.com/wp-content/uploads/2024/06/IMG1154-scaled.jpg
42385,https://sarveda.com/wp-content/uploads/2024/06/IMG1161.jpg,2024/06/IMG1161-scaled.jpg,https://sarveda.com/wp-content/uploads/2024/06/IMG1161-scaled.jpg
42386,https://sarveda.com/wp-content/uploads/2024/06/Tongue-Drum-_2.jpg,2024/06/Tongue-Drum-_2.jpg,https://sarveda.com/wp-content/uploads/2024/06/Tongue-Drum-_2.jpg
42387,https://sarveda.com/wp-content/uploads/2024/06/Tongue-Drum-_3.jpg,2024/06/Tongue-Drum-_3.jpg,https://sarveda.com/wp-content/uploads/2024/06/Tongue-Drum-_3.jpg
42388,https://sarveda.com/wp-content/uploads/2024/06/Tongue-Drum-_4.jpg,2024/06/Tongue-Drum-_4.jpg,https://sarveda.com/wp-content/uploads/2024/06/Tongue-Drum-_4.jpg
42390,https://sarveda.com/wp-content/uploads/2024/06/32-bar-chime_1.jpg,2024/06/32-bar-chime_1.jpg,https://sarveda.com/wp-content/uploads/2024/06/32-bar-chime_1.jpg
42391,https://sarveda.com/wp-content/uploads/2024/06/32-bar-chime_2.jpg,2024/06/32-bar-chime_2.jpg,https://sarveda.com/wp-content/uploads/2024/06/32-bar-chime_2.jpg
42392,https://sarveda.com/wp-content/uploads/2024/06/32-bar-chime_3.jpg,2024/06/32-bar-chime_3.jpg,https://sarveda.com/wp-content/uploads/2024/06/32-bar-chime_3.jpg
42393,https://sarveda.com/wp-content/uploads/2024/06/32-bar-chime_4.jpg,2024/06/32-bar-chime_4.jpg,https://sarveda.com/wp-content/uploads/2024/06/32-bar-chime_4.jpg
42405,https://sarveda.com/wp-content/uploads/2022/04/01-Aisi-Deewangi-www.downloadming.com_.mp3,2022/04/01-Aisi-Deewangi-www.downloadming.com_.mp3,https://sarveda.com/wp-content/uploads/2022/04/01-Aisi-Deewangi-www.downloadming.com_.mp3
42406,https://sarveda.com/42406/,2024/06/01-Aisi-Deewangi-www-downloadming-com_-mp3-image.jpg,https://sarveda.com/wp-content/uploads/2024/06/01-Aisi-Deewangi-www-downloadming-com_-mp3-image.jpg
42407,https://sarveda.com/wp-content/uploads/2022/04/05.-Mohabbat-Ke-www.downloadming.com_.mp3,2022/04/05.-Mohabbat-Ke-www.downloadming.com_.mp3,https://sarveda.com/wp-content/uploads/2022/04/05.-Mohabbat-Ke-www.downloadming.com_.mp3
42457,https://sarveda.com/wp-content/uploads/2023/01/7-Chakra-Gift-Set_1-1.jpg,2023/01/7-Chakra-Gift-Set_1-1-scaled.jpg,https://sarveda.com/wp-content/uploads/2023/01/7-Chakra-Gift-Set_1-1-scaled.jpg
42553,https://sarveda.com/wp-content/uploads/2024/06/32-bar-chime.mp3,2024/06/32-bar-chime.mp3,https://sarveda.com/wp-content/uploads/2024/06/32-bar-chime.mp3
42554,https://sarveda.com/wp-content/uploads/2024/05/Lingam-9-inch-.mp3,2024/05/Lingam-9-inch-.mp3,https://sarveda.com/wp-content/uploads/2024/05/Lingam-9-inch-.mp3
42555,https://sarveda.com/wp-content/uploads/2023/11/Universal-Bowl-Strike-.mp3,2023/11/Universal-Bowl-Strike-.mp3,https://sarveda.com/wp-content/uploads/2023/11/Universal-Bowl-Strike-.mp3
42556,https://sarveda.com/wp-content/uploads/2023/02/Buddhist-Bell-.mp3,2023/02/Buddhist-Bell-.mp3,https://sarveda.com/wp-content/uploads/2023/02/Buddhist-Bell-.mp3
42557,https://sarveda.com/wp-content/uploads/2023/08/Bamboo-Rainstick-.mp3,2023/08/Bamboo-Rainstick-.mp3,https://sarveda.com/wp-content/uploads/2023/08/Bamboo-Rainstick-.mp3
42560,https://sarveda.com/wp-content/uploads/2024/06/Xylophone-1-inch-.mp3,2024/06/Xylophone-1-inch-.mp3,https://sarveda.com/wp-content/uploads/2024/06/Xylophone-1-inch-.mp3
42561,https://sarveda.com/wp-content/uploads/2024/06/Xylophone-1.5-.mp3,2024/06/Xylophone-1.5-.mp3,https://sarveda.com/wp-content/uploads/2024/06/Xylophone-1.5-.mp3
42562,https://sarveda.com/wp-content/uploads/2024/06/Wooden-Xylophone.mp3,2024/06/Wooden-Xylophone.mp3,https://sarveda.com/wp-content/uploads/2024/06/Wooden-Xylophone.mp3
42563,https://sarveda.com/wp-content/uploads/2024/06/6-bar-chime.mp3,2024/06/6-bar-chime.mp3,https://sarveda.com/wp-content/uploads/2024/06/6-bar-chime.mp3
42564,https://sarveda.com/wp-content/uploads/2024/06/9-Bar-Chime.mp3,2024/06/9-Bar-Chime.mp3,https://sarveda.com/wp-content/uploads/2024/06/9-Bar-Chime.mp3
42565,https://sarveda.com/wp-content/uploads/2024/05/FoL-8-inch.mp3,2024/05/FoL-8-inch.mp3,https://sarveda.com/wp-content/uploads/2024/05/FoL-8-inch.mp3
42566,https://sarveda.com/wp-content/uploads/2024/05/FoL-9-inch.mp3,2024/05/FoL-9-inch.mp3,https://sarveda.com/wp-content/uploads/2024/05/FoL-9-inch.mp3
42567,https://sarveda.com/wp-content/uploads/2024/05/FoL-10.5-inch-.mp3,2024/05/FoL-10.5-inch-.mp3,https://sarveda.com/wp-content/uploads/2024/05/FoL-10.5-inch-.mp3
42810,https://sarveda.com/wp-content/uploads/2024/05/Handmade-5-inch.mp3,2024/05/Handmade-5-inch.mp3,https://sarveda.com/wp-content/uploads/2024/05/Handmade-5-inch.mp3
42811,https://sarveda.com/wp-content/uploads/2024/05/Handmade-B-7-inch.mp3,2024/05/Handmade-B-7-inch.mp3,https://sarveda.com/wp-content/uploads/2024/05/Handmade-B-7-inch.mp3
42818,https://sarveda.com/wp-content/uploads/2024/05/Handmade-Etched-8-inched.mp3,2024/05/Handmade-Etched-8-inched.mp3,https://sarveda.com/wp-content/uploads/2024/05/Handmade-Etched-8-inched.mp3
42819,https://sarveda.com/wp-content/uploads/2024/05/Handmade-Etched-9-inch.mp3,2024/05/Handmade-Etched-9-inch.mp3,https://sarveda.com/wp-content/uploads/2024/05/Handmade-Etched-9-inch.mp3
42820,https://sarveda.com/wp-content/uploads/2024/05/Handmade-10-inch.mp3,2024/05/Handmade-10-inch.mp3,https://sarveda.com/wp-content/uploads/2024/05/Handmade-10-inch.mp3
42822,https://sarveda.com/wp-content/uploads/2024/05/Crystal-Bowl-6-inch.mp3,2024/05/Crystal-Bowl-6-inch.mp3,https://sarveda.com/wp-content/uploads/2024/05/Crystal-Bowl-6-inch.mp3
42824,https://sarveda.com/wp-content/uploads/2024/05/Machine-Made-3.5-inch.mp3,2024/05/Machine-Made-3.5-inch.mp3,https://sarveda.com/wp-content/uploads/2024/05/Machine-Made-3.5-inch.mp3
42825,https://sarveda.com/wp-content/uploads/2024/05/Machinemade-4-inch.mp3,2024/05/Machinemade-4-inch.mp3,https://sarveda.com/wp-content/uploads/2024/05/Machinemade-4-inch.mp3
42826,https://sarveda.com/wp-content/uploads/2024/05/Machinmade5.5-inches.mp3,2024/05/Machinmade5.5-inches.mp3,https://sarveda.com/wp-content/uploads/2024/05/Machinmade5.5-inches.mp3
42827,https://sarveda.com/wp-content/uploads/2024/01/18-inch-Chakra-Gong.mp3,2024/01/18-inch-Chakra-Gong.mp3,https://sarveda.com/wp-content/uploads/2024/01/18-inch-Chakra-Gong.mp3
42828,https://sarveda.com/wp-content/uploads/2024/01/22-inch-plain-gong.mp3,2024/01/22-inch-plain-gong.mp3,https://sarveda.com/wp-content/uploads/2024/01/22-inch-plain-gong.mp3
42829,https://sarveda.com/wp-content/uploads/2023/10/handpan.mp3,2023/10/handpan.mp3,https://sarveda.com/wp-content/uploads/2023/10/handpan.mp3
42832,https://sarveda.com/wp-content/uploads/2023/09/7-Chakras-large-set.mp3,2023/09/7-Chakras-large-set.mp3,https://sarveda.com/wp-content/uploads/2023/09/7-Chakras-large-set.mp3
42834,https://sarveda.com/wp-content/uploads/2023/08/9-Bar-Chime.mp3,2023/08/9-Bar-Chime.mp3,https://sarveda.com/wp-content/uploads/2023/08/9-Bar-Chime.mp3
42836,https://sarveda.com/wp-content/uploads/2023/08/Wooden-Xylophone.mp3,2023/08/Wooden-Xylophone.mp3,https://sarveda.com/wp-content/uploads/2023/08/Wooden-Xylophone.mp3
42837,https://sarveda.com/wp-content/uploads/2023/08/Bamboo-Xylophone.mp3,2023/08/Bamboo-Xylophone.mp3,https://sarveda.com/wp-content/uploads/2023/08/Bamboo-Xylophone.mp3
42840,https://sarveda.com/wp-content/uploads/2023/02/Rustic-Blue-6-inch.mp3,2023/02/Rustic-Blue-6-inch.mp3,https://sarveda.com/wp-content/uploads/2023/02/Rustic-Blue-6-inch.mp3
42841,https://sarveda.com/wp-content/uploads/2023/02/Rustic-Blue-7-inch-copy-2-.mp3,2023/02/Rustic-Blue-7-inch-copy-2-.mp3,https://sarveda.com/wp-content/uploads/2023/02/Rustic-Blue-7-inch-copy-2-.mp3
42842,https://sarveda.com/wp-content/uploads/2023/08/Kalimba.mp3,2023/08/Kalimba.mp3,https://sarveda.com/wp-content/uploads/2023/08/Kalimba.mp3
42843,https://sarveda.com/wp-content/uploads/2024/05/Joint-Bowl-8-inch.mp3,2024/05/Joint-Bowl-8-inch.mp3,https://sarveda.com/wp-content/uploads/2024/05/Joint-Bowl-8-inch.mp3
42912,https://sarveda.com/wp-content/uploads/2024/07/IMG0182.jpg,2024/07/IMG0182-scaled.jpg,https://sarveda.com/wp-content/uploads/2024/07/IMG0182-scaled.jpg
43000,https://sarveda.com/wp-content/uploads/2024/07/IMF-2322.jpg,2024/07/IMF-2322-scaled.jpg,https://sarveda.com/wp-content/uploads/2024/07/IMF-2322-scaled.jpg
43001,https://sarveda.com/wp-content/uploads/2024/07/IMF-2322-1.jpg,2024/07/IMF-2322-1-scaled.jpg,https://sarveda.com/wp-content/uploads/2024/07/IMF-2322-1-scaled.jpg
43002,https://sarveda.com/wp-content/uploads/2024/07/IMF-2322-2.jpg,2024/07/IMF-2322-2-scaled.jpg,https://sarveda.com/wp-content/uploads/2024/07/IMF-2322-2-scaled.jpg
43003,https://sarveda.com/wp-content/uploads/2024/07/IMF-2322-3.jpg,2024/07/IMF-2322-3-scaled.jpg,https://sarveda.com/wp-content/uploads/2024/07/IMF-2322-3-scaled.jpg
43004,https://sarveda.com/wp-content/uploads/2024/07/IMF-2322-4.jpg,2024/07/IMF-2322-4-scaled.jpg,https://sarveda.com/wp-content/uploads/2024/07/IMF-2322-4-scaled.jpg
43005,https://sarveda.com/wp-content/uploads/2024/07/IMF-2322-5.jpg,2024/07/IMF-2322-5-scaled.jpg,https://sarveda.com/wp-content/uploads/2024/07/IMF-2322-5-scaled.jpg
43065,https://sarveda.com/wp-content/uploads/2024/08/WhatsApp-Image-2024-08-01-at-5.15.04-PM.jpeg,2024/08/WhatsApp-Image-2024-08-01-at-5.15.04-PM.jpeg,https://sarveda.com/wp-content/uploads/2024/08/WhatsApp-Image-2024-08-01-at-5.15.04-PM.jpeg
43066,https://sarveda.com/wp-content/uploads/2024/08/Aparna-Sundar.png,2024/08/Aparna-Sundar.png,https://sarveda.com/wp-content/uploads/2024/08/Aparna-Sundar.png
43216,https://sarveda.com/wp-content/uploads/2024/08/WhatsApp-Image-2024-08-15-at-10.04.12-AM.jpeg,2024/08/WhatsApp-Image-2024-08-15-at-10.04.12-AM.jpeg,https://sarveda.com/wp-content/uploads/2024/08/WhatsApp-Image-2024-08-15-at-10.04.12-AM.jpeg
43217,https://sarveda.com/wp-content/uploads/2024/08/Siddharth-Venkat.png,2024/08/Siddharth-Venkat.png,https://sarveda.com/wp-content/uploads/2024/08/Siddharth-Venkat.png
43220,https://sarveda.com/wp-content/uploads/2024/08/crystal-bowl-sets-Sarveda.png,2024/08/crystal-bowl-sets-Sarveda.png,https://sarveda.com/wp-content/uploads/2024/08/crystal-bowl-sets-Sarveda.png
43222,https://sarveda.com/wp-content/uploads/2024/08/Screenshot-2024-08-15-at-5.21.40-PM.png,2024/08/Screenshot-2024-08-15-at-5.21.40-PM.png,https://sarveda.com/wp-content/uploads/2024/08/Screenshot-2024-08-15-at-5.21.40-PM.png
43223,https://sarveda.com/wp-content/uploads/2024/08/Screenshot-2024-08-15-at-5.21.51-PM.png,2024/08/Screenshot-2024-08-15-at-5.21.51-PM.png,https://sarveda.com/wp-content/uploads/2024/08/Screenshot-2024-08-15-at-5.21.51-PM.png
43224,https://sarveda.com/wp-content/uploads/2024/08/Screenshot-2024-08-15-at-5.22.11-PM.png,2024/08/Screenshot-2024-08-15-at-5.22.11-PM.png,https://sarveda.com/wp-content/uploads/2024/08/Screenshot-2024-08-15-at-5.22.11-PM.png
43225,https://sarveda.com/wp-content/uploads/2024/08/crystal-set-7.png,2024/08/crystal-set-7.png,https://sarveda.com/wp-content/uploads/2024/08/crystal-set-7.png
43226,https://sarveda.com/wp-content/uploads/2024/08/crystal.png,2024/08/crystal.png,https://sarveda.com/wp-content/uploads/2024/08/crystal.png
43233,https://sarveda.com/wp-content/uploads/2024/08/WhatsApp-Image-2024-08-16-at-11.42.00-AM.jpeg,2024/08/WhatsApp-Image-2024-08-16-at-11.42.00-AM.jpeg,https://sarveda.com/wp-content/uploads/2024/08/WhatsApp-Image-2024-08-16-at-11.42.00-AM.jpeg
43247,https://sarveda.com/wp-content/uploads/2024/08/entrainment-Sarveda-Singing-Bowls.png,2024/08/entrainment-Sarveda-Singing-Bowls.png,https://sarveda.com/wp-content/uploads/2024/08/entrainment-Sarveda-Singing-Bowls.png
43248,https://sarveda.com/wp-content/uploads/2024/08/Entrainment-Singing-Bowls-Sarveda.png,2024/08/Entrainment-Singing-Bowls-Sarveda.png,https://sarveda.com/wp-content/uploads/2024/08/Entrainment-Singing-Bowls-Sarveda.png
43314,https://sarveda.com/wp-content/uploads/2024/08/WhatsApp-Image-2024-08-28-at-01.50.24-1.jpeg,2024/08/WhatsApp-Image-2024-08-28-at-01.50.24-1.jpeg,https://sarveda.com/wp-content/uploads/2024/08/WhatsApp-Image-2024-08-28-at-01.50.24-1.jpeg
43315,https://sarveda.com/wp-content/uploads/2024/08/WhatsApp-Image-2024-08-28-at-01.50.24.jpeg,2024/08/WhatsApp-Image-2024-08-28-at-01.50.24.jpeg,https://sarveda.com/wp-content/uploads/2024/08/WhatsApp-Image-2024-08-28-at-01.50.24.jpeg
43316,https://sarveda.com/wp-content/uploads/2024/08/WhatsApp-Image-2024-08-28-at-01.50.25-1.jpeg,2024/08/WhatsApp-Image-2024-08-28-at-01.50.25-1.jpeg,https://sarveda.com/wp-content/uploads/2024/08/WhatsApp-Image-2024-08-28-at-01.50.25-1.jpeg
43317,https://sarveda.com/wp-content/uploads/2024/08/WhatsApp-Image-2024-08-28-at-01.50.25.jpeg,2024/08/WhatsApp-Image-2024-08-28-at-01.50.25.jpeg,https://sarveda.com/wp-content/uploads/2024/08/WhatsApp-Image-2024-08-28-at-01.50.25.jpeg
43318,https://sarveda.com/wp-content/uploads/2024/08/WhatsApp-Image-2024-08-28-at-01.50.26.jpeg,2024/08/WhatsApp-Image-2024-08-28-at-01.50.26.jpeg,https://sarveda.com/wp-content/uploads/2024/08/WhatsApp-Image-2024-08-28-at-01.50.26.jpeg
43341,https://sarveda.com/wp-content/uploads/2024/08/WhatsApp-Image-2024-08-30-at-15.36.50.jpeg,2024/08/WhatsApp-Image-2024-08-30-at-15.36.50.jpeg,https://sarveda.com/wp-content/uploads/2024/08/WhatsApp-Image-2024-08-30-at-15.36.50.jpeg
43342,https://sarveda.com/wp-content/uploads/2024/08/WhatsApp-Image-2024-08-30-at-15.40.14.jpeg,2024/08/WhatsApp-Image-2024-08-30-at-15.40.14.jpeg,https://sarveda.com/wp-content/uploads/2024/08/WhatsApp-Image-2024-08-30-at-15.40.14.jpeg
43357,https://sarveda.com/wp-content/uploads/2024/08/Ambadi-Sarveda.png,2024/08/Ambadi-Sarveda.png,https://sarveda.com/wp-content/uploads/2024/08/Ambadi-Sarveda.png
43358,https://sarveda.com/wp-content/uploads/2024/08/AMbadi-M-A.png,2024/08/AMbadi-M-A.png,https://sarveda.com/wp-content/uploads/2024/08/AMbadi-M-A.png
43399,https://sarveda.com/wp-content/uploads/2024/09/close.png,2024/09/close.png,https://sarveda.com/wp-content/uploads/2024/09/close.png
43407,https://sarveda.com/wp-content/uploads/2024/09/WhatsApp-Image-2024-09-04-at-15.02.13.jpeg,2024/09/WhatsApp-Image-2024-09-04-at-15.02.13.jpeg,https://sarveda.com/wp-content/uploads/2024/09/WhatsApp-Image-2024-09-04-at-15.02.13.jpeg
43408,https://sarveda.com/wp-content/uploads/2024/09/Sanj.png,2024/09/Sanj.png,https://sarveda.com/wp-content/uploads/2024/09/Sanj.png
43409,https://sarveda.com/wp-content/uploads/2024/09/WhatsApp-Image-2024-09-04-at-15.02.20.jpeg,2024/09/WhatsApp-Image-2024-09-04-at-15.02.20.jpeg,https://sarveda.com/wp-content/uploads/2024/09/WhatsApp-Image-2024-09-04-at-15.02.20.jpeg
43410,https://sarveda.com/wp-content/uploads/2024/09/Aparna.png,2024/09/Aparna.png,https://sarveda.com/wp-content/uploads/2024/09/Aparna.png
43411,https://sarveda.com/wp-content/uploads/2023/01/LP-302-1.jpg,2023/01/LP-302-1.jpg,https://sarveda.com/wp-content/uploads/2023/01/LP-302-1.jpg
43412,https://sarveda.com/wp-content/uploads/2023/01/LP-303-1.jpg,2023/01/LP-303-1.jpg,https://sarveda.com/wp-content/uploads/2023/01/LP-303-1.jpg
43413,https://sarveda.com/wp-content/uploads/2023/01/LP-304-1.jpg,2023/01/LP-304-1.jpg,https://sarveda.com/wp-content/uploads/2023/01/LP-304-1.jpg
43414,https://sarveda.com/wp-content/uploads/2023/01/LP-305-1.jpg,2023/01/LP-305-1.jpg,https://sarveda.com/wp-content/uploads/2023/01/LP-305-1.jpg
43422,https://sarveda.com/wp-content/uploads/2024/08/WhatsApp-Image-2024-08-29-at-14.54.55.jpeg,2024/08/WhatsApp-Image-2024-08-29-at-14.54.55.jpeg,https://sarveda.com/wp-content/uploads/2024/08/WhatsApp-Image-2024-08-29-at-14.54.55.jpeg
43509,https://sarveda.com/wp-content/uploads/2024/09/sarveda1-1-1.jpg,2024/09/sarveda1-1-1.jpg,https://sarveda.com/wp-content/uploads/2024/09/sarveda1-1-1.jpg
43510,https://sarveda.com/wp-content/uploads/2024/09/bowl-mobile-1-1.jpg,2024/09/bowl-mobile-1-1.jpg,https://sarveda.com/wp-content/uploads/2024/09/bowl-mobile-1-1.jpg
43522,https://sarveda.com/wp-content/uploads/2023/08/Copy-of-11.jpg,2023/08/Copy-of-11.jpg,https://sarveda.com/wp-content/uploads/2023/08/Copy-of-11.jpg
43530,https://sarveda.com/wp-content/uploads/2024/09/05ee6d9e-d4a7-46d7-9198-7c6f3106e744.jpeg,2024/09/05ee6d9e-d4a7-46d7-9198-7c6f3106e744.jpeg,https://sarveda.com/wp-content/uploads/2024/09/05ee6d9e-d4a7-46d7-9198-7c6f3106e744.jpeg
43544,https://sarveda.com/wp-content/uploads/2024/09/WhatsApp-Image-2024-09-16-at-2.26.40-PM.jpeg,2024/09/WhatsApp-Image-2024-09-16-at-2.26.40-PM.jpeg,https://sarveda.com/wp-content/uploads/2024/09/WhatsApp-Image-2024-09-16-at-2.26.40-PM.jpeg
43545,https://sarveda.com/wp-content/uploads/2024/09/WhatsApp-Image-2024-09-16-at-2.13.54-PM.jpeg,2024/09/WhatsApp-Image-2024-09-16-at-2.13.54-PM.jpeg,https://sarveda.com/wp-content/uploads/2024/09/WhatsApp-Image-2024-09-16-at-2.13.54-PM.jpeg
43546,https://sarveda.com/wp-content/uploads/2024/09/Arjun.png,2024/09/Arjun.png,https://sarveda.com/wp-content/uploads/2024/09/Arjun.png
43547,https://sarveda.com/wp-content/uploads/2024/09/Shriram-VV.png,2024/09/Shriram-VV.png,https://sarveda.com/wp-content/uploads/2024/09/Shriram-VV.png
43551,https://sarveda.com/wp-content/uploads/2024/09/brush-with-bittle-1.jpg,2024/09/brush-with-bittle-1.jpg,https://sarveda.com/wp-content/uploads/2024/09/brush-with-bittle-1.jpg
43562,https://sarveda.com/wp-content/uploads/2023/02/Cushion_3.jpg,2023/02/Cushion_3.jpg,https://sarveda.com/wp-content/uploads/2023/02/Cushion_3.jpg
43721,https://sarveda.com/wp-content/uploads/2024/07/ym-7.jpg,2024/07/ym-7.jpg,https://sarveda.com/wp-content/uploads/2024/07/ym-7.jpg
43722,https://sarveda.com/wp-content/uploads/2024/07/ym-8.jpg,2024/07/ym-8.jpg,https://sarveda.com/wp-content/uploads/2024/07/ym-8.jpg
43723,https://sarveda.com/wp-content/uploads/2024/07/ym-3.jpg,2024/07/ym-3.jpg,https://sarveda.com/wp-content/uploads/2024/07/ym-3.jpg
43724,https://sarveda.com/wp-content/uploads/2024/07/ym-5.jpg,2024/07/ym-5.jpg,https://sarveda.com/wp-content/uploads/2024/07/ym-5.jpg
43725,https://sarveda.com/wp-content/uploads/2024/07/ym-10.jpg,2024/07/ym-10.jpg,https://sarveda.com/wp-content/uploads/2024/07/ym-10.jpg
43727,https://sarveda.com/wp-content/uploads/2022/11/Health-benifits_lwithin-me.jpg,2022/11/Health-benifits_lwithin-me.jpg,https://sarveda.com/wp-content/uploads/2022/11/Health-benifits_lwithin-me.jpg
43729,https://sarveda.com/wp-content/uploads/2022/11/copper-vs-bottle_within-me.jpg,2022/11/copper-vs-bottle_within-me.jpg,https://sarveda.com/wp-content/uploads/2022/11/copper-vs-bottle_within-me.jpg
43737,https://sarveda.com/wp-content/uploads/2022/11/brush-with-bittle-1.jpg,2022/11/brush-with-bittle-1.jpg,https://sarveda.com/wp-content/uploads/2022/11/brush-with-bittle-1.jpg
43738,https://sarveda.com/wp-content/uploads/2022/11/dark-copper-bottle_smaller_lighter.jpg,2022/11/dark-copper-bottle_smaller_lighter.jpg,https://sarveda.com/wp-content/uploads/2022/11/dark-copper-bottle_smaller_lighter.jpg
43740,https://sarveda.com/wp-content/uploads/2023/02/LP-252-1.jpg,2023/02/LP-252-1.jpg,https://sarveda.com/wp-content/uploads/2023/02/LP-252-1.jpg
43741,https://sarveda.com/wp-content/uploads/2023/02/Mallet_11-1.jpg,2023/02/Mallet_11-1.jpg,https://sarveda.com/wp-content/uploads/2023/02/Mallet_11-1.jpg
43742,https://sarveda.com/wp-content/uploads/2023/02/Mallet_12-1.jpg,2023/02/Mallet_12-1.jpg,https://sarveda.com/wp-content/uploads/2023/02/Mallet_12-1.jpg
43743,https://sarveda.com/wp-content/uploads/2023/02/Mallet_8-1.jpg,2023/02/Mallet_8-1.jpg,https://sarveda.com/wp-content/uploads/2023/02/Mallet_8-1.jpg
43744,https://sarveda.com/wp-content/uploads/2023/02/Mallet_10-1.jpg,2023/02/Mallet_10-1.jpg,https://sarveda.com/wp-content/uploads/2023/02/Mallet_10-1.jpg
43745,https://sarveda.com/wp-content/uploads/2023/02/Mallet_4-1.jpg,2023/02/Mallet_4-1.jpg,https://sarveda.com/wp-content/uploads/2023/02/Mallet_4-1.jpg
43753,https://sarveda.com/wp-content/uploads/2024/07/14.png,2024/07/14.png,https://sarveda.com/wp-content/uploads/2024/07/14.png
43754,https://sarveda.com/wp-content/uploads/2024/07/15-1.png,2024/07/15-1.png,https://sarveda.com/wp-content/uploads/2024/07/15-1.png
43755,https://sarveda.com/wp-content/uploads/2024/07/15-1-1.png,2024/07/15-1-1.png,https://sarveda.com/wp-content/uploads/2024/07/15-1-1.png
43756,https://sarveda.com/wp-content/uploads/2024/07/15-1-2.png,2024/07/15-1-2.png,https://sarveda.com/wp-content/uploads/2024/07/15-1-2.png
43757,https://sarveda.com/wp-content/uploads/2024/07/1-1.png,2024/07/1-1.png,https://sarveda.com/wp-content/uploads/2024/07/1-1.png
43758,https://sarveda.com/wp-content/uploads/2024/07/ym-5-1.jpg,2024/07/ym-5-1.jpg,https://sarveda.com/wp-content/uploads/2024/07/ym-5-1.jpg
43759,https://sarveda.com/wp-content/uploads/2024/07/6.png,2024/07/6.png,https://sarveda.com/wp-content/uploads/2024/07/6.png
43760,https://sarveda.com/wp-content/uploads/2024/07/1-1-1.png,2024/07/1-1-1.png,https://sarveda.com/wp-content/uploads/2024/07/1-1-1.png
43761,https://sarveda.com/wp-content/uploads/2024/07/15.png,2024/07/15.png,https://sarveda.com/wp-content/uploads/2024/07/15.png
43762,https://sarveda.com/wp-content/uploads/2024/07/16.png,2024/07/16.png,https://sarveda.com/wp-content/uploads/2024/07/16.png
43764,https://sarveda.com/wp-content/uploads/2024/07/16-1.png,2024/07/16-1.png,https://sarveda.com/wp-content/uploads/2024/07/16-1.png
43765,https://sarveda.com/wp-content/uploads/2024/07/16-2.png,2024/07/16-2.png,https://sarveda.com/wp-content/uploads/2024/07/16-2.png
43766,https://sarveda.com/wp-content/uploads/2024/07/ym-3-1.jpg,2024/07/ym-3-1.jpg,https://sarveda.com/wp-content/uploads/2024/07/ym-3-1.jpg
43767,https://sarveda.com/wp-content/uploads/2024/07/3.png,2024/07/3.png,https://sarveda.com/wp-content/uploads/2024/07/3.png
43768,https://sarveda.com/wp-content/uploads/2024/07/3-1.png,2024/07/3-1.png,https://sarveda.com/wp-content/uploads/2024/07/3-1.png
43769,https://sarveda.com/wp-content/uploads/2024/07/3-1-1.png,2024/07/3-1-1.png,https://sarveda.com/wp-content/uploads/2024/07/3-1-1.png
43770,https://sarveda.com/wp-content/uploads/2024/07/9.png,2024/07/9.png,https://sarveda.com/wp-content/uploads/2024/07/9.png
43771,https://sarveda.com/wp-content/uploads/2024/07/9-1.png,2024/07/9-1.png,https://sarveda.com/wp-content/uploads/2024/07/9-1.png
43772,https://sarveda.com/wp-content/uploads/2024/07/9-2.png,2024/07/9-2.png,https://sarveda.com/wp-content/uploads/2024/07/9-2.png
43773,https://sarveda.com/wp-content/uploads/2024/07/16-3.png,2024/07/16-3.png,https://sarveda.com/wp-content/uploads/2024/07/16-3.png
43774,https://sarveda.com/wp-content/uploads/2024/07/17.png,2024/07/17.png,https://sarveda.com/wp-content/uploads/2024/07/17.png
43775,https://sarveda.com/wp-content/uploads/2024/07/17-1.png,2024/07/17-1.png,https://sarveda.com/wp-content/uploads/2024/07/17-1.png
43776,https://sarveda.com/wp-content/uploads/2024/07/17-1-1.png,2024/07/17-1-1.png,https://sarveda.com/wp-content/uploads/2024/07/17-1-1.png
43777,https://sarveda.com/wp-content/uploads/2024/07/ym-7-1.jpg,2024/07/ym-7-1.jpg,https://sarveda.com/wp-content/uploads/2024/07/ym-7-1.jpg
43778,https://sarveda.com/wp-content/uploads/2024/07/8.png,2024/07/8.png,https://sarveda.com/wp-content/uploads/2024/07/8.png
43779,https://sarveda.com/wp-content/uploads/2024/07/8-1.png,2024/07/8-1.png,https://sarveda.com/wp-content/uploads/2024/07/8-1.png
43780,https://sarveda.com/wp-content/uploads/2024/07/8-2.png,2024/07/8-2.png,https://sarveda.com/wp-content/uploads/2024/07/8-2.png
43781,https://sarveda.com/wp-content/uploads/2024/07/13.png,2024/07/13.png,https://sarveda.com/wp-content/uploads/2024/07/13.png
43782,https://sarveda.com/wp-content/uploads/2024/07/14-1.png,2024/07/14-1.png,https://sarveda.com/wp-content/uploads/2024/07/14-1.png
43783,https://sarveda.com/wp-content/uploads/2024/07/14-2.png,2024/07/14-2.png,https://sarveda.com/wp-content/uploads/2024/07/14-2.png
43784,https://sarveda.com/wp-content/uploads/2024/07/14-3.png,2024/07/14-3.png,https://sarveda.com/wp-content/uploads/2024/07/14-3.png
43786,https://sarveda.com/wp-content/uploads/2024/07/17-2.png,2024/07/17-2.png,https://sarveda.com/wp-content/uploads/2024/07/17-2.png
43787,https://sarveda.com/wp-content/uploads/2024/07/18.png,2024/07/18.png,https://sarveda.com/wp-content/uploads/2024/07/18.png
43788,https://sarveda.com/wp-content/uploads/2024/07/18-1.png,2024/07/18-1.png,https://sarveda.com/wp-content/uploads/2024/07/18-1.png
43789,https://sarveda.com/wp-content/uploads/2024/07/18-1-1.png,2024/07/18-1-1.png,https://sarveda.com/wp-content/uploads/2024/07/18-1-1.png
43790,https://sarveda.com/wp-content/uploads/2024/07/ym-10-1.jpg,2024/07/ym-10-1.jpg,https://sarveda.com/wp-content/uploads/2024/07/ym-10-1.jpg
43791,https://sarveda.com/wp-content/uploads/2024/07/11.png,2024/07/11.png,https://sarveda.com/wp-content/uploads/2024/07/11.png
43792,https://sarveda.com/wp-content/uploads/2024/07/11-1.png,2024/07/11-1.png,https://sarveda.com/wp-content/uploads/2024/07/11-1.png
43793,https://sarveda.com/wp-content/uploads/2024/07/11-1-1.png,2024/07/11-1-1.png,https://sarveda.com/wp-content/uploads/2024/07/11-1-1.png
43794,https://sarveda.com/wp-content/uploads/2024/07/12.png,2024/07/12.png,https://sarveda.com/wp-content/uploads/2024/07/12.png
43795,https://sarveda.com/wp-content/uploads/2024/07/13-1.png,2024/07/13-1.png,https://sarveda.com/wp-content/uploads/2024/07/13-1.png
43796,https://sarveda.com/wp-content/uploads/2024/07/13-1-1.png,2024/07/13-1-1.png,https://sarveda.com/wp-content/uploads/2024/07/13-1-1.png
43797,https://sarveda.com/wp-content/uploads/2024/07/13-2.png,2024/07/13-2.png,https://sarveda.com/wp-content/uploads/2024/07/13-2.png
43799,https://sarveda.com/wp-content/uploads/2023/01/WhatsApp-Image-2024-09-12-at-15.21.48-1.jpeg,2023/01/WhatsApp-Image-2024-09-12-at-15.21.48-1.jpeg,https://sarveda.com/wp-content/uploads/2023/01/WhatsApp-Image-2024-09-12-at-15.21.48-1.jpeg
43800,https://sarveda.com/wp-content/uploads/2023/01/WhatsApp-Image-2024-09-12-at-15.21.48.jpeg,2023/01/WhatsApp-Image-2024-09-12-at-15.21.48.jpeg,https://sarveda.com/wp-content/uploads/2023/01/WhatsApp-Image-2024-09-12-at-15.21.48.jpeg
43801,https://sarveda.com/wp-content/uploads/2023/01/WhatsApp-Image-2024-09-12-at-15.21.47-1.jpeg,2023/01/WhatsApp-Image-2024-09-12-at-15.21.47-1.jpeg,https://sarveda.com/wp-content/uploads/2023/01/WhatsApp-Image-2024-09-12-at-15.21.47-1.jpeg
43802,https://sarveda.com/wp-content/uploads/2023/01/WhatsApp-Image-2024-09-12-at-15.21.47.jpeg,2023/01/WhatsApp-Image-2024-09-12-at-15.21.47.jpeg,https://sarveda.com/wp-content/uploads/2023/01/WhatsApp-Image-2024-09-12-at-15.21.47.jpeg
43992,https://sarveda.com/wp-content/uploads/2024/10/WhatsApp-Image-2024-10-17-at-2.06.43-PM.jpeg,2024/10/WhatsApp-Image-2024-10-17-at-2.06.43-PM-scaled.jpeg,https://sarveda.com/wp-content/uploads/2024/10/WhatsApp-Image-2024-10-17-at-2.06.43-PM-scaled.jpeg
43993,https://sarveda.com/wp-content/uploads/2024/10/WhatsApp-Image-2024-10-18-at-3.25.46-PM.jpeg,2024/10/WhatsApp-Image-2024-10-18-at-3.25.46-PM.jpeg,https://sarveda.com/wp-content/uploads/2024/10/WhatsApp-Image-2024-10-18-at-3.25.46-PM.jpeg
44040,https://sarveda.com/wp-content/uploads/2024/10/WhatsApp-Image-2024-10-28-at-1.21.18-PM-1.jpeg,2024/10/WhatsApp-Image-2024-10-28-at-1.21.18-PM-1.jpeg,https://sarveda.com/wp-content/uploads/2024/10/WhatsApp-Image-2024-10-28-at-1.21.18-PM-1.jpeg
44079,https://sarveda.com/wp-content/uploads/2024/11/Aparna.png,2024/11/Aparna.png,https://sarveda.com/wp-content/uploads/2024/11/Aparna.png
44087,https://sarveda.com/wp-content/uploads/2024/11/WhatsApp-Unknown-2024-11-05-at-12.34.15-PM.zip,2024/11/WhatsApp-Unknown-2024-11-05-at-12.34.15-PM.zip,https://sarveda.com/wp-content/uploads/2024/11/WhatsApp-Unknown-2024-11-05-at-12.34.15-PM.zip
44088,https://sarveda.com/wp-content/uploads/2024/11/WhatsApp-Image-2024-11-05-at-12.29.52-PM.jpeg,2024/11/WhatsApp-Image-2024-11-05-at-12.29.52-PM.jpeg,https://sarveda.com/wp-content/uploads/2024/11/WhatsApp-Image-2024-11-05-at-12.29.52-PM.jpeg
44089,https://sarveda.com/wp-content/uploads/2024/11/WhatsApp-Image-2024-11-05-at-12.29.52-PM-1.jpeg,2024/11/WhatsApp-Image-2024-11-05-at-12.29.52-PM-1.jpeg,https://sarveda.com/wp-content/uploads/2024/11/WhatsApp-Image-2024-11-05-at-12.29.52-PM-1.jpeg
44094,https://sarveda.com/wp-content/uploads/2022/07/il_794xN.4508842065_q38v.webp,2022/07/il_794xN.4508842065_q38v.webp,https://sarveda.com/wp-content/uploads/2022/07/il_794xN.4508842065_q38v.webp
44095,https://sarveda.com/wp-content/uploads/2022/07/il_794xN.4100602335_llkk.webp,2022/07/il_794xN.4100602335_llkk.webp,https://sarveda.com/wp-content/uploads/2022/07/il_794xN.4100602335_llkk.webp
44101,https://sarveda.com/wp-content/uploads/2022/11/il_794xN.4005116010_czi8.webp,2022/11/il_794xN.4005116010_czi8.webp,https://sarveda.com/wp-content/uploads/2022/11/il_794xN.4005116010_czi8.webp
44102,https://sarveda.com/wp-content/uploads/2022/11/il_794xN.3997058046_cvt5.webp,2022/11/il_794xN.3997058046_cvt5.webp,https://sarveda.com/wp-content/uploads/2022/11/il_794xN.3997058046_cvt5.webp
44103,https://sarveda.com/wp-content/uploads/2022/11/il_794xN.3997058292_kiv0.webp,2022/11/il_794xN.3997058292_kiv0.webp,https://sarveda.com/wp-content/uploads/2022/11/il_794xN.3997058292_kiv0.webp
44104,https://sarveda.com/wp-content/uploads/2022/11/il_794xN.4044707285_2s6j.webp,2022/11/il_794xN.4044707285_2s6j.webp,https://sarveda.com/wp-content/uploads/2022/11/il_794xN.4044707285_2s6j.webp
44130,https://sarveda.com/wp-content/uploads/2023/08/Bamboo-Castanet_5.jpg,2023/08/Bamboo-Castanet_5.jpg,https://sarveda.com/wp-content/uploads/2023/08/Bamboo-Castanet_5.jpg
44131,https://sarveda.com/wp-content/uploads/2023/08/Bamboo-Castanet_4.jpg,2023/08/Bamboo-Castanet_4.jpg,https://sarveda.com/wp-content/uploads/2023/08/Bamboo-Castanet_4.jpg
44132,https://sarveda.com/wp-content/uploads/2023/08/Bamboo-Castanet_3.jpg,2023/08/Bamboo-Castanet_3.jpg,https://sarveda.com/wp-content/uploads/2023/08/Bamboo-Castanet_3.jpg
44133,https://sarveda.com/wp-content/uploads/2023/08/Bamboo-Castanet_2.jpg,2023/08/Bamboo-Castanet_2.jpg,https://sarveda.com/wp-content/uploads/2023/08/Bamboo-Castanet_2.jpg
44134,https://sarveda.com/wp-content/uploads/2023/08/Bamboo-Castanet_1.jpg,2023/08/Bamboo-Castanet_1.jpg,https://sarveda.com/wp-content/uploads/2023/08/Bamboo-Castanet_1.jpg
44144,https://sarveda.com/wp-content/uploads/2024/01/Gong-Plain_2.jpg,2024/01/Gong-Plain_2.jpg,https://sarveda.com/wp-content/uploads/2024/01/Gong-Plain_2.jpg
44145,https://sarveda.com/wp-content/uploads/2024/01/Gong-Plain_1.jpg,2024/01/Gong-Plain_1.jpg,https://sarveda.com/wp-content/uploads/2024/01/Gong-Plain_1.jpg
44146,https://sarveda.com/wp-content/uploads/2024/01/Gong-Plain_4.jpg,2024/01/Gong-Plain_4.jpg,https://sarveda.com/wp-content/uploads/2024/01/Gong-Plain_4.jpg
44147,https://sarveda.com/wp-content/uploads/2024/01/Gong-Plain_3.jpg,2024/01/Gong-Plain_3.jpg,https://sarveda.com/wp-content/uploads/2024/01/Gong-Plain_3.jpg
44149,https://sarveda.com/wp-content/uploads/2024/11/1000×1000.jpg,2024/11/1000×1000.jpg,https://sarveda.com/wp-content/uploads/2024/11/1000×1000.jpg
44150,https://sarveda.com/wp-content/uploads/2024/11/Arjun340x340.png,2024/11/Arjun340x340.png,https://sarveda.com/wp-content/uploads/2024/11/Arjun340x340.png
44151,https://sarveda.com/wp-content/uploads/2024/11/Vivek-340x340-1.png,2024/11/Vivek-340x340-1.png,https://sarveda.com/wp-content/uploads/2024/11/Vivek-340x340-1.png
44165,https://sarveda.com/wp-content/uploads/2023/02/gold-white.jpg,2023/02/gold-white.jpg,https://sarveda.com/wp-content/uploads/2023/02/gold-white.jpg
44168,https://sarveda.com/wp-content/uploads/2023/02/black-white.jpg,2023/02/black-white.jpg,https://sarveda.com/wp-content/uploads/2023/02/black-white.jpg
44169,https://sarveda.com/wp-content/uploads/2023/02/bowl-cushion-2.jpg,2023/02/bowl-cushion-2.jpg,https://sarveda.com/wp-content/uploads/2023/02/bowl-cushion-2.jpg
44170,https://sarveda.com/wp-content/uploads/2023/02/Cushion_6.jpg,2023/02/Cushion_6.jpg,https://sarveda.com/wp-content/uploads/2023/02/Cushion_6.jpg
44171,https://sarveda.com/wp-content/uploads/2023/02/Cushion_13.jpg,2023/02/Cushion_13.jpg,https://sarveda.com/wp-content/uploads/2023/02/Cushion_13.jpg
44220,https://sarveda.com/wp-content/uploads/2024/11/Snapinsta.app_275639186_686195832526561_6092707800615141726_n_1080.jpg,2024/11/Snapinsta.app_275639186_686195832526561_6092707800615141726_n_1080-e1732093736587.jpg,https://sarveda.com/wp-content/uploads/2024/11/Snapinsta.app_275639186_686195832526561_6092707800615141726_n_1080-e1732093736587.jpg
44221,https://sarveda.com/wp-content/uploads/2024/11/Arjin-340x340-1.jpeg,2024/11/Arjin-340x340-1.jpeg,https://sarveda.com/wp-content/uploads/2024/11/Arjin-340x340-1.jpeg
44228,https://sarveda.com/wp-content/uploads/2024/11/1000-x-1000-22.jpg,2024/11/1000-x-1000-22.jpg,https://sarveda.com/wp-content/uploads/2024/11/1000-x-1000-22.jpg
44229,https://sarveda.com/wp-content/uploads/2024/11/Untitled-2.png,2024/11/Untitled-2.png,https://sarveda.com/wp-content/uploads/2024/11/Untitled-2.png
44232,https://sarveda.com/wp-content/uploads/2024/11/1000-x-1000-last.jpg,2024/11/1000-x-1000-last.jpg,https://sarveda.com/wp-content/uploads/2024/11/1000-x-1000-last.jpg
44234,https://sarveda.com/wp-content/uploads/2024/11/1000-x-1000-new.jpg,2024/11/1000-x-1000-new.jpg,https://sarveda.com/wp-content/uploads/2024/11/1000-x-1000-new.jpg
44243,https://sarveda.com/wp-content/uploads/2024/11/kamachi-sarveda-poster-last.jpg,2024/11/kamachi-sarveda-poster-last.jpg,https://sarveda.com/wp-content/uploads/2024/11/kamachi-sarveda-poster-last.jpg
44246,https://sarveda.com/wp-content/uploads/2024/11/Untitled-2-1.png,2024/11/Untitled-2-1.png,https://sarveda.com/wp-content/uploads/2024/11/Untitled-2-1.png
44265,https://sarveda.com/wp-content/uploads/2024/11/WhatsApp-Image-2024-11-26-at-14.07.45-1.jpeg,2024/11/WhatsApp-Image-2024-11-26-at-14.07.45-1.jpeg,https://sarveda.com/wp-content/uploads/2024/11/WhatsApp-Image-2024-11-26-at-14.07.45-1.jpeg
44279,https://sarveda.com/wp-content/uploads/2024/11/WhatsApp-Image-2024-11-27-at-18.07.39.jpeg,2024/11/WhatsApp-Image-2024-11-27-at-18.07.39-scaled-e1768454386142.jpeg,https://sarveda.com/wp-content/uploads/2024/11/WhatsApp-Image-2024-11-27-at-18.07.39-scaled-e1768454386142.jpeg
44280,https://sarveda.com/wp-content/uploads/2024/11/WhatsApp-Image-2024-11-15-at-14.00.37.jpeg,2024/11/WhatsApp-Image-2024-11-15-at-14.00.37-e1733904254297.jpeg,https://sarveda.com/wp-content/uploads/2024/11/WhatsApp-Image-2024-11-15-at-14.00.37-e1733904254297.jpeg
44281,https://sarveda.com/wp-content/uploads/2024/11/42.jpg,2024/11/42.jpg,https://sarveda.com/wp-content/uploads/2024/11/42.jpg
44287,https://sarveda.com/wp-content/uploads/2024/11/main11.png,2024/11/main11.png,https://sarveda.com/wp-content/uploads/2024/11/main11.png
44290,https://sarveda.com/wp-content/uploads/2024/11/slide-555.jpg,2024/11/slide-555.jpg,https://sarveda.com/wp-content/uploads/2024/11/slide-555.jpg
44293,https://sarveda.com/wp-content/uploads/2024/11/pause-555-1000-x-1000.jpg,2024/11/pause-555-1000-x-1000.jpg,https://sarveda.com/wp-content/uploads/2024/11/pause-555-1000-x-1000.jpg
44345,https://sarveda.com/wp-content/uploads/2024/12/Copy-of-Lingam-Bowl_3.png,2024/12/Copy-of-Lingam-Bowl_3.png,https://sarveda.com/wp-content/uploads/2024/12/Copy-of-Lingam-Bowl_3.png
44346,https://sarveda.com/wp-content/uploads/2024/12/mallet.png,2024/12/mallet.png,https://sarveda.com/wp-content/uploads/2024/12/mallet.png
44347,https://sarveda.com/wp-content/uploads/2024/12/outside-3-v.png,2024/12/outside-3-v.png,https://sarveda.com/wp-content/uploads/2024/12/outside-3-v.png
44348,https://sarveda.com/wp-content/uploads/2024/12/inside-2.png,2024/12/inside-2.png,https://sarveda.com/wp-content/uploads/2024/12/inside-2.png
44351,https://sarveda.com/wp-content/uploads/2024/12/on-body.png,2024/12/on-body.png,https://sarveda.com/wp-content/uploads/2024/12/on-body.png
44352,https://sarveda.com/wp-content/uploads/2024/12/Sarveda-Human-playing-Singing-Bowl-2.png,2024/12/Sarveda-Human-playing-Singing-Bowl-2.png,https://sarveda.com/wp-content/uploads/2024/12/Sarveda-Human-playing-Singing-Bowl-2.png
44353,https://sarveda.com/wp-content/uploads/2024/12/Sarveda-Singing-Bowl-Cushion-2.png,2024/12/Sarveda-Singing-Bowl-Cushion-2.png,https://sarveda.com/wp-content/uploads/2024/12/Sarveda-Singing-Bowl-Cushion-2.png
44354,https://sarveda.com/wp-content/uploads/2024/12/Sarveda-Singing-Bowl-Mallets-2.png,2024/12/Sarveda-Singing-Bowl-Mallets-2.png,https://sarveda.com/wp-content/uploads/2024/12/Sarveda-Singing-Bowl-Mallets-2.png
44355,https://sarveda.com/wp-content/uploads/2024/12/Sarveda-Human-playing-Singing-Bowl-2jpg.jpg,2024/12/Sarveda-Human-playing-Singing-Bowl-2jpg.jpg,https://sarveda.com/wp-content/uploads/2024/12/Sarveda-Human-playing-Singing-Bowl-2jpg.jpg
44356,https://sarveda.com/wp-content/uploads/2024/12/Sarveda-Singing-Bowl-Cushion-2jpg.jpg,2024/12/Sarveda-Singing-Bowl-Cushion-2jpg.jpg,https://sarveda.com/wp-content/uploads/2024/12/Sarveda-Singing-Bowl-Cushion-2jpg.jpg
44357,https://sarveda.com/wp-content/uploads/2024/12/Sarveda-Singing-Bowl-Mallets-2jpg.jpg,2024/12/Sarveda-Singing-Bowl-Mallets-2jpg.jpg,https://sarveda.com/wp-content/uploads/2024/12/Sarveda-Singing-Bowl-Mallets-2jpg.jpg
44358,https://sarveda.com/wp-content/uploads/2024/12/outside-3-v-1.png,2024/12/outside-3-v-1-e1733982970620.png,https://sarveda.com/wp-content/uploads/2024/12/outside-3-v-1-e1733982970620.png
44359,https://sarveda.com/wp-content/uploads/2024/12/Sarveda-Singing-Bowl-on-Body-jpg.jpg,2024/12/Sarveda-Singing-Bowl-on-Body-jpg.jpg,https://sarveda.com/wp-content/uploads/2024/12/Sarveda-Singing-Bowl-on-Body-jpg.jpg
44362,https://sarveda.com/wp-content/uploads/2024/12/inside-4.png,2024/12/inside-4.png,https://sarveda.com/wp-content/uploads/2024/12/inside-4.png
44363,https://sarveda.com/wp-content/uploads/2024/12/bowl-in-hand-wo-text-2.png,2024/12/bowl-in-hand-wo-text-2.png,https://sarveda.com/wp-content/uploads/2024/12/bowl-in-hand-wo-text-2.png
44371,https://sarveda.com/wp-content/uploads/2024/12/Sarveda-Singing-Bowl-Cushion-3-jpg.jpg,2024/12/Sarveda-Singing-Bowl-Cushion-3-jpg-e1733907059732.jpg,https://sarveda.com/wp-content/uploads/2024/12/Sarveda-Singing-Bowl-Cushion-3-jpg-e1733907059732.jpg
44372,https://sarveda.com/wp-content/uploads/2024/12/Sarveda-Singing-Bowl-Mallets-3-jpg.jpg,2024/12/Sarveda-Singing-Bowl-Mallets-3-jpg.jpg,https://sarveda.com/wp-content/uploads/2024/12/Sarveda-Singing-Bowl-Mallets-3-jpg.jpg
44373,https://sarveda.com/wp-content/uploads/2024/12/Sarveda-Singing-Bowl-on-Body-3-jpg.jpg,2024/12/Sarveda-Singing-Bowl-on-Body-3-jpg.jpg,https://sarveda.com/wp-content/uploads/2024/12/Sarveda-Singing-Bowl-on-Body-3-jpg.jpg
44380,https://sarveda.com/wp-content/uploads/2024/12/Sarveda-Human-playing-Singing-Bowl-3-Thumb.jpg,2024/12/Sarveda-Human-playing-Singing-Bowl-3-Thumb.jpg,https://sarveda.com/wp-content/uploads/2024/12/Sarveda-Human-playing-Singing-Bowl-3-Thumb.jpg
44388,https://sarveda.com/wp-content/uploads/2024/12/Untitled-16.png,2024/12/Untitled-16.png,https://sarveda.com/wp-content/uploads/2024/12/Untitled-16.png
44391,https://sarveda.com/wp-content/uploads/2023/10/Hanpan-D-Kurd-10-1.png,2023/10/Hanpan-D-Kurd-10-1.png,https://sarveda.com/wp-content/uploads/2023/10/Hanpan-D-Kurd-10-1.png
44392,https://sarveda.com/wp-content/uploads/2023/11/usb-3-1.png,2023/11/usb-3-1.png,https://sarveda.com/wp-content/uploads/2023/11/usb-3-1.png
44393,https://sarveda.com/wp-content/uploads/2022/11/Eye-Shaker-2.png,2022/11/Eye-Shaker-2.png,https://sarveda.com/wp-content/uploads/2022/11/Eye-Shaker-2.png
44394,https://sarveda.com/wp-content/uploads/2024/05/Handmade-Etched-Sacred-Geometry-1-1.png,2024/05/Handmade-Etched-Sacred-Geometry-1-1.png,https://sarveda.com/wp-content/uploads/2024/05/Handmade-Etched-Sacred-Geometry-1-1.png
44395,https://sarveda.com/wp-content/uploads/2024/05/Handmade-Etched-Flower-of-Life-2-1.png,2024/05/Handmade-Etched-Flower-of-Life-2-1.png,https://sarveda.com/wp-content/uploads/2024/05/Handmade-Etched-Flower-of-Life-2-1.png
44396,https://sarveda.com/wp-content/uploads/2024/05/Handmade-Etched-Buddha-1-2.png,2024/05/Handmade-Etched-Buddha-1-2.png,https://sarveda.com/wp-content/uploads/2024/05/Handmade-Etched-Buddha-1-2.png
44411,https://sarveda.com/wp-content/uploads/2024/05/Handmade-Etched-Tara-1-1.png,2024/05/Handmade-Etched-Tara-1-1.png,https://sarveda.com/wp-content/uploads/2024/05/Handmade-Etched-Tara-1-1.png
44412,https://sarveda.com/wp-content/uploads/2024/05/Handmade-Etched-Om-1-1.png,2024/05/Handmade-Etched-Om-1-1.png,https://sarveda.com/wp-content/uploads/2024/05/Handmade-Etched-Om-1-1.png
44413,https://sarveda.com/wp-content/uploads/2024/05/Handmade-Etched-Golden-Feet-1-1.png,2024/05/Handmade-Etched-Golden-Feet-1-1.png,https://sarveda.com/wp-content/uploads/2024/05/Handmade-Etched-Golden-Feet-1-1.png
44414,https://sarveda.com/wp-content/uploads/2024/05/Handmade-Etched-Flower-of-Life-1-1.png,2024/05/Handmade-Etched-Flower-of-Life-1-1.png,https://sarveda.com/wp-content/uploads/2024/05/Handmade-Etched-Flower-of-Life-1-1.png
44415,https://sarveda.com/wp-content/uploads/2024/05/Handmade-Etched-Dorje-1-1.png,2024/05/Handmade-Etched-Dorje-1-1.png,https://sarveda.com/wp-content/uploads/2024/05/Handmade-Etched-Dorje-1-1.png
44416,https://sarveda.com/wp-content/uploads/2024/05/Handmade-Etched-Chakras-1-1.png,2024/05/Handmade-Etched-Chakras-1-1.png,https://sarveda.com/wp-content/uploads/2024/05/Handmade-Etched-Chakras-1-1.png
44417,https://sarveda.com/wp-content/uploads/2024/05/Handmade-Etched-Buddhas-Eyes-1-1.png,2024/05/Handmade-Etched-Buddhas-Eyes-1-1.png,https://sarveda.com/wp-content/uploads/2024/05/Handmade-Etched-Buddhas-Eyes-1-1.png
44418,https://sarveda.com/wp-content/uploads/2024/05/Handmade-Etched-Buddha-1-3.png,2024/05/Handmade-Etched-Buddha-1-3.png,https://sarveda.com/wp-content/uploads/2024/05/Handmade-Etched-Buddha-1-3.png
44419,https://sarveda.com/wp-content/uploads/2024/05/Handmade-Etched-Tara-2-1.png,2024/05/Handmade-Etched-Tara-2-1.png,https://sarveda.com/wp-content/uploads/2024/05/Handmade-Etched-Tara-2-1.png
44420,https://sarveda.com/wp-content/uploads/2024/05/Handmade-Etched-Om-2-1.png,2024/05/Handmade-Etched-Om-2-1.png,https://sarveda.com/wp-content/uploads/2024/05/Handmade-Etched-Om-2-1.png
44421,https://sarveda.com/wp-content/uploads/2024/05/Handmade-Etched-Golden-Feet-2-1.png,2024/05/Handmade-Etched-Golden-Feet-2-1.png,https://sarveda.com/wp-content/uploads/2024/05/Handmade-Etched-Golden-Feet-2-1.png
44422,https://sarveda.com/wp-content/uploads/2024/05/Handmade-Etched-Dorje-2-1.png,2024/05/Handmade-Etched-Dorje-2-1.png,https://sarveda.com/wp-content/uploads/2024/05/Handmade-Etched-Dorje-2-1.png
44423,https://sarveda.com/wp-content/uploads/2024/05/Handmade-Etched-Chakras-2-1.png,2024/05/Handmade-Etched-Chakras-2-1.png,https://sarveda.com/wp-content/uploads/2024/05/Handmade-Etched-Chakras-2-1.png
44424,https://sarveda.com/wp-content/uploads/2024/05/Handmade-Etched-Buddhas-Eyes-2-1.png,2024/05/Handmade-Etched-Buddhas-Eyes-2-1.png,https://sarveda.com/wp-content/uploads/2024/05/Handmade-Etched-Buddhas-Eyes-2-1.png
44425,https://sarveda.com/wp-content/uploads/2024/05/Handmade-Etched-Buddha-2-1.png,2024/05/Handmade-Etched-Buddha-2-1.png,https://sarveda.com/wp-content/uploads/2024/05/Handmade-Etched-Buddha-2-1.png
44426,https://sarveda.com/wp-content/uploads/2024/05/Handmade-Etched-1.png,2024/05/Handmade-Etched-1.png,https://sarveda.com/wp-content/uploads/2024/05/Handmade-Etched-1.png
44427,https://sarveda.com/wp-content/uploads/2024/05/Handmade-Etched-All_-1.png,2024/05/Handmade-Etched-All_-1.png,https://sarveda.com/wp-content/uploads/2024/05/Handmade-Etched-All_-1.png
44460,https://sarveda.com/wp-content/uploads/2023/02/Hand-Hammered_4.png,2023/02/Hand-Hammered_4.png,https://sarveda.com/wp-content/uploads/2023/02/Hand-Hammered_4.png
44461,https://sarveda.com/wp-content/uploads/2023/02/Hand-Hammered_6.png,2023/02/Hand-Hammered_6.png,https://sarveda.com/wp-content/uploads/2023/02/Hand-Hammered_6.png
44514,https://sarveda.com/wp-content/uploads/2025/01/copper-handle.png,2025/01/copper-handle.png,https://sarveda.com/wp-content/uploads/2025/01/copper-handle.png
44515,https://sarveda.com/wp-content/uploads/2025/01/Chakra-with-handle.png,2025/01/Chakra-with-handle.png,https://sarveda.com/wp-content/uploads/2025/01/Chakra-with-handle.png
44516,https://sarveda.com/wp-content/uploads/2025/01/copper-handle-with-brush.jpg,2025/01/copper-handle-with-brush-scaled.jpg,https://sarveda.com/wp-content/uploads/2025/01/copper-handle-with-brush-scaled.jpg
44517,https://sarveda.com/wp-content/uploads/2025/01/Chakra-with-handle-with-brush.jpg,2025/01/Chakra-with-handle-with-brush-scaled.jpg,https://sarveda.com/wp-content/uploads/2025/01/Chakra-with-handle-with-brush-scaled.jpg
44522,https://sarveda.com/wp-content/uploads/2023/10/Handpan_3.jpg,2023/10/Handpan_3.jpg,https://sarveda.com/wp-content/uploads/2023/10/Handpan_3.jpg
44523,https://sarveda.com/wp-content/uploads/2023/10/IMG0810-1.jpg,2023/10/IMG0810-1-scaled.jpg,https://sarveda.com/wp-content/uploads/2023/10/IMG0810-1-scaled.jpg
44582,https://sarveda.com/wp-content/uploads/2023/08/WhatsApp-Image-2025-01-16-at-16.13.18.jpeg,2023/08/WhatsApp-Image-2025-01-16-at-16.13.18.jpeg,https://sarveda.com/wp-content/uploads/2023/08/WhatsApp-Image-2025-01-16-at-16.13.18.jpeg
44583,https://sarveda.com/wp-content/uploads/2023/08/WhatsApp-Image-2025-01-16-at-17.02.02.jpeg,2023/08/WhatsApp-Image-2025-01-16-at-17.02.02.jpeg,https://sarveda.com/wp-content/uploads/2023/08/WhatsApp-Image-2025-01-16-at-17.02.02.jpeg
44587,https://sarveda.com/wp-content/uploads/2023/08/WhatsApp-Image-2025-01-16-at-16.19.51.jpeg,2023/08/WhatsApp-Image-2025-01-16-at-16.19.51.jpeg,https://sarveda.com/wp-content/uploads/2023/08/WhatsApp-Image-2025-01-16-at-16.19.51.jpeg
44600,https://sarveda.com/wp-content/uploads/2025/01/Sarveda-Engraved-etched-Bowl.png,2025/01/Sarveda-Engraved-etched-Bowl.png,https://sarveda.com/wp-content/uploads/2025/01/Sarveda-Engraved-etched-Bowl.png
44601,https://sarveda.com/wp-content/uploads/2025/01/Sarveda-Manufacturing-Tibetan-Bowls.jpeg,2025/01/Sarveda-Manufacturing-Tibetan-Bowls.jpeg,https://sarveda.com/wp-content/uploads/2025/01/Sarveda-Manufacturing-Tibetan-Bowls.jpeg
44604,https://sarveda.com/wp-content/uploads/2025/01/Sarveda-Sound-Healing-Tibetan-Bowls.jpeg,2025/01/Sarveda-Sound-Healing-Tibetan-Bowls.jpeg,https://sarveda.com/wp-content/uploads/2025/01/Sarveda-Sound-Healing-Tibetan-Bowls.jpeg
44606,https://sarveda.com/wp-content/uploads/2025/01/Sarveda-Tibetan-Singing-Bowls.jpeg,2025/01/Sarveda-Tibetan-Singing-Bowls.jpeg,https://sarveda.com/wp-content/uploads/2025/01/Sarveda-Tibetan-Singing-Bowls.jpeg
44610,https://sarveda.com/wp-content/uploads/2025/01/Sarveda-Set-of-Tibetan-Singing-Bowls-1.jpeg,2025/01/Sarveda-Set-of-Tibetan-Singing-Bowls-1.jpeg,https://sarveda.com/wp-content/uploads/2025/01/Sarveda-Set-of-Tibetan-Singing-Bowls-1.jpeg
44615,https://sarveda.com/wp-content/uploads/2025/01/WhatsApp-Image-2025-01-16-at-17.32.36.jpeg,2025/01/WhatsApp-Image-2025-01-16-at-17.32.36.jpeg,https://sarveda.com/wp-content/uploads/2025/01/WhatsApp-Image-2025-01-16-at-17.32.36.jpeg
44628,https://sarveda.com/wp-content/uploads/2025/01/WhatsApp-Image-2025-01-16-at-17.39.52-1.jpeg,2025/01/WhatsApp-Image-2025-01-16-at-17.39.52-1.jpeg,https://sarveda.com/wp-content/uploads/2025/01/WhatsApp-Image-2025-01-16-at-17.39.52-1.jpeg
44629,https://sarveda.com/wp-content/uploads/2023/02/WhatsApp-Image-2025-01-16-at-17.39.52.jpeg,2023/02/WhatsApp-Image-2025-01-16-at-17.39.52.jpeg,https://sarveda.com/wp-content/uploads/2023/02/WhatsApp-Image-2025-01-16-at-17.39.52.jpeg
44634,https://sarveda.com/wp-content/uploads/2025/01/WhatsApp-Image-2025-01-16-at-17.12.22.jpeg,2025/01/WhatsApp-Image-2025-01-16-at-17.12.22.jpeg,https://sarveda.com/wp-content/uploads/2025/01/WhatsApp-Image-2025-01-16-at-17.12.22.jpeg
44635,https://sarveda.com/wp-content/uploads/2023/08/WhatsApp-Image-2025-01-16-at-17.12.22-1.jpeg,2023/08/WhatsApp-Image-2025-01-16-at-17.12.22-1.jpeg,https://sarveda.com/wp-content/uploads/2023/08/WhatsApp-Image-2025-01-16-at-17.12.22-1.jpeg
44636,https://sarveda.com/wp-content/uploads/2023/08/WhatsApp-Image-2025-01-16-at-17.12.23.jpeg,2023/08/WhatsApp-Image-2025-01-16-at-17.12.23.jpeg,https://sarveda.com/wp-content/uploads/2023/08/WhatsApp-Image-2025-01-16-at-17.12.23.jpeg
44654,https://sarveda.com/wp-content/uploads/2025/01/flower-of-life-ocean-drum.jpg,2025/01/flower-of-life-ocean-drum.jpg,https://sarveda.com/wp-content/uploads/2025/01/flower-of-life-ocean-drum.jpg
44657,https://sarveda.com/wp-content/uploads/2024/05/Dream-Catcher.jpg,2024/05/Dream-Catcher.jpg,https://sarveda.com/wp-content/uploads/2024/05/Dream-Catcher.jpg
44658,https://sarveda.com/wp-content/uploads/2024/05/WhatsApp-Image-2025-01-16-at-16.57.52.jpeg,2024/05/WhatsApp-Image-2025-01-16-at-16.57.52.jpeg,https://sarveda.com/wp-content/uploads/2024/05/WhatsApp-Image-2025-01-16-at-16.57.52.jpeg
44689,https://sarveda.com/wp-content/uploads/2022/08/WhatsApp-Image-2025-01-30-at-18.39.50.jpeg,2022/08/WhatsApp-Image-2025-01-30-at-18.39.50.jpeg,https://sarveda.com/wp-content/uploads/2022/08/WhatsApp-Image-2025-01-30-at-18.39.50.jpeg
44728,https://sarveda.com/wp-content/uploads/2025/02/WhatsApp-Image-2025-02-03-at-13.11.50.jpeg,2025/02/WhatsApp-Image-2025-02-03-at-13.11.50.jpeg,https://sarveda.com/wp-content/uploads/2025/02/WhatsApp-Image-2025-02-03-at-13.11.50.jpeg
44729,https://sarveda.com/wp-content/uploads/2025/02/WhatsApp-Image-2025-02-03-at-12.49.57.jpeg,2025/02/WhatsApp-Image-2025-02-03-at-12.49.57-scaled-e1776760527304.jpeg,https://sarveda.com/wp-content/uploads/2025/02/WhatsApp-Image-2025-02-03-at-12.49.57-scaled-e1776760527304.jpeg
44730,https://sarveda.com/wp-content/uploads/2025/02/WhatsApp-Image-2025-02-03-at-13.10.47.jpeg,2025/02/WhatsApp-Image-2025-02-03-at-13.10.47-scaled-e1738572837673.jpeg,https://sarveda.com/wp-content/uploads/2025/02/WhatsApp-Image-2025-02-03-at-13.10.47-scaled-e1738572837673.jpeg
44742,https://sarveda.com/wp-content/uploads/2025/02/satvika.jpg,2025/02/satvika.jpg,https://sarveda.com/wp-content/uploads/2025/02/satvika.jpg
44743,https://sarveda.com/wp-content/uploads/2025/02/Saatvika.jpg,2025/02/Saatvika.jpg,https://sarveda.com/wp-content/uploads/2025/02/Saatvika.jpg
44771,https://sarveda.com/wp-content/uploads/2025/02/1080-x-1350-copy-1.jpg,2025/02/1080-x-1350-copy-1.jpg,https://sarveda.com/wp-content/uploads/2025/02/1080-x-1350-copy-1.jpg
44804,https://sarveda.com/wp-content/uploads/2025/02/WhatsApp-Image-2025-02-17-at-12.29.10.jpeg,2025/02/WhatsApp-Image-2025-02-17-at-12.29.10.jpeg,https://sarveda.com/wp-content/uploads/2025/02/WhatsApp-Image-2025-02-17-at-12.29.10.jpeg
44813,https://sarveda.com/wp-content/uploads/2025/02/WhatsApp-Image-2025-02-18-at-08.55.05.jpeg,2025/02/WhatsApp-Image-2025-02-18-at-08.55.05.jpeg,https://sarveda.com/wp-content/uploads/2025/02/WhatsApp-Image-2025-02-18-at-08.55.05.jpeg
44814,https://sarveda.com/wp-content/uploads/2025/02/IMG_8645.jpg-768x1024-1.jpg,2025/02/IMG_8645.jpg-768x1024-1.jpg,https://sarveda.com/wp-content/uploads/2025/02/IMG_8645.jpg-768x1024-1.jpg
44816,https://sarveda.com/wp-content/uploads/2025/02/WhatsApp-Image-2025-02-18-at-14.05.32.jpeg,2025/02/WhatsApp-Image-2025-02-18-at-14.05.32.jpeg,https://sarveda.com/wp-content/uploads/2025/02/WhatsApp-Image-2025-02-18-at-14.05.32.jpeg
44841,https://sarveda.com/wp-content/uploads/2024/05/Copy-of-1.png,2024/05/Copy-of-1.png,https://sarveda.com/wp-content/uploads/2024/05/Copy-of-1.png
44842,https://sarveda.com/wp-content/uploads/2024/05/Copy-of-Copy-of-FOL-Symbol_3.png,2024/05/Copy-of-Copy-of-FOL-Symbol_3.png,https://sarveda.com/wp-content/uploads/2024/05/Copy-of-Copy-of-FOL-Symbol_3.png
44843,https://sarveda.com/wp-content/uploads/2024/05/Copy-of-Copy-of-FOL-Symbol_4.png,2024/05/Copy-of-Copy-of-FOL-Symbol_4.png,https://sarveda.com/wp-content/uploads/2024/05/Copy-of-Copy-of-FOL-Symbol_4.png
44844,https://sarveda.com/wp-content/uploads/2024/05/Copy-of-Copy-of-FOL-Symbol_7.png,2024/05/Copy-of-Copy-of-FOL-Symbol_7.png,https://sarveda.com/wp-content/uploads/2024/05/Copy-of-Copy-of-FOL-Symbol_7.png
44845,https://sarveda.com/wp-content/uploads/2024/05/Copy-of-Copy-of-Symbol_1.png,2024/05/Copy-of-Copy-of-Symbol_1.png,https://sarveda.com/wp-content/uploads/2024/05/Copy-of-Copy-of-Symbol_1.png
44846,https://sarveda.com/wp-content/uploads/2024/05/Copy-of-1-1.png,2024/05/Copy-of-1-1.png,https://sarveda.com/wp-content/uploads/2024/05/Copy-of-1-1.png
44847,https://sarveda.com/wp-content/uploads/2024/05/1-2.png,2024/05/1-2.png,https://sarveda.com/wp-content/uploads/2024/05/1-2.png
44848,https://sarveda.com/wp-content/uploads/2024/05/1-1.png,2024/05/1-1.png,https://sarveda.com/wp-content/uploads/2024/05/1-1.png
44883,https://sarveda.com/wp-content/uploads/2025/03/WhatsApp-Image-2025-03-07-at-15.47.07.jpeg,2025/03/WhatsApp-Image-2025-03-07-at-15.47.07.jpeg,https://sarveda.com/wp-content/uploads/2025/03/WhatsApp-Image-2025-03-07-at-15.47.07.jpeg
44884,https://sarveda.com/wp-content/uploads/2025/03/kt-Photoroom-1.png,2025/03/kt-Photoroom-1-e1741351019654.png,https://sarveda.com/wp-content/uploads/2025/03/kt-Photoroom-1-e1741351019654.png
44915,https://sarveda.com/wp-content/uploads/2025/03/Crescent-zen-cushion_8.jpg,2025/03/Crescent-zen-cushion_8.jpg,https://sarveda.com/wp-content/uploads/2025/03/Crescent-zen-cushion_8.jpg
44916,https://sarveda.com/wp-content/uploads/2025/03/Artboard-1-copy-7.jpg,2025/03/Artboard-1-copy-7.jpg,https://sarveda.com/wp-content/uploads/2025/03/Artboard-1-copy-7.jpg
44917,https://sarveda.com/wp-content/uploads/2025/03/Artboard-1-copy-5.jpg,2025/03/Artboard-1-copy-5.jpg,https://sarveda.com/wp-content/uploads/2025/03/Artboard-1-copy-5.jpg
44918,https://sarveda.com/wp-content/uploads/2025/03/Artboard-1-copy-6.jpg,2025/03/Artboard-1-copy-6.jpg,https://sarveda.com/wp-content/uploads/2025/03/Artboard-1-copy-6.jpg
44919,https://sarveda.com/wp-content/uploads/2025/03/Artboard-1-copy-4.jpg,2025/03/Artboard-1-copy-4.jpg,https://sarveda.com/wp-content/uploads/2025/03/Artboard-1-copy-4.jpg
44931,https://sarveda.com/wp-content/uploads/2024/05/Artboard-1-copy.jpg,2024/05/Artboard-1-copy.jpg,https://sarveda.com/wp-content/uploads/2024/05/Artboard-1-copy.jpg
44943,https://sarveda.com/wp-content/uploads/2022/08/Artboard-1-copy-2-1.jpg,2022/08/Artboard-1-copy-2-1.jpg,https://sarveda.com/wp-content/uploads/2022/08/Artboard-1-copy-2-1.jpg
44944,https://sarveda.com/wp-content/uploads/2022/08/Artboard-1-copy-3.jpg,2022/08/Artboard-1-copy-3.jpg,https://sarveda.com/wp-content/uploads/2022/08/Artboard-1-copy-3.jpg
44945,https://sarveda.com/wp-content/uploads/2022/08/Artboard-1-copy-1.jpg,2022/08/Artboard-1-copy-1.jpg,https://sarveda.com/wp-content/uploads/2022/08/Artboard-1-copy-1.jpg
44946,https://sarveda.com/wp-content/uploads/2022/08/Artboard-1.jpg,2022/08/Artboard-1.jpg,https://sarveda.com/wp-content/uploads/2022/08/Artboard-1.jpg
44947,https://sarveda.com/wp-content/uploads/2022/08/Artboard-1-copy-5.jpg,2022/08/Artboard-1-copy-5.jpg,https://sarveda.com/wp-content/uploads/2022/08/Artboard-1-copy-5.jpg
44948,https://sarveda.com/wp-content/uploads/2022/08/Artboard-1-copy-6.jpg,2022/08/Artboard-1-copy-6.jpg,https://sarveda.com/wp-content/uploads/2022/08/Artboard-1-copy-6.jpg
44949,https://sarveda.com/wp-content/uploads/2022/08/Artboard-1-copy-7.jpg,2022/08/Artboard-1-copy-7.jpg,https://sarveda.com/wp-content/uploads/2022/08/Artboard-1-copy-7.jpg
44950,https://sarveda.com/wp-content/uploads/2022/08/Artboard-1-copy-8.jpg,2022/08/Artboard-1-copy-8.jpg,https://sarveda.com/wp-content/uploads/2022/08/Artboard-1-copy-8.jpg
44951,https://sarveda.com/wp-content/uploads/2022/08/Artboard-1-copy-9.jpg,2022/08/Artboard-1-copy-9.jpg,https://sarveda.com/wp-content/uploads/2022/08/Artboard-1-copy-9.jpg
44952,https://sarveda.com/wp-content/uploads/2022/08/Artboard-1-copy-10.jpg,2022/08/Artboard-1-copy-10.jpg,https://sarveda.com/wp-content/uploads/2022/08/Artboard-1-copy-10.jpg
44953,https://sarveda.com/wp-content/uploads/2022/08/Artboard-1-copy-11.jpg,2022/08/Artboard-1-copy-11.jpg,https://sarveda.com/wp-content/uploads/2022/08/Artboard-1-copy-11.jpg
44954,https://sarveda.com/wp-content/uploads/2022/08/Artboard-1-copy-12.jpg,2022/08/Artboard-1-copy-12.jpg,https://sarveda.com/wp-content/uploads/2022/08/Artboard-1-copy-12.jpg
44976,https://sarveda.com/wp-content/uploads/2023/09/7-Chakra-2.jpg,2023/09/7-Chakra-2-scaled.jpg,https://sarveda.com/wp-content/uploads/2023/09/7-Chakra-2-scaled.jpg
44977,https://sarveda.com/wp-content/uploads/2023/09/7-Chakras-3.jpg,2023/09/7-Chakras-3-scaled.jpg,https://sarveda.com/wp-content/uploads/2023/09/7-Chakras-3-scaled.jpg
44978,https://sarveda.com/wp-content/uploads/2023/09/7ChakraSet.jpg,2023/09/7ChakraSet-scaled.jpg,https://sarveda.com/wp-content/uploads/2023/09/7ChakraSet-scaled.jpg
44979,https://sarveda.com/wp-content/uploads/2023/09/IMG0677.jpg,2023/09/IMG0677-scaled.jpg,https://sarveda.com/wp-content/uploads/2023/09/IMG0677-scaled.jpg
44980,https://sarveda.com/wp-content/uploads/2023/09/IMG0652.jpg,2023/09/IMG0652-scaled.jpg,https://sarveda.com/wp-content/uploads/2023/09/IMG0652-scaled.jpg
44981,https://sarveda.com/wp-content/uploads/2023/09/IMG0672.jpg,2023/09/IMG0672-scaled.jpg,https://sarveda.com/wp-content/uploads/2023/09/IMG0672-scaled.jpg
44982,https://sarveda.com/wp-content/uploads/2023/09/IMG0659.jpg,2023/09/IMG0659-scaled.jpg,https://sarveda.com/wp-content/uploads/2023/09/IMG0659-scaled.jpg
44986,https://sarveda.com/wp-content/uploads/2023/09/Octive-4-7-chakra.mp3,2023/09/Octive-4-7-chakra.mp3,https://sarveda.com/wp-content/uploads/2023/09/Octive-4-7-chakra.mp3
44990,https://sarveda.com/wp-content/uploads/2024/08/crystal-bowl.jpg,2024/08/crystal-bowl.jpg,https://sarveda.com/wp-content/uploads/2024/08/crystal-bowl.jpg
44991,https://sarveda.com/wp-content/uploads/2024/08/Artboard-1-copy-2.jpg,2024/08/Artboard-1-copy-2.jpg,https://sarveda.com/wp-content/uploads/2024/08/Artboard-1-copy-2.jpg
44992,https://sarveda.com/wp-content/uploads/2024/08/Artboard-1-copy-12-1.jpg,2024/08/Artboard-1-copy-12-1.jpg,https://sarveda.com/wp-content/uploads/2024/08/Artboard-1-copy-12-1.jpg
44993,https://sarveda.com/wp-content/uploads/2024/08/Artboard-1-copy-10-1.jpg,2024/08/Artboard-1-copy-10-1.jpg,https://sarveda.com/wp-content/uploads/2024/08/Artboard-1-copy-10-1.jpg
44994,https://sarveda.com/wp-content/uploads/2024/08/Artboard-1-copy-8-1.jpg,2024/08/Artboard-1-copy-8-1.jpg,https://sarveda.com/wp-content/uploads/2024/08/Artboard-1-copy-8-1.jpg
44995,https://sarveda.com/wp-content/uploads/2024/08/Artboard-1-copy-6-1.jpg,2024/08/Artboard-1-copy-6-1.jpg,https://sarveda.com/wp-content/uploads/2024/08/Artboard-1-copy-6-1.jpg
44999,https://sarveda.com/wp-content/uploads/2024/08/Crystal-CG-Perfect-fifth.mp3,2024/08/Crystal-CG-Perfect-fifth.mp3,https://sarveda.com/wp-content/uploads/2024/08/Crystal-CG-Perfect-fifth.mp3
45006,https://sarveda.com/wp-content/uploads/2025/03/Artboard-1.jpg,2025/03/Artboard-1.jpg,https://sarveda.com/wp-content/uploads/2025/03/Artboard-1.jpg
45007,https://sarveda.com/wp-content/uploads/2025/03/Artboard-1-copy.jpg,2025/03/Artboard-1-copy.jpg,https://sarveda.com/wp-content/uploads/2025/03/Artboard-1-copy.jpg
45008,https://sarveda.com/wp-content/uploads/2025/03/Artboard-1-copy-3.jpg,2025/03/Artboard-1-copy-3.jpg,https://sarveda.com/wp-content/uploads/2025/03/Artboard-1-copy-3.jpg
45009,https://sarveda.com/wp-content/uploads/2025/03/Artboard-1-copy-2-1.jpg,2025/03/Artboard-1-copy-2-1.jpg,https://sarveda.com/wp-content/uploads/2025/03/Artboard-1-copy-2-1.jpg
45010,https://sarveda.com/wp-content/uploads/2024/08/E4-1.jpg,2024/08/E4-1.jpg,https://sarveda.com/wp-content/uploads/2024/08/E4-1.jpg
45011,https://sarveda.com/wp-content/uploads/2024/08/E2-1.jpg,2024/08/E2-1.jpg,https://sarveda.com/wp-content/uploads/2024/08/E2-1.jpg
45012,https://sarveda.com/wp-content/uploads/2024/08/E1-1.jpg,2024/08/E1-1.jpg,https://sarveda.com/wp-content/uploads/2024/08/E1-1.jpg
45013,https://sarveda.com/wp-content/uploads/2025/03/E4.jpg,2025/03/E4.jpg,https://sarveda.com/wp-content/uploads/2025/03/E4.jpg
45014,https://sarveda.com/wp-content/uploads/2025/03/E3.jpg,2025/03/E3.jpg,https://sarveda.com/wp-content/uploads/2025/03/E3.jpg
45015,https://sarveda.com/wp-content/uploads/2025/03/E2.jpg,2025/03/E2.jpg,https://sarveda.com/wp-content/uploads/2025/03/E2.jpg
45016,https://sarveda.com/wp-content/uploads/2025/03/E1.jpg,2025/03/E1.jpg,https://sarveda.com/wp-content/uploads/2025/03/E1.jpg
45022,https://sarveda.com/wp-content/uploads/2025/03/Artboard-1-1.jpg,2025/03/Artboard-1-1.jpg,https://sarveda.com/wp-content/uploads/2025/03/Artboard-1-1.jpg
45025,https://sarveda.com/wp-content/uploads/2025/03/Artboard-1-copy-1.jpg,2025/03/Artboard-1-copy-1.jpg,https://sarveda.com/wp-content/uploads/2025/03/Artboard-1-copy-1.jpg
45026,https://sarveda.com/wp-content/uploads/2025/03/Artboard-1-copy-4-1.jpg,2025/03/Artboard-1-copy-4-1.jpg,https://sarveda.com/wp-content/uploads/2025/03/Artboard-1-copy-4-1.jpg
45027,https://sarveda.com/wp-content/uploads/2025/03/Artboard-1-copy-3-1.jpg,2025/03/Artboard-1-copy-3-1.jpg,https://sarveda.com/wp-content/uploads/2025/03/Artboard-1-copy-3-1.jpg
45028,https://sarveda.com/wp-content/uploads/2025/03/Artboard-1-copy-2.jpg,2025/03/Artboard-1-copy-2.jpg,https://sarveda.com/wp-content/uploads/2025/03/Artboard-1-copy-2.jpg
45029,https://sarveda.com/wp-content/uploads/2025/03/Artboard-1-2.jpg,2025/03/Artboard-1-2.jpg,https://sarveda.com/wp-content/uploads/2025/03/Artboard-1-2.jpg
45030,https://sarveda.com/wp-content/uploads/2025/03/Artboard-1-copy.png,2025/03/Artboard-1-copy.png,https://sarveda.com/wp-content/uploads/2025/03/Artboard-1-copy.png
45031,https://sarveda.com/wp-content/uploads/2025/03/Artboard-1-copy-4-2.jpg,2025/03/Artboard-1-copy-4-2.jpg,https://sarveda.com/wp-content/uploads/2025/03/Artboard-1-copy-4-2.jpg
45032,https://sarveda.com/wp-content/uploads/2025/03/Artboard-1-copy-3.png,2025/03/Artboard-1-copy-3.png,https://sarveda.com/wp-content/uploads/2025/03/Artboard-1-copy-3.png
45033,https://sarveda.com/wp-content/uploads/2025/03/Artboard-1-copy-2.png,2025/03/Artboard-1-copy-2.png,https://sarveda.com/wp-content/uploads/2025/03/Artboard-1-copy-2.png
45034,https://sarveda.com/wp-content/uploads/2025/03/Harmonium-small-1.mp3,2025/03/Harmonium-small-1.mp3,https://sarveda.com/wp-content/uploads/2025/03/Harmonium-small-1.mp3
45035,https://sarveda.com/wp-content/uploads/2025/03/Harmonium-big-1-audio1.mp3,2025/03/Harmonium-big-1-audio1.mp3,https://sarveda.com/wp-content/uploads/2025/03/Harmonium-big-1-audio1.mp3
45044,https://sarveda.com/wp-content/uploads/2025/03/Artboard-1-1-1.jpg,2025/03/Artboard-1-1-1.jpg,https://sarveda.com/wp-content/uploads/2025/03/Artboard-1-1-1.jpg
45045,https://sarveda.com/wp-content/uploads/2025/03/Artboard-1-copy-8.jpg,2025/03/Artboard-1-copy-8.jpg,https://sarveda.com/wp-content/uploads/2025/03/Artboard-1-copy-8.jpg
45046,https://sarveda.com/wp-content/uploads/2025/03/Artboard-1-copy-4-1-1.jpg,2025/03/Artboard-1-copy-4-1-1.jpg,https://sarveda.com/wp-content/uploads/2025/03/Artboard-1-copy-4-1-1.jpg
45047,https://sarveda.com/wp-content/uploads/2025/03/Artboard-1-copy-3-2.jpg,2025/03/Artboard-1-copy-3-2.jpg,https://sarveda.com/wp-content/uploads/2025/03/Artboard-1-copy-3-2.jpg
45048,https://sarveda.com/wp-content/uploads/2025/03/Artboard-1-copy-2-2.jpg,2025/03/Artboard-1-copy-2-2.jpg,https://sarveda.com/wp-content/uploads/2025/03/Artboard-1-copy-2-2.jpg
45054,https://sarveda.com/wp-content/uploads/2025/03/Artboard-1-copy-10-1.jpg,2025/03/Artboard-1-copy-10-1.jpg,https://sarveda.com/wp-content/uploads/2025/03/Artboard-1-copy-10-1.jpg
45055,https://sarveda.com/wp-content/uploads/2025/03/Artboard-1-copy-10-1-1.jpg,2025/03/Artboard-1-copy-10-1-1.jpg,https://sarveda.com/wp-content/uploads/2025/03/Artboard-1-copy-10-1-1.jpg
45056,https://sarveda.com/wp-content/uploads/2025/03/Artboard-1-copy-9-1.jpg,2025/03/Artboard-1-copy-9-1.jpg,https://sarveda.com/wp-content/uploads/2025/03/Artboard-1-copy-9-1.jpg
45057,https://sarveda.com/wp-content/uploads/2025/03/Artboard-1-copy-8-1.jpg,2025/03/Artboard-1-copy-8-1.jpg,https://sarveda.com/wp-content/uploads/2025/03/Artboard-1-copy-8-1.jpg
45058,https://sarveda.com/wp-content/uploads/2025/03/Artboard-1-copy-7-1.jpg,2025/03/Artboard-1-copy-7-1.jpg,https://sarveda.com/wp-content/uploads/2025/03/Artboard-1-copy-7-1.jpg
45059,https://sarveda.com/wp-content/uploads/2025/03/Artboard-1-copy-6-1.jpg,2025/03/Artboard-1-copy-6-1.jpg,https://sarveda.com/wp-content/uploads/2025/03/Artboard-1-copy-6-1.jpg
45060,https://sarveda.com/wp-content/uploads/2025/03/Artboard-1-copy-5-1.jpg,2025/03/Artboard-1-copy-5-1.jpg,https://sarveda.com/wp-content/uploads/2025/03/Artboard-1-copy-5-1.jpg
45083,https://sarveda.com/wp-content/uploads/2023/09/7-Chakras-Medium-Set.mp3,2023/09/7-Chakras-Medium-Set.mp3,https://sarveda.com/wp-content/uploads/2023/09/7-Chakras-Medium-Set.mp3
45088,https://sarveda.com/wp-content/uploads/2025/03/Artboard-1-copy-3-1-1.jpg,2025/03/Artboard-1-copy-3-1-1.jpg,https://sarveda.com/wp-content/uploads/2025/03/Artboard-1-copy-3-1-1.jpg
45089,https://sarveda.com/wp-content/uploads/2025/03/Artboard-1-copy-4-2-1.jpg,2025/03/Artboard-1-copy-4-2-1.jpg,https://sarveda.com/wp-content/uploads/2025/03/Artboard-1-copy-4-2-1.jpg
45090,https://sarveda.com/wp-content/uploads/2025/03/Artboard-1-copy-5-2.jpg,2025/03/Artboard-1-copy-5-2.jpg,https://sarveda.com/wp-content/uploads/2025/03/Artboard-1-copy-5-2.jpg
45091,https://sarveda.com/wp-content/uploads/2025/03/Artboard-1-copy-6-2.jpg,2025/03/Artboard-1-copy-6-2.jpg,https://sarveda.com/wp-content/uploads/2025/03/Artboard-1-copy-6-2.jpg
45092,https://sarveda.com/wp-content/uploads/2025/03/Artboard-1-copy-8-2.jpg,2025/03/Artboard-1-copy-8-2.jpg,https://sarveda.com/wp-content/uploads/2025/03/Artboard-1-copy-8-2.jpg
45093,https://sarveda.com/wp-content/uploads/2025/03/Artboard-1-copy-15.jpg,2025/03/Artboard-1-copy-15.jpg,https://sarveda.com/wp-content/uploads/2025/03/Artboard-1-copy-15.jpg
45094,https://sarveda.com/wp-content/uploads/2025/03/Artboard-1-copy-16.jpg,2025/03/Artboard-1-copy-16.jpg,https://sarveda.com/wp-content/uploads/2025/03/Artboard-1-copy-16.jpg
45095,https://sarveda.com/wp-content/uploads/2025/03/Artboard-1-copy-17.jpg,2025/03/Artboard-1-copy-17.jpg,https://sarveda.com/wp-content/uploads/2025/03/Artboard-1-copy-17.jpg
45096,https://sarveda.com/wp-content/uploads/2025/03/Artboard-1-copy-1-1.jpg,2025/03/Artboard-1-copy-1-1.jpg,https://sarveda.com/wp-content/uploads/2025/03/Artboard-1-copy-1-1.jpg
45097,https://sarveda.com/wp-content/uploads/2025/03/Artboard-1-copy-2-1-1.jpg,2025/03/Artboard-1-copy-2-1-1.jpg,https://sarveda.com/wp-content/uploads/2025/03/Artboard-1-copy-2-1-1.jpg
45098,https://sarveda.com/wp-content/uploads/2025/03/Artboard-1-copy-9-2.jpg,2025/03/Artboard-1-copy-9-2.jpg,https://sarveda.com/wp-content/uploads/2025/03/Artboard-1-copy-9-2.jpg
45099,https://sarveda.com/wp-content/uploads/2025/03/Artboard-1-copy-10-2.jpg,2025/03/Artboard-1-copy-10-2.jpg,https://sarveda.com/wp-content/uploads/2025/03/Artboard-1-copy-10-2.jpg
45100,https://sarveda.com/wp-content/uploads/2025/03/Artboard-1-copy-11-1.jpg,2025/03/Artboard-1-copy-11-1.jpg,https://sarveda.com/wp-content/uploads/2025/03/Artboard-1-copy-11-1.jpg
45101,https://sarveda.com/wp-content/uploads/2025/03/Artboard-1-copy-13.jpg,2025/03/Artboard-1-copy-13.jpg,https://sarveda.com/wp-content/uploads/2025/03/Artboard-1-copy-13.jpg
45102,https://sarveda.com/wp-content/uploads/2025/03/Shruthi-Harmonium-2-audio1.mp3,2025/03/Shruthi-Harmonium-2-audio1.mp3,https://sarveda.com/wp-content/uploads/2025/03/Shruthi-Harmonium-2-audio1.mp3
45103,https://sarveda.com/wp-content/uploads/2025/03/Shruti-harmonium-audio2.mp3,2025/03/Shruti-harmonium-audio2.mp3,https://sarveda.com/wp-content/uploads/2025/03/Shruti-harmonium-audio2.mp3
45104,https://sarveda.com/wp-content/uploads/2025/03/Artboard-1-copy-6-3.jpg,2025/03/Artboard-1-copy-6-3.jpg,https://sarveda.com/wp-content/uploads/2025/03/Artboard-1-copy-6-3.jpg
45106,https://sarveda.com/wp-content/uploads/2025/03/Artboard-1-copy-11.jpg,2025/03/Artboard-1-copy-11.jpg,https://sarveda.com/wp-content/uploads/2025/03/Artboard-1-copy-11.jpg
45107,https://sarveda.com/wp-content/uploads/2025/03/Artboard-1-copy-16-1.jpg,2025/03/Artboard-1-copy-16-1.jpg,https://sarveda.com/wp-content/uploads/2025/03/Artboard-1-copy-16-1.jpg
45108,https://sarveda.com/wp-content/uploads/2025/03/Artboard-1-copy-15-1.jpg,2025/03/Artboard-1-copy-15-1.jpg,https://sarveda.com/wp-content/uploads/2025/03/Artboard-1-copy-15-1.jpg
45109,https://sarveda.com/wp-content/uploads/2025/03/Artboard-1-copy-13-1.jpg,2025/03/Artboard-1-copy-13-1.jpg,https://sarveda.com/wp-content/uploads/2025/03/Artboard-1-copy-13-1.jpg
45110,https://sarveda.com/wp-content/uploads/2025/03/Artboard-1-copy-12.jpg,2025/03/Artboard-1-copy-12.jpg,https://sarveda.com/wp-content/uploads/2025/03/Artboard-1-copy-12.jpg
45111,https://sarveda.com/wp-content/uploads/2025/03/Artboard-1-copy-11-2.jpg,2025/03/Artboard-1-copy-11-2.jpg,https://sarveda.com/wp-content/uploads/2025/03/Artboard-1-copy-11-2.jpg
45112,https://sarveda.com/wp-content/uploads/2025/03/Artboard-1-copy-17-1.jpg,2025/03/Artboard-1-copy-17-1.jpg,https://sarveda.com/wp-content/uploads/2025/03/Artboard-1-copy-17-1.jpg
45120,https://sarveda.com/wp-content/uploads/2025/03/Artboard-1-copy-9.jpg,2025/03/Artboard-1-copy-9.jpg,https://sarveda.com/wp-content/uploads/2025/03/Artboard-1-copy-9.jpg
45121,https://sarveda.com/wp-content/uploads/2025/03/Artboard-1-3.jpg,2025/03/Artboard-1-3.jpg,https://sarveda.com/wp-content/uploads/2025/03/Artboard-1-3.jpg
45122,https://sarveda.com/wp-content/uploads/2025/03/E41.jpg,2025/03/E41.jpg,https://sarveda.com/wp-content/uploads/2025/03/E41.jpg
45123,https://sarveda.com/wp-content/uploads/2025/03/E40.jpg,2025/03/E40.jpg,https://sarveda.com/wp-content/uploads/2025/03/E40.jpg
45124,https://sarveda.com/wp-content/uploads/2025/03/Artboard-1-copy-5-3.jpg,2025/03/Artboard-1-copy-5-3.jpg,https://sarveda.com/wp-content/uploads/2025/03/Artboard-1-copy-5-3.jpg
45125,https://sarveda.com/wp-content/uploads/2025/03/Artboard-1-copy-3-3.jpg,2025/03/Artboard-1-copy-3-3.jpg,https://sarveda.com/wp-content/uploads/2025/03/Artboard-1-copy-3-3.jpg
45126,https://sarveda.com/wp-content/uploads/2025/03/Artboard-1-copy-2-3.jpg,2025/03/Artboard-1-copy-2-3.jpg,https://sarveda.com/wp-content/uploads/2025/03/Artboard-1-copy-2-3.jpg
45128,https://sarveda.com/wp-content/uploads/2025/03/Hanging-Bowls-3.mp4,2025/03/Hanging-Bowls-3.mp4,https://sarveda.com/wp-content/uploads/2025/03/Hanging-Bowls-3.mp4
45129,https://sarveda.com/wp-content/uploads/2025/03/Hanging-bowl-3.mp3,2025/03/Hanging-bowl-3.mp3,https://sarveda.com/wp-content/uploads/2025/03/Hanging-bowl-3.mp3
45130,https://sarveda.com/wp-content/uploads/2025/03/hanging-bowl-5.mp3,2025/03/hanging-bowl-5.mp3,https://sarveda.com/wp-content/uploads/2025/03/hanging-bowl-5.mp3
45135,https://sarveda.com/wp-content/uploads/2025/03/Artboard-1-1-2.jpg,2025/03/Artboard-1-1-2.jpg,https://sarveda.com/wp-content/uploads/2025/03/Artboard-1-1-2.jpg
45136,https://sarveda.com/wp-content/uploads/2025/03/Artboard-1-copy-1-2.jpg,2025/03/Artboard-1-copy-1-2.jpg,https://sarveda.com/wp-content/uploads/2025/03/Artboard-1-copy-1-2.jpg
45137,https://sarveda.com/wp-content/uploads/2025/03/Artboard-1-copy-2-1-2.jpg,2025/03/Artboard-1-copy-2-1-2.jpg,https://sarveda.com/wp-content/uploads/2025/03/Artboard-1-copy-2-1-2.jpg
45141,https://sarveda.com/wp-content/uploads/2025/03/Artboard-1-4.jpg,2025/03/Artboard-1-4.jpg,https://sarveda.com/wp-content/uploads/2025/03/Artboard-1-4.jpg
45142,https://sarveda.com/wp-content/uploads/2025/03/Artboard-1-copy-10.jpg,2025/03/Artboard-1-copy-10.jpg,https://sarveda.com/wp-content/uploads/2025/03/Artboard-1-copy-10.jpg
45143,https://sarveda.com/wp-content/uploads/2025/03/Artboard-1-copy-7-2.jpg,2025/03/Artboard-1-copy-7-2.jpg,https://sarveda.com/wp-content/uploads/2025/03/Artboard-1-copy-7-2.jpg
45144,https://sarveda.com/wp-content/uploads/2025/03/Artboard-1-copy-6-4.jpg,2025/03/Artboard-1-copy-6-4.jpg,https://sarveda.com/wp-content/uploads/2025/03/Artboard-1-copy-6-4.jpg
45145,https://sarveda.com/wp-content/uploads/2025/03/Artboard-1-copy-5-4.jpg,2025/03/Artboard-1-copy-5-4.jpg,https://sarveda.com/wp-content/uploads/2025/03/Artboard-1-copy-5-4.jpg
45146,https://sarveda.com/wp-content/uploads/2025/03/Artboard-1-copy-4-3.jpg,2025/03/Artboard-1-copy-4-3.jpg,https://sarveda.com/wp-content/uploads/2025/03/Artboard-1-copy-4-3.jpg
45147,https://sarveda.com/wp-content/uploads/2025/03/Artboard-1-copy-3-4.jpg,2025/03/Artboard-1-copy-3-4.jpg,https://sarveda.com/wp-content/uploads/2025/03/Artboard-1-copy-3-4.jpg
45148,https://sarveda.com/wp-content/uploads/2025/03/Artboard-1-copy-2-4.jpg,2025/03/Artboard-1-copy-2-4.jpg,https://sarveda.com/wp-content/uploads/2025/03/Artboard-1-copy-2-4.jpg
45149,https://sarveda.com/wp-content/uploads/2025/03/Artboard-1-copy-10-3.jpg,2025/03/Artboard-1-copy-10-3.jpg,https://sarveda.com/wp-content/uploads/2025/03/Artboard-1-copy-10-3.jpg
45150,https://sarveda.com/wp-content/uploads/2025/03/Artboard-1-copy-9-3.jpg,2025/03/Artboard-1-copy-9-3.jpg,https://sarveda.com/wp-content/uploads/2025/03/Artboard-1-copy-9-3.jpg
45151,https://sarveda.com/wp-content/uploads/2025/03/Artboard-1-copy-8-3.jpg,2025/03/Artboard-1-copy-8-3.jpg,https://sarveda.com/wp-content/uploads/2025/03/Artboard-1-copy-8-3.jpg
45155,https://sarveda.com/wp-content/uploads/2025/03/Artboard-1-5.jpg,2025/03/Artboard-1-5.jpg,https://sarveda.com/wp-content/uploads/2025/03/Artboard-1-5.jpg
45156,https://sarveda.com/wp-content/uploads/2025/03/Artboard-1-copy-14.jpg,2025/03/Artboard-1-copy-14.jpg,https://sarveda.com/wp-content/uploads/2025/03/Artboard-1-copy-14.jpg
45157,https://sarveda.com/wp-content/uploads/2025/03/Artboard-1-copy-2-1-3.jpg,2025/03/Artboard-1-copy-2-1-3.jpg,https://sarveda.com/wp-content/uploads/2025/03/Artboard-1-copy-2-1-3.jpg
45158,https://sarveda.com/wp-content/uploads/2025/03/Artboard-1-copy-3-5.jpg,2025/03/Artboard-1-copy-3-5.jpg,https://sarveda.com/wp-content/uploads/2025/03/Artboard-1-copy-3-5.jpg
45159,https://sarveda.com/wp-content/uploads/2025/03/Artboard-1-copy-2-5.jpg,2025/03/Artboard-1-copy-2-5.jpg,https://sarveda.com/wp-content/uploads/2025/03/Artboard-1-copy-2-5.jpg
45160,https://sarveda.com/wp-content/uploads/2023/02/Artboard-1.jpg,2023/02/Artboard-1.jpg,https://sarveda.com/wp-content/uploads/2023/02/Artboard-1.jpg
45161,https://sarveda.com/wp-content/uploads/2023/02/Artboard-1-copy.jpg,2023/02/Artboard-1-copy.jpg,https://sarveda.com/wp-content/uploads/2023/02/Artboard-1-copy.jpg
45162,https://sarveda.com/wp-content/uploads/2023/02/BB-3.jpg,2023/02/BB-3.jpg,https://sarveda.com/wp-content/uploads/2023/02/BB-3.jpg
45163,https://sarveda.com/wp-content/uploads/2023/02/BB-2.jpg,2023/02/BB-2.jpg,https://sarveda.com/wp-content/uploads/2023/02/BB-2.jpg
45164,https://sarveda.com/wp-content/uploads/2023/02/BB-1.jpg,2023/02/BB-1.jpg,https://sarveda.com/wp-content/uploads/2023/02/BB-1.jpg
45165,https://sarveda.com/wp-content/uploads/2023/02/Artboard-1-copy-7.jpg,2023/02/Artboard-1-copy-7.jpg,https://sarveda.com/wp-content/uploads/2023/02/Artboard-1-copy-7.jpg
45166,https://sarveda.com/wp-content/uploads/2023/02/Artboard-1-copy-4.jpg,2023/02/Artboard-1-copy-4.jpg,https://sarveda.com/wp-content/uploads/2023/02/Artboard-1-copy-4.jpg
45167,https://sarveda.com/wp-content/uploads/2023/02/Artboard-1-copy-2.jpg,2023/02/Artboard-1-copy-2.jpg,https://sarveda.com/wp-content/uploads/2023/02/Artboard-1-copy-2.jpg
45168,https://sarveda.com/wp-content/uploads/2024/05/Artboard-1-copy-19-d.jpg,2024/05/Artboard-1-copy-19-d.jpg,https://sarveda.com/wp-content/uploads/2024/05/Artboard-1-copy-19-d.jpg
45177,https://sarveda.com/wp-content/uploads/2023/08/Artboard-1-copy-14.jpg,2023/08/Artboard-1-copy-14.jpg,https://sarveda.com/wp-content/uploads/2023/08/Artboard-1-copy-14.jpg
45178,https://sarveda.com/wp-content/uploads/2024/05/Artboard-1-copy-23.jpg,2024/05/Artboard-1-copy-23.jpg,https://sarveda.com/wp-content/uploads/2024/05/Artboard-1-copy-23.jpg
45179,https://sarveda.com/wp-content/uploads/2024/05/Artboard-1-copy-22.jpg,2024/05/Artboard-1-copy-22.jpg,https://sarveda.com/wp-content/uploads/2024/05/Artboard-1-copy-22.jpg
45180,https://sarveda.com/wp-content/uploads/2024/05/Artboard-1-copy-14.jpg,2024/05/Artboard-1-copy-14.jpg,https://sarveda.com/wp-content/uploads/2024/05/Artboard-1-copy-14.jpg
45181,https://sarveda.com/wp-content/uploads/2024/08/Artboard-1-copy-14.jpg,2024/08/Artboard-1-copy-14.jpg,https://sarveda.com/wp-content/uploads/2024/08/Artboard-1-copy-14.jpg
45182,https://sarveda.com/wp-content/uploads/2024/08/Artboard-1-copy-13.jpg,2024/08/Artboard-1-copy-13.jpg,https://sarveda.com/wp-content/uploads/2024/08/Artboard-1-copy-13.jpg
45183,https://sarveda.com/wp-content/uploads/2024/08/Artboard-1-copy-14-1.jpg,2024/08/Artboard-1-copy-14-1.jpg,https://sarveda.com/wp-content/uploads/2024/08/Artboard-1-copy-14-1.jpg
45184,https://sarveda.com/wp-content/uploads/2024/08/Artboard-1-copy-15.jpg,2024/08/Artboard-1-copy-15.jpg,https://sarveda.com/wp-content/uploads/2024/08/Artboard-1-copy-15.jpg
45185,https://sarveda.com/wp-content/uploads/2024/08/Artboard-1-copy-16.jpg,2024/08/Artboard-1-copy-16.jpg,https://sarveda.com/wp-content/uploads/2024/08/Artboard-1-copy-16.jpg
45186,https://sarveda.com/wp-content/uploads/2024/08/Artboard-1-copy-17.jpg,2024/08/Artboard-1-copy-17.jpg,https://sarveda.com/wp-content/uploads/2024/08/Artboard-1-copy-17.jpg
45187,https://sarveda.com/wp-content/uploads/2024/08/Artboard-1-copy-18.jpg,2024/08/Artboard-1-copy-18.jpg,https://sarveda.com/wp-content/uploads/2024/08/Artboard-1-copy-18.jpg
45188,https://sarveda.com/wp-content/uploads/2024/08/Artboard-1-copy-19-d.jpg,2024/08/Artboard-1-copy-19-d.jpg,https://sarveda.com/wp-content/uploads/2024/08/Artboard-1-copy-19-d.jpg
45189,https://sarveda.com/wp-content/uploads/2025/03/Artboard-1-copy-19.jpg,2025/03/Artboard-1-copy-19.jpg,https://sarveda.com/wp-content/uploads/2025/03/Artboard-1-copy-19.jpg
45190,https://sarveda.com/wp-content/uploads/2025/03/Artboard-1-copy-18-1.jpg,2025/03/Artboard-1-copy-18-1.jpg,https://sarveda.com/wp-content/uploads/2025/03/Artboard-1-copy-18-1.jpg
45191,https://sarveda.com/wp-content/uploads/2025/03/Artboard-1-copy-12-1.jpg,2025/03/Artboard-1-copy-12-1.jpg,https://sarveda.com/wp-content/uploads/2025/03/Artboard-1-copy-12-1.jpg
45192,https://sarveda.com/wp-content/uploads/2025/03/Artboard-1-copy-7-1-1.jpg,2025/03/Artboard-1-copy-7-1-1.jpg,https://sarveda.com/wp-content/uploads/2025/03/Artboard-1-copy-7-1-1.jpg
45193,https://sarveda.com/wp-content/uploads/2025/03/Artboard-1-copy-5-5.jpg,2025/03/Artboard-1-copy-5-5.jpg,https://sarveda.com/wp-content/uploads/2025/03/Artboard-1-copy-5-5.jpg
45195,https://sarveda.com/wp-content/uploads/2025/03/Artboard-1-copy-5-6.jpg,2025/03/Artboard-1-copy-5-6.jpg,https://sarveda.com/wp-content/uploads/2025/03/Artboard-1-copy-5-6.jpg
45196,https://sarveda.com/wp-content/uploads/2025/03/Artboard-1-copy-4-1-2.jpg,2025/03/Artboard-1-copy-4-1-2.jpg,https://sarveda.com/wp-content/uploads/2025/03/Artboard-1-copy-4-1-2.jpg
45198,https://sarveda.com/wp-content/uploads/2025/03/Artboard-1-copy-6-5.jpg,2025/03/Artboard-1-copy-6-5.jpg,https://sarveda.com/wp-content/uploads/2025/03/Artboard-1-copy-6-5.jpg
45199,https://sarveda.com/wp-content/uploads/2025/03/Artboard-1-copy-4-1-3.jpg,2025/03/Artboard-1-copy-4-1-3.jpg,https://sarveda.com/wp-content/uploads/2025/03/Artboard-1-copy-4-1-3.jpg
45221,https://sarveda.com/wp-content/uploads/2025/04/Artboard-1-copy-8.jpg,2025/04/Artboard-1-copy-8.jpg,https://sarveda.com/wp-content/uploads/2025/04/Artboard-1-copy-8.jpg
45222,https://sarveda.com/wp-content/uploads/2023/10/Artboard-1-copy-13.jpg,2023/10/Artboard-1-copy-13.jpg,https://sarveda.com/wp-content/uploads/2023/10/Artboard-1-copy-13.jpg
45223,https://sarveda.com/wp-content/uploads/2023/10/Artboard-1-copy-12.jpg,2023/10/Artboard-1-copy-12.jpg,https://sarveda.com/wp-content/uploads/2023/10/Artboard-1-copy-12.jpg
45224,https://sarveda.com/wp-content/uploads/2023/10/Artboard-1-copy-11.jpg,2023/10/Artboard-1-copy-11.jpg,https://sarveda.com/wp-content/uploads/2023/10/Artboard-1-copy-11.jpg
45225,https://sarveda.com/wp-content/uploads/2023/10/Artboard-1-copy-10.jpg,2023/10/Artboard-1-copy-10.jpg,https://sarveda.com/wp-content/uploads/2023/10/Artboard-1-copy-10.jpg
45226,https://sarveda.com/wp-content/uploads/2023/10/Artboard-1-copy-9.jpg,2023/10/Artboard-1-copy-9.jpg,https://sarveda.com/wp-content/uploads/2023/10/Artboard-1-copy-9.jpg
45227,https://sarveda.com/wp-content/uploads/2023/10/Artboard-1-copy-8.jpg,2023/10/Artboard-1-copy-8.jpg,https://sarveda.com/wp-content/uploads/2023/10/Artboard-1-copy-8.jpg
45229,https://sarveda.com/wp-content/uploads/2025/04/Artboard-1-copy-8-1.jpg,2025/04/Artboard-1-copy-8-1.jpg,https://sarveda.com/wp-content/uploads/2025/04/Artboard-1-copy-8-1.jpg
45230,https://sarveda.com/wp-content/uploads/2025/04/Artboard-1-copy-7-1.jpg,2025/04/Artboard-1-copy-7-1.jpg,https://sarveda.com/wp-content/uploads/2025/04/Artboard-1-copy-7-1.jpg
45231,https://sarveda.com/wp-content/uploads/2025/04/Artboard-1-copy-13.jpg,2025/04/Artboard-1-copy-13.jpg,https://sarveda.com/wp-content/uploads/2025/04/Artboard-1-copy-13.jpg
45232,https://sarveda.com/wp-content/uploads/2025/04/Artboard-1-copy-12.jpg,2025/04/Artboard-1-copy-12.jpg,https://sarveda.com/wp-content/uploads/2025/04/Artboard-1-copy-12.jpg
45233,https://sarveda.com/wp-content/uploads/2025/04/Artboard-1-copy-11.jpg,2025/04/Artboard-1-copy-11.jpg,https://sarveda.com/wp-content/uploads/2025/04/Artboard-1-copy-11.jpg
45234,https://sarveda.com/wp-content/uploads/2024/08/Artboard-1-copy-24.jpg,2024/08/Artboard-1-copy-24.jpg,https://sarveda.com/wp-content/uploads/2024/08/Artboard-1-copy-24.jpg
45237,https://sarveda.com/wp-content/uploads/2025/03/PI.jpg,2025/03/PI.jpg,https://sarveda.com/wp-content/uploads/2025/03/PI.jpg
45238,https://sarveda.com/wp-content/uploads/2025/04/koshi-chime-1.mp3,2025/04/koshi-chime-1.mp3,https://sarveda.com/wp-content/uploads/2025/04/koshi-chime-1.mp3
45239,https://sarveda.com/wp-content/uploads/2025/04/Artboard-1-copy-8-2.jpg,2025/04/Artboard-1-copy-8-2.jpg,https://sarveda.com/wp-content/uploads/2025/04/Artboard-1-copy-8-2.jpg
45240,https://sarveda.com/wp-content/uploads/2025/04/Artboard-1-copy-7.jpg,2025/04/Artboard-1-copy-7.jpg,https://sarveda.com/wp-content/uploads/2025/04/Artboard-1-copy-7.jpg
45241,https://sarveda.com/wp-content/uploads/2025/04/Artboard-1-copy-5.jpg,2025/04/Artboard-1-copy-5.jpg,https://sarveda.com/wp-content/uploads/2025/04/Artboard-1-copy-5.jpg
45242,https://sarveda.com/wp-content/uploads/2025/04/E3.jpg,2025/04/E3.jpg,https://sarveda.com/wp-content/uploads/2025/04/E3.jpg
45243,https://sarveda.com/wp-content/uploads/2025/04/E4.jpg,2025/04/E4.jpg,https://sarveda.com/wp-content/uploads/2025/04/E4.jpg
45245,https://sarveda.com/wp-content/uploads/2025/04/WhatsApp-Image-2025-04-02-at-11.32.10-AM-1.jpeg,2025/04/WhatsApp-Image-2025-04-02-at-11.32.10-AM-1.jpeg,https://sarveda.com/wp-content/uploads/2025/04/WhatsApp-Image-2025-04-02-at-11.32.10-AM-1.jpeg
45246,https://sarveda.com/wp-content/uploads/2025/03/Djembe-8-inch.mp3,2025/03/Djembe-8-inch.mp3,https://sarveda.com/wp-content/uploads/2025/03/Djembe-8-inch.mp3
45247,https://sarveda.com/wp-content/uploads/2025/03/Djembe-10-inch.mp3,2025/03/Djembe-10-inch.mp3,https://sarveda.com/wp-content/uploads/2025/03/Djembe-10-inch.mp3
45248,https://sarveda.com/wp-content/uploads/2025/03/djembe-12-inch-.mp3,2025/03/djembe-12-inch-.mp3,https://sarveda.com/wp-content/uploads/2025/03/djembe-12-inch-.mp3
45249,https://sarveda.com/wp-content/uploads/2024/05/Crystal-A-7.mp3,2024/05/Crystal-A-7.mp3,https://sarveda.com/wp-content/uploads/2024/05/Crystal-A-7.mp3
45250,https://sarveda.com/wp-content/uploads/2024/05/Crystal-G-8.mp3,2024/05/Crystal-G-8.mp3,https://sarveda.com/wp-content/uploads/2024/05/Crystal-G-8.mp3
45251,https://sarveda.com/wp-content/uploads/2024/05/crystal-F-9.mp3,2024/05/crystal-F-9.mp3,https://sarveda.com/wp-content/uploads/2024/05/crystal-F-9.mp3
45252,https://sarveda.com/wp-content/uploads/2024/05/Crystal-E-10.mp3,2024/05/Crystal-E-10.mp3,https://sarveda.com/wp-content/uploads/2024/05/Crystal-E-10.mp3
45253,https://sarveda.com/wp-content/uploads/2024/05/Crystal-D-11.mp3,2024/05/Crystal-D-11.mp3,https://sarveda.com/wp-content/uploads/2024/05/Crystal-D-11.mp3
45254,https://sarveda.com/wp-content/uploads/2024/05/Crystal-C-12.mp3,2024/05/Crystal-C-12.mp3,https://sarveda.com/wp-content/uploads/2024/05/Crystal-C-12.mp3
45255,https://sarveda.com/wp-content/uploads/2024/05/crystal-colour-D-13.mp3,2024/05/crystal-colour-D-13.mp3,https://sarveda.com/wp-content/uploads/2024/05/crystal-colour-D-13.mp3
45256,https://sarveda.com/wp-content/uploads/2024/05/crystal-colour-14-C.mp3,2024/05/crystal-colour-14-C.mp3,https://sarveda.com/wp-content/uploads/2024/05/crystal-colour-14-C.mp3
45257,https://sarveda.com/wp-content/uploads/2024/05/154-1.jpg,2024/05/154-1.jpg,https://sarveda.com/wp-content/uploads/2024/05/154-1.jpg
45258,https://sarveda.com/wp-content/uploads/2024/05/Artboard-1-copy-5.jpg,2024/05/Artboard-1-copy-5.jpg,https://sarveda.com/wp-content/uploads/2024/05/Artboard-1-copy-5.jpg
45259,https://sarveda.com/wp-content/uploads/2024/05/Artboard-1-copy-4.jpg,2024/05/Artboard-1-copy-4.jpg,https://sarveda.com/wp-content/uploads/2024/05/Artboard-1-copy-4.jpg
45270,https://sarveda.com/wp-content/uploads/2024/05/Artboard-1.jpg,2024/05/Artboard-1.jpg,https://sarveda.com/wp-content/uploads/2024/05/Artboard-1.jpg
45271,https://sarveda.com/wp-content/uploads/2024/05/Artboard-1-copy-1.jpg,2024/05/Artboard-1-copy-1.jpg,https://sarveda.com/wp-content/uploads/2024/05/Artboard-1-copy-1.jpg
45272,https://sarveda.com/wp-content/uploads/2024/05/Artboard-1-copy-8.jpg,2024/05/Artboard-1-copy-8.jpg,https://sarveda.com/wp-content/uploads/2024/05/Artboard-1-copy-8.jpg
45273,https://sarveda.com/wp-content/uploads/2024/05/Artboard-1-copy-6.jpg,2024/05/Artboard-1-copy-6.jpg,https://sarveda.com/wp-content/uploads/2024/05/Artboard-1-copy-6.jpg
45274,https://sarveda.com/wp-content/uploads/2024/05/Artboard-1-copy-5-1.jpg,2024/05/Artboard-1-copy-5-1.jpg,https://sarveda.com/wp-content/uploads/2024/05/Artboard-1-copy-5-1.jpg
45275,https://sarveda.com/wp-content/uploads/2024/05/Artboard-1-copy-4-1.jpg,2024/05/Artboard-1-copy-4-1.jpg,https://sarveda.com/wp-content/uploads/2024/05/Artboard-1-copy-4-1.jpg
45276,https://sarveda.com/wp-content/uploads/2024/05/Artboard-1-copy-3.jpg,2024/05/Artboard-1-copy-3.jpg,https://sarveda.com/wp-content/uploads/2024/05/Artboard-1-copy-3.jpg
45300,https://sarveda.com/wp-content/uploads/2025/04/WhatsApp-Image-2025-04-07-at-12.40.40-PM.jpeg,2025/04/WhatsApp-Image-2025-04-07-at-12.40.40-PM.jpeg,https://sarveda.com/wp-content/uploads/2025/04/WhatsApp-Image-2025-04-07-at-12.40.40-PM.jpeg
45301,https://sarveda.com/wp-content/uploads/2025/04/kenari-chime-168.mp3,2025/04/kenari-chime-168.mp3,https://sarveda.com/wp-content/uploads/2025/04/kenari-chime-168.mp3
45303,https://sarveda.com/wp-content/uploads/2025/04/koshi-chime-1-1.mp3,2025/04/koshi-chime-1-1.mp3,https://sarveda.com/wp-content/uploads/2025/04/koshi-chime-1-1.mp3
45304,https://sarveda.com/wp-content/uploads/2025/04/WhatsApp-Image-2025-04-07-at-3.46.21-PM.jpeg,2025/04/WhatsApp-Image-2025-04-07-at-3.46.21-PM.jpeg,https://sarveda.com/wp-content/uploads/2025/04/WhatsApp-Image-2025-04-07-at-3.46.21-PM.jpeg
45308,https://sarveda.com/wp-content/uploads/2025/04/1080-x-1080.jpg,2025/04/1080-x-1080.jpg,https://sarveda.com/wp-content/uploads/2025/04/1080-x-1080.jpg
45311,https://sarveda.com/wp-content/uploads/2025/04/WhatsApp-Image-2025-04-08-at-3.57.35-PM.jpeg,2025/04/WhatsApp-Image-2025-04-08-at-3.57.35-PM.jpeg,https://sarveda.com/wp-content/uploads/2025/04/WhatsApp-Image-2025-04-08-at-3.57.35-PM.jpeg
45312,https://sarveda.com/wp-content/uploads/2025/04/photo_6075837827469394425_y.jpg,2025/04/photo_6075837827469394425_y-e1744111365365.jpg,https://sarveda.com/wp-content/uploads/2025/04/photo_6075837827469394425_y-e1744111365365.jpg
45313,https://sarveda.com/wp-content/uploads/2025/04/WhatsApp-Image-2025-04-08-at-4.45.06-PM.jpeg,2025/04/WhatsApp-Image-2025-04-08-at-4.45.06-PM.jpeg,https://sarveda.com/wp-content/uploads/2025/04/WhatsApp-Image-2025-04-08-at-4.45.06-PM.jpeg
45325,https://sarveda.com/wp-content/uploads/2025/04/WhatsApp-Image-2025-04-10-at-1.19.20-PM-1.jpeg,2025/04/WhatsApp-Image-2025-04-10-at-1.19.20-PM-1.jpeg,https://sarveda.com/wp-content/uploads/2025/04/WhatsApp-Image-2025-04-10-at-1.19.20-PM-1.jpeg
45326,https://sarveda.com/wp-content/uploads/2025/04/WhatsApp-Image-2025-04-09-at-4.56.23-PM.jpeg,2025/04/WhatsApp-Image-2025-04-09-at-4.56.23-PM.jpeg,https://sarveda.com/wp-content/uploads/2025/04/WhatsApp-Image-2025-04-09-at-4.56.23-PM.jpeg
45328,https://sarveda.com/wp-content/uploads/2025/04/Artboard-1.jpg,2025/04/Artboard-1.jpg,https://sarveda.com/wp-content/uploads/2025/04/Artboard-1.jpg
45329,https://sarveda.com/wp-content/uploads/2025/04/Artboard-1-copy.jpg,2025/04/Artboard-1-copy.jpg,https://sarveda.com/wp-content/uploads/2025/04/Artboard-1-copy.jpg
45330,https://sarveda.com/wp-content/uploads/2025/04/Artboard-1-copy-2.jpg,2025/04/Artboard-1-copy-2.jpg,https://sarveda.com/wp-content/uploads/2025/04/Artboard-1-copy-2.jpg
45332,https://sarveda.com/wp-content/uploads/2025/04/Artboard-1-copy-5-1.jpg,2025/04/Artboard-1-copy-5-1.jpg,https://sarveda.com/wp-content/uploads/2025/04/Artboard-1-copy-5-1.jpg
45333,https://sarveda.com/wp-content/uploads/2025/04/Artboard-1-copy-3.jpg,2025/04/Artboard-1-copy-3.jpg,https://sarveda.com/wp-content/uploads/2025/04/Artboard-1-copy-3.jpg
45335,https://sarveda.com/wp-content/uploads/2025/04/Artboard-1-copy-1.jpg,2025/04/Artboard-1-copy-1.jpg,https://sarveda.com/wp-content/uploads/2025/04/Artboard-1-copy-1.jpg
45336,https://sarveda.com/wp-content/uploads/2025/04/Artboard-1-copy-4.jpg,2025/04/Artboard-1-copy-4.jpg,https://sarveda.com/wp-content/uploads/2025/04/Artboard-1-copy-4.jpg
45337,https://sarveda.com/wp-content/uploads/2025/04/Artboard-1-copy-2-1.jpg,2025/04/Artboard-1-copy-2-1.jpg,https://sarveda.com/wp-content/uploads/2025/04/Artboard-1-copy-2-1.jpg
45340,https://sarveda.com/wp-content/uploads/2025/04/Artboard-1_.jpg,2025/04/Artboard-1_.jpg,https://sarveda.com/wp-content/uploads/2025/04/Artboard-1_.jpg
45341,https://sarveda.com/wp-content/uploads/2025/04/Artboard-1-copy-6.jpg,2025/04/Artboard-1-copy-6.jpg,https://sarveda.com/wp-content/uploads/2025/04/Artboard-1-copy-6.jpg
45342,https://sarveda.com/wp-content/uploads/2025/04/Artboard-1-copy-4-1.jpg,2025/04/Artboard-1-copy-4-1.jpg,https://sarveda.com/wp-content/uploads/2025/04/Artboard-1-copy-4-1.jpg
45343,https://sarveda.com/wp-content/uploads/2025/04/Artboard-1-copy-2-2.jpg,2025/04/Artboard-1-copy-2-2.jpg,https://sarveda.com/wp-content/uploads/2025/04/Artboard-1-copy-2-2.jpg
45366,https://sarveda.com/wp-content/uploads/2025/04/Artboard-1-copy-9.jpg,2025/04/Artboard-1-copy-9.jpg,https://sarveda.com/wp-content/uploads/2025/04/Artboard-1-copy-9.jpg
45367,https://sarveda.com/wp-content/uploads/2025/04/Artboard-1-copy-8-3.jpg,2025/04/Artboard-1-copy-8-3.jpg,https://sarveda.com/wp-content/uploads/2025/04/Artboard-1-copy-8-3.jpg
45368,https://sarveda.com/wp-content/uploads/2025/04/Artboard-1-copy-7-2.jpg,2025/04/Artboard-1-copy-7-2.jpg,https://sarveda.com/wp-content/uploads/2025/04/Artboard-1-copy-7-2.jpg
45369,https://sarveda.com/wp-content/uploads/2025/04/Artboard-1-copy-6-1.jpg,2025/04/Artboard-1-copy-6-1.jpg,https://sarveda.com/wp-content/uploads/2025/04/Artboard-1-copy-6-1.jpg
45370,https://sarveda.com/wp-content/uploads/2025/04/Artboard-1-copy-5-2.jpg,2025/04/Artboard-1-copy-5-2.jpg,https://sarveda.com/wp-content/uploads/2025/04/Artboard-1-copy-5-2.jpg
45375,https://sarveda.com/wp-content/uploads/2025/04/Artboard-1-copy-4-1-1.jpg,2025/04/Artboard-1-copy-4-1-1.jpg,https://sarveda.com/wp-content/uploads/2025/04/Artboard-1-copy-4-1-1.jpg
45377,https://sarveda.com/wp-content/uploads/2023/08/shamanic-drum.jpg,2023/08/shamanic-drum.jpg,https://sarveda.com/wp-content/uploads/2023/08/shamanic-drum.jpg
45378,https://sarveda.com/wp-content/uploads/2023/08/shamanic-drum-1.jpg,2023/08/shamanic-drum-1.jpg,https://sarveda.com/wp-content/uploads/2023/08/shamanic-drum-1.jpg
45379,https://sarveda.com/wp-content/uploads/2023/08/Artboard-2.jpg,2023/08/Artboard-2.jpg,https://sarveda.com/wp-content/uploads/2023/08/Artboard-2.jpg
45381,https://sarveda.com/wp-content/uploads/2025/04/Artboard-1-copy-9-1.jpg,2025/04/Artboard-1-copy-9-1.jpg,https://sarveda.com/wp-content/uploads/2025/04/Artboard-1-copy-9-1.jpg
45382,https://sarveda.com/wp-content/uploads/2025/03/Shruthi-Harmonium-2-audio1-1.mp3,2025/03/Shruthi-Harmonium-2-audio1-1.mp3,https://sarveda.com/wp-content/uploads/2025/03/Shruthi-Harmonium-2-audio1-1.mp3
45385,https://sarveda.com/wp-content/uploads/2025/04/Artboard-1-1.jpg,2025/04/Artboard-1-1.jpg,https://sarveda.com/wp-content/uploads/2025/04/Artboard-1-1.jpg
45386,https://sarveda.com/wp-content/uploads/2025/04/Artboard-1-copy-8-4.jpg,2025/04/Artboard-1-copy-8-4.jpg,https://sarveda.com/wp-content/uploads/2025/04/Artboard-1-copy-8-4.jpg
45387,https://sarveda.com/wp-content/uploads/2025/04/Artboard-1-copy-3-1.jpg,2025/04/Artboard-1-copy-3-1.jpg,https://sarveda.com/wp-content/uploads/2025/04/Artboard-1-copy-3-1.jpg
45388,https://sarveda.com/wp-content/uploads/2025/04/Artboard-1-copy-2-1-1.jpg,2025/04/Artboard-1-copy-2-1-1.jpg,https://sarveda.com/wp-content/uploads/2025/04/Artboard-1-copy-2-1-1.jpg
45389,https://sarveda.com/wp-content/uploads/2025/04/E3-1.jpg,2025/04/E3-1.jpg,https://sarveda.com/wp-content/uploads/2025/04/E3-1.jpg
45390,https://sarveda.com/wp-content/uploads/2025/04/E2.jpg,2025/04/E2.jpg,https://sarveda.com/wp-content/uploads/2025/04/E2.jpg
45391,https://sarveda.com/wp-content/uploads/2025/04/Artboard-1-copy-7-3.jpg,2025/04/Artboard-1-copy-7-3.jpg,https://sarveda.com/wp-content/uploads/2025/04/Artboard-1-copy-7-3.jpg
45392,https://sarveda.com/wp-content/uploads/2025/04/Artboard-1-copy-6-1-1.jpg,2025/04/Artboard-1-copy-6-1-1.jpg,https://sarveda.com/wp-content/uploads/2025/04/Artboard-1-copy-6-1-1.jpg
45393,https://sarveda.com/wp-content/uploads/2025/04/Artboard-1-copy-5-3.jpg,2025/04/Artboard-1-copy-5-3.jpg,https://sarveda.com/wp-content/uploads/2025/04/Artboard-1-copy-5-3.jpg
45403,https://sarveda.com/wp-content/uploads/2023/08/Artboard-1-copy-10.jpg,2023/08/Artboard-1-copy-10.jpg,https://sarveda.com/wp-content/uploads/2023/08/Artboard-1-copy-10.jpg
45404,https://sarveda.com/wp-content/uploads/2023/08/Artboard-1-copy-9-1.jpg,2023/08/Artboard-1-copy-9-1.jpg,https://sarveda.com/wp-content/uploads/2023/08/Artboard-1-copy-9-1.jpg
45405,https://sarveda.com/wp-content/uploads/2023/08/Artboard-1-copy-1.jpg,2023/08/Artboard-1-copy-1.jpg,https://sarveda.com/wp-content/uploads/2023/08/Artboard-1-copy-1.jpg
45406,https://sarveda.com/wp-content/uploads/2023/08/Artboard-1-copy-4-1.jpg,2023/08/Artboard-1-copy-4-1.jpg,https://sarveda.com/wp-content/uploads/2023/08/Artboard-1-copy-4-1.jpg
45407,https://sarveda.com/wp-content/uploads/2023/08/Artboard-1-copy-5.jpg,2023/08/Artboard-1-copy-5.jpg,https://sarveda.com/wp-content/uploads/2023/08/Artboard-1-copy-5.jpg
45408,https://sarveda.com/wp-content/uploads/2023/08/E1.jpg,2023/08/E1.jpg,https://sarveda.com/wp-content/uploads/2023/08/E1.jpg
45409,https://sarveda.com/wp-content/uploads/2023/08/Artboard-1-copy-13.jpg,2023/08/Artboard-1-copy-13.jpg,https://sarveda.com/wp-content/uploads/2023/08/Artboard-1-copy-13.jpg
45410,https://sarveda.com/wp-content/uploads/2023/08/Artboard-1-copy-12.jpg,2023/08/Artboard-1-copy-12.jpg,https://sarveda.com/wp-content/uploads/2023/08/Artboard-1-copy-12.jpg
45411,https://sarveda.com/wp-content/uploads/2023/08/Artboard-1-copy-8.jpg,2023/08/Artboard-1-copy-8.jpg,https://sarveda.com/wp-content/uploads/2023/08/Artboard-1-copy-8.jpg
45426,https://sarveda.com/wp-content/uploads/2024/05/LP-351.jpg,2024/05/LP-351.jpg,https://sarveda.com/wp-content/uploads/2024/05/LP-351.jpg
45427,https://sarveda.com/wp-content/uploads/2024/05/LP-350.jpg,2024/05/LP-350.jpg,https://sarveda.com/wp-content/uploads/2024/05/LP-350.jpg
45428,https://sarveda.com/wp-content/uploads/2024/05/LP-76.jpg,2024/05/LP-76.jpg,https://sarveda.com/wp-content/uploads/2024/05/LP-76.jpg
45429,https://sarveda.com/wp-content/uploads/2024/05/LP-73.jpg,2024/05/LP-73.jpg,https://sarveda.com/wp-content/uploads/2024/05/LP-73.jpg
45430,https://sarveda.com/wp-content/uploads/2024/05/LP-349.jpg,2024/05/LP-349.jpg,https://sarveda.com/wp-content/uploads/2024/05/LP-349.jpg
45431,https://sarveda.com/wp-content/uploads/2024/05/LP-348.jpg,2024/05/LP-348.jpg,https://sarveda.com/wp-content/uploads/2024/05/LP-348.jpg
45432,https://sarveda.com/wp-content/uploads/2024/05/LP-74.jpg,2024/05/LP-74.jpg,https://sarveda.com/wp-content/uploads/2024/05/LP-74.jpg
45455,https://sarveda.com/wp-content/uploads/2025/04/Artboard-1-copy-13-1.jpg,2025/04/Artboard-1-copy-13-1.jpg,https://sarveda.com/wp-content/uploads/2025/04/Artboard-1-copy-13-1.jpg
45456,https://sarveda.com/wp-content/uploads/2025/04/Artboard-1-copy-12-1.jpg,2025/04/Artboard-1-copy-12-1.jpg,https://sarveda.com/wp-content/uploads/2025/04/Artboard-1-copy-12-1.jpg
45457,https://sarveda.com/wp-content/uploads/2025/04/Artboard-1-copy-11-1.jpg,2025/04/Artboard-1-copy-11-1.jpg,https://sarveda.com/wp-content/uploads/2025/04/Artboard-1-copy-11-1.jpg
45458,https://sarveda.com/wp-content/uploads/2025/04/Artboard-1-copy-10.jpg,2025/04/Artboard-1-copy-10.jpg,https://sarveda.com/wp-content/uploads/2025/04/Artboard-1-copy-10.jpg
45459,https://sarveda.com/wp-content/uploads/2025/04/Artboard-1-copy-8-5.jpg,2025/04/Artboard-1-copy-8-5.jpg,https://sarveda.com/wp-content/uploads/2025/04/Artboard-1-copy-8-5.jpg
45460,https://sarveda.com/wp-content/uploads/2025/04/Artboard-1-copy-9-1-1.jpg,2025/04/Artboard-1-copy-9-1-1.jpg,https://sarveda.com/wp-content/uploads/2025/04/Artboard-1-copy-9-1-1.jpg
45461,https://sarveda.com/wp-content/uploads/2025/04/E1.jpg,2025/04/E1.jpg,https://sarveda.com/wp-content/uploads/2025/04/E1.jpg
45462,https://sarveda.com/wp-content/uploads/2025/04/E3-2.jpg,2025/04/E3-2.jpg,https://sarveda.com/wp-content/uploads/2025/04/E3-2.jpg
45463,https://sarveda.com/wp-content/uploads/2025/04/Artboard-1-copy-1-1.jpg,2025/04/Artboard-1-copy-1-1.jpg,https://sarveda.com/wp-content/uploads/2025/04/Artboard-1-copy-1-1.jpg
45464,https://sarveda.com/wp-content/uploads/2025/04/Artboard-1-copy-5-4.jpg,2025/04/Artboard-1-copy-5-4.jpg,https://sarveda.com/wp-content/uploads/2025/04/Artboard-1-copy-5-4.jpg
45465,https://sarveda.com/wp-content/uploads/2025/04/Artboard-1-copy-4-1-2.jpg,2025/04/Artboard-1-copy-4-1-2.jpg,https://sarveda.com/wp-content/uploads/2025/04/Artboard-1-copy-4-1-2.jpg
45466,https://sarveda.com/wp-content/uploads/2025/04/Artboard-1-copy-3-2.jpg,2025/04/Artboard-1-copy-3-2.jpg,https://sarveda.com/wp-content/uploads/2025/04/Artboard-1-copy-3-2.jpg
45467,https://sarveda.com/wp-content/uploads/2025/04/Artboard-1-copy-2-1-2.jpg,2025/04/Artboard-1-copy-2-1-2.jpg,https://sarveda.com/wp-content/uploads/2025/04/Artboard-1-copy-2-1-2.jpg
45470,https://sarveda.com/wp-content/uploads/2025/04/Artboard-1-copy-4-1-3.jpg,2025/04/Artboard-1-copy-4-1-3.jpg,https://sarveda.com/wp-content/uploads/2025/04/Artboard-1-copy-4-1-3.jpg
45471,https://sarveda.com/wp-content/uploads/2025/04/Artboard-1-without-logo.jpg,2025/04/Artboard-1-without-logo.jpg,https://sarveda.com/wp-content/uploads/2025/04/Artboard-1-without-logo.jpg
45472,https://sarveda.com/wp-content/uploads/2025/04/Artboard-1-copy-1-2.jpg,2025/04/Artboard-1-copy-1-2.jpg,https://sarveda.com/wp-content/uploads/2025/04/Artboard-1-copy-1-2.jpg
45474,https://sarveda.com/wp-content/uploads/2025/04/Artboard-1-copy-2-1-3.jpg,2025/04/Artboard-1-copy-2-1-3.jpg,https://sarveda.com/wp-content/uploads/2025/04/Artboard-1-copy-2-1-3.jpg
45475,https://sarveda.com/wp-content/uploads/2025/04/Artboard-1-copy-4-1-4.jpg,2025/04/Artboard-1-copy-4-1-4.jpg,https://sarveda.com/wp-content/uploads/2025/04/Artboard-1-copy-4-1-4.jpg
45476,https://sarveda.com/wp-content/uploads/2025/04/Artboard-1-without-logo-1.jpg,2025/04/Artboard-1-without-logo-1.jpg,https://sarveda.com/wp-content/uploads/2025/04/Artboard-1-without-logo-1.jpg
45480,https://sarveda.com/wp-content/uploads/2025/04/Artboard-1-copy-3-3.jpg,2025/04/Artboard-1-copy-3-3.jpg,https://sarveda.com/wp-content/uploads/2025/04/Artboard-1-copy-3-3.jpg
45481,https://sarveda.com/wp-content/uploads/2025/04/Artboard-1-copy-4-1-5.jpg,2025/04/Artboard-1-copy-4-1-5.jpg,https://sarveda.com/wp-content/uploads/2025/04/Artboard-1-copy-4-1-5.jpg
45482,https://sarveda.com/wp-content/uploads/2025/04/Artboard-1-without-logo-2.jpg,2025/04/Artboard-1-without-logo-2.jpg,https://sarveda.com/wp-content/uploads/2025/04/Artboard-1-without-logo-2.jpg
45494,https://sarveda.com/wp-content/uploads/2025/04/Artboard-1-2.jpg,2025/04/Artboard-1-2.jpg,https://sarveda.com/wp-content/uploads/2025/04/Artboard-1-2.jpg
45495,https://sarveda.com/wp-content/uploads/2025/04/Artboard-1-copy-1-3.jpg,2025/04/Artboard-1-copy-1-3.jpg,https://sarveda.com/wp-content/uploads/2025/04/Artboard-1-copy-1-3.jpg
45496,https://sarveda.com/wp-content/uploads/2025/04/Artboard-1-copy-11-2.jpg,2025/04/Artboard-1-copy-11-2.jpg,https://sarveda.com/wp-content/uploads/2025/04/Artboard-1-copy-11-2.jpg
45497,https://sarveda.com/wp-content/uploads/2025/04/Artboard-1-copy-10-1.jpg,2025/04/Artboard-1-copy-10-1.jpg,https://sarveda.com/wp-content/uploads/2025/04/Artboard-1-copy-10-1.jpg
45498,https://sarveda.com/wp-content/uploads/2025/04/Artboard-1-copy-9-1-2.jpg,2025/04/Artboard-1-copy-9-1-2.jpg,https://sarveda.com/wp-content/uploads/2025/04/Artboard-1-copy-9-1-2.jpg
45499,https://sarveda.com/wp-content/uploads/2025/04/Artboard-1-copy-8-6.jpg,2025/04/Artboard-1-copy-8-6.jpg,https://sarveda.com/wp-content/uploads/2025/04/Artboard-1-copy-8-6.jpg
45500,https://sarveda.com/wp-content/uploads/2025/04/Artboard-1-copy-7-4.jpg,2025/04/Artboard-1-copy-7-4.jpg,https://sarveda.com/wp-content/uploads/2025/04/Artboard-1-copy-7-4.jpg
45501,https://sarveda.com/wp-content/uploads/2025/04/Artboard-1-copy-6-1-2.jpg,2025/04/Artboard-1-copy-6-1-2.jpg,https://sarveda.com/wp-content/uploads/2025/04/Artboard-1-copy-6-1-2.jpg
45502,https://sarveda.com/wp-content/uploads/2025/04/Artboard-1-copy-5-5.jpg,2025/04/Artboard-1-copy-5-5.jpg,https://sarveda.com/wp-content/uploads/2025/04/Artboard-1-copy-5-5.jpg
45503,https://sarveda.com/wp-content/uploads/2025/04/Artboard-1-copy-4-1-6.jpg,2025/04/Artboard-1-copy-4-1-6.jpg,https://sarveda.com/wp-content/uploads/2025/04/Artboard-1-copy-4-1-6.jpg
45504,https://sarveda.com/wp-content/uploads/2025/04/Artboard-1-copy-3-4.jpg,2025/04/Artboard-1-copy-3-4.jpg,https://sarveda.com/wp-content/uploads/2025/04/Artboard-1-copy-3-4.jpg
45515,https://sarveda.com/wp-content/uploads/2025/04/root-bowl.jpg,2025/04/root-bowl.jpg,https://sarveda.com/wp-content/uploads/2025/04/root-bowl.jpg
45516,https://sarveda.com/wp-content/uploads/2025/04/heart-bowl.jpg,2025/04/heart-bowl.jpg,https://sarveda.com/wp-content/uploads/2025/04/heart-bowl.jpg
45517,https://sarveda.com/wp-content/uploads/2025/04/third-eye.jpg,2025/04/third-eye.jpg,https://sarveda.com/wp-content/uploads/2025/04/third-eye.jpg
45529,https://sarveda.com/wp-content/uploads/2025/04/Artboard-1-3.jpg,2025/04/Artboard-1-3.jpg,https://sarveda.com/wp-content/uploads/2025/04/Artboard-1-3.jpg
45530,https://sarveda.com/wp-content/uploads/2025/04/Artboard-1-copy-1-4.jpg,2025/04/Artboard-1-copy-1-4.jpg,https://sarveda.com/wp-content/uploads/2025/04/Artboard-1-copy-1-4.jpg
45534,https://sarveda.com/wp-content/uploads/2025/04/Surreal-Flower-Grass-Image-Enhanced.jpg,2025/04/Surreal-Flower-Grass-Image-Enhanced.jpg,https://sarveda.com/wp-content/uploads/2025/04/Surreal-Flower-Grass-Image-Enhanced.jpg
45535,https://sarveda.com/wp-content/uploads/2025/04/DSCF2282.jpg,2025/04/DSCF2282.jpg,https://sarveda.com/wp-content/uploads/2025/04/DSCF2282.jpg
45536,https://sarveda.com/wp-content/uploads/2025/04/DSCF2257.jpg,2025/04/DSCF2257.jpg,https://sarveda.com/wp-content/uploads/2025/04/DSCF2257.jpg
45537,https://sarveda.com/wp-content/uploads/2025/04/DSCF2224.jpg,2025/04/DSCF2224.jpg,https://sarveda.com/wp-content/uploads/2025/04/DSCF2224.jpg
45538,https://sarveda.com/wp-content/uploads/2025/04/DSCF2185.jpg,2025/04/DSCF2185.jpg,https://sarveda.com/wp-content/uploads/2025/04/DSCF2185.jpg
45539,https://sarveda.com/wp-content/uploads/2025/04/DSCF2177.jpg,2025/04/DSCF2177.jpg,https://sarveda.com/wp-content/uploads/2025/04/DSCF2177.jpg
45540,https://sarveda.com/wp-content/uploads/2025/04/DSCF2125.jpg,2025/04/DSCF2125.jpg,https://sarveda.com/wp-content/uploads/2025/04/DSCF2125.jpg
45541,https://sarveda.com/wp-content/uploads/2025/04/DSCF2061.jpg,2025/04/DSCF2061.jpg,https://sarveda.com/wp-content/uploads/2025/04/DSCF2061.jpg
45542,https://sarveda.com/wp-content/uploads/2025/04/DSCF2011.jpg,2025/04/DSCF2011.jpg,https://sarveda.com/wp-content/uploads/2025/04/DSCF2011.jpg
45546,https://sarveda.com/wp-content/uploads/2025/04/A2.mp3,2025/04/A2.mp3,https://sarveda.com/wp-content/uploads/2025/04/A2.mp3
45547,https://sarveda.com/wp-content/uploads/2025/04/A3.mp3,2025/04/A3.mp3,https://sarveda.com/wp-content/uploads/2025/04/A3.mp3
45548,https://sarveda.com/wp-content/uploads/2025/04/F3-2.mp3,2025/04/F3-2.mp3,https://sarveda.com/wp-content/uploads/2025/04/F3-2.mp3
45549,https://sarveda.com/wp-content/uploads/2025/04/C3.mp3,2025/04/C3.mp3,https://sarveda.com/wp-content/uploads/2025/04/C3.mp3
45551,https://sarveda.com/wp-content/uploads/2025/04/Sound-Pipe-432.mp3,2025/04/Sound-Pipe-432.mp3,https://sarveda.com/wp-content/uploads/2025/04/Sound-Pipe-432.mp3
45552,https://sarveda.com/wp-content/uploads/2025/04/Artboard-1-f.jpg,2025/04/Artboard-1-f.jpg,https://sarveda.com/wp-content/uploads/2025/04/Artboard-1-f.jpg
45553,https://sarveda.com/wp-content/uploads/2025/04/Artboard-1-f-1.jpg,2025/04/Artboard-1-f-1.jpg,https://sarveda.com/wp-content/uploads/2025/04/Artboard-1-f-1.jpg
45554,https://sarveda.com/wp-content/uploads/2025/04/Artboard-1-4.jpg,2025/04/Artboard-1-4.jpg,https://sarveda.com/wp-content/uploads/2025/04/Artboard-1-4.jpg
45555,https://sarveda.com/wp-content/uploads/2025/04/Shruthi-plate-G.mp3,2025/04/Shruthi-plate-G.mp3,https://sarveda.com/wp-content/uploads/2025/04/Shruthi-plate-G.mp3
45556,https://sarveda.com/wp-content/uploads/2025/04/shruthi-plate-D.mp3,2025/04/shruthi-plate-D.mp3,https://sarveda.com/wp-content/uploads/2025/04/shruthi-plate-D.mp3
45557,https://sarveda.com/wp-content/uploads/2025/04/Shruthi-plate-C.mp3,2025/04/Shruthi-plate-C.mp3,https://sarveda.com/wp-content/uploads/2025/04/Shruthi-plate-C.mp3
45558,https://sarveda.com/wp-content/uploads/2025/04/Shruthi-plate-B.mp3,2025/04/Shruthi-plate-B.mp3,https://sarveda.com/wp-content/uploads/2025/04/Shruthi-plate-B.mp3
45559,https://sarveda.com/wp-content/uploads/2025/04/shruthi-plate-A.mp3,2025/04/shruthi-plate-A.mp3,https://sarveda.com/wp-content/uploads/2025/04/shruthi-plate-A.mp3
45560,https://sarveda.com/wp-content/uploads/2025/04/Shruthi-plate-F.mp3,2025/04/Shruthi-plate-F.mp3,https://sarveda.com/wp-content/uploads/2025/04/Shruthi-plate-F.mp3
45561,https://sarveda.com/wp-content/uploads/2025/04/Shruthi-plate-E.mp3,2025/04/Shruthi-plate-E.mp3,https://sarveda.com/wp-content/uploads/2025/04/Shruthi-plate-E.mp3
45562,https://sarveda.com/wp-content/uploads/2025/04/CFA-with-Universal.mp3,2025/04/CFA-with-Universal.mp3,https://sarveda.com/wp-content/uploads/2025/04/CFA-with-Universal.mp3
45563,https://sarveda.com/wp-content/uploads/2025/04/CFA.mp3,2025/04/CFA.mp3,https://sarveda.com/wp-content/uploads/2025/04/CFA.mp3
45569,https://sarveda.com/wp-content/uploads/2024/05/ocean-drum-35.mp3,2024/05/ocean-drum-35.mp3,https://sarveda.com/wp-content/uploads/2024/05/ocean-drum-35.mp3
45572,https://sarveda.com/wp-content/uploads/2025/04/thanpura.mp3,2025/04/thanpura.mp3,https://sarveda.com/wp-content/uploads/2025/04/thanpura.mp3
45573,https://sarveda.com/wp-content/uploads/2025/03/Octave-3-set-1.mp3,2025/03/Octave-3-set-1.mp3,https://sarveda.com/wp-content/uploads/2025/03/Octave-3-set-1.mp3
45576,https://sarveda.com/wp-content/uploads/2025/04/Head-Bowl.mp3,2025/04/Head-Bowl.mp3,https://sarveda.com/wp-content/uploads/2025/04/Head-Bowl.mp3
45581,https://sarveda.com/wp-content/uploads/2025/04/WhatsApp-Image-2025-04-28-at-7.28.22-PM.jpeg,2025/04/WhatsApp-Image-2025-04-28-at-7.28.22-PM.jpeg,https://sarveda.com/wp-content/uploads/2025/04/WhatsApp-Image-2025-04-28-at-7.28.22-PM.jpeg
45582,https://sarveda.com/wp-content/uploads/2025/04/WhatsApp-Image-2025-04-25-at-6.12.14-PM.jpeg,2025/04/WhatsApp-Image-2025-04-25-at-6.12.14-PM-e1745901992867.jpeg,https://sarveda.com/wp-content/uploads/2025/04/WhatsApp-Image-2025-04-25-at-6.12.14-PM-e1745901992867.jpeg
45587,https://sarveda.com/wp-content/uploads/2025/04/WhatsApp-Audio-2025-04-28-at-06.04.06.mp4,2025/04/WhatsApp-Audio-2025-04-28-at-06.04.06.mp4,https://sarveda.com/wp-content/uploads/2025/04/WhatsApp-Audio-2025-04-28-at-06.04.06.mp4
45588,https://sarveda.com/wp-content/uploads/2025/04/WhatsApp-Audio-2025-04-28-at-06.04.53.mp4,2025/04/WhatsApp-Audio-2025-04-28-at-06.04.53.mp4,https://sarveda.com/wp-content/uploads/2025/04/WhatsApp-Audio-2025-04-28-at-06.04.53.mp4
45589,https://sarveda.com/wp-content/uploads/2025/04/WhatsApp-Audio-2025-04-28-at-06.05.18.mp4,2025/04/WhatsApp-Audio-2025-04-28-at-06.05.18.mp4,https://sarveda.com/wp-content/uploads/2025/04/WhatsApp-Audio-2025-04-28-at-06.05.18.mp4
45590,https://sarveda.com/wp-content/uploads/2025/04/WhatsApp-Audio-2025-04-28-at-06.05.36.mp4,2025/04/WhatsApp-Audio-2025-04-28-at-06.05.36.mp4,https://sarveda.com/wp-content/uploads/2025/04/WhatsApp-Audio-2025-04-28-at-06.05.36.mp4
45600,https://sarveda.com/wp-content/uploads/2025/04/Artboard-1-copy-6-2.jpg,2025/04/Artboard-1-copy-6-2.jpg,https://sarveda.com/wp-content/uploads/2025/04/Artboard-1-copy-6-2.jpg
45601,https://sarveda.com/wp-content/uploads/2025/04/Artboard-1-copy-3-5.jpg,2025/04/Artboard-1-copy-3-5.jpg,https://sarveda.com/wp-content/uploads/2025/04/Artboard-1-copy-3-5.jpg
45602,https://sarveda.com/wp-content/uploads/2025/04/Artboard-1-copy-5-6.jpg,2025/04/Artboard-1-copy-5-6.jpg,https://sarveda.com/wp-content/uploads/2025/04/Artboard-1-copy-5-6.jpg
45603,https://sarveda.com/wp-content/uploads/2023/08/Artboard-1-copy-14-1.jpg,2023/08/Artboard-1-copy-14-1.jpg,https://sarveda.com/wp-content/uploads/2023/08/Artboard-1-copy-14-1.jpg
45605,https://sarveda.com/wp-content/uploads/2025/04/Artboard-1-copy-2-3.jpg,2025/04/Artboard-1-copy-2-3.jpg,https://sarveda.com/wp-content/uploads/2025/04/Artboard-1-copy-2-3.jpg
45607,https://sarveda.com/wp-content/uploads/2023/02/Artboard-1-copy-4-1.jpg,2023/02/Artboard-1-copy-4-1.jpg,https://sarveda.com/wp-content/uploads/2023/02/Artboard-1-copy-4-1.jpg
45608,https://sarveda.com/wp-content/uploads/2024/05/Artboard-1-copy-9.jpg,2024/05/Artboard-1-copy-9.jpg,https://sarveda.com/wp-content/uploads/2024/05/Artboard-1-copy-9.jpg
45609,https://sarveda.com/wp-content/uploads/2025/04/Artboard-1-copy-6-3.jpg,2025/04/Artboard-1-copy-6-3.jpg,https://sarveda.com/wp-content/uploads/2025/04/Artboard-1-copy-6-3.jpg
45610,https://sarveda.com/wp-content/uploads/2025/04/Artboard-1-copy-10-2.jpg,2025/04/Artboard-1-copy-10-2.jpg,https://sarveda.com/wp-content/uploads/2025/04/Artboard-1-copy-10-2.jpg
45611,https://sarveda.com/wp-content/uploads/2025/04/Artboard-1-copy-10-3.jpg,2025/04/Artboard-1-copy-10-3.jpg,https://sarveda.com/wp-content/uploads/2025/04/Artboard-1-copy-10-3.jpg
45612,https://sarveda.com/wp-content/uploads/2025/04/Artboard-1-copy-11-3.jpg,2025/04/Artboard-1-copy-11-3.jpg,https://sarveda.com/wp-content/uploads/2025/04/Artboard-1-copy-11-3.jpg
45613,https://sarveda.com/wp-content/uploads/2025/04/Artboard-1-copy-12-2.jpg,2025/04/Artboard-1-copy-12-2.jpg,https://sarveda.com/wp-content/uploads/2025/04/Artboard-1-copy-12-2.jpg
45620,https://sarveda.com/wp-content/uploads/2025/04/Artboard-1-copy-7-5.jpg,2025/04/Artboard-1-copy-7-5.jpg,https://sarveda.com/wp-content/uploads/2025/04/Artboard-1-copy-7-5.jpg
45644,https://sarveda.com/wp-content/uploads/2024/05/Artboard-1-copy-11.jpg,2024/05/Artboard-1-copy-11.jpg,https://sarveda.com/wp-content/uploads/2024/05/Artboard-1-copy-11.jpg
45647,https://sarveda.com/wp-content/uploads/2023/08/Tambourine-1.jpg,2023/08/Tambourine-1.jpg,https://sarveda.com/wp-content/uploads/2023/08/Tambourine-1.jpg
45652,https://sarveda.com/wp-content/uploads/2023/08/Coconut-Maracas-Shakers-1.jpg,2023/08/Coconut-Maracas-Shakers-1.jpg,https://sarveda.com/wp-content/uploads/2023/08/Coconut-Maracas-Shakers-1.jpg
45655,https://sarveda.com/wp-content/uploads/2025/05/Artboard-1-copy-6.jpg,2025/05/Artboard-1-copy-6.jpg,https://sarveda.com/wp-content/uploads/2025/05/Artboard-1-copy-6.jpg
45656,https://sarveda.com/wp-content/uploads/2025/05/Artboard-1-copy-5.jpg,2025/05/Artboard-1-copy-5.jpg,https://sarveda.com/wp-content/uploads/2025/05/Artboard-1-copy-5.jpg
45657,https://sarveda.com/wp-content/uploads/2025/05/Artboard-1-copy-4.jpg,2025/05/Artboard-1-copy-4.jpg,https://sarveda.com/wp-content/uploads/2025/05/Artboard-1-copy-4.jpg
45658,https://sarveda.com/wp-content/uploads/2025/05/Artboard-1-copy.jpg,2025/05/Artboard-1-copy.jpg,https://sarveda.com/wp-content/uploads/2025/05/Artboard-1-copy.jpg
45659,https://sarveda.com/wp-content/uploads/2025/05/Artboard-1-copy-3.jpg,2025/05/Artboard-1-copy-3.jpg,https://sarveda.com/wp-content/uploads/2025/05/Artboard-1-copy-3.jpg
45660,https://sarveda.com/wp-content/uploads/2025/05/Artboard-1-copy-2.jpg,2025/05/Artboard-1-copy-2.jpg,https://sarveda.com/wp-content/uploads/2025/05/Artboard-1-copy-2.jpg
45662,https://sarveda.com/wp-content/uploads/2025/05/Artboard-1.jpg,2025/05/Artboard-1.jpg,https://sarveda.com/wp-content/uploads/2025/05/Artboard-1.jpg
45663,https://sarveda.com/wp-content/uploads/2025/05/Artboard-1-copy-5-1.jpg,2025/05/Artboard-1-copy-5-1.jpg,https://sarveda.com/wp-content/uploads/2025/05/Artboard-1-copy-5-1.jpg
45664,https://sarveda.com/wp-content/uploads/2025/05/Artboard-1-copy-4-1.jpg,2025/05/Artboard-1-copy-4-1.jpg,https://sarveda.com/wp-content/uploads/2025/05/Artboard-1-copy-4-1.jpg
45665,https://sarveda.com/wp-content/uploads/2025/05/Artboard-1-copy-3-1.jpg,2025/05/Artboard-1-copy-3-1.jpg,https://sarveda.com/wp-content/uploads/2025/05/Artboard-1-copy-3-1.jpg
45669,https://sarveda.com/wp-content/uploads/2025/05/third-eye.jpg,2025/05/third-eye.jpg,https://sarveda.com/wp-content/uploads/2025/05/third-eye.jpg
45670,https://sarveda.com/wp-content/uploads/2025/05/root-bowl.jpg,2025/05/root-bowl.jpg,https://sarveda.com/wp-content/uploads/2025/05/root-bowl.jpg
45671,https://sarveda.com/wp-content/uploads/2025/05/heart-bowl.jpg,2025/05/heart-bowl.jpg,https://sarveda.com/wp-content/uploads/2025/05/heart-bowl.jpg
45672,https://sarveda.com/wp-content/uploads/2025/05/Artboard-1-without-logo.jpg,2025/05/Artboard-1-without-logo.jpg,https://sarveda.com/wp-content/uploads/2025/05/Artboard-1-without-logo.jpg
45673,https://sarveda.com/wp-content/uploads/2025/05/Artboard-1-copy-1.jpg,2025/05/Artboard-1-copy-1.jpg,https://sarveda.com/wp-content/uploads/2025/05/Artboard-1-copy-1.jpg
45674,https://sarveda.com/wp-content/uploads/2025/05/Artboard-1-copy-4-2.jpg,2025/05/Artboard-1-copy-4-2.jpg,https://sarveda.com/wp-content/uploads/2025/05/Artboard-1-copy-4-2.jpg
45675,https://sarveda.com/wp-content/uploads/2025/05/Artboard-1-copy-3-2.jpg,2025/05/Artboard-1-copy-3-2.jpg,https://sarveda.com/wp-content/uploads/2025/05/Artboard-1-copy-3-2.jpg
45676,https://sarveda.com/wp-content/uploads/2025/05/Artboard-1-copy-2-1.jpg,2025/05/Artboard-1-copy-2-1.jpg,https://sarveda.com/wp-content/uploads/2025/05/Artboard-1-copy-2-1.jpg
45683,https://sarveda.com/wp-content/uploads/2025/05/Artboard-1-copy-4-3.jpg,2025/05/Artboard-1-copy-4-3.jpg,https://sarveda.com/wp-content/uploads/2025/05/Artboard-1-copy-4-3.jpg
45684,https://sarveda.com/wp-content/uploads/2025/05/Artboard-1-copy-5-2.jpg,2025/05/Artboard-1-copy-5-2.jpg,https://sarveda.com/wp-content/uploads/2025/05/Artboard-1-copy-5-2.jpg
45685,https://sarveda.com/wp-content/uploads/2025/05/Artboard-1-copy-21.jpg,2025/05/Artboard-1-copy-21.jpg,https://sarveda.com/wp-content/uploads/2025/05/Artboard-1-copy-21.jpg
45686,https://sarveda.com/wp-content/uploads/2025/05/Artboard-1-copy-20.jpg,2025/05/Artboard-1-copy-20.jpg,https://sarveda.com/wp-content/uploads/2025/05/Artboard-1-copy-20.jpg
45720,https://sarveda.com/wp-content/uploads/2024/01/Artboard-1.jpg,2024/01/Artboard-1.jpg,https://sarveda.com/wp-content/uploads/2024/01/Artboard-1.jpg
45721,https://sarveda.com/wp-content/uploads/2024/01/Artboard-1-copy-3.jpg,2024/01/Artboard-1-copy-3.jpg,https://sarveda.com/wp-content/uploads/2024/01/Artboard-1-copy-3.jpg
45723,https://sarveda.com/wp-content/uploads/2024/01/plain-gong.jpg,2024/01/plain-gong.jpg,https://sarveda.com/wp-content/uploads/2024/01/plain-gong.jpg
45747,https://sarveda.com/wp-content/uploads/2023/02/Artboard-1-1.jpg,2023/02/Artboard-1-1.jpg,https://sarveda.com/wp-content/uploads/2023/02/Artboard-1-1.jpg
45756,https://sarveda.com/wp-content/uploads/2025/05/Bird-Flute_3.jpg,2025/05/Bird-Flute_3.jpg,https://sarveda.com/wp-content/uploads/2025/05/Bird-Flute_3.jpg
45757,https://sarveda.com/wp-content/uploads/2025/05/Bird-Flute_2.jpg,2025/05/Bird-Flute_2.jpg,https://sarveda.com/wp-content/uploads/2025/05/Bird-Flute_2.jpg
45758,https://sarveda.com/wp-content/uploads/2025/05/Bird-Flute_1.jpg,2025/05/Bird-Flute_1.jpg,https://sarveda.com/wp-content/uploads/2025/05/Bird-Flute_1.jpg
45773,https://sarveda.com/wp-content/uploads/2024/05/Artboard-1-copy-11-1.jpg,2024/05/Artboard-1-copy-11-1.jpg,https://sarveda.com/wp-content/uploads/2024/05/Artboard-1-copy-11-1.jpg
45774,https://sarveda.com/wp-content/uploads/2023/08/Artboard-1.jpg,2023/08/Artboard-1.jpg,https://sarveda.com/wp-content/uploads/2023/08/Artboard-1.jpg
45775,https://sarveda.com/wp-content/uploads/2023/08/Artboard-1-copy.jpg,2023/08/Artboard-1-copy.jpg,https://sarveda.com/wp-content/uploads/2023/08/Artboard-1-copy.jpg
45776,https://sarveda.com/wp-content/uploads/2023/08/Artboard-1-copy-2.jpg,2023/08/Artboard-1-copy-2.jpg,https://sarveda.com/wp-content/uploads/2023/08/Artboard-1-copy-2.jpg
45777,https://sarveda.com/wp-content/uploads/2025/05/Artboard-1-copy-6-1.jpg,2025/05/Artboard-1-copy-6-1.jpg,https://sarveda.com/wp-content/uploads/2025/05/Artboard-1-copy-6-1.jpg
45914,https://sarveda.com/wp-content/uploads/2023/08/Bar-Chime_2-1.jpg,2023/08/Bar-Chime_2-1.jpg,https://sarveda.com/wp-content/uploads/2023/08/Bar-Chime_2-1.jpg
45915,https://sarveda.com/wp-content/uploads/2023/08/Bar-Chime_3-1.jpg,2023/08/Bar-Chime_3-1.jpg,https://sarveda.com/wp-content/uploads/2023/08/Bar-Chime_3-1.jpg
45916,https://sarveda.com/wp-content/uploads/2023/08/Bar-Chime_5-1.jpg,2023/08/Bar-Chime_5-1.jpg,https://sarveda.com/wp-content/uploads/2023/08/Bar-Chime_5-1.jpg
45949,https://sarveda.com/wp-content/uploads/2023/08/Macrame-Yoga-Straps.jpg,2023/08/Macrame-Yoga-Straps.jpg,https://sarveda.com/wp-content/uploads/2023/08/Macrame-Yoga-Straps.jpg
45950,https://sarveda.com/wp-content/uploads/2024/05/Artboard-1-1.jpg,2024/05/Artboard-1-1.jpg,https://sarveda.com/wp-content/uploads/2024/05/Artboard-1-1.jpg
45951,https://sarveda.com/wp-content/uploads/2024/05/Artboard-1-copy-1-1.jpg,2024/05/Artboard-1-copy-1-1.jpg,https://sarveda.com/wp-content/uploads/2024/05/Artboard-1-copy-1-1.jpg
45955,https://sarveda.com/wp-content/uploads/2022/12/copper11-1.png,2022/12/copper11-1.png,https://sarveda.com/wp-content/uploads/2022/12/copper11-1.png
45956,https://sarveda.com/wp-content/uploads/2022/12/WhatsApp-Image-2022-12-06-at-12.44.22-PM-1.jpeg,2022/12/WhatsApp-Image-2022-12-06-at-12.44.22-PM-1.jpeg,https://sarveda.com/wp-content/uploads/2022/12/WhatsApp-Image-2022-12-06-at-12.44.22-PM-1.jpeg
45957,https://sarveda.com/wp-content/uploads/2022/12/WhatsApp-Image-2022-12-06-at-12.44.21-PM-1.jpeg,2022/12/WhatsApp-Image-2022-12-06-at-12.44.21-PM-1.jpeg,https://sarveda.com/wp-content/uploads/2022/12/WhatsApp-Image-2022-12-06-at-12.44.21-PM-1.jpeg
45958,https://sarveda.com/wp-content/uploads/2022/12/WhatsApp-Image-2022-12-06-at-12.43.38-PM-1.jpeg,2022/12/WhatsApp-Image-2022-12-06-at-12.43.38-PM-1.jpeg,https://sarveda.com/wp-content/uploads/2022/12/WhatsApp-Image-2022-12-06-at-12.43.38-PM-1.jpeg
45959,https://sarveda.com/wp-content/uploads/2022/12/WhatsApp-Image-2022-12-01-at-12.30.50-PM-1.jpeg,2022/12/WhatsApp-Image-2022-12-01-at-12.30.50-PM-1.jpeg,https://sarveda.com/wp-content/uploads/2022/12/WhatsApp-Image-2022-12-01-at-12.30.50-PM-1.jpeg
45960,https://sarveda.com/wp-content/uploads/2022/12/WhatsApp-Image-2022-12-01-at-12.30.51-PM-2.jpeg,2022/12/WhatsApp-Image-2022-12-01-at-12.30.51-PM-2.jpeg,https://sarveda.com/wp-content/uploads/2022/12/WhatsApp-Image-2022-12-01-at-12.30.51-PM-2.jpeg
45961,https://sarveda.com/wp-content/uploads/2022/12/WhatsApp-Image-2022-12-01-at-12.30.51-PM-1-1.jpeg,2022/12/WhatsApp-Image-2022-12-01-at-12.30.51-PM-1-1.jpeg,https://sarveda.com/wp-content/uploads/2022/12/WhatsApp-Image-2022-12-01-at-12.30.51-PM-1-1.jpeg
45962,https://sarveda.com/wp-content/uploads/2022/12/IMG9668-scaled-1.jpg,2022/12/IMG9668-scaled-1.jpg,https://sarveda.com/wp-content/uploads/2022/12/IMG9668-scaled-1.jpg
46007,https://sarveda.com/wp-content/uploads/2023/08/Macrame-Yoga-Straps-600x600-1.jpg,2023/08/Macrame-Yoga-Straps-600x600-1.jpg,https://sarveda.com/wp-content/uploads/2023/08/Macrame-Yoga-Straps-600x600-1.jpg
46200,https://sarveda.com/wp-content/uploads/2025/06/IMG-2308-100x100-1.jpg,2025/06/IMG-2308-100x100-1.jpg,https://sarveda.com/wp-content/uploads/2025/06/IMG-2308-100x100-1.jpg
46201,https://sarveda.com/wp-content/uploads/2025/06/IMG-2330-100x100-1.jpg,2025/06/IMG-2330-100x100-1.jpg,https://sarveda.com/wp-content/uploads/2025/06/IMG-2330-100x100-1.jpg
46202,https://sarveda.com/wp-content/uploads/2025/06/IMG-2345-100x100-1.jpg,2025/06/IMG-2345-100x100-1.jpg,https://sarveda.com/wp-content/uploads/2025/06/IMG-2345-100x100-1.jpg
46203,https://sarveda.com/wp-content/uploads/2025/06/IMG-2300-100x100-1.jpg,2025/06/IMG-2300-100x100-1.jpg,https://sarveda.com/wp-content/uploads/2025/06/IMG-2300-100x100-1.jpg
46204,https://sarveda.com/wp-content/uploads/2025/06/Yoga-Mat_Card_6-100x100-1.jpg,2025/06/Yoga-Mat_Card_6-100x100-1.jpg,https://sarveda.com/wp-content/uploads/2025/06/Yoga-Mat_Card_6-100x100-1.jpg
46205,https://sarveda.com/wp-content/uploads/2025/06/Yoga-Mat_Card_5-3-100x100-1.jpg,2025/06/Yoga-Mat_Card_5-3-100x100-1.jpg,https://sarveda.com/wp-content/uploads/2025/06/Yoga-Mat_Card_5-3-100x100-1.jpg
46206,https://sarveda.com/wp-content/uploads/2025/06/Yoga-Mat_Card_4-3-100x100-1.jpg,2025/06/Yoga-Mat_Card_4-3-100x100-1.jpg,https://sarveda.com/wp-content/uploads/2025/06/Yoga-Mat_Card_4-3-100x100-1.jpg
46207,https://sarveda.com/wp-content/uploads/2025/06/Yoga-Mat_Card_3-2-100x100-1.jpg,2025/06/Yoga-Mat_Card_3-2-100x100-1.jpg,https://sarveda.com/wp-content/uploads/2025/06/Yoga-Mat_Card_3-2-100x100-1.jpg
46208,https://sarveda.com/wp-content/uploads/2025/06/Yoga-Mat_Card_2-3-1-100x100-1.jpg,2025/06/Yoga-Mat_Card_2-3-1-100x100-1.jpg,https://sarveda.com/wp-content/uploads/2025/06/Yoga-Mat_Card_2-3-1-100x100-1.jpg
46209,https://sarveda.com/wp-content/uploads/2025/06/Yoga-Mat_Card_1-3-100x100-1.jpg,2025/06/Yoga-Mat_Card_1-3-100x100-1.jpg,https://sarveda.com/wp-content/uploads/2025/06/Yoga-Mat_Card_1-3-100x100-1.jpg
46210,https://sarveda.com/wp-content/uploads/2025/06/23-100x100-1.jpg,2025/06/23-100x100-1.jpg,https://sarveda.com/wp-content/uploads/2025/06/23-100x100-1.jpg
46211,https://sarveda.com/wp-content/uploads/2025/06/32-100x100-1.jpg,2025/06/32-100x100-1.jpg,https://sarveda.com/wp-content/uploads/2025/06/32-100x100-1.jpg
46212,https://sarveda.com/wp-content/uploads/2025/06/Artboard-1.jpg,2025/06/Artboard-1.jpg,https://sarveda.com/wp-content/uploads/2025/06/Artboard-1.jpg
46214,https://sarveda.com/wp-content/uploads/2025/06/Artboard-1-copy-1.jpg,2025/06/Artboard-1-copy-1.jpg,https://sarveda.com/wp-content/uploads/2025/06/Artboard-1-copy-1.jpg
46215,https://sarveda.com/wp-content/uploads/2025/06/Artboard-1-copy-1-1.jpg,2025/06/Artboard-1-copy-1-1.jpg,https://sarveda.com/wp-content/uploads/2025/06/Artboard-1-copy-1-1.jpg
46216,https://sarveda.com/wp-content/uploads/2025/06/Artboard-1-copy-4-1.jpg,2025/06/Artboard-1-copy-4-1.jpg,https://sarveda.com/wp-content/uploads/2025/06/Artboard-1-copy-4-1.jpg
46217,https://sarveda.com/wp-content/uploads/2025/06/Artboard-1-copy-3.jpg,2025/06/Artboard-1-copy-3.jpg,https://sarveda.com/wp-content/uploads/2025/06/Artboard-1-copy-3.jpg
46218,https://sarveda.com/wp-content/uploads/2025/06/Artboard-1-copy-2-1.jpg,2025/06/Artboard-1-copy-2-1.jpg,https://sarveda.com/wp-content/uploads/2025/06/Artboard-1-copy-2-1.jpg
46249,https://sarveda.com/wp-content/uploads/2025/06/Artboard-1-1.jpg,2025/06/Artboard-1-1.jpg,https://sarveda.com/wp-content/uploads/2025/06/Artboard-1-1.jpg
46250,https://sarveda.com/wp-content/uploads/2025/06/Artboard-1-copy-1-2.jpg,2025/06/Artboard-1-copy-1-2.jpg,https://sarveda.com/wp-content/uploads/2025/06/Artboard-1-copy-1-2.jpg
46251,https://sarveda.com/wp-content/uploads/2025/06/Artboard-1-copy-3-1.jpg,2025/06/Artboard-1-copy-3-1.jpg,https://sarveda.com/wp-content/uploads/2025/06/Artboard-1-copy-3-1.jpg
46252,https://sarveda.com/wp-content/uploads/2025/06/Artboard-1-copy-2-1-1.jpg,2025/06/Artboard-1-copy-2-1-1.jpg,https://sarveda.com/wp-content/uploads/2025/06/Artboard-1-copy-2-1-1.jpg
46257,https://sarveda.com/wp-content/uploads/2025/04/Artboard-1-copy-10-4.jpg,2025/04/Artboard-1-copy-10-4.jpg,https://sarveda.com/wp-content/uploads/2025/04/Artboard-1-copy-10-4.jpg
46258,https://sarveda.com/wp-content/uploads/2025/04/Artboard-1-copy-14.jpg,2025/04/Artboard-1-copy-14.jpg,https://sarveda.com/wp-content/uploads/2025/04/Artboard-1-copy-14.jpg
46259,https://sarveda.com/wp-content/uploads/2025/04/Artboard-1-copy-13-2.jpg,2025/04/Artboard-1-copy-13-2.jpg,https://sarveda.com/wp-content/uploads/2025/04/Artboard-1-copy-13-2.jpg
46260,https://sarveda.com/wp-content/uploads/2025/04/Artboard-1-copy-12-3.jpg,2025/04/Artboard-1-copy-12-3.jpg,https://sarveda.com/wp-content/uploads/2025/04/Artboard-1-copy-12-3.jpg
46261,https://sarveda.com/wp-content/uploads/2025/04/Artboard-1-copy-11-4.jpg,2025/04/Artboard-1-copy-11-4.jpg,https://sarveda.com/wp-content/uploads/2025/04/Artboard-1-copy-11-4.jpg
46265,https://sarveda.com/wp-content/uploads/2022/11/Artboard-1.jpg,2022/11/Artboard-1.jpg,https://sarveda.com/wp-content/uploads/2022/11/Artboard-1.jpg
46269,https://sarveda.com/wp-content/uploads/2023/02/Artboard-1-copy-10.jpg,2023/02/Artboard-1-copy-10.jpg,https://sarveda.com/wp-content/uploads/2023/02/Artboard-1-copy-10.jpg
46270,https://sarveda.com/wp-content/uploads/2023/02/Artboard-1-copy-9-1.jpg,2023/02/Artboard-1-copy-9-1.jpg,https://sarveda.com/wp-content/uploads/2023/02/Artboard-1-copy-9-1.jpg
46271,https://sarveda.com/wp-content/uploads/2023/02/Artboard-1-copy-8.jpg,2023/02/Artboard-1-copy-8.jpg,https://sarveda.com/wp-content/uploads/2023/02/Artboard-1-copy-8.jpg
46272,https://sarveda.com/wp-content/uploads/2023/02/Artboard-1-copy-7-1.jpg,2023/02/Artboard-1-copy-7-1.jpg,https://sarveda.com/wp-content/uploads/2023/02/Artboard-1-copy-7-1.jpg
46273,https://sarveda.com/wp-content/uploads/2023/02/Artboard-1-copy-6-1.jpg,2023/02/Artboard-1-copy-6-1.jpg,https://sarveda.com/wp-content/uploads/2023/02/Artboard-1-copy-6-1.jpg
46274,https://sarveda.com/wp-content/uploads/2023/02/Artboard-1-copy-5.jpg,2023/02/Artboard-1-copy-5.jpg,https://sarveda.com/wp-content/uploads/2023/02/Artboard-1-copy-5.jpg
46275,https://sarveda.com/wp-content/uploads/2023/02/Artboard-1-copy-4-1-1.jpg,2023/02/Artboard-1-copy-4-1-1.jpg,https://sarveda.com/wp-content/uploads/2023/02/Artboard-1-copy-4-1-1.jpg
46292,https://sarveda.com/wp-content/uploads/2023/02/Artboard-1-copy-4-2.jpg,2023/02/Artboard-1-copy-4-2.jpg,https://sarveda.com/wp-content/uploads/2023/02/Artboard-1-copy-4-2.jpg
46293,https://sarveda.com/wp-content/uploads/2023/02/Artboard-1-copy-1.jpg,2023/02/Artboard-1-copy-1.jpg,https://sarveda.com/wp-content/uploads/2023/02/Artboard-1-copy-1.jpg
46294,https://sarveda.com/wp-content/uploads/2025/06/Artboard-1-2.jpg,2025/06/Artboard-1-2.jpg,https://sarveda.com/wp-content/uploads/2025/06/Artboard-1-2.jpg
46295,https://sarveda.com/wp-content/uploads/2025/06/Artboard-1-copy.jpg,2025/06/Artboard-1-copy.jpg,https://sarveda.com/wp-content/uploads/2025/06/Artboard-1-copy.jpg
46296,https://sarveda.com/wp-content/uploads/2025/06/Artboard-1-copy-2.jpg,2025/06/Artboard-1-copy-2.jpg,https://sarveda.com/wp-content/uploads/2025/06/Artboard-1-copy-2.jpg
46297,https://sarveda.com/wp-content/uploads/2025/06/Artboard-1-copy-3-2.jpg,2025/06/Artboard-1-copy-3-2.jpg,https://sarveda.com/wp-content/uploads/2025/06/Artboard-1-copy-3-2.jpg
46298,https://sarveda.com/wp-content/uploads/2025/05/Artboard-1-1.jpg,2025/05/Artboard-1-1.jpg,https://sarveda.com/wp-content/uploads/2025/05/Artboard-1-1.jpg
46299,https://sarveda.com/wp-content/uploads/2022/11/Artboard-1-copy-2-1.jpg,2022/11/Artboard-1-copy-2-1.jpg,https://sarveda.com/wp-content/uploads/2022/11/Artboard-1-copy-2-1.jpg
46329,https://sarveda.com/wp-content/uploads/2022/11/Artboard-1-1.jpg,2022/11/Artboard-1-1.jpg,https://sarveda.com/wp-content/uploads/2022/11/Artboard-1-1.jpg
46330,https://sarveda.com/wp-content/uploads/2022/11/Copy-of-1.png,2022/11/Copy-of-1.png,https://sarveda.com/wp-content/uploads/2022/11/Copy-of-1.png
46331,https://sarveda.com/wp-content/uploads/2022/11/Copy-of-3.png,2022/11/Copy-of-3.png,https://sarveda.com/wp-content/uploads/2022/11/Copy-of-3.png
46332,https://sarveda.com/wp-content/uploads/2022/07/Damru-2-scaled-1.jpg,2022/07/Damru-2-scaled-1.jpg,https://sarveda.com/wp-content/uploads/2022/07/Damru-2-scaled-1.jpg
46333,https://sarveda.com/wp-content/uploads/2022/07/Damru-3-scaled-1.jpg,2022/07/Damru-3-scaled-1.jpg,https://sarveda.com/wp-content/uploads/2022/07/Damru-3-scaled-1.jpg
46334,https://sarveda.com/wp-content/uploads/2022/07/Damru-1-scaled-1.jpg,2022/07/Damru-1-scaled-1.jpg,https://sarveda.com/wp-content/uploads/2022/07/Damru-1-scaled-1.jpg
46335,https://sarveda.com/wp-content/uploads/2022/07/Damru-4-scaled-1.jpg,2022/07/Damru-4-scaled-1.jpg,https://sarveda.com/wp-content/uploads/2022/07/Damru-4-scaled-1.jpg
46343,https://sarveda.com/wp-content/uploads/2022/11/Mini-Coconut-Shaker-Square-Shaped_5-1.jpg,2022/11/Mini-Coconut-Shaker-Square-Shaped_5-1.jpg,https://sarveda.com/wp-content/uploads/2022/11/Mini-Coconut-Shaker-Square-Shaped_5-1.jpg
46344,https://sarveda.com/wp-content/uploads/2022/11/Mini-Coconut-Shaker-Round-Shaped_5-1.jpg,2022/11/Mini-Coconut-Shaker-Round-Shaped_5-1.jpg,https://sarveda.com/wp-content/uploads/2022/11/Mini-Coconut-Shaker-Round-Shaped_5-1.jpg
46345,https://sarveda.com/wp-content/uploads/2022/11/Mini-Coconut-Shaker-Square-Shaped_3-1.jpg,2022/11/Mini-Coconut-Shaker-Square-Shaped_3-1.jpg,https://sarveda.com/wp-content/uploads/2022/11/Mini-Coconut-Shaker-Square-Shaped_3-1.jpg
46346,https://sarveda.com/wp-content/uploads/2022/11/Mini-Coconut-Shaker-Eye-Shaped_5-1.jpg,2022/11/Mini-Coconut-Shaker-Eye-Shaped_5-1.jpg,https://sarveda.com/wp-content/uploads/2022/11/Mini-Coconut-Shaker-Eye-Shaped_5-1.jpg
46347,https://sarveda.com/wp-content/uploads/2022/11/184-scaled-1.jpg,2022/11/184-scaled-1.jpg,https://sarveda.com/wp-content/uploads/2022/11/184-scaled-1.jpg
46348,https://sarveda.com/wp-content/uploads/2022/11/Mini-Coconut-Shaker-Eye-Shaped_3-1.jpg,2022/11/Mini-Coconut-Shaker-Eye-Shaped_3-1.jpg,https://sarveda.com/wp-content/uploads/2022/11/Mini-Coconut-Shaker-Eye-Shaped_3-1.jpg
46349,https://sarveda.com/wp-content/uploads/2022/11/Mini-Coconut-Shaker-Square-Shaped_2-1.jpg,2022/11/Mini-Coconut-Shaker-Square-Shaped_2-1.jpg,https://sarveda.com/wp-content/uploads/2022/11/Mini-Coconut-Shaker-Square-Shaped_2-1.jpg
46350,https://sarveda.com/wp-content/uploads/2022/11/Mini-Coconut-Shaker-Round-Shaped_2-1.jpg,2022/11/Mini-Coconut-Shaker-Round-Shaped_2-1.jpg,https://sarveda.com/wp-content/uploads/2022/11/Mini-Coconut-Shaker-Round-Shaped_2-1.jpg
46351,https://sarveda.com/wp-content/uploads/2022/11/Mini-Coconut-Shaker-Eye-Shaped_2-1.jpg,2022/11/Mini-Coconut-Shaker-Eye-Shaped_2-1.jpg,https://sarveda.com/wp-content/uploads/2022/11/Mini-Coconut-Shaker-Eye-Shaped_2-1.jpg
46352,https://sarveda.com/wp-content/uploads/2022/11/Round-Shaker-2.png,2022/11/Round-Shaker-2.png,https://sarveda.com/wp-content/uploads/2022/11/Round-Shaker-2.png
46353,https://sarveda.com/wp-content/uploads/2022/11/Eye-Shaker-3.png,2022/11/Eye-Shaker-3.png,https://sarveda.com/wp-content/uploads/2022/11/Eye-Shaker-3.png
46354,https://sarveda.com/wp-content/uploads/2022/11/Square-Shaker-2.png,2022/11/Square-Shaker-2.png,https://sarveda.com/wp-content/uploads/2022/11/Square-Shaker-2.png
46355,https://sarveda.com/wp-content/uploads/2022/11/Eye-Shaker-2-1.png,2022/11/Eye-Shaker-2-1.png,https://sarveda.com/wp-content/uploads/2022/11/Eye-Shaker-2-1.png
46361,https://sarveda.com/wp-content/uploads/2025/05/Artboard-1-copy-7.jpg,2025/05/Artboard-1-copy-7.jpg,https://sarveda.com/wp-content/uploads/2025/05/Artboard-1-copy-7.jpg
46362,https://sarveda.com/wp-content/uploads/2025/05/Artboard-1-copy-3-3.jpg,2025/05/Artboard-1-copy-3-3.jpg,https://sarveda.com/wp-content/uploads/2025/05/Artboard-1-copy-3-3.jpg
46363,https://sarveda.com/wp-content/uploads/2025/05/Artboard-1-copy-2-2.jpg,2025/05/Artboard-1-copy-2-2.jpg,https://sarveda.com/wp-content/uploads/2025/05/Artboard-1-copy-2-2.jpg
46364,https://sarveda.com/wp-content/uploads/2025/05/Artboard-1-2.jpg,2025/05/Artboard-1-2.jpg,https://sarveda.com/wp-content/uploads/2025/05/Artboard-1-2.jpg
46366,https://sarveda.com/wp-content/uploads/2025/05/WhatsApp-Image-2025-06-19-at-15.54.57.jpeg,2025/05/WhatsApp-Image-2025-06-19-at-15.54.57.jpeg,https://sarveda.com/wp-content/uploads/2025/05/WhatsApp-Image-2025-06-19-at-15.54.57.jpeg
46370,https://sarveda.com/wp-content/uploads/2023/08/Artboard-1-copy-2-1.jpg,2023/08/Artboard-1-copy-2-1.jpg,https://sarveda.com/wp-content/uploads/2023/08/Artboard-1-copy-2-1.jpg
46371,https://sarveda.com/wp-content/uploads/2023/08/Artboard-1-copy-3.jpg,2023/08/Artboard-1-copy-3.jpg,https://sarveda.com/wp-content/uploads/2023/08/Artboard-1-copy-3.jpg
46373,https://sarveda.com/wp-content/uploads/2023/08/Artboard-1-1.jpg,2023/08/Artboard-1-1.jpg,https://sarveda.com/wp-content/uploads/2023/08/Artboard-1-1.jpg
46414,https://sarveda.com/wp-content/uploads/2024/05/xencat.jpg,2024/05/xencat.jpg,https://sarveda.com/wp-content/uploads/2024/05/xencat.jpg
46415,https://sarveda.com/wp-content/uploads/2024/05/aparna.png,2024/05/aparna.png,https://sarveda.com/wp-content/uploads/2024/05/aparna.png
46429,https://sarveda.com/wp-content/uploads/2024/05/Sound-therapy-course.jpg,2024/05/Sound-therapy-course.jpg,https://sarveda.com/wp-content/uploads/2024/05/Sound-therapy-course.jpg
46432,https://sarveda.com/wp-content/uploads/2025/04/Artboard-1_-1.jpg,2025/04/Artboard-1_-1.jpg,https://sarveda.com/wp-content/uploads/2025/04/Artboard-1_-1.jpg
46438,https://sarveda.com/wp-content/uploads/2024/05/course-video.mp4,2024/05/course-video.mp4,https://sarveda.com/wp-content/uploads/2024/05/course-video.mp4
46454,https://sarveda.com/wp-content/uploads/2025/04/Artboard-1-copy-15.jpg,2025/04/Artboard-1-copy-15.jpg,https://sarveda.com/wp-content/uploads/2025/04/Artboard-1-copy-15.jpg
46456,https://sarveda.com/wp-content/uploads/2024/05/Artboard-1-copy-3-1.jpg,2024/05/Artboard-1-copy-3-1.jpg,https://sarveda.com/wp-content/uploads/2024/05/Artboard-1-copy-3-1.jpg
46471,https://sarveda.com/wp-content/uploads/2025/06/Nandini-Shastri-web.jpg,2025/06/Nandini-Shastri-web.jpg,https://sarveda.com/wp-content/uploads/2025/06/Nandini-Shastri-web.jpg
46474,https://sarveda.com/wp-content/uploads/2025/04/Artboard-1-copy-2-4.jpg,2025/04/Artboard-1-copy-2-4.jpg,https://sarveda.com/wp-content/uploads/2025/04/Artboard-1-copy-2-4.jpg
46475,https://sarveda.com/wp-content/uploads/2025/04/Artboard-1-copy-16.jpg,2025/04/Artboard-1-copy-16.jpg,https://sarveda.com/wp-content/uploads/2025/04/Artboard-1-copy-16.jpg
46487,https://sarveda.com/wp-content/uploads/2023/09/7-chakras-Set.jpg,2023/09/7-chakras-Set.jpg,https://sarveda.com/wp-content/uploads/2023/09/7-chakras-Set.jpg
46489,https://sarveda.com/wp-content/uploads/2025/04/Artboard-1-without-logo-1-1.jpg,2025/04/Artboard-1-without-logo-1-1.jpg,https://sarveda.com/wp-content/uploads/2025/04/Artboard-1-without-logo-1-1.jpg
46490,https://sarveda.com/wp-content/uploads/2025/04/Artboard-1-copy-4-1-4-1.jpg,2025/04/Artboard-1-copy-4-1-4-1.jpg,https://sarveda.com/wp-content/uploads/2025/04/Artboard-1-copy-4-1-4-1.jpg
46491,https://sarveda.com/wp-content/uploads/2025/04/Artboard-1-copy-2-1-3-1.jpg,2025/04/Artboard-1-copy-2-1-3-1.jpg,https://sarveda.com/wp-content/uploads/2025/04/Artboard-1-copy-2-1-3-1.jpg
46492,https://sarveda.com/wp-content/uploads/2025/04/heart-bowl-1.jpg,2025/04/heart-bowl-1.jpg,https://sarveda.com/wp-content/uploads/2025/04/heart-bowl-1.jpg
46494,https://sarveda.com/wp-content/uploads/2024/05/Artboard-1-copy-25.jpg,2024/05/Artboard-1-copy-25.jpg,https://sarveda.com/wp-content/uploads/2024/05/Artboard-1-copy-25.jpg
46496,https://sarveda.com/wp-content/uploads/2025/07/Artboard-1-copy-2.jpg,2025/07/Artboard-1-copy-2.jpg,https://sarveda.com/wp-content/uploads/2025/07/Artboard-1-copy-2.jpg
46497,https://sarveda.com/wp-content/uploads/2025/07/Artboard-1-copy-3.jpg,2025/07/Artboard-1-copy-3.jpg,https://sarveda.com/wp-content/uploads/2025/07/Artboard-1-copy-3.jpg
46501,https://sarveda.com/wp-content/uploads/2025/07/Artboard-1.jpg,2025/07/Artboard-1.jpg,https://sarveda.com/wp-content/uploads/2025/07/Artboard-1.jpg
46502,https://sarveda.com/wp-content/uploads/2025/07/Artboard-1-copy.jpg,2025/07/Artboard-1-copy.jpg,https://sarveda.com/wp-content/uploads/2025/07/Artboard-1-copy.jpg
46510,https://sarveda.com/wp-content/uploads/2025/07/Artboard-1-1.jpg,2025/07/Artboard-1-1.jpg,https://sarveda.com/wp-content/uploads/2025/07/Artboard-1-1.jpg
46511,https://sarveda.com/wp-content/uploads/2025/07/Artboard-1-copy-1.jpg,2025/07/Artboard-1-copy-1.jpg,https://sarveda.com/wp-content/uploads/2025/07/Artboard-1-copy-1.jpg
46512,https://sarveda.com/wp-content/uploads/2025/07/Artboard-1-copy-2-1.jpg,2025/07/Artboard-1-copy-2-1.jpg,https://sarveda.com/wp-content/uploads/2025/07/Artboard-1-copy-2-1.jpg
46516,https://sarveda.com/wp-content/uploads/2025/04/Artboard-1-copy-8-7.jpg,2025/04/Artboard-1-copy-8-7.jpg,https://sarveda.com/wp-content/uploads/2025/04/Artboard-1-copy-8-7.jpg
46526,https://sarveda.com/wp-content/uploads/2025/07/Artboard-1-2.jpg,2025/07/Artboard-1-2.jpg,https://sarveda.com/wp-content/uploads/2025/07/Artboard-1-2.jpg
46527,https://sarveda.com/wp-content/uploads/2025/07/Artboard-1-copy-2-2.jpg,2025/07/Artboard-1-copy-2-2.jpg,https://sarveda.com/wp-content/uploads/2025/07/Artboard-1-copy-2-2.jpg
46528,https://sarveda.com/wp-content/uploads/2025/07/Artboard-1-copy-4.jpg,2025/07/Artboard-1-copy-4.jpg,https://sarveda.com/wp-content/uploads/2025/07/Artboard-1-copy-4.jpg
46531,https://sarveda.com/wp-content/uploads/2023/08/Bar-Chime_5-1-1.jpg,2023/08/Bar-Chime_5-1-1.jpg,https://sarveda.com/wp-content/uploads/2023/08/Bar-Chime_5-1-1.jpg
46532,https://sarveda.com/wp-content/uploads/2023/08/Bar-Chime_3-1-1.jpg,2023/08/Bar-Chime_3-1-1.jpg,https://sarveda.com/wp-content/uploads/2023/08/Bar-Chime_3-1-1.jpg
46533,https://sarveda.com/wp-content/uploads/2023/08/Bar-Chime_2-1-1.jpg,2023/08/Bar-Chime_2-1-1.jpg,https://sarveda.com/wp-content/uploads/2023/08/Bar-Chime_2-1-1.jpg
46534,https://sarveda.com/wp-content/uploads/2023/08/LP-10-1-scaled-1.jpg,2023/08/LP-10-1-scaled-1.jpg,https://sarveda.com/wp-content/uploads/2023/08/LP-10-1-scaled-1.jpg
46535,https://sarveda.com/wp-content/uploads/2023/08/LP-174-1.jpg,2023/08/LP-174-1.jpg,https://sarveda.com/wp-content/uploads/2023/08/LP-174-1.jpg
46536,https://sarveda.com/wp-content/uploads/2023/08/LP-175-1.jpg,2023/08/LP-175-1.jpg,https://sarveda.com/wp-content/uploads/2023/08/LP-175-1.jpg
46537,https://sarveda.com/wp-content/uploads/2023/08/LP-176-1.jpg,2023/08/LP-176-1.jpg,https://sarveda.com/wp-content/uploads/2023/08/LP-176-1.jpg
46538,https://sarveda.com/wp-content/uploads/2023/08/Artboard-1-2.jpg,2023/08/Artboard-1-2.jpg,https://sarveda.com/wp-content/uploads/2023/08/Artboard-1-2.jpg
46539,https://sarveda.com/wp-content/uploads/2023/08/Artboard-1-copy-4.jpg,2023/08/Artboard-1-copy-4.jpg,https://sarveda.com/wp-content/uploads/2023/08/Artboard-1-copy-4.jpg
46540,https://sarveda.com/wp-content/uploads/2023/08/Artboard-1-copy-2-2.jpg,2023/08/Artboard-1-copy-2-2.jpg,https://sarveda.com/wp-content/uploads/2023/08/Artboard-1-copy-2-2.jpg
46547,https://sarveda.com/wp-content/uploads/2025/07/cover.jpg,2025/07/cover.jpg,https://sarveda.com/wp-content/uploads/2025/07/cover.jpg
46548,https://sarveda.com/wp-content/uploads/2025/07/middle.jpg,2025/07/middle.jpg,https://sarveda.com/wp-content/uploads/2025/07/middle.jpg
46571,https://sarveda.com/wp-content/uploads/2024/06/32-bar-chime_4-1.jpg,2024/06/32-bar-chime_4-1.jpg,https://sarveda.com/wp-content/uploads/2024/06/32-bar-chime_4-1.jpg
46572,https://sarveda.com/wp-content/uploads/2024/06/32-bar-chime_3-1.jpg,2024/06/32-bar-chime_3-1.jpg,https://sarveda.com/wp-content/uploads/2024/06/32-bar-chime_3-1.jpg
46573,https://sarveda.com/wp-content/uploads/2024/06/32-bar-chime_2-1.jpg,2024/06/32-bar-chime_2-1.jpg,https://sarveda.com/wp-content/uploads/2024/06/32-bar-chime_2-1.jpg
46574,https://sarveda.com/wp-content/uploads/2024/06/32-bar-chime_1-1.jpg,2024/06/32-bar-chime_1-1.jpg,https://sarveda.com/wp-content/uploads/2024/06/32-bar-chime_1-1.jpg
46584,https://sarveda.com/wp-content/uploads/2025/07/Ayesha-mohan-3-3.jpg,2025/07/Ayesha-mohan-3-3.jpg,https://sarveda.com/wp-content/uploads/2025/07/Ayesha-mohan-3-3.jpg
46585,https://sarveda.com/wp-content/uploads/2025/07/Ayesha-Mohan-Pic.jpeg,2025/07/Ayesha-Mohan-Pic-scaled.jpeg,https://sarveda.com/wp-content/uploads/2025/07/Ayesha-Mohan-Pic-scaled.jpeg
46614,https://sarveda.com/wp-content/uploads/2025/07/Artboard-1-copy-2-3.jpg,2025/07/Artboard-1-copy-2-3.jpg,https://sarveda.com/wp-content/uploads/2025/07/Artboard-1-copy-2-3.jpg
46648,https://sarveda.com/wp-content/uploads/2023/08/Kenari-Seed-Shell-Shakers.jpg,2023/08/Kenari-Seed-Shell-Shakers.jpg,https://sarveda.com/wp-content/uploads/2023/08/Kenari-Seed-Shell-Shakers.jpg
46657,https://sarveda.com/wp-content/uploads/2023/08/Artboard-1-copy-2-3.jpg,2023/08/Artboard-1-copy-2-3.jpg,https://sarveda.com/wp-content/uploads/2023/08/Artboard-1-copy-2-3.jpg
46658,https://sarveda.com/wp-content/uploads/2023/08/Artboard-1-copy-4-2.jpg,2023/08/Artboard-1-copy-4-2.jpg,https://sarveda.com/wp-content/uploads/2023/08/Artboard-1-copy-4-2.jpg
46659,https://sarveda.com/wp-content/uploads/2023/08/Artboard-1-copy-5-1.jpg,2023/08/Artboard-1-copy-5-1.jpg,https://sarveda.com/wp-content/uploads/2023/08/Artboard-1-copy-5-1.jpg
46660,https://sarveda.com/wp-content/uploads/2023/08/Artboard-1-copy-6.jpg,2023/08/Artboard-1-copy-6.jpg,https://sarveda.com/wp-content/uploads/2023/08/Artboard-1-copy-6.jpg
46664,https://sarveda.com/wp-content/uploads/2023/08/LP-177-1.jpg,2023/08/LP-177-1.jpg,https://sarveda.com/wp-content/uploads/2023/08/LP-177-1.jpg
46676,https://sarveda.com/wp-content/uploads/2023/10/handpan-10.mp3,2023/10/handpan-10.mp3,https://sarveda.com/wp-content/uploads/2023/10/handpan-10.mp3
46688,https://sarveda.com/wp-content/uploads/2025/07/taichi-website-3.jpg,2025/07/taichi-website-3.jpg,https://sarveda.com/wp-content/uploads/2025/07/taichi-website-3.jpg
46689,https://sarveda.com/wp-content/uploads/2025/07/WhatsApp-Image-2025-07-16-at-8.30.00-AM-1.jpeg,2025/07/WhatsApp-Image-2025-07-16-at-8.30.00-AM-1-scaled-e1755075651124.jpeg,https://sarveda.com/wp-content/uploads/2025/07/WhatsApp-Image-2025-07-16-at-8.30.00-AM-1-scaled-e1755075651124.jpeg
46690,https://sarveda.com/wp-content/uploads/2025/07/WhatsApp-Image-2025-07-16-at-8.30.00-AM.jpeg,2025/07/WhatsApp-Image-2025-07-16-at-8.30.00-AM-scaled-e1755075582845.jpeg,https://sarveda.com/wp-content/uploads/2025/07/WhatsApp-Image-2025-07-16-at-8.30.00-AM-scaled-e1755075582845.jpeg
46692,https://sarveda.com/wp-content/uploads/2025/07/WhatsApp-Image-2025-07-16-at-8.30.00-AM-2.jpeg,2025/07/WhatsApp-Image-2025-07-16-at-8.30.00-AM-2-scaled-e1752820636302.jpeg,https://sarveda.com/wp-content/uploads/2025/07/WhatsApp-Image-2025-07-16-at-8.30.00-AM-2-scaled-e1752820636302.jpeg
46693,https://sarveda.com/wp-content/uploads/2025/07/WhatsApp-Image-2025-07-16-at-8.30.00-AM-1-1.jpeg,2025/07/WhatsApp-Image-2025-07-16-at-8.30.00-AM-1-1-scaled-e1752820699365.jpeg,https://sarveda.com/wp-content/uploads/2025/07/WhatsApp-Image-2025-07-16-at-8.30.00-AM-1-1-scaled-e1752820699365.jpeg
46695,https://sarveda.com/wp-content/uploads/2023/10/Artboard-1-copy-15.jpg,2023/10/Artboard-1-copy-15.jpg,https://sarveda.com/wp-content/uploads/2023/10/Artboard-1-copy-15.jpg
46696,https://sarveda.com/wp-content/uploads/2023/10/Artboard-1-copy-15-1.jpg,2023/10/Artboard-1-copy-15-1.jpg,https://sarveda.com/wp-content/uploads/2023/10/Artboard-1-copy-15-1.jpg
46697,https://sarveda.com/wp-content/uploads/2023/10/Artboard-1-copy-14.jpg,2023/10/Artboard-1-copy-14.jpg,https://sarveda.com/wp-content/uploads/2023/10/Artboard-1-copy-14.jpg
46698,https://sarveda.com/wp-content/uploads/2023/10/Artboard-1-copy-13-1.jpg,2023/10/Artboard-1-copy-13-1.jpg,https://sarveda.com/wp-content/uploads/2023/10/Artboard-1-copy-13-1.jpg
46699,https://sarveda.com/wp-content/uploads/2023/10/Artboard-1-copy-12-1.jpg,2023/10/Artboard-1-copy-12-1.jpg,https://sarveda.com/wp-content/uploads/2023/10/Artboard-1-copy-12-1.jpg
46700,https://sarveda.com/wp-content/uploads/2023/10/Artboard-1-copy-10-1.jpg,2023/10/Artboard-1-copy-10-1.jpg,https://sarveda.com/wp-content/uploads/2023/10/Artboard-1-copy-10-1.jpg
46701,https://sarveda.com/wp-content/uploads/2023/10/Artboard-1-copy-9-1.jpg,2023/10/Artboard-1-copy-9-1.jpg,https://sarveda.com/wp-content/uploads/2023/10/Artboard-1-copy-9-1.jpg
46702,https://sarveda.com/wp-content/uploads/2023/10/Artboard-1-copy-8-1.jpg,2023/10/Artboard-1-copy-8-1.jpg,https://sarveda.com/wp-content/uploads/2023/10/Artboard-1-copy-8-1.jpg
46751,https://sarveda.com/wp-content/uploads/2025/07/Artboard-1-copy-5.jpg,2025/07/Artboard-1-copy-5.jpg,https://sarveda.com/wp-content/uploads/2025/07/Artboard-1-copy-5.jpg
46752,https://sarveda.com/wp-content/uploads/2025/07/Artboard-5.jpg,2025/07/Artboard-5.jpg,https://sarveda.com/wp-content/uploads/2025/07/Artboard-5.jpg
46760,https://sarveda.com/wp-content/uploads/2025/07/Sarveda-Products.png,2025/07/Sarveda-Products.png,https://sarveda.com/wp-content/uploads/2025/07/Sarveda-Products.png
46771,https://sarveda.com/wp-content/uploads/2025/04/Artboard-1-copy-10-5.jpg,2025/04/Artboard-1-copy-10-5.jpg,https://sarveda.com/wp-content/uploads/2025/04/Artboard-1-copy-10-5.jpg
46772,https://sarveda.com/wp-content/uploads/2025/04/Artboard-1-copy-11-5.jpg,2025/04/Artboard-1-copy-11-5.jpg,https://sarveda.com/wp-content/uploads/2025/04/Artboard-1-copy-11-5.jpg
46773,https://sarveda.com/wp-content/uploads/2025/04/Artboard-1-copy-9-2.jpg,2025/04/Artboard-1-copy-9-2.jpg,https://sarveda.com/wp-content/uploads/2025/04/Artboard-1-copy-9-2.jpg
46774,https://sarveda.com/wp-content/uploads/2025/04/Artboard-1-copy-13-3.jpg,2025/04/Artboard-1-copy-13-3.jpg,https://sarveda.com/wp-content/uploads/2025/04/Artboard-1-copy-13-3.jpg
46786,https://sarveda.com/wp-content/uploads/2025/04/Artboard-1-copy-7-6.jpg,2025/04/Artboard-1-copy-7-6.jpg,https://sarveda.com/wp-content/uploads/2025/04/Artboard-1-copy-7-6.jpg
46787,https://sarveda.com/wp-content/uploads/2023/08/Yoga-strap_Card_4-1.jpg,2023/08/Yoga-strap_Card_4-1.jpg,https://sarveda.com/wp-content/uploads/2023/08/Yoga-strap_Card_4-1.jpg
46791,https://sarveda.com/wp-content/uploads/2025/07/Yogi-Amandeep-Singh-web.jpg,2025/07/Yogi-Amandeep-Singh-web.jpg,https://sarveda.com/wp-content/uploads/2025/07/Yogi-Amandeep-Singh-web.jpg
46792,https://sarveda.com/wp-content/uploads/2025/07/WhatsApp-Image-2025-07-23-at-7.23.00-PM.jpeg,2025/07/WhatsApp-Image-2025-07-23-at-7.23.00-PM.jpeg,https://sarveda.com/wp-content/uploads/2025/07/WhatsApp-Image-2025-07-23-at-7.23.00-PM.jpeg
46805,https://sarveda.com/wp-content/uploads/2025/07/Rhythm-course-insta-2.jpg,2025/07/Rhythm-course-insta-2.jpg,https://sarveda.com/wp-content/uploads/2025/07/Rhythm-course-insta-2.jpg
46811,https://sarveda.com/wp-content/uploads/2025/07/Yogi-Amandeep-Singh-web-1.jpg,2025/07/Yogi-Amandeep-Singh-web-1.jpg,https://sarveda.com/wp-content/uploads/2025/07/Yogi-Amandeep-Singh-web-1.jpg
46823,https://sarveda.com/wp-content/uploads/2025/08/Sidd-Xenkat-Live-at-Humming-Tree-w-Smokey.jpg,2025/08/Sidd-Xenkat-Live-at-Humming-Tree-w-Smokey.jpg,https://sarveda.com/wp-content/uploads/2025/08/Sidd-Xenkat-Live-at-Humming-Tree-w-Smokey.jpg
46826,https://sarveda.com/wp-content/uploads/2025/08/Rhythm-course-web.jpg,2025/08/Rhythm-course-web.jpg,https://sarveda.com/wp-content/uploads/2025/08/Rhythm-course-web.jpg
46827,https://sarveda.com/wp-content/uploads/2025/08/Galleria.jpg,2025/08/Galleria-scaled.jpg,https://sarveda.com/wp-content/uploads/2025/08/Galleria-scaled.jpg
46828,https://sarveda.com/wp-content/uploads/2025/08/Rhythm-course-web-1.jpg,2025/08/Rhythm-course-web-1.jpg,https://sarveda.com/wp-content/uploads/2025/08/Rhythm-course-web-1.jpg
46863,https://sarveda.com/wp-content/uploads/2023/03/IMG9982.jpg,2023/03/IMG9982-scaled.jpg,https://sarveda.com/wp-content/uploads/2023/03/IMG9982-scaled.jpg
46877,https://sarveda.com/wp-content/uploads/2022/08/Artboard-1-copy-21.jpg,2022/08/Artboard-1-copy-21.jpg,https://sarveda.com/wp-content/uploads/2022/08/Artboard-1-copy-21.jpg
46878,https://sarveda.com/wp-content/uploads/2022/08/Artboard-1-copy-14.jpg,2022/08/Artboard-1-copy-14.jpg,https://sarveda.com/wp-content/uploads/2022/08/Artboard-1-copy-14.jpg
46879,https://sarveda.com/wp-content/uploads/2022/08/Artboard-1-copy-20.jpg,2022/08/Artboard-1-copy-20.jpg,https://sarveda.com/wp-content/uploads/2022/08/Artboard-1-copy-20.jpg
46880,https://sarveda.com/wp-content/uploads/2022/08/Artboard-1-copy-17.jpg,2022/08/Artboard-1-copy-17.jpg,https://sarveda.com/wp-content/uploads/2022/08/Artboard-1-copy-17.jpg
46881,https://sarveda.com/wp-content/uploads/2022/08/Artboard-1-copy-15.jpg,2022/08/Artboard-1-copy-15.jpg,https://sarveda.com/wp-content/uploads/2022/08/Artboard-1-copy-15.jpg
46882,https://sarveda.com/wp-content/uploads/2022/08/Artboard-1-copy-16.jpg,2022/08/Artboard-1-copy-16.jpg,https://sarveda.com/wp-content/uploads/2022/08/Artboard-1-copy-16.jpg
46886,https://sarveda.com/wp-content/uploads/2024/05/WhatsApp-Image-2025-08-07-at-12.50.21-PM.jpeg,2024/05/WhatsApp-Image-2025-08-07-at-12.50.21-PM.jpeg,https://sarveda.com/wp-content/uploads/2024/05/WhatsApp-Image-2025-08-07-at-12.50.21-PM.jpeg
46889,https://sarveda.com/wp-content/uploads/2025/08/WhatsApp-Image-2025-08-07-at-11.04.10-AM.jpeg,2025/08/WhatsApp-Image-2025-08-07-at-11.04.10-AM.jpeg,https://sarveda.com/wp-content/uploads/2025/08/WhatsApp-Image-2025-08-07-at-11.04.10-AM.jpeg
46890,https://sarveda.com/wp-content/uploads/2025/08/WhatsApp-Image-2025-08-07-at-4.43.35-PM.jpeg,2025/08/WhatsApp-Image-2025-08-07-at-4.43.35-PM.jpeg,https://sarveda.com/wp-content/uploads/2025/08/WhatsApp-Image-2025-08-07-at-4.43.35-PM.jpeg
46897,https://sarveda.com/wp-content/uploads/2025/08/cover-1.jpg,2025/08/cover-1.jpg,https://sarveda.com/wp-content/uploads/2025/08/cover-1.jpg
46903,https://sarveda.com/wp-content/uploads/2025/08/table.jpg,2025/08/table.jpg,https://sarveda.com/wp-content/uploads/2025/08/table.jpg
46904,https://sarveda.com/wp-content/uploads/2025/08/chart.jpg,2025/08/chart.jpg,https://sarveda.com/wp-content/uploads/2025/08/chart.jpg
46908,https://sarveda.com/wp-content/uploads/2025/08/Artboard-1-copy.jpg,2025/08/Artboard-1-copy.jpg,https://sarveda.com/wp-content/uploads/2025/08/Artboard-1-copy.jpg
46909,https://sarveda.com/wp-content/uploads/2025/08/Artboard-1-copy-4.jpg,2025/08/Artboard-1-copy-4.jpg,https://sarveda.com/wp-content/uploads/2025/08/Artboard-1-copy-4.jpg
46910,https://sarveda.com/wp-content/uploads/2025/08/Artboard-1-copy-3.jpg,2025/08/Artboard-1-copy-3.jpg,https://sarveda.com/wp-content/uploads/2025/08/Artboard-1-copy-3.jpg
46911,https://sarveda.com/wp-content/uploads/2025/08/Artboard-1-copy-2.jpg,2025/08/Artboard-1-copy-2.jpg,https://sarveda.com/wp-content/uploads/2025/08/Artboard-1-copy-2.jpg
46926,https://sarveda.com/wp-content/uploads/2025/08/Rhythm-course-web-2.jpg,2025/08/Rhythm-course-web-2.jpg,https://sarveda.com/wp-content/uploads/2025/08/Rhythm-course-web-2.jpg
46927,https://sarveda.com/wp-content/uploads/2025/08/WhatsApp-Image-2025-08-08-at-10.10.33-AM.jpeg,2025/08/WhatsApp-Image-2025-08-08-at-10.10.33-AM-scaled-e1755079932525.jpeg,https://sarveda.com/wp-content/uploads/2025/08/WhatsApp-Image-2025-08-08-at-10.10.33-AM-scaled-e1755079932525.jpeg
46929,https://sarveda.com/wp-content/uploads/2025/08/Rhythm-course-web-2-1.jpg,2025/08/Rhythm-course-web-2-1.jpg,https://sarveda.com/wp-content/uploads/2025/08/Rhythm-course-web-2-1.jpg
46930,https://sarveda.com/wp-content/uploads/2025/08/Rhythm-course-web-2-1-1.jpg,2025/08/Rhythm-course-web-2-1-1.jpg,https://sarveda.com/wp-content/uploads/2025/08/Rhythm-course-web-2-1-1.jpg
46933,https://sarveda.com/wp-content/uploads/2024/05/Sound-therapy-course-2.jpg,2024/05/Sound-therapy-course-2.jpg,https://sarveda.com/wp-content/uploads/2024/05/Sound-therapy-course-2.jpg
46934,https://sarveda.com/wp-content/uploads/2024/05/Sound-therapy-course-2-2.jpg,2024/05/Sound-therapy-course-2-2.jpg,https://sarveda.com/wp-content/uploads/2024/05/Sound-therapy-course-2-2.jpg
46937,https://sarveda.com/wp-content/uploads/2025/04/Artboard-1-copy-4-1-7.jpg,2025/04/Artboard-1-copy-4-1-7.jpg,https://sarveda.com/wp-content/uploads/2025/04/Artboard-1-copy-4-1-7.jpg
46938,https://sarveda.com/wp-content/uploads/2025/04/Artboard-1-copy-3-1-1.jpg,2025/04/Artboard-1-copy-3-1-1.jpg,https://sarveda.com/wp-content/uploads/2025/04/Artboard-1-copy-3-1-1.jpg
46939,https://sarveda.com/wp-content/uploads/2025/04/Artboard-1-copy-11-6.jpg,2025/04/Artboard-1-copy-11-6.jpg,https://sarveda.com/wp-content/uploads/2025/04/Artboard-1-copy-11-6.jpg
46940,https://sarveda.com/wp-content/uploads/2025/04/Artboard-1-copy-10-6.jpg,2025/04/Artboard-1-copy-10-6.jpg,https://sarveda.com/wp-content/uploads/2025/04/Artboard-1-copy-10-6.jpg
46941,https://sarveda.com/wp-content/uploads/2025/04/Artboard-1-copy-9-3.jpg,2025/04/Artboard-1-copy-9-3.jpg,https://sarveda.com/wp-content/uploads/2025/04/Artboard-1-copy-9-3.jpg
46942,https://sarveda.com/wp-content/uploads/2025/04/Artboard-1-copy-8-8.jpg,2025/04/Artboard-1-copy-8-8.jpg,https://sarveda.com/wp-content/uploads/2025/04/Artboard-1-copy-8-8.jpg
46943,https://sarveda.com/wp-content/uploads/2025/04/Artboard-1-copy-7-7.jpg,2025/04/Artboard-1-copy-7-7.jpg,https://sarveda.com/wp-content/uploads/2025/04/Artboard-1-copy-7-7.jpg
46944,https://sarveda.com/wp-content/uploads/2025/04/Artboard-1-copy-6-4.jpg,2025/04/Artboard-1-copy-6-4.jpg,https://sarveda.com/wp-content/uploads/2025/04/Artboard-1-copy-6-4.jpg
46945,https://sarveda.com/wp-content/uploads/2025/04/Artboard-1-copy-5-7.jpg,2025/04/Artboard-1-copy-5-7.jpg,https://sarveda.com/wp-content/uploads/2025/04/Artboard-1-copy-5-7.jpg
46966,https://sarveda.com/wp-content/uploads/2025/08/Hinoki-and-Skymoon-web.jpg,2025/08/Hinoki-and-Skymoon-web.jpg,https://sarveda.com/wp-content/uploads/2025/08/Hinoki-and-Skymoon-web.jpg
46968,https://sarveda.com/wp-content/uploads/2025/08/Rhythm-course-web-2-1-2.jpg,2025/08/Rhythm-course-web-2-1-2.jpg,https://sarveda.com/wp-content/uploads/2025/08/Rhythm-course-web-2-1-2.jpg
46974,https://sarveda.com/wp-content/uploads/2025/08/WhatsApp-Image-2025-08-13-at-3.46.45-PM.jpeg,2025/08/WhatsApp-Image-2025-08-13-at-3.46.45-PM-e1755080617970.jpeg,https://sarveda.com/wp-content/uploads/2025/08/WhatsApp-Image-2025-08-13-at-3.46.45-PM-e1755080617970.jpeg
47038,https://sarveda.com/wp-content/uploads/2025/08/Hinoki-and-Skymoon-web-1.jpg,2025/08/Hinoki-and-Skymoon-web-1.jpg,https://sarveda.com/wp-content/uploads/2025/08/Hinoki-and-Skymoon-web-1.jpg
47039,https://sarveda.com/wp-content/uploads/2023/08/Artboard-1-copy-3-1.jpg,2023/08/Artboard-1-copy-3-1.jpg,https://sarveda.com/wp-content/uploads/2023/08/Artboard-1-copy-3-1.jpg
47040,https://sarveda.com/wp-content/uploads/2023/08/Artboard-1-3.jpg,2023/08/Artboard-1-3.jpg,https://sarveda.com/wp-content/uploads/2023/08/Artboard-1-3.jpg
47050,https://sarveda.com/wp-content/uploads/2025/08/WhatsApp-Image-2025-08-22-at-5.04.03-PM.jpeg,2025/08/WhatsApp-Image-2025-08-22-at-5.04.03-PM.jpeg,https://sarveda.com/wp-content/uploads/2025/08/WhatsApp-Image-2025-08-22-at-5.04.03-PM.jpeg
47052,https://sarveda.com/wp-content/uploads/2025/08/cover-3.jpg,2025/08/cover-3.jpg,https://sarveda.com/wp-content/uploads/2025/08/cover-3.jpg
47053,https://sarveda.com/wp-content/uploads/2025/08/Sarveda-amzon-store_About-us_Banner-2.jpg,2025/08/Sarveda-amzon-store_About-us_Banner-2-scaled.jpg,https://sarveda.com/wp-content/uploads/2025/08/Sarveda-amzon-store_About-us_Banner-2-scaled.jpg
47054,https://sarveda.com/wp-content/uploads/2025/08/banner.jpg,2025/08/banner.jpg,https://sarveda.com/wp-content/uploads/2025/08/banner.jpg
47085,https://sarveda.com/wp-content/uploads/2025/08/Artboard-1-copy-3-1.jpg,2025/08/Artboard-1-copy-3-1.jpg,https://sarveda.com/wp-content/uploads/2025/08/Artboard-1-copy-3-1.jpg
47086,https://sarveda.com/wp-content/uploads/2025/08/Artboard-1-copy-4-1.jpg,2025/08/Artboard-1-copy-4-1.jpg,https://sarveda.com/wp-content/uploads/2025/08/Artboard-1-copy-4-1.jpg
47087,https://sarveda.com/wp-content/uploads/2025/08/Artboard-1-copy-5.jpg,2025/08/Artboard-1-copy-5.jpg,https://sarveda.com/wp-content/uploads/2025/08/Artboard-1-copy-5.jpg
47088,https://sarveda.com/wp-content/uploads/2025/08/Artboard-1.jpg,2025/08/Artboard-1.jpg,https://sarveda.com/wp-content/uploads/2025/08/Artboard-1.jpg
47095,https://sarveda.com/wp-content/uploads/2024/05/IMG1250-1.jpg,2024/05/IMG1250-1-scaled.jpg,https://sarveda.com/wp-content/uploads/2024/05/IMG1250-1-scaled.jpg
47100,https://sarveda.com/wp-content/uploads/2024/05/IMG1376-1.jpg,2024/05/IMG1376-1-scaled.jpg,https://sarveda.com/wp-content/uploads/2024/05/IMG1376-1-scaled.jpg
47101,https://sarveda.com/wp-content/uploads/2024/05/IMG1254.jpg,2024/05/IMG1254-scaled.jpg,https://sarveda.com/wp-content/uploads/2024/05/IMG1254-scaled.jpg
47102,https://sarveda.com/wp-content/uploads/2024/05/IMG1370-1.jpg,2024/05/IMG1370-1-scaled.jpg,https://sarveda.com/wp-content/uploads/2024/05/IMG1370-1-scaled.jpg
47103,https://sarveda.com/wp-content/uploads/2024/05/IMG1257.jpg,2024/05/IMG1257-scaled.jpg,https://sarveda.com/wp-content/uploads/2024/05/IMG1257-scaled.jpg
47104,https://sarveda.com/wp-content/uploads/2024/05/IMG1374-1.jpg,2024/05/IMG1374-1-scaled.jpg,https://sarveda.com/wp-content/uploads/2024/05/IMG1374-1-scaled.jpg
47105,https://sarveda.com/wp-content/uploads/2024/05/IMG1260.jpg,2024/05/IMG1260.jpg,https://sarveda.com/wp-content/uploads/2024/05/IMG1260.jpg
47106,https://sarveda.com/wp-content/uploads/2024/05/IMG1275-1.jpg,2024/05/IMG1275-1-scaled.jpg,https://sarveda.com/wp-content/uploads/2024/05/IMG1275-1-scaled.jpg
47107,https://sarveda.com/wp-content/uploads/2024/05/IMG1368.jpg,2024/05/IMG1368-scaled.jpg,https://sarveda.com/wp-content/uploads/2024/05/IMG1368-scaled.jpg
47108,https://sarveda.com/wp-content/uploads/2024/05/IMG1379-1.jpg,2024/05/IMG1379-1-scaled.jpg,https://sarveda.com/wp-content/uploads/2024/05/IMG1379-1-scaled.jpg
47109,https://sarveda.com/wp-content/uploads/2024/05/Tuning-Fork_3-1.jpg,2024/05/Tuning-Fork_3-1.jpg,https://sarveda.com/wp-content/uploads/2024/05/Tuning-Fork_3-1.jpg
47110,https://sarveda.com/wp-content/uploads/2024/05/Tuning-Fork_1-1.jpg,2024/05/Tuning-Fork_1-1.jpg,https://sarveda.com/wp-content/uploads/2024/05/Tuning-Fork_1-1.jpg
47111,https://sarveda.com/wp-content/uploads/2024/05/68.05.jpg,2024/05/68.05.jpg,https://sarveda.com/wp-content/uploads/2024/05/68.05.jpg
47112,https://sarveda.com/wp-content/uploads/2024/05/Artboard-1-copy-4-2.jpg,2024/05/Artboard-1-copy-4-2.jpg,https://sarveda.com/wp-content/uploads/2024/05/Artboard-1-copy-4-2.jpg
47113,https://sarveda.com/wp-content/uploads/2024/05/Artboard-1-copy-5-2.jpg,2024/05/Artboard-1-copy-5-2.jpg,https://sarveda.com/wp-content/uploads/2024/05/Artboard-1-copy-5-2.jpg
47114,https://sarveda.com/wp-content/uploads/2024/05/Artboard-1-copy-5-3.jpg,2024/05/Artboard-1-copy-5-3.jpg,https://sarveda.com/wp-content/uploads/2024/05/Artboard-1-copy-5-3.jpg
47116,https://sarveda.com/wp-content/uploads/2024/05/IMG1250-2.jpg,2024/05/IMG1250-2-scaled.jpg,https://sarveda.com/wp-content/uploads/2024/05/IMG1250-2-scaled.jpg
47117,https://sarveda.com/wp-content/uploads/2024/05/C-G.jpg,2024/05/C-G.jpg,https://sarveda.com/wp-content/uploads/2024/05/C-G.jpg
47137,https://sarveda.com/wp-content/uploads/2024/06/Artboard-1.jpg,2024/06/Artboard-1.jpg,https://sarveda.com/wp-content/uploads/2024/06/Artboard-1.jpg
47138,https://sarveda.com/wp-content/uploads/2024/06/Artboard-1-copy.jpg,2024/06/Artboard-1-copy.jpg,https://sarveda.com/wp-content/uploads/2024/06/Artboard-1-copy.jpg
47139,https://sarveda.com/wp-content/uploads/2023/08/Artboard-1-4.jpg,2023/08/Artboard-1-4.jpg,https://sarveda.com/wp-content/uploads/2023/08/Artboard-1-4.jpg
47140,https://sarveda.com/wp-content/uploads/2023/08/Artboard-1-copy-7.jpg,2023/08/Artboard-1-copy-7.jpg,https://sarveda.com/wp-content/uploads/2023/08/Artboard-1-copy-7.jpg
47146,https://sarveda.com/wp-content/uploads/2023/08/Artboard-1-copy-2-4.jpg,2023/08/Artboard-1-copy-2-4.jpg,https://sarveda.com/wp-content/uploads/2023/08/Artboard-1-copy-2-4.jpg
47147,https://sarveda.com/wp-content/uploads/2024/06/Artboard-1-copy-1.jpg,2024/06/Artboard-1-copy-1.jpg,https://sarveda.com/wp-content/uploads/2024/06/Artboard-1-copy-1.jpg
47148,https://sarveda.com/wp-content/uploads/2024/06/Artboard-1-copy-2.jpg,2024/06/Artboard-1-copy-2.jpg,https://sarveda.com/wp-content/uploads/2024/06/Artboard-1-copy-2.jpg
47149,https://sarveda.com/wp-content/uploads/2025/04/Artboard-1-copy-4-2.jpg,2025/04/Artboard-1-copy-4-2.jpg,https://sarveda.com/wp-content/uploads/2025/04/Artboard-1-copy-4-2.jpg
47150,https://sarveda.com/wp-content/uploads/2025/04/Artboard-1-copy-6-5.jpg,2025/04/Artboard-1-copy-6-5.jpg,https://sarveda.com/wp-content/uploads/2025/04/Artboard-1-copy-6-5.jpg
47151,https://sarveda.com/wp-content/uploads/2025/04/Artboard-1-copy-2-5.jpg,2025/04/Artboard-1-copy-2-5.jpg,https://sarveda.com/wp-content/uploads/2025/04/Artboard-1-copy-2-5.jpg
47152,https://sarveda.com/wp-content/uploads/2025/04/Artboard-1-copy-4-3.jpg,2025/04/Artboard-1-copy-4-3.jpg,https://sarveda.com/wp-content/uploads/2025/04/Artboard-1-copy-4-3.jpg
47153,https://sarveda.com/wp-content/uploads/2025/04/Artboard-1-copy-3-6.jpg,2025/04/Artboard-1-copy-3-6.jpg,https://sarveda.com/wp-content/uploads/2025/04/Artboard-1-copy-3-6.jpg
47154,https://sarveda.com/wp-content/uploads/2025/04/Artboard-1-copy-2-6.jpg,2025/04/Artboard-1-copy-2-6.jpg,https://sarveda.com/wp-content/uploads/2025/04/Artboard-1-copy-2-6.jpg
47155,https://sarveda.com/wp-content/uploads/2025/04/Artboard-1-copy-8-9.jpg,2025/04/Artboard-1-copy-8-9.jpg,https://sarveda.com/wp-content/uploads/2025/04/Artboard-1-copy-8-9.jpg
47183,https://sarveda.com/wp-content/uploads/2024/05/Artboard-1_.jpg,2024/05/Artboard-1_.jpg,https://sarveda.com/wp-content/uploads/2024/05/Artboard-1_.jpg
47184,https://sarveda.com/wp-content/uploads/2024/05/Artboard-1-copy-2.jpg,2024/05/Artboard-1-copy-2.jpg,https://sarveda.com/wp-content/uploads/2024/05/Artboard-1-copy-2.jpg
47185,https://sarveda.com/wp-content/uploads/2024/01/Artboard-1.1.jpg,2024/01/Artboard-1.1.jpg,https://sarveda.com/wp-content/uploads/2024/01/Artboard-1.1.jpg
47186,https://sarveda.com/wp-content/uploads/2023/11/Artboard-1_.jpg,2023/11/Artboard-1_.jpg,https://sarveda.com/wp-content/uploads/2023/11/Artboard-1_.jpg
47187,https://sarveda.com/wp-content/uploads/2024/05/Artboard-1_-1.jpg,2024/05/Artboard-1_-1.jpg,https://sarveda.com/wp-content/uploads/2024/05/Artboard-1_-1.jpg
47188,https://sarveda.com/wp-content/uploads/2024/05/Artboard-1-copy-7.jpg,2024/05/Artboard-1-copy-7.jpg,https://sarveda.com/wp-content/uploads/2024/05/Artboard-1-copy-7.jpg
47202,https://sarveda.com/wp-content/uploads/2025/05/Artboard-1-copy-6-2.jpg,2025/05/Artboard-1-copy-6-2.jpg,https://sarveda.com/wp-content/uploads/2025/05/Artboard-1-copy-6-2.jpg
47205,https://sarveda.com/wp-content/uploads/2024/05/Artboard-1-copy-4-3.jpg,2024/05/Artboard-1-copy-4-3.jpg,https://sarveda.com/wp-content/uploads/2024/05/Artboard-1-copy-4-3.jpg
47214,https://sarveda.com/wp-content/uploads/2024/05/weighted-7-chakra-Set_.jpg,2024/05/weighted-7-chakra-Set_.jpg,https://sarveda.com/wp-content/uploads/2024/05/weighted-7-chakra-Set_.jpg
47215,https://sarveda.com/wp-content/uploads/2024/05/weighted-Solfeggio-Set.jpg,2024/05/weighted-Solfeggio-Set.jpg,https://sarveda.com/wp-content/uploads/2024/05/weighted-Solfeggio-Set.jpg
47217,https://sarveda.com/wp-content/uploads/2024/05/Artboard-1-copy-6-1.jpg,2024/05/Artboard-1-copy-6-1.jpg,https://sarveda.com/wp-content/uploads/2024/05/Artboard-1-copy-6-1.jpg
47218,https://sarveda.com/wp-content/uploads/2024/05/Artboard-1-copy-7-1.jpg,2024/05/Artboard-1-copy-7-1.jpg,https://sarveda.com/wp-content/uploads/2024/05/Artboard-1-copy-7-1.jpg
47235,https://sarveda.com/wp-content/uploads/2024/05/128-hz-weighted.jpg,2024/05/128-hz-weighted.jpg,https://sarveda.com/wp-content/uploads/2024/05/128-hz-weighted.jpg
47236,https://sarveda.com/wp-content/uploads/2024/05/136-hz-weighted.jpg,2024/05/136-hz-weighted.jpg,https://sarveda.com/wp-content/uploads/2024/05/136-hz-weighted.jpg
47237,https://sarveda.com/wp-content/uploads/2024/05/256-hz-weighted.jpg,2024/05/256-hz-weighted.jpg,https://sarveda.com/wp-content/uploads/2024/05/256-hz-weighted.jpg
47238,https://sarveda.com/wp-content/uploads/2024/05/432-hz-weighted.jpg,2024/05/432-hz-weighted.jpg,https://sarveda.com/wp-content/uploads/2024/05/432-hz-weighted.jpg
47239,https://sarveda.com/wp-content/uploads/2024/05/528-hz-weighted-copy.jpg,2024/05/528-hz-weighted-copy.jpg,https://sarveda.com/wp-content/uploads/2024/05/528-hz-weighted-copy.jpg
47240,https://sarveda.com/wp-content/uploads/2024/05/C-G-weighted.jpg,2024/05/C-G-weighted.jpg,https://sarveda.com/wp-content/uploads/2024/05/C-G-weighted.jpg
47271,https://sarveda.com/wp-content/uploads/2023/02/Artboard-1-copy-12.jpg,2023/02/Artboard-1-copy-12.jpg,https://sarveda.com/wp-content/uploads/2023/02/Artboard-1-copy-12.jpg
47272,https://sarveda.com/wp-content/uploads/2023/02/Artboard-1-copy-11.jpg,2023/02/Artboard-1-copy-11.jpg,https://sarveda.com/wp-content/uploads/2023/02/Artboard-1-copy-11.jpg
47273,https://sarveda.com/wp-content/uploads/2023/02/Artboard-1-copy-13.jpg,2023/02/Artboard-1-copy-13.jpg,https://sarveda.com/wp-content/uploads/2023/02/Artboard-1-copy-13.jpg
47274,https://sarveda.com/wp-content/uploads/2023/02/Artboard-1-copy-14.jpg,2023/02/Artboard-1-copy-14.jpg,https://sarveda.com/wp-content/uploads/2023/02/Artboard-1-copy-14.jpg
47275,https://sarveda.com/wp-content/uploads/2023/02/Artboard-1-copy-15.jpg,2023/02/Artboard-1-copy-15.jpg,https://sarveda.com/wp-content/uploads/2023/02/Artboard-1-copy-15.jpg
47276,https://sarveda.com/wp-content/uploads/2023/02/Artboard-1-copy-16.jpg,2023/02/Artboard-1-copy-16.jpg,https://sarveda.com/wp-content/uploads/2023/02/Artboard-1-copy-16.jpg
47277,https://sarveda.com/wp-content/uploads/2023/02/Artboard-1-copy-17.jpg,2023/02/Artboard-1-copy-17.jpg,https://sarveda.com/wp-content/uploads/2023/02/Artboard-1-copy-17.jpg
47278,https://sarveda.com/wp-content/uploads/2023/02/Artboard-1-copy-18.jpg,2023/02/Artboard-1-copy-18.jpg,https://sarveda.com/wp-content/uploads/2023/02/Artboard-1-copy-18.jpg
47280,https://sarveda.com/wp-content/uploads/2023/08/Artboard-1-copy-4-3.jpg,2023/08/Artboard-1-copy-4-3.jpg,https://sarveda.com/wp-content/uploads/2023/08/Artboard-1-copy-4-3.jpg
47281,https://sarveda.com/wp-content/uploads/2023/08/Artboard-1-copy-3-2.jpg,2023/08/Artboard-1-copy-3-2.jpg,https://sarveda.com/wp-content/uploads/2023/08/Artboard-1-copy-3-2.jpg
47282,https://sarveda.com/wp-content/uploads/2024/05/68.05-hz-unweighted_.jpg,2024/05/68.05-hz-unweighted_.jpg,https://sarveda.com/wp-content/uploads/2024/05/68.05-hz-unweighted_.jpg
47283,https://sarveda.com/wp-content/uploads/2025/08/rhythm-course-v1.2.mp4,2025/08/rhythm-course-v1.2.mp4,https://sarveda.com/wp-content/uploads/2025/08/rhythm-course-v1.2.mp4
47284,https://sarveda.com/wp-content/uploads/2025/08/Taichi-course-1.mp4,2025/08/Taichi-course-1.mp4,https://sarveda.com/wp-content/uploads/2025/08/Taichi-course-1.mp4
47285,https://sarveda.com/wp-content/uploads/2024/05/weighted-7-chakra-set-color-2.jpg,2024/05/weighted-7-chakra-set-color-2.jpg,https://sarveda.com/wp-content/uploads/2024/05/weighted-7-chakra-set-color-2.jpg
47292,https://sarveda.com/wp-content/uploads/2025/04/Artboard-1-copy-12-4.jpg,2025/04/Artboard-1-copy-12-4.jpg,https://sarveda.com/wp-content/uploads/2025/04/Artboard-1-copy-12-4.jpg
47293,https://sarveda.com/wp-content/uploads/2025/04/Artboard-1-copy-11-7.jpg,2025/04/Artboard-1-copy-11-7.jpg,https://sarveda.com/wp-content/uploads/2025/04/Artboard-1-copy-11-7.jpg
47294,https://sarveda.com/wp-content/uploads/2025/04/Artboard-1-copy-10-7.jpg,2025/04/Artboard-1-copy-10-7.jpg,https://sarveda.com/wp-content/uploads/2025/04/Artboard-1-copy-10-7.jpg
47296,https://sarveda.com/wp-content/uploads/2025/04/box-tanpura.mp3,2025/04/box-tanpura.mp3,https://sarveda.com/wp-content/uploads/2025/04/box-tanpura.mp3
47381,https://sarveda.com/wp-content/uploads/2025/09/sound-worker.jpg,2025/09/sound-worker.jpg,https://sarveda.com/wp-content/uploads/2025/09/sound-worker.jpg
47388,https://sarveda.com/wp-content/uploads/2025/09/sound-worker-web.jpg,2025/09/sound-worker-web.jpg,https://sarveda.com/wp-content/uploads/2025/09/sound-worker-web.jpg
47390,https://sarveda.com/wp-content/uploads/2025/09/c29600932765041381ddaaee10a50a31.jpg,2025/09/c29600932765041381ddaaee10a50a31.jpg,https://sarveda.com/wp-content/uploads/2025/09/c29600932765041381ddaaee10a50a31.jpg
47411,https://sarveda.com/wp-content/uploads/2023/02/Artboard-1-copy-9.jpg,2023/02/Artboard-1-copy-9.jpg,https://sarveda.com/wp-content/uploads/2023/02/Artboard-1-copy-9.jpg
47412,https://sarveda.com/wp-content/uploads/2023/02/Artboard-1-copy-8-1.jpg,2023/02/Artboard-1-copy-8-1.jpg,https://sarveda.com/wp-content/uploads/2023/02/Artboard-1-copy-8-1.jpg
47413,https://sarveda.com/wp-content/uploads/2023/02/Artboard-1-copy-6.jpg,2023/02/Artboard-1-copy-6.jpg,https://sarveda.com/wp-content/uploads/2023/02/Artboard-1-copy-6.jpg
47414,https://sarveda.com/wp-content/uploads/2023/02/Artboard-1-copy-5-1.jpg,2023/02/Artboard-1-copy-5-1.jpg,https://sarveda.com/wp-content/uploads/2023/02/Artboard-1-copy-5-1.jpg
47415,https://sarveda.com/wp-content/uploads/2023/02/Artboard-1-copy-3.jpg,2023/02/Artboard-1-copy-3.jpg,https://sarveda.com/wp-content/uploads/2023/02/Artboard-1-copy-3.jpg
47435,https://sarveda.com/wp-content/uploads/2025/09/WhatsApp-Image-2025-09-16-at-1.19.13-PM.jpeg,2025/09/WhatsApp-Image-2025-09-16-at-1.19.13-PM.jpeg,https://sarveda.com/wp-content/uploads/2025/09/WhatsApp-Image-2025-09-16-at-1.19.13-PM.jpeg
47436,https://sarveda.com/wp-content/uploads/2025/09/Ayesha-Mohan-Pic.jpeg,2025/09/Ayesha-Mohan-Pic-scaled.jpeg,https://sarveda.com/wp-content/uploads/2025/09/Ayesha-Mohan-Pic-scaled.jpeg
47438,https://sarveda.com/wp-content/uploads/2023/08/Artboard-1-copy-9.jpg,2023/08/Artboard-1-copy-9.jpg,https://sarveda.com/wp-content/uploads/2023/08/Artboard-1-copy-9.jpg
47439,https://sarveda.com/wp-content/uploads/2023/08/plain-etched.jpg,2023/08/plain-etched.jpg,https://sarveda.com/wp-content/uploads/2023/08/plain-etched.jpg
47440,https://sarveda.com/wp-content/uploads/2023/08/Artboard-1-5.jpg,2023/08/Artboard-1-5.jpg,https://sarveda.com/wp-content/uploads/2023/08/Artboard-1-5.jpg
47444,https://sarveda.com/wp-content/uploads/2025/09/Yoga-philosophy.jpeg,2025/09/Yoga-philosophy.jpeg,https://sarveda.com/wp-content/uploads/2025/09/Yoga-philosophy.jpeg
47445,https://sarveda.com/wp-content/uploads/2025/09/Yoga-philosophy-1.jpeg,2025/09/Yoga-philosophy-1.jpeg,https://sarveda.com/wp-content/uploads/2025/09/Yoga-philosophy-1.jpeg
47452,https://sarveda.com/wp-content/uploads/2025/03/Artboard-1-copy-7-3.jpg,2025/03/Artboard-1-copy-7-3.jpg,https://sarveda.com/wp-content/uploads/2025/03/Artboard-1-copy-7-3.jpg
47453,https://sarveda.com/wp-content/uploads/2025/03/Artboard-1-copy-5-7.jpg,2025/03/Artboard-1-copy-5-7.jpg,https://sarveda.com/wp-content/uploads/2025/03/Artboard-1-copy-5-7.jpg
47454,https://sarveda.com/wp-content/uploads/2025/03/Artboard-1-copy-6-6.jpg,2025/03/Artboard-1-copy-6-6.jpg,https://sarveda.com/wp-content/uploads/2025/03/Artboard-1-copy-6-6.jpg
47455,https://sarveda.com/wp-content/uploads/2024/06/Artboard-1-1.jpg,2024/06/Artboard-1-1.jpg,https://sarveda.com/wp-content/uploads/2024/06/Artboard-1-1.jpg
47456,https://sarveda.com/wp-content/uploads/2024/06/Artboard-1_.jpg,2024/06/Artboard-1_.jpg,https://sarveda.com/wp-content/uploads/2024/06/Artboard-1_.jpg
47457,https://sarveda.com/wp-content/uploads/2024/06/Artboard-1-copy-3.jpg,2024/06/Artboard-1-copy-3.jpg,https://sarveda.com/wp-content/uploads/2024/06/Artboard-1-copy-3.jpg
47459,https://sarveda.com/wp-content/uploads/2025/09/ayesha-web.jpg,2025/09/ayesha-web.jpg,https://sarveda.com/wp-content/uploads/2025/09/ayesha-web.jpg
47465,https://sarveda.com/wp-content/uploads/2025/09/Artboard-1-copy-6.jpg,2025/09/Artboard-1-copy-6.jpg,https://sarveda.com/wp-content/uploads/2025/09/Artboard-1-copy-6.jpg
47466,https://sarveda.com/wp-content/uploads/2025/09/Artboard-1-copy-5.jpg,2025/09/Artboard-1-copy-5.jpg,https://sarveda.com/wp-content/uploads/2025/09/Artboard-1-copy-5.jpg
47467,https://sarveda.com/wp-content/uploads/2025/09/Artboard-1-copy-4.jpg,2025/09/Artboard-1-copy-4.jpg,https://sarveda.com/wp-content/uploads/2025/09/Artboard-1-copy-4.jpg
47479,https://sarveda.com/wp-content/uploads/2025/05/Artboard-1-copy-26-r.jpg,2025/05/Artboard-1-copy-26-r.jpg,https://sarveda.com/wp-content/uploads/2025/05/Artboard-1-copy-26-r.jpg
47527,https://sarveda.com/wp-content/uploads/2025/05/Artboard-1-copy-7-1.jpg,2025/05/Artboard-1-copy-7-1.jpg,https://sarveda.com/wp-content/uploads/2025/05/Artboard-1-copy-7-1.jpg
47563,https://sarveda.com/wp-content/uploads/2023/02/Artboard-1-copy-1-1.jpg,2023/02/Artboard-1-copy-1-1.jpg,https://sarveda.com/wp-content/uploads/2023/02/Artboard-1-copy-1-1.jpg
47564,https://sarveda.com/wp-content/uploads/2023/02/Artboard-1-copy-2-1.jpg,2023/02/Artboard-1-copy-2-1.jpg,https://sarveda.com/wp-content/uploads/2023/02/Artboard-1-copy-2-1.jpg
47567,https://sarveda.com/wp-content/uploads/2025/10/all-1.png,2025/10/all-1.png,https://sarveda.com/wp-content/uploads/2025/10/all-1.png
47568,https://sarveda.com/wp-content/uploads/2025/10/musical-1.png,2025/10/musical-1.png,https://sarveda.com/wp-content/uploads/2025/10/musical-1.png
47569,https://sarveda.com/wp-content/uploads/2025/10/yoga-1.png,2025/10/yoga-1.png,https://sarveda.com/wp-content/uploads/2025/10/yoga-1.png
47570,https://sarveda.com/wp-content/uploads/2025/10/eco-1.png,2025/10/eco-1.png,https://sarveda.com/wp-content/uploads/2025/10/eco-1.png
47614,https://sarveda.com/wp-content/uploads/2023/08/den-den-daiko.jpg,2023/08/den-den-daiko.jpg,https://sarveda.com/wp-content/uploads/2023/08/den-den-daiko.jpg
47615,https://sarveda.com/wp-content/uploads/2023/08/rainstick.jpg,2023/08/rainstick.jpg,https://sarveda.com/wp-content/uploads/2023/08/rainstick.jpg
47630,https://sarveda.com/wp-content/uploads/2024/06/32-Rods-–-Bar-Chime.jpg,2024/06/32-Rods-–-Bar-Chime.jpg,https://sarveda.com/wp-content/uploads/2024/06/32-Rods-–-Bar-Chime.jpg
47631,https://sarveda.com/wp-content/uploads/2024/06/32-Rods-–-Bar-Chime-copy.jpg,2024/06/32-Rods-–-Bar-Chime-copy.jpg,https://sarveda.com/wp-content/uploads/2024/06/32-Rods-–-Bar-Chime-copy.jpg
47632,https://sarveda.com/wp-content/uploads/2023/08/den-den-daiko-copy-6.jpg,2023/08/den-den-daiko-copy-6.jpg,https://sarveda.com/wp-content/uploads/2023/08/den-den-daiko-copy-6.jpg
47633,https://sarveda.com/wp-content/uploads/2023/08/den-den-daiko-copy-3.jpg,2023/08/den-den-daiko-copy-3.jpg,https://sarveda.com/wp-content/uploads/2023/08/den-den-daiko-copy-3.jpg
47634,https://sarveda.com/wp-content/uploads/2023/08/den-den-daiko-copy-2.jpg,2023/08/den-den-daiko-copy-2.jpg,https://sarveda.com/wp-content/uploads/2023/08/den-den-daiko-copy-2.jpg
47635,https://sarveda.com/wp-content/uploads/2022/07/Artboard-1.jpg,2022/07/Artboard-1.jpg,https://sarveda.com/wp-content/uploads/2022/07/Artboard-1.jpg
47636,https://sarveda.com/wp-content/uploads/2022/07/Dumroo-painted.jpg,2022/07/Dumroo-painted.jpg,https://sarveda.com/wp-content/uploads/2022/07/Dumroo-painted.jpg
47637,https://sarveda.com/wp-content/uploads/2022/07/Dumroo-painted-copy.jpg,2022/07/Dumroo-painted-copy.jpg,https://sarveda.com/wp-content/uploads/2022/07/Dumroo-painted-copy.jpg
47638,https://sarveda.com/wp-content/uploads/2022/07/Dumroo-painted-copy-4.jpg,2022/07/Dumroo-painted-copy-4.jpg,https://sarveda.com/wp-content/uploads/2022/07/Dumroo-painted-copy-4.jpg
47639,https://sarveda.com/wp-content/uploads/2023/08/Egg-Shaker-with-Handle-copy-2.jpg,2023/08/Egg-Shaker-with-Handle-copy-2.jpg,https://sarveda.com/wp-content/uploads/2023/08/Egg-Shaker-with-Handle-copy-2.jpg
47640,https://sarveda.com/wp-content/uploads/2023/08/Egg-Shaker-with-Handle.jpg,2023/08/Egg-Shaker-with-Handle.jpg,https://sarveda.com/wp-content/uploads/2023/08/Egg-Shaker-with-Handle.jpg
47641,https://sarveda.com/wp-content/uploads/2023/08/Egg-Shaker-with-Handle-copy.jpg,2023/08/Egg-Shaker-with-Handle-copy.jpg,https://sarveda.com/wp-content/uploads/2023/08/Egg-Shaker-with-Handle-copy.jpg
47642,https://sarveda.com/wp-content/uploads/2023/08/Egg-Shaker-with-Handle-copy-4.jpg,2023/08/Egg-Shaker-with-Handle-copy-4.jpg,https://sarveda.com/wp-content/uploads/2023/08/Egg-Shaker-with-Handle-copy-4.jpg
47643,https://sarveda.com/wp-content/uploads/2023/08/Egg-Shaker-with-Handle-copy-3.jpg,2023/08/Egg-Shaker-with-Handle-copy-3.jpg,https://sarveda.com/wp-content/uploads/2023/08/Egg-Shaker-with-Handle-copy-3.jpg
47645,https://sarveda.com/wp-content/uploads/2023/08/Kenari-Seed-Shell-Shakers-1.jpg,2023/08/Kenari-Seed-Shell-Shakers-1.jpg,https://sarveda.com/wp-content/uploads/2023/08/Kenari-Seed-Shell-Shakers-1.jpg
47646,https://sarveda.com/wp-content/uploads/2023/08/Kenari-Seed-Shell-Shakers-copy.jpg,2023/08/Kenari-Seed-Shell-Shakers-copy.jpg,https://sarveda.com/wp-content/uploads/2023/08/Kenari-Seed-Shell-Shakers-copy.jpg
47647,https://sarveda.com/wp-content/uploads/2023/08/Kenari-Seed-Shell-Shakers-copy-2.jpg,2023/08/Kenari-Seed-Shell-Shakers-copy-2.jpg,https://sarveda.com/wp-content/uploads/2023/08/Kenari-Seed-Shell-Shakers-copy-2.jpg
47648,https://sarveda.com/wp-content/uploads/2023/08/rainstick-copy.jpg,2023/08/rainstick-copy.jpg,https://sarveda.com/wp-content/uploads/2023/08/rainstick-copy.jpg
47649,https://sarveda.com/wp-content/uploads/2023/08/rainstick-copy-3.jpg,2023/08/rainstick-copy-3.jpg,https://sarveda.com/wp-content/uploads/2023/08/rainstick-copy-3.jpg
47650,https://sarveda.com/wp-content/uploads/2023/08/rainstick-copy-2.jpg,2023/08/rainstick-copy-2.jpg,https://sarveda.com/wp-content/uploads/2023/08/rainstick-copy-2.jpg
47651,https://sarveda.com/wp-content/uploads/2025/04/4.jpg,2025/04/4.jpg,https://sarveda.com/wp-content/uploads/2025/04/4.jpg
47652,https://sarveda.com/wp-content/uploads/2025/04/3.jpg,2025/04/3.jpg,https://sarveda.com/wp-content/uploads/2025/04/3.jpg
47653,https://sarveda.com/wp-content/uploads/2025/04/2.jpg,2025/04/2.jpg,https://sarveda.com/wp-content/uploads/2025/04/2.jpg
47654,https://sarveda.com/wp-content/uploads/2025/04/1.jpg,2025/04/1.jpg,https://sarveda.com/wp-content/uploads/2025/04/1.jpg
47656,https://sarveda.com/wp-content/uploads/2023/02/Tibetan-Buddhist-Bell-copy-8.jpg,2023/02/Tibetan-Buddhist-Bell-copy-8.jpg,https://sarveda.com/wp-content/uploads/2023/02/Tibetan-Buddhist-Bell-copy-8.jpg
47657,https://sarveda.com/wp-content/uploads/2023/02/Tibetan-Buddhist-Bell.jpg,2023/02/Tibetan-Buddhist-Bell.jpg,https://sarveda.com/wp-content/uploads/2023/02/Tibetan-Buddhist-Bell.jpg
47658,https://sarveda.com/wp-content/uploads/2023/02/Tibetan-Buddhist-Bell-copy.jpg,2023/02/Tibetan-Buddhist-Bell-copy.jpg,https://sarveda.com/wp-content/uploads/2023/02/Tibetan-Buddhist-Bell-copy.jpg
47659,https://sarveda.com/wp-content/uploads/2023/02/Tibetan-Buddhist-Bell-copy-8-1.jpg,2023/02/Tibetan-Buddhist-Bell-copy-8-1.jpg,https://sarveda.com/wp-content/uploads/2023/02/Tibetan-Buddhist-Bell-copy-8-1.jpg
47660,https://sarveda.com/wp-content/uploads/2023/02/Tibetan-Buddhist-Bell-copy-7.jpg,2023/02/Tibetan-Buddhist-Bell-copy-7.jpg,https://sarveda.com/wp-content/uploads/2023/02/Tibetan-Buddhist-Bell-copy-7.jpg
47661,https://sarveda.com/wp-content/uploads/2023/02/Tibetan-Buddhist-Bell-copy-6.jpg,2023/02/Tibetan-Buddhist-Bell-copy-6.jpg,https://sarveda.com/wp-content/uploads/2023/02/Tibetan-Buddhist-Bell-copy-6.jpg
47662,https://sarveda.com/wp-content/uploads/2023/02/Tibetan-Buddhist-Bell-copy-5.jpg,2023/02/Tibetan-Buddhist-Bell-copy-5.jpg,https://sarveda.com/wp-content/uploads/2023/02/Tibetan-Buddhist-Bell-copy-5.jpg
47663,https://sarveda.com/wp-content/uploads/2023/02/Tibetan-Buddhist-Bell-copy-4.jpg,2023/02/Tibetan-Buddhist-Bell-copy-4.jpg,https://sarveda.com/wp-content/uploads/2023/02/Tibetan-Buddhist-Bell-copy-4.jpg
47664,https://sarveda.com/wp-content/uploads/2023/02/Tibetan-Buddhist-Bell-copy-3.jpg,2023/02/Tibetan-Buddhist-Bell-copy-3.jpg,https://sarveda.com/wp-content/uploads/2023/02/Tibetan-Buddhist-Bell-copy-3.jpg
47665,https://sarveda.com/wp-content/uploads/2023/02/Tibetan-Buddhist-Bell-copy-2.jpg,2023/02/Tibetan-Buddhist-Bell-copy-2.jpg,https://sarveda.com/wp-content/uploads/2023/02/Tibetan-Buddhist-Bell-copy-2.jpg
47666,https://sarveda.com/wp-content/uploads/2022/08/7.jpg,2022/08/7.jpg,https://sarveda.com/wp-content/uploads/2022/08/7.jpg
47667,https://sarveda.com/wp-content/uploads/2022/08/10.jpg,2022/08/10.jpg,https://sarveda.com/wp-content/uploads/2022/08/10.jpg
47668,https://sarveda.com/wp-content/uploads/2022/08/9.jpg,2022/08/9.jpg,https://sarveda.com/wp-content/uploads/2022/08/9.jpg
47669,https://sarveda.com/wp-content/uploads/2022/08/8.jpg,2022/08/8.jpg,https://sarveda.com/wp-content/uploads/2022/08/8.jpg
47670,https://sarveda.com/wp-content/uploads/2022/08/7-1.jpg,2022/08/7-1.jpg,https://sarveda.com/wp-content/uploads/2022/08/7-1.jpg
47671,https://sarveda.com/wp-content/uploads/2022/08/5.jpg,2022/08/5.jpg,https://sarveda.com/wp-content/uploads/2022/08/5.jpg
47672,https://sarveda.com/wp-content/uploads/2022/08/4.jpg,2022/08/4.jpg,https://sarveda.com/wp-content/uploads/2022/08/4.jpg
47673,https://sarveda.com/wp-content/uploads/2022/08/3.jpg,2022/08/3.jpg,https://sarveda.com/wp-content/uploads/2022/08/3.jpg
47674,https://sarveda.com/wp-content/uploads/2022/08/1.jpg,2022/08/1.jpg,https://sarveda.com/wp-content/uploads/2022/08/1.jpg
47677,https://sarveda.com/wp-content/uploads/2023/08/2.jpg,2023/08/2.jpg,https://sarveda.com/wp-content/uploads/2023/08/2.jpg
47678,https://sarveda.com/wp-content/uploads/2023/08/6.jpg,2023/08/6.jpg,https://sarveda.com/wp-content/uploads/2023/08/6.jpg
47679,https://sarveda.com/wp-content/uploads/2023/08/8.jpg,2023/08/8.jpg,https://sarveda.com/wp-content/uploads/2023/08/8.jpg
47680,https://sarveda.com/wp-content/uploads/2023/08/5.jpg,2023/08/5.jpg,https://sarveda.com/wp-content/uploads/2023/08/5.jpg
47681,https://sarveda.com/wp-content/uploads/2023/08/4.jpg,2023/08/4.jpg,https://sarveda.com/wp-content/uploads/2023/08/4.jpg
47682,https://sarveda.com/wp-content/uploads/2023/08/Wooden-Maracas-Shakers-Dot-Painted-copy-4.jpg,2023/08/Wooden-Maracas-Shakers-Dot-Painted-copy-4.jpg,https://sarveda.com/wp-content/uploads/2023/08/Wooden-Maracas-Shakers-Dot-Painted-copy-4.jpg
47683,https://sarveda.com/wp-content/uploads/2023/08/Wooden-Maracas-Shakers-Dot-Painted.jpg,2023/08/Wooden-Maracas-Shakers-Dot-Painted.jpg,https://sarveda.com/wp-content/uploads/2023/08/Wooden-Maracas-Shakers-Dot-Painted.jpg
47684,https://sarveda.com/wp-content/uploads/2023/08/Wooden-Maracas-Shakers-Dot-Painted-copy-3.jpg,2023/08/Wooden-Maracas-Shakers-Dot-Painted-copy-3.jpg,https://sarveda.com/wp-content/uploads/2023/08/Wooden-Maracas-Shakers-Dot-Painted-copy-3.jpg
47685,https://sarveda.com/wp-content/uploads/2023/08/Wooden-Maracas-Shakers-Dot-Painted-copy-2.jpg,2023/08/Wooden-Maracas-Shakers-Dot-Painted-copy-2.jpg,https://sarveda.com/wp-content/uploads/2023/08/Wooden-Maracas-Shakers-Dot-Painted-copy-2.jpg
47701,https://sarveda.com/wp-content/uploads/2025/04/ishai2.jpg,2025/04/ishai2.jpg,https://sarveda.com/wp-content/uploads/2025/04/ishai2.jpg
47722,https://sarveda.com/wp-content/uploads/2022/07/Dumroo-painted-copy-4-1.jpg,2022/07/Dumroo-painted-copy-4-1.jpg,https://sarveda.com/wp-content/uploads/2022/07/Dumroo-painted-copy-4-1.jpg
47723,https://sarveda.com/wp-content/uploads/2022/07/Dumroo-painted-copy-3.jpg,2022/07/Dumroo-painted-copy-3.jpg,https://sarveda.com/wp-content/uploads/2022/07/Dumroo-painted-copy-3.jpg
47724,https://sarveda.com/wp-content/uploads/2022/07/Dumroo-painted-copy-5.jpg,2022/07/Dumroo-painted-copy-5.jpg,https://sarveda.com/wp-content/uploads/2022/07/Dumroo-painted-copy-5.jpg
47725,https://sarveda.com/wp-content/uploads/2022/07/Artboard-1-copy.jpg,2022/07/Artboard-1-copy.jpg,https://sarveda.com/wp-content/uploads/2022/07/Artboard-1-copy.jpg
47726,https://sarveda.com/wp-content/uploads/2022/07/Artboard-1-1.jpg,2022/07/Artboard-1-1.jpg,https://sarveda.com/wp-content/uploads/2022/07/Artboard-1-1.jpg
47727,https://sarveda.com/wp-content/uploads/2022/07/Dumroo-copy.jpg,2022/07/Dumroo-copy.jpg,https://sarveda.com/wp-content/uploads/2022/07/Dumroo-copy.jpg
47728,https://sarveda.com/wp-content/uploads/2022/07/Dumroo-painted-copy-2.jpg,2022/07/Dumroo-painted-copy-2.jpg,https://sarveda.com/wp-content/uploads/2022/07/Dumroo-painted-copy-2.jpg
47729,https://sarveda.com/wp-content/uploads/2022/07/Dumroo-copy-2.jpg,2022/07/Dumroo-copy-2.jpg,https://sarveda.com/wp-content/uploads/2022/07/Dumroo-copy-2.jpg
47733,https://sarveda.com/wp-content/uploads/2022/07/Dumroo-painted-copy-6.jpg,2022/07/Dumroo-painted-copy-6.jpg,https://sarveda.com/wp-content/uploads/2022/07/Dumroo-painted-copy-6.jpg
47734,https://sarveda.com/wp-content/uploads/2023/08/den-den-daiko-copy.jpg,2023/08/den-den-daiko-copy.jpg,https://sarveda.com/wp-content/uploads/2023/08/den-den-daiko-copy.jpg
47735,https://sarveda.com/wp-content/uploads/2023/08/den-den-daiko-copy-9.jpg,2023/08/den-den-daiko-copy-9.jpg,https://sarveda.com/wp-content/uploads/2023/08/den-den-daiko-copy-9.jpg
47736,https://sarveda.com/wp-content/uploads/2023/08/den-den-daiko-copy-8.jpg,2023/08/den-den-daiko-copy-8.jpg,https://sarveda.com/wp-content/uploads/2023/08/den-den-daiko-copy-8.jpg
47741,https://sarveda.com/wp-content/uploads/2025/04/4-1.jpg,2025/04/4-1.jpg,https://sarveda.com/wp-content/uploads/2025/04/4-1.jpg
47743,https://sarveda.com/wp-content/uploads/2023/08/Coconut-Maracas-Shakers-7.jpg,2023/08/Coconut-Maracas-Shakers-7.jpg,https://sarveda.com/wp-content/uploads/2023/08/Coconut-Maracas-Shakers-7.jpg
47744,https://sarveda.com/wp-content/uploads/2023/08/Coconut-Maracas-Shakers-6.jpg,2023/08/Coconut-Maracas-Shakers-6.jpg,https://sarveda.com/wp-content/uploads/2023/08/Coconut-Maracas-Shakers-6.jpg
47745,https://sarveda.com/wp-content/uploads/2023/08/Coconut-Maracas-Shakers-2.jpg,2023/08/Coconut-Maracas-Shakers-2.jpg,https://sarveda.com/wp-content/uploads/2023/08/Coconut-Maracas-Shakers-2.jpg
47746,https://sarveda.com/wp-content/uploads/2023/08/den-den-daiko-copy-10.jpg,2023/08/den-den-daiko-copy-10.jpg,https://sarveda.com/wp-content/uploads/2023/08/den-den-daiko-copy-10.jpg
47748,https://sarveda.com/wp-content/uploads/2023/08/9.jpg,2023/08/9.jpg,https://sarveda.com/wp-content/uploads/2023/08/9.jpg
47750,https://sarveda.com/wp-content/uploads/2022/08/11.jpg,2022/08/11.jpg,https://sarveda.com/wp-content/uploads/2022/08/11.jpg
47755,https://sarveda.com/wp-content/uploads/2024/05/1-web.jpg,2024/05/1-web.jpg,https://sarveda.com/wp-content/uploads/2024/05/1-web.jpg
47774,https://sarveda.com/wp-content/uploads/2025/10/Bendo-shaker-copy-2-1.jpg,2025/10/Bendo-shaker-copy-2-1.jpg,https://sarveda.com/wp-content/uploads/2025/10/Bendo-shaker-copy-2-1.jpg
47775,https://sarveda.com/wp-content/uploads/2025/10/Bendo-shaker-copy-1.jpg,2025/10/Bendo-shaker-copy-1.jpg,https://sarveda.com/wp-content/uploads/2025/10/Bendo-shaker-copy-1.jpg
47776,https://sarveda.com/wp-content/uploads/2025/10/Bendo-shaker-copy-5.jpg,2025/10/Bendo-shaker-copy-5.jpg,https://sarveda.com/wp-content/uploads/2025/10/Bendo-shaker-copy-5.jpg
47777,https://sarveda.com/wp-content/uploads/2025/10/Bendo-shaker-copy-4.jpg,2025/10/Bendo-shaker-copy-4.jpg,https://sarveda.com/wp-content/uploads/2025/10/Bendo-shaker-copy-4.jpg
47778,https://sarveda.com/wp-content/uploads/2025/10/Bendo-shaker-copy-3.jpg,2025/10/Bendo-shaker-copy-3.jpg,https://sarveda.com/wp-content/uploads/2025/10/Bendo-shaker-copy-3.jpg
47781,https://sarveda.com/wp-content/uploads/2025/04/Artboard-1-copy-4-4.jpg,2025/04/Artboard-1-copy-4-4.jpg,https://sarveda.com/wp-content/uploads/2025/04/Artboard-1-copy-4-4.jpg
47782,https://sarveda.com/wp-content/uploads/2025/04/Artboard-1-copy-6-6.jpg,2025/04/Artboard-1-copy-6-6.jpg,https://sarveda.com/wp-content/uploads/2025/04/Artboard-1-copy-6-6.jpg
47783,https://sarveda.com/wp-content/uploads/2025/04/Artboard-1-copy-5-8.jpg,2025/04/Artboard-1-copy-5-8.jpg,https://sarveda.com/wp-content/uploads/2025/04/Artboard-1-copy-5-8.jpg
47784,https://sarveda.com/wp-content/uploads/2025/10/Bendo-chime.jpg,2025/10/Bendo-chime.jpg,https://sarveda.com/wp-content/uploads/2025/10/Bendo-chime.jpg
47785,https://sarveda.com/wp-content/uploads/2025/10/Bendo-chime-1.jpg,2025/10/Bendo-chime-1.jpg,https://sarveda.com/wp-content/uploads/2025/10/Bendo-chime-1.jpg
47786,https://sarveda.com/wp-content/uploads/2025/10/Bendo-chime-copy.jpg,2025/10/Bendo-chime-copy.jpg,https://sarveda.com/wp-content/uploads/2025/10/Bendo-chime-copy.jpg
47787,https://sarveda.com/wp-content/uploads/2025/10/Bendo-chime-copy-3.jpg,2025/10/Bendo-chime-copy-3.jpg,https://sarveda.com/wp-content/uploads/2025/10/Bendo-chime-copy-3.jpg
47788,https://sarveda.com/wp-content/uploads/2025/10/Bendo-chime-copy-2.jpg,2025/10/Bendo-chime-copy-2.jpg,https://sarveda.com/wp-content/uploads/2025/10/Bendo-chime-copy-2.jpg
47793,https://sarveda.com/wp-content/uploads/2025/07/Artboard-1-copy-1-1.jpg,2025/07/Artboard-1-copy-1-1.jpg,https://sarveda.com/wp-content/uploads/2025/07/Artboard-1-copy-1-1.jpg
47794,https://sarveda.com/wp-content/uploads/2025/07/Artboard-1-copy-2-1-1.jpg,2025/07/Artboard-1-copy-2-1-1.jpg,https://sarveda.com/wp-content/uploads/2025/07/Artboard-1-copy-2-1-1.jpg
47795,https://sarveda.com/wp-content/uploads/2025/07/Artboard-1-1-1.jpg,2025/07/Artboard-1-1-1.jpg,https://sarveda.com/wp-content/uploads/2025/07/Artboard-1-1-1.jpg
47796,https://sarveda.com/wp-content/uploads/2025/07/Bamboo-Flute.jpg,2025/07/Bamboo-Flute.jpg,https://sarveda.com/wp-content/uploads/2025/07/Bamboo-Flute.jpg
47797,https://sarveda.com/wp-content/uploads/2025/07/Bamboo-Flute-copy.jpg,2025/07/Bamboo-Flute-copy.jpg,https://sarveda.com/wp-content/uploads/2025/07/Bamboo-Flute-copy.jpg
47798,https://sarveda.com/wp-content/uploads/2025/07/Bamboo-Flute-copy-5.jpg,2025/07/Bamboo-Flute-copy-5.jpg,https://sarveda.com/wp-content/uploads/2025/07/Bamboo-Flute-copy-5.jpg
47799,https://sarveda.com/wp-content/uploads/2025/07/Bamboo-Flute-copy-4.jpg,2025/07/Bamboo-Flute-copy-4.jpg,https://sarveda.com/wp-content/uploads/2025/07/Bamboo-Flute-copy-4.jpg
47800,https://sarveda.com/wp-content/uploads/2025/07/Bamboo-Flute-copy-3.jpg,2025/07/Bamboo-Flute-copy-3.jpg,https://sarveda.com/wp-content/uploads/2025/07/Bamboo-Flute-copy-3.jpg
47801,https://sarveda.com/wp-content/uploads/2025/07/Bamboo-Flute-copy-2.jpg,2025/07/Bamboo-Flute-copy-2.jpg,https://sarveda.com/wp-content/uploads/2025/07/Bamboo-Flute-copy-2.jpg
47806,https://sarveda.com/wp-content/uploads/2025/07/Bamboo-Flute-copy-6.jpg,2025/07/Bamboo-Flute-copy-6.jpg,https://sarveda.com/wp-content/uploads/2025/07/Bamboo-Flute-copy-6.jpg
47807,https://sarveda.com/wp-content/uploads/2025/09/ayesha-web-1.jpg,2025/09/ayesha-web-1.jpg,https://sarveda.com/wp-content/uploads/2025/09/ayesha-web-1.jpg
47850,https://sarveda.com/wp-content/uploads/2023/10/set-of-3.jpg,2023/10/set-of-3.jpg,https://sarveda.com/wp-content/uploads/2023/10/set-of-3.jpg
47851,https://sarveda.com/wp-content/uploads/2023/10/universal-bowl.jpg,2023/10/universal-bowl.jpg,https://sarveda.com/wp-content/uploads/2023/10/universal-bowl.jpg
47852,https://sarveda.com/wp-content/uploads/2023/10/Head-bowl.jpg,2023/10/Head-bowl.jpg,https://sarveda.com/wp-content/uploads/2023/10/Head-bowl.jpg
47853,https://sarveda.com/wp-content/uploads/2023/10/belly-bowl.jpg,2023/10/belly-bowl.jpg,https://sarveda.com/wp-content/uploads/2023/10/belly-bowl.jpg
47854,https://sarveda.com/wp-content/uploads/2023/10/ZSB-scaled-1.jpg,2023/10/ZSB-scaled-1.jpg,https://sarveda.com/wp-content/uploads/2023/10/ZSB-scaled-1.jpg
47855,https://sarveda.com/wp-content/uploads/2023/10/ZSB-2-scaled-1.jpg,2023/10/ZSB-2-scaled-1.jpg,https://sarveda.com/wp-content/uploads/2023/10/ZSB-2-scaled-1.jpg
47868,https://sarveda.com/wp-content/uploads/2025/09/IMG9888-1-scaled-1.jpg,2025/09/IMG9888-1-scaled-1.jpg,https://sarveda.com/wp-content/uploads/2025/09/IMG9888-1-scaled-1.jpg
47869,https://sarveda.com/wp-content/uploads/2025/09/IMG9888-1-scaled-2.jpg,2025/09/IMG9888-1-scaled-2.jpg,https://sarveda.com/wp-content/uploads/2025/09/IMG9888-1-scaled-2.jpg
47870,https://sarveda.com/wp-content/uploads/2025/09/IMG1049-1024x1024-1.jpg,2025/09/IMG1049-1024x1024-1.jpg,https://sarveda.com/wp-content/uploads/2025/09/IMG1049-1024x1024-1.jpg
47874,https://sarveda.com/wp-content/uploads/2025/09/22.jpg,2025/09/22.jpg,https://sarveda.com/wp-content/uploads/2025/09/22.jpg
47875,https://sarveda.com/wp-content/uploads/2025/09/21.jpg,2025/09/21.jpg,https://sarveda.com/wp-content/uploads/2025/09/21.jpg
47876,https://sarveda.com/wp-content/uploads/2025/09/12.jpg,2025/09/12.jpg,https://sarveda.com/wp-content/uploads/2025/09/12.jpg
47877,https://sarveda.com/wp-content/uploads/2025/09/9.jpg,2025/09/9.jpg,https://sarveda.com/wp-content/uploads/2025/09/9.jpg
47878,https://sarveda.com/wp-content/uploads/2025/09/4.jpg,2025/09/4.jpg,https://sarveda.com/wp-content/uploads/2025/09/4.jpg
47879,https://sarveda.com/wp-content/uploads/2025/09/3.jpg,2025/09/3.jpg,https://sarveda.com/wp-content/uploads/2025/09/3.jpg
47880,https://sarveda.com/wp-content/uploads/2025/09/23.jpg,2025/09/23.jpg,https://sarveda.com/wp-content/uploads/2025/09/23.jpg
47884,https://sarveda.com/wp-content/uploads/2025/04/male-tanpura.mp3,2025/04/male-tanpura.mp3,https://sarveda.com/wp-content/uploads/2025/04/male-tanpura.mp3
47885,https://sarveda.com/wp-content/uploads/2025/04/female-tanpura.mp3,2025/04/female-tanpura.mp3,https://sarveda.com/wp-content/uploads/2025/04/female-tanpura.mp3
47888,https://sarveda.com/wp-content/uploads/2025/04/Artboard-1-copy-14-1.jpg,2025/04/Artboard-1-copy-14-1.jpg,https://sarveda.com/wp-content/uploads/2025/04/Artboard-1-copy-14-1.jpg
47889,https://sarveda.com/wp-content/uploads/2025/04/Artboard-1-copy-13-4.jpg,2025/04/Artboard-1-copy-13-4.jpg,https://sarveda.com/wp-content/uploads/2025/04/Artboard-1-copy-13-4.jpg
47903,https://sarveda.com/wp-content/uploads/2025/05/EGB.jpg,2025/05/EGB.jpg,https://sarveda.com/wp-content/uploads/2025/05/EGB.jpg
47904,https://sarveda.com/wp-content/uploads/2025/05/DFA.jpg,2025/05/DFA.jpg,https://sarveda.com/wp-content/uploads/2025/05/DFA.jpg
47905,https://sarveda.com/wp-content/uploads/2025/05/DFA-EGB.jpg,2025/05/DFA-EGB.jpg,https://sarveda.com/wp-content/uploads/2025/05/DFA-EGB.jpg
47906,https://sarveda.com/wp-content/uploads/2025/05/CEG.jpg,2025/05/CEG.jpg,https://sarveda.com/wp-content/uploads/2025/05/CEG.jpg
47907,https://sarveda.com/wp-content/uploads/2025/05/CEG-1.jpg,2025/05/CEG-1.jpg,https://sarveda.com/wp-content/uploads/2025/05/CEG-1.jpg
47913,https://sarveda.com/wp-content/uploads/2025/10/bendo-shaker.mp3,2025/10/bendo-shaker.mp3,https://sarveda.com/wp-content/uploads/2025/10/bendo-shaker.mp3
47946,https://sarveda.com/wp-content/uploads/2025/11/table-1.jpg,2025/11/table-1.jpg,https://sarveda.com/wp-content/uploads/2025/11/table-1.jpg
47947,https://sarveda.com/wp-content/uploads/2025/11/cover-4.jpg,2025/11/cover-4.jpg,https://sarveda.com/wp-content/uploads/2025/11/cover-4.jpg
47951,https://sarveda.com/wp-content/uploads/2025/11/spanda-sastra-2.webp,2025/11/spanda-sastra-2.webp,https://sarveda.com/wp-content/uploads/2025/11/spanda-sastra-2.webp
47955,https://sarveda.com/wp-content/uploads/2025/11/spanda-sastra.jpg,2025/11/spanda-sastra.jpg,https://sarveda.com/wp-content/uploads/2025/11/spanda-sastra.jpg
47979,https://sarveda.com/wp-content/uploads/2025/11/belly-bowl-cover.jpg,2025/11/belly-bowl-cover.jpg,https://sarveda.com/wp-content/uploads/2025/11/belly-bowl-cover.jpg
47980,https://sarveda.com/wp-content/uploads/2025/11/Head-universal-belly.jpg,2025/11/Head-universal-belly.jpg,https://sarveda.com/wp-content/uploads/2025/11/Head-universal-belly.jpg
47981,https://sarveda.com/wp-content/uploads/2025/11/belly-bowl.jpg,2025/11/belly-bowl.jpg,https://sarveda.com/wp-content/uploads/2025/11/belly-bowl.jpg
47982,https://sarveda.com/wp-content/uploads/2023/10/set-of-3-2.jpg,2023/10/set-of-3-2.jpg,https://sarveda.com/wp-content/uploads/2023/10/set-of-3-2.jpg
47983,https://sarveda.com/wp-content/uploads/2023/10/Head-universal-belly.jpg,2023/10/Head-universal-belly.jpg,https://sarveda.com/wp-content/uploads/2023/10/Head-universal-belly.jpg
47988,https://sarveda.com/wp-content/uploads/2024/05/1-web-1.jpg,2024/05/1-web-1.jpg,https://sarveda.com/wp-content/uploads/2024/05/1-web-1.jpg
48012,https://sarveda.com/wp-content/uploads/2024/04/grey-2.jpg,2024/04/grey-2.jpg,https://sarveda.com/wp-content/uploads/2024/04/grey-2.jpg
48013,https://sarveda.com/wp-content/uploads/2024/04/Grey-1.png,2024/04/Grey-1.png,https://sarveda.com/wp-content/uploads/2024/04/Grey-1.png
48035,https://sarveda.com/wp-content/uploads/2025/11/WhatsApp-Audio-2025-11-17-at-1.09.16-PM.mp4,2025/11/WhatsApp-Audio-2025-11-17-at-1.09.16-PM.mp4,https://sarveda.com/wp-content/uploads/2025/11/WhatsApp-Audio-2025-11-17-at-1.09.16-PM.mp4
48036,https://sarveda.com/wp-content/uploads/2025/11/WhatsApp-Audio-2025-11-17-at-1.09.16-PM-1.mp4,2025/11/WhatsApp-Audio-2025-11-17-at-1.09.16-PM-1.mp4,https://sarveda.com/wp-content/uploads/2025/11/WhatsApp-Audio-2025-11-17-at-1.09.16-PM-1.mp4
48039,https://sarveda.com/wp-content/uploads/2025/05/Crystal-CEG-tried.mp3,2025/05/Crystal-CEG-tried.mp3,https://sarveda.com/wp-content/uploads/2025/05/Crystal-CEG-tried.mp3
48067,https://sarveda.com/wp-content/uploads/2023/08/Shamanic-drum-2.jpg,2023/08/Shamanic-drum-2.jpg,https://sarveda.com/wp-content/uploads/2023/08/Shamanic-drum-2.jpg
48068,https://sarveda.com/wp-content/uploads/2023/08/shamanic-drum-3.jpg,2023/08/shamanic-drum-3.jpg,https://sarveda.com/wp-content/uploads/2023/08/shamanic-drum-3.jpg
48069,https://sarveda.com/wp-content/uploads/2023/08/shamanic-drum-4.jpg,2023/08/shamanic-drum-4.jpg,https://sarveda.com/wp-content/uploads/2023/08/shamanic-drum-4.jpg
48070,https://sarveda.com/wp-content/uploads/2023/08/shamanic-drum-5.jpg,2023/08/shamanic-drum-5.jpg,https://sarveda.com/wp-content/uploads/2023/08/shamanic-drum-5.jpg
48071,https://sarveda.com/wp-content/uploads/2023/08/Pangi-seed-shaker.jpg,2023/08/Pangi-seed-shaker.jpg,https://sarveda.com/wp-content/uploads/2023/08/Pangi-seed-shaker.jpg
48120,https://sarveda.com/wp-content/uploads/2024/01/Artboard-1.1-1.jpg,2024/01/Artboard-1.1-1.jpg,https://sarveda.com/wp-content/uploads/2024/01/Artboard-1.1-1.jpg
48146,https://sarveda.com/wp-content/uploads/2025/11/Gem-foot-10.jpg,2025/11/Gem-foot-10.jpg,https://sarveda.com/wp-content/uploads/2025/11/Gem-foot-10.jpg
48147,https://sarveda.com/wp-content/uploads/2025/11/Gem-foot-9.jpg,2025/11/Gem-foot-9.jpg,https://sarveda.com/wp-content/uploads/2025/11/Gem-foot-9.jpg
48148,https://sarveda.com/wp-content/uploads/2025/11/Gem-foot-7.jpg,2025/11/Gem-foot-7.jpg,https://sarveda.com/wp-content/uploads/2025/11/Gem-foot-7.jpg
48149,https://sarveda.com/wp-content/uploads/2025/11/Gem-foot-6.jpg,2025/11/Gem-foot-6.jpg,https://sarveda.com/wp-content/uploads/2025/11/Gem-foot-6.jpg
48150,https://sarveda.com/wp-content/uploads/2025/11/Gem-foot-5.jpg,2025/11/Gem-foot-5.jpg,https://sarveda.com/wp-content/uploads/2025/11/Gem-foot-5.jpg
48151,https://sarveda.com/wp-content/uploads/2025/11/Gem-foot-4.jpg,2025/11/Gem-foot-4.jpg,https://sarveda.com/wp-content/uploads/2025/11/Gem-foot-4.jpg
48152,https://sarveda.com/wp-content/uploads/2025/11/Gem-foot-3.jpg,2025/11/Gem-foot-3.jpg,https://sarveda.com/wp-content/uploads/2025/11/Gem-foot-3.jpg
48153,https://sarveda.com/wp-content/uploads/2025/11/Gem-foot-2.jpg,2025/11/Gem-foot-2.jpg,https://sarveda.com/wp-content/uploads/2025/11/Gem-foot-2.jpg
48154,https://sarveda.com/wp-content/uploads/2025/11/Gem-foot-1.jpg,2025/11/Gem-foot-1.jpg,https://sarveda.com/wp-content/uploads/2025/11/Gem-foot-1.jpg
48157,https://sarveda.com/wp-content/uploads/2025/11/Gem-foot-8.jpg,2025/11/Gem-foot-8.jpg,https://sarveda.com/wp-content/uploads/2025/11/Gem-foot-8.jpg
48158,https://sarveda.com/wp-content/uploads/2025/11/Massage-Boot-4.jpg,2025/11/Massage-Boot-4.jpg,https://sarveda.com/wp-content/uploads/2025/11/Massage-Boot-4.jpg
48159,https://sarveda.com/wp-content/uploads/2025/11/Massage-Boot-3.jpg,2025/11/Massage-Boot-3.jpg,https://sarveda.com/wp-content/uploads/2025/11/Massage-Boot-3.jpg
48160,https://sarveda.com/wp-content/uploads/2025/11/Massage-Boot-2.jpg,2025/11/Massage-Boot-2.jpg,https://sarveda.com/wp-content/uploads/2025/11/Massage-Boot-2.jpg
48161,https://sarveda.com/wp-content/uploads/2025/11/Massage-Boot-1.jpg,2025/11/Massage-Boot-1.jpg,https://sarveda.com/wp-content/uploads/2025/11/Massage-Boot-1.jpg
48170,https://sarveda.com/wp-content/uploads/2025/11/Tuning-fork-extender.jpg,2025/11/Tuning-fork-extender.jpg,https://sarveda.com/wp-content/uploads/2025/11/Tuning-fork-extender.jpg
48171,https://sarveda.com/wp-content/uploads/2025/11/Tuning-fork-extender-5.jpg,2025/11/Tuning-fork-extender-5.jpg,https://sarveda.com/wp-content/uploads/2025/11/Tuning-fork-extender-5.jpg
48172,https://sarveda.com/wp-content/uploads/2025/11/Tuning-fork-extender-4.jpg,2025/11/Tuning-fork-extender-4.jpg,https://sarveda.com/wp-content/uploads/2025/11/Tuning-fork-extender-4.jpg
48173,https://sarveda.com/wp-content/uploads/2025/11/Tuning-fork-extender-3.jpg,2025/11/Tuning-fork-extender-3.jpg,https://sarveda.com/wp-content/uploads/2025/11/Tuning-fork-extender-3.jpg
48174,https://sarveda.com/wp-content/uploads/2025/11/Tuning-fork-extender-1.jpg,2025/11/Tuning-fork-extender-1.jpg,https://sarveda.com/wp-content/uploads/2025/11/Tuning-fork-extender-1.jpg
48175,https://sarveda.com/wp-content/uploads/2025/11/Circuit-Boot-4.jpg,2025/11/Circuit-Boot-4.jpg,https://sarveda.com/wp-content/uploads/2025/11/Circuit-Boot-4.jpg
48176,https://sarveda.com/wp-content/uploads/2025/11/Circuit-Boot-3.jpg,2025/11/Circuit-Boot-3.jpg,https://sarveda.com/wp-content/uploads/2025/11/Circuit-Boot-3.jpg
48177,https://sarveda.com/wp-content/uploads/2025/11/Circuit-Boot-2.jpg,2025/11/Circuit-Boot-2.jpg,https://sarveda.com/wp-content/uploads/2025/11/Circuit-Boot-2.jpg
48178,https://sarveda.com/wp-content/uploads/2025/11/Circuit-Boot-1.jpg,2025/11/Circuit-Boot-1.jpg,https://sarveda.com/wp-content/uploads/2025/11/Circuit-Boot-1.jpg
48187,https://sarveda.com/wp-content/uploads/2025/11/Tuning-fork-mallet.jpg,2025/11/Tuning-fork-mallet.jpg,https://sarveda.com/wp-content/uploads/2025/11/Tuning-fork-mallet.jpg
48188,https://sarveda.com/wp-content/uploads/2025/11/Tuning-fork-mallet-1.jpg,2025/11/Tuning-fork-mallet-1.jpg,https://sarveda.com/wp-content/uploads/2025/11/Tuning-fork-mallet-1.jpg
48189,https://sarveda.com/wp-content/uploads/2025/11/Activator.jpg,2025/11/Activator.jpg,https://sarveda.com/wp-content/uploads/2025/11/Activator.jpg
48190,https://sarveda.com/wp-content/uploads/2025/11/Activator-1.jpg,2025/11/Activator-1.jpg,https://sarveda.com/wp-content/uploads/2025/11/Activator-1.jpg
48191,https://sarveda.com/wp-content/uploads/2025/11/Activator-Mallet.jpg,2025/11/Activator-Mallet.jpg,https://sarveda.com/wp-content/uploads/2025/11/Activator-Mallet.jpg
48192,https://sarveda.com/wp-content/uploads/2025/11/Activator-Mallet-2.jpg,2025/11/Activator-Mallet-2.jpg,https://sarveda.com/wp-content/uploads/2025/11/Activator-Mallet-2.jpg
48206,https://sarveda.com/wp-content/uploads/2025/11/Angel-fork-3.jpg,2025/11/Angel-fork-3.jpg,https://sarveda.com/wp-content/uploads/2025/11/Angel-fork-3.jpg
48207,https://sarveda.com/wp-content/uploads/2025/11/Angel-fork.jpg,2025/11/Angel-fork.jpg,https://sarveda.com/wp-content/uploads/2025/11/Angel-fork.jpg
48208,https://sarveda.com/wp-content/uploads/2025/11/Angel-fork-2.jpg,2025/11/Angel-fork-2.jpg,https://sarveda.com/wp-content/uploads/2025/11/Angel-fork-2.jpg
48234,https://sarveda.com/wp-content/uploads/2025/11/Tuning-fork-stand-8.jpg,2025/11/Tuning-fork-stand-8.jpg,https://sarveda.com/wp-content/uploads/2025/11/Tuning-fork-stand-8.jpg
48235,https://sarveda.com/wp-content/uploads/2025/11/Tuning-fork-stand-7.jpg,2025/11/Tuning-fork-stand-7.jpg,https://sarveda.com/wp-content/uploads/2025/11/Tuning-fork-stand-7.jpg
48236,https://sarveda.com/wp-content/uploads/2025/11/Tuning-fork-stand-6.jpg,2025/11/Tuning-fork-stand-6.jpg,https://sarveda.com/wp-content/uploads/2025/11/Tuning-fork-stand-6.jpg
48237,https://sarveda.com/wp-content/uploads/2025/11/Tuning-fork-stand-5.jpg,2025/11/Tuning-fork-stand-5.jpg,https://sarveda.com/wp-content/uploads/2025/11/Tuning-fork-stand-5.jpg
48238,https://sarveda.com/wp-content/uploads/2025/11/Tuning-fork-stand-4.jpg,2025/11/Tuning-fork-stand-4.jpg,https://sarveda.com/wp-content/uploads/2025/11/Tuning-fork-stand-4.jpg
48239,https://sarveda.com/wp-content/uploads/2025/11/Tuning-fork-stand-3.jpg,2025/11/Tuning-fork-stand-3.jpg,https://sarveda.com/wp-content/uploads/2025/11/Tuning-fork-stand-3.jpg
48240,https://sarveda.com/wp-content/uploads/2025/11/Tuning-fork-stand-2.jpg,2025/11/Tuning-fork-stand-2.jpg,https://sarveda.com/wp-content/uploads/2025/11/Tuning-fork-stand-2.jpg
48241,https://sarveda.com/wp-content/uploads/2025/11/Tuning-fork-stand-1.jpg,2025/11/Tuning-fork-stand-1.jpg,https://sarveda.com/wp-content/uploads/2025/11/Tuning-fork-stand-1.jpg
48252,https://sarveda.com/wp-content/uploads/2025/11/cover-5.jpg,2025/11/cover-5.jpg,https://sarveda.com/wp-content/uploads/2025/11/cover-5.jpg
48256,https://sarveda.com/wp-content/uploads/2025/11/soundbath.jpg,2025/11/soundbath-e1776759949557.jpg,https://sarveda.com/wp-content/uploads/2025/11/soundbath-e1776759949557.jpg
48262,https://sarveda.com/wp-content/uploads/2025/11/Table-2.jpg,2025/11/Table-2.jpg,https://sarveda.com/wp-content/uploads/2025/11/Table-2.jpg
48307,https://sarveda.com/wp-content/uploads/2025/12/Artboard-1-copy-5.jpg,2025/12/Artboard-1-copy-5.jpg,https://sarveda.com/wp-content/uploads/2025/12/Artboard-1-copy-5.jpg
48308,https://sarveda.com/wp-content/uploads/2025/12/Artboard-1-copy-3.jpg,2025/12/Artboard-1-copy-3.jpg,https://sarveda.com/wp-content/uploads/2025/12/Artboard-1-copy-3.jpg
48309,https://sarveda.com/wp-content/uploads/2025/12/weighted-Solfeggio-Set.jpg,2025/12/weighted-Solfeggio-Set.jpg,https://sarveda.com/wp-content/uploads/2025/12/weighted-Solfeggio-Set.jpg
48311,https://sarveda.com/wp-content/uploads/2025/12/weighted-7-chakra-Set_.jpg,2025/12/weighted-7-chakra-Set_.jpg,https://sarveda.com/wp-content/uploads/2025/12/weighted-7-chakra-Set_.jpg
48316,https://sarveda.com/wp-content/uploads/2025/12/Artboard-1.jpg,2025/12/Artboard-1.jpg,https://sarveda.com/wp-content/uploads/2025/12/Artboard-1.jpg
48321,https://sarveda.com/wp-content/uploads/2025/12/C-G.jpg,2025/12/C-G.jpg,https://sarveda.com/wp-content/uploads/2025/12/C-G.jpg
48322,https://sarveda.com/wp-content/uploads/2025/12/C-G-weighted.jpg,2025/12/C-G-weighted.jpg,https://sarveda.com/wp-content/uploads/2025/12/C-G-weighted.jpg
48325,https://sarveda.com/wp-content/uploads/2025/09/26.jpg,2025/09/26.jpg,https://sarveda.com/wp-content/uploads/2025/09/26.jpg
48326,https://sarveda.com/wp-content/uploads/2025/09/24.jpg,2025/09/24.jpg,https://sarveda.com/wp-content/uploads/2025/09/24.jpg
48327,https://sarveda.com/wp-content/uploads/2025/09/25.jpg,2025/09/25.jpg,https://sarveda.com/wp-content/uploads/2025/09/25.jpg
48328,https://sarveda.com/wp-content/uploads/2025/11/Gem-foot-2-1.jpg,2025/11/Gem-foot-2-1.jpg,https://sarveda.com/wp-content/uploads/2025/11/Gem-foot-2-1.jpg
48329,https://sarveda.com/wp-content/uploads/2025/11/Gem-foot-11.jpg,2025/11/Gem-foot-11.jpg,https://sarveda.com/wp-content/uploads/2025/11/Gem-foot-11.jpg
48332,https://sarveda.com/wp-content/uploads/2025/11/cover-2.jpg,2025/11/cover-2.jpg,https://sarveda.com/wp-content/uploads/2025/11/cover-2.jpg
48334,https://sarveda.com/wp-content/uploads/2025/11/cover.jpg,2025/11/cover.jpg,https://sarveda.com/wp-content/uploads/2025/11/cover.jpg
48335,https://sarveda.com/wp-content/uploads/2025/11/Circuit-Boot-4-1.jpg,2025/11/Circuit-Boot-4-1.jpg,https://sarveda.com/wp-content/uploads/2025/11/Circuit-Boot-4-1.jpg
48336,https://sarveda.com/wp-content/uploads/2025/11/Massage-Boot-5.jpg,2025/11/Massage-Boot-5.jpg,https://sarveda.com/wp-content/uploads/2025/11/Massage-Boot-5.jpg
48337,https://sarveda.com/wp-content/uploads/2025/12/Gem-foot-12.jpg,2025/12/Gem-foot-12.jpg,https://sarveda.com/wp-content/uploads/2025/12/Gem-foot-12.jpg
48355,https://sarveda.com/wp-content/uploads/2025/12/final-main-image-web.jpg,2025/12/final-main-image-web.jpg,https://sarveda.com/wp-content/uploads/2025/12/final-main-image-web.jpg
48356,https://sarveda.com/wp-content/uploads/2025/12/WhatsApp-Image-2025-12-02-at-19.50.19_f1014dd9.jpg,2025/12/WhatsApp-Image-2025-12-02-at-19.50.19_f1014dd9.jpg,https://sarveda.com/wp-content/uploads/2025/12/WhatsApp-Image-2025-12-02-at-19.50.19_f1014dd9.jpg
48357,https://sarveda.com/wp-content/uploads/2025/12/final-delhi-with-number-web.jpg,2025/12/final-delhi-with-number-web.jpg,https://sarveda.com/wp-content/uploads/2025/12/final-delhi-with-number-web.jpg
48358,https://sarveda.com/wp-content/uploads/2025/12/WhatsApp-Image-2025-12-02-at-19.48.32_70479dec.jpg,2025/12/WhatsApp-Image-2025-12-02-at-19.48.32_70479dec.jpg,https://sarveda.com/wp-content/uploads/2025/12/WhatsApp-Image-2025-12-02-at-19.48.32_70479dec.jpg
48367,https://sarveda.com/wp-content/uploads/2025/12/final-delhi-with-number-web-1.jpg,2025/12/final-delhi-with-number-web-1.jpg,https://sarveda.com/wp-content/uploads/2025/12/final-delhi-with-number-web-1.jpg
48369,https://sarveda.com/wp-content/uploads/2023/02/Artboard-1-copy-11-1.jpg,2023/02/Artboard-1-copy-11-1.jpg,https://sarveda.com/wp-content/uploads/2023/02/Artboard-1-copy-11-1.jpg
48370,https://sarveda.com/wp-content/uploads/2023/02/Artboard-1-copy-10-1.jpg,2023/02/Artboard-1-copy-10-1.jpg,https://sarveda.com/wp-content/uploads/2023/02/Artboard-1-copy-10-1.jpg
48374,https://sarveda.com/wp-content/uploads/2025/12/Oval-shaped-Ocarina.jpg,2025/12/Oval-shaped-Ocarina.jpg,https://sarveda.com/wp-content/uploads/2025/12/Oval-shaped-Ocarina.jpg
48375,https://sarveda.com/wp-content/uploads/2025/12/Oval-shaped-Ocarina-4.jpg,2025/12/Oval-shaped-Ocarina-4.jpg,https://sarveda.com/wp-content/uploads/2025/12/Oval-shaped-Ocarina-4.jpg
48376,https://sarveda.com/wp-content/uploads/2025/12/Oval-shaped-Ocarina-3.jpg,2025/12/Oval-shaped-Ocarina-3.jpg,https://sarveda.com/wp-content/uploads/2025/12/Oval-shaped-Ocarina-3.jpg
48377,https://sarveda.com/wp-content/uploads/2025/12/Oval-shaped-Ocarina-2.jpg,2025/12/Oval-shaped-Ocarina-2.jpg,https://sarveda.com/wp-content/uploads/2025/12/Oval-shaped-Ocarina-2.jpg
48378,https://sarveda.com/wp-content/uploads/2025/12/banana-shaped-Ocarina_.jpg,2025/12/banana-shaped-Ocarina_.jpg,https://sarveda.com/wp-content/uploads/2025/12/banana-shaped-Ocarina_.jpg
48379,https://sarveda.com/wp-content/uploads/2025/12/banana-shaped-Ocarina-4.jpg,2025/12/banana-shaped-Ocarina-4.jpg,https://sarveda.com/wp-content/uploads/2025/12/banana-shaped-Ocarina-4.jpg
48380,https://sarveda.com/wp-content/uploads/2025/12/banana-shaped-Ocarina-3-1.jpg,2025/12/banana-shaped-Ocarina-3-1.jpg,https://sarveda.com/wp-content/uploads/2025/12/banana-shaped-Ocarina-3-1.jpg
48381,https://sarveda.com/wp-content/uploads/2025/12/banana-shaped-Ocarina-2-1.jpg,2025/12/banana-shaped-Ocarina-2-1.jpg,https://sarveda.com/wp-content/uploads/2025/12/banana-shaped-Ocarina-2-1.jpg
48390,https://sarveda.com/wp-content/uploads/2025/12/Wooden-Ocarina-Flute.jpg,2025/12/Wooden-Ocarina-Flute.jpg,https://sarveda.com/wp-content/uploads/2025/12/Wooden-Ocarina-Flute.jpg
48391,https://sarveda.com/wp-content/uploads/2025/12/Wooden-Ocarina-Flute-4.jpg,2025/12/Wooden-Ocarina-Flute-4.jpg,https://sarveda.com/wp-content/uploads/2025/12/Wooden-Ocarina-Flute-4.jpg
48392,https://sarveda.com/wp-content/uploads/2025/12/Wooden-Ocarina-Flute-3.jpg,2025/12/Wooden-Ocarina-Flute-3.jpg,https://sarveda.com/wp-content/uploads/2025/12/Wooden-Ocarina-Flute-3.jpg
48393,https://sarveda.com/wp-content/uploads/2025/12/Wooden-Ocarina-Flute-2.jpg,2025/12/Wooden-Ocarina-Flute-2.jpg,https://sarveda.com/wp-content/uploads/2025/12/Wooden-Ocarina-Flute-2.jpg
48429,https://sarveda.com/wp-content/uploads/2025/12/Native-American-Flute.jpg,2025/12/Native-American-Flute.jpg,https://sarveda.com/wp-content/uploads/2025/12/Native-American-Flute.jpg
48430,https://sarveda.com/wp-content/uploads/2025/12/Native-American-Flute-6.jpg,2025/12/Native-American-Flute-6.jpg,https://sarveda.com/wp-content/uploads/2025/12/Native-American-Flute-6.jpg
48431,https://sarveda.com/wp-content/uploads/2025/12/Native-American-Flute-5.jpg,2025/12/Native-American-Flute-5.jpg,https://sarveda.com/wp-content/uploads/2025/12/Native-American-Flute-5.jpg
48432,https://sarveda.com/wp-content/uploads/2025/12/Native-American-Flute-4.jpg,2025/12/Native-American-Flute-4.jpg,https://sarveda.com/wp-content/uploads/2025/12/Native-American-Flute-4.jpg
48433,https://sarveda.com/wp-content/uploads/2025/12/Native-American-Flute-3.jpg,2025/12/Native-American-Flute-3.jpg,https://sarveda.com/wp-content/uploads/2025/12/Native-American-Flute-3.jpg
48434,https://sarveda.com/wp-content/uploads/2025/12/Native-American-Flute-3-1.jpg,2025/12/Native-American-Flute-3-1.jpg,https://sarveda.com/wp-content/uploads/2025/12/Native-American-Flute-3-1.jpg
48435,https://sarveda.com/wp-content/uploads/2025/12/Native-American-Flute-2.jpg,2025/12/Native-American-Flute-2.jpg,https://sarveda.com/wp-content/uploads/2025/12/Native-American-Flute-2.jpg
48487,https://sarveda.com/wp-content/uploads/2024/05/sarveda-course-dec-2025-02.png,2024/05/sarveda-course-dec-2025-02-scaled.png,https://sarveda.com/wp-content/uploads/2024/05/sarveda-course-dec-2025-02-scaled.png
48502,https://sarveda.com/wp-content/uploads/2025/12/WhatsApp-Image-2025-12-21-at-12.11.14-PM.jpeg,2025/12/WhatsApp-Image-2025-12-21-at-12.11.14-PM.jpeg,https://sarveda.com/wp-content/uploads/2025/12/WhatsApp-Image-2025-12-21-at-12.11.14-PM.jpeg
48513,https://sarveda.com/wp-content/uploads/2025/12/Pulse-tube-2.jpg,2025/12/Pulse-tube-2.jpg,https://sarveda.com/wp-content/uploads/2025/12/Pulse-tube-2.jpg
48514,https://sarveda.com/wp-content/uploads/2025/12/Pulse-tube_.jpg,2025/12/Pulse-tube_.jpg,https://sarveda.com/wp-content/uploads/2025/12/Pulse-tube_.jpg
48515,https://sarveda.com/wp-content/uploads/2025/12/Pulse-tube-small.jpg,2025/12/Pulse-tube-small.jpg,https://sarveda.com/wp-content/uploads/2025/12/Pulse-tube-small.jpg
48516,https://sarveda.com/wp-content/uploads/2025/12/Pulse-tube-small-3-G_.jpg,2025/12/Pulse-tube-small-3-G_.jpg,https://sarveda.com/wp-content/uploads/2025/12/Pulse-tube-small-3-G_.jpg
48517,https://sarveda.com/wp-content/uploads/2025/12/Pulse-tube-medium.jpg,2025/12/Pulse-tube-medium.jpg,https://sarveda.com/wp-content/uploads/2025/12/Pulse-tube-medium.jpg
48518,https://sarveda.com/wp-content/uploads/2025/12/Pulse-tube-medium-3-E_.jpg,2025/12/Pulse-tube-medium-3-E_.jpg,https://sarveda.com/wp-content/uploads/2025/12/Pulse-tube-medium-3-E_.jpg
48519,https://sarveda.com/wp-content/uploads/2025/12/Pulse-tube-big.jpg,2025/12/Pulse-tube-big.jpg,https://sarveda.com/wp-content/uploads/2025/12/Pulse-tube-big.jpg
48520,https://sarveda.com/wp-content/uploads/2025/12/Pulse-tube-5.jpg,2025/12/Pulse-tube-5.jpg,https://sarveda.com/wp-content/uploads/2025/12/Pulse-tube-5.jpg
48521,https://sarveda.com/wp-content/uploads/2025/12/Pulse-tube-4.jpg,2025/12/Pulse-tube-4.jpg,https://sarveda.com/wp-content/uploads/2025/12/Pulse-tube-4.jpg
48522,https://sarveda.com/wp-content/uploads/2025/12/Pulse-tube-3.jpg,2025/12/Pulse-tube-3.jpg,https://sarveda.com/wp-content/uploads/2025/12/Pulse-tube-3.jpg
48523,https://sarveda.com/wp-content/uploads/2025/12/Pulse-tube-2-1.jpg,2025/12/Pulse-tube-2-1.jpg,https://sarveda.com/wp-content/uploads/2025/12/Pulse-tube-2-1.jpg
48533,https://sarveda.com/wp-content/uploads/2025/12/Sarveda_sonic_odyssey_bangalore-1.png,2025/12/Sarveda_sonic_odyssey_bangalore-1-scaled.png,https://sarveda.com/wp-content/uploads/2025/12/Sarveda_sonic_odyssey_bangalore-1-scaled.png
48584,https://sarveda.com/wp-content/uploads/2025/12/Sarveda_sonic_odyssey-13.png,2025/12/Sarveda_sonic_odyssey-13-scaled.png,https://sarveda.com/wp-content/uploads/2025/12/Sarveda_sonic_odyssey-13-scaled.png
48585,https://sarveda.com/wp-content/uploads/2025/12/Sarveda_sonic_odyssey-04.png,2025/12/Sarveda_sonic_odyssey-04-scaled.png,https://sarveda.com/wp-content/uploads/2025/12/Sarveda_sonic_odyssey-04-scaled.png
48586,https://sarveda.com/wp-content/uploads/2025/12/Sarveda_sonic_odyssey-05.png,2025/12/Sarveda_sonic_odyssey-05-scaled.png,https://sarveda.com/wp-content/uploads/2025/12/Sarveda_sonic_odyssey-05-scaled.png
48587,https://sarveda.com/wp-content/uploads/2025/12/Sarveda_sonic_odyssey-03.png,2025/12/Sarveda_sonic_odyssey-03-scaled.png,https://sarveda.com/wp-content/uploads/2025/12/Sarveda_sonic_odyssey-03-scaled.png
48588,https://sarveda.com/wp-content/uploads/2025/12/Sarveda_sonic_odyssey_Pune-2-.png,2025/12/Sarveda_sonic_odyssey_Pune-2--scaled.png,https://sarveda.com/wp-content/uploads/2025/12/Sarveda_sonic_odyssey_Pune-2--scaled.png
48589,https://sarveda.com/wp-content/uploads/2025/12/Sarveda_sonic_odyssey_Mumbai-2-.png,2025/12/Sarveda_sonic_odyssey_Mumbai-2--scaled.png,https://sarveda.com/wp-content/uploads/2025/12/Sarveda_sonic_odyssey_Mumbai-2--scaled.png
48590,https://sarveda.com/wp-content/uploads/2025/12/Sarveda_sonic_odyssey-13-1.png,2025/12/Sarveda_sonic_odyssey-13-1-scaled.png,https://sarveda.com/wp-content/uploads/2025/12/Sarveda_sonic_odyssey-13-1-scaled.png
48591,https://sarveda.com/wp-content/uploads/2025/12/Sarveda_sonic_odyssey-14.png,2025/12/Sarveda_sonic_odyssey-14-scaled.png,https://sarveda.com/wp-content/uploads/2025/12/Sarveda_sonic_odyssey-14-scaled.png
48592,https://sarveda.com/wp-content/uploads/2025/12/Sarveda_sonic_odyssey-15.png,2025/12/Sarveda_sonic_odyssey-15-scaled.png,https://sarveda.com/wp-content/uploads/2025/12/Sarveda_sonic_odyssey-15-scaled.png
48593,https://sarveda.com/wp-content/uploads/2025/12/Sarveda_sonic_odyssey-16.png,2025/12/Sarveda_sonic_odyssey-16-scaled.png,https://sarveda.com/wp-content/uploads/2025/12/Sarveda_sonic_odyssey-16-scaled.png
48594,https://sarveda.com/wp-content/uploads/2025/12/Sarveda_sonic_odyssey-17.png,2025/12/Sarveda_sonic_odyssey-17-scaled.png,https://sarveda.com/wp-content/uploads/2025/12/Sarveda_sonic_odyssey-17-scaled.png
48595,https://sarveda.com/wp-content/uploads/2025/12/Sarveda_sonic_odyssey_Chennai-1080x1080-1.png,2025/12/Sarveda_sonic_odyssey_Chennai-1080x1080-1-scaled.png,https://sarveda.com/wp-content/uploads/2025/12/Sarveda_sonic_odyssey_Chennai-1080x1080-1-scaled.png
48633,https://sarveda.com/wp-content/uploads/2025/05/Artboard-1-copy-5-3.jpg,2025/05/Artboard-1-copy-5-3.jpg,https://sarveda.com/wp-content/uploads/2025/05/Artboard-1-copy-5-3.jpg
48638,https://sarveda.com/wp-content/uploads/2026/01/bird-flute-green-3.jpg,2026/01/bird-flute-green-3.jpg,https://sarveda.com/wp-content/uploads/2026/01/bird-flute-green-3.jpg
48639,https://sarveda.com/wp-content/uploads/2026/01/bird-flute-green.jpg,2026/01/bird-flute-green.jpg,https://sarveda.com/wp-content/uploads/2026/01/bird-flute-green.jpg
48640,https://sarveda.com/wp-content/uploads/2026/01/bird-flute-green-5.jpg,2026/01/bird-flute-green-5.jpg,https://sarveda.com/wp-content/uploads/2026/01/bird-flute-green-5.jpg
48641,https://sarveda.com/wp-content/uploads/2026/01/bird-flute-green-4.jpg,2026/01/bird-flute-green-4.jpg,https://sarveda.com/wp-content/uploads/2026/01/bird-flute-green-4.jpg
48642,https://sarveda.com/wp-content/uploads/2026/01/bird-flute-green-3-1.jpg,2026/01/bird-flute-green-3-1.jpg,https://sarveda.com/wp-content/uploads/2026/01/bird-flute-green-3-1.jpg
48643,https://sarveda.com/wp-content/uploads/2026/01/bird-flute-green-2.jpg,2026/01/bird-flute-green-2.jpg,https://sarveda.com/wp-content/uploads/2026/01/bird-flute-green-2.jpg
48647,https://sarveda.com/wp-content/uploads/2025/05/bird-flute-green-6.jpg,2025/05/bird-flute-green-6.jpg,https://sarveda.com/wp-content/uploads/2025/05/bird-flute-green-6.jpg
48648,https://sarveda.com/wp-content/uploads/2025/05/bird-flute-green-7.jpg,2025/05/bird-flute-green-7.jpg,https://sarveda.com/wp-content/uploads/2025/05/bird-flute-green-7.jpg
48676,https://sarveda.com/wp-content/uploads/2026/01/Morchang-4.jpg,2026/01/Morchang-4.jpg,https://sarveda.com/wp-content/uploads/2026/01/Morchang-4.jpg
48696,https://sarveda.com/wp-content/uploads/2025/05/Artboard-1-copy-8.jpg,2025/05/Artboard-1-copy-8.jpg,https://sarveda.com/wp-content/uploads/2025/05/Artboard-1-copy-8.jpg
48697,https://sarveda.com/wp-content/uploads/2025/05/Artboard-1-copy-7-2.jpg,2025/05/Artboard-1-copy-7-2.jpg,https://sarveda.com/wp-content/uploads/2025/05/Artboard-1-copy-7-2.jpg
48737,https://sarveda.com/wp-content/uploads/2026/01/Morchang-12.jpg,2026/01/Morchang-12.jpg,https://sarveda.com/wp-content/uploads/2026/01/Morchang-12.jpg
48738,https://sarveda.com/wp-content/uploads/2026/01/Morchang-7-chakra-15.jpg,2026/01/Morchang-7-chakra-15.jpg,https://sarveda.com/wp-content/uploads/2026/01/Morchang-7-chakra-15.jpg
48739,https://sarveda.com/wp-content/uploads/2026/01/Morchang-7-chakra_.jpg,2026/01/Morchang-7-chakra_.jpg,https://sarveda.com/wp-content/uploads/2026/01/Morchang-7-chakra_.jpg
48740,https://sarveda.com/wp-content/uploads/2026/01/Morchang-7-chakra-17.jpg,2026/01/Morchang-7-chakra-17.jpg,https://sarveda.com/wp-content/uploads/2026/01/Morchang-7-chakra-17.jpg
48741,https://sarveda.com/wp-content/uploads/2026/01/Morchang-7-chakra-16.jpg,2026/01/Morchang-7-chakra-16.jpg,https://sarveda.com/wp-content/uploads/2026/01/Morchang-7-chakra-16.jpg
48742,https://sarveda.com/wp-content/uploads/2026/01/Morchang-7-chakra-7.jpg,2026/01/Morchang-7-chakra-7.jpg,https://sarveda.com/wp-content/uploads/2026/01/Morchang-7-chakra-7.jpg
48743,https://sarveda.com/wp-content/uploads/2026/01/Morchang-7-chakra-6.jpg,2026/01/Morchang-7-chakra-6.jpg,https://sarveda.com/wp-content/uploads/2026/01/Morchang-7-chakra-6.jpg
48744,https://sarveda.com/wp-content/uploads/2026/01/Morchang-7-chakra-5.jpg,2026/01/Morchang-7-chakra-5.jpg,https://sarveda.com/wp-content/uploads/2026/01/Morchang-7-chakra-5.jpg
48745,https://sarveda.com/wp-content/uploads/2026/01/Morchang-7-chakra-4.jpg,2026/01/Morchang-7-chakra-4.jpg,https://sarveda.com/wp-content/uploads/2026/01/Morchang-7-chakra-4.jpg
48746,https://sarveda.com/wp-content/uploads/2026/01/Morchang-7-chakra-3.jpg,2026/01/Morchang-7-chakra-3.jpg,https://sarveda.com/wp-content/uploads/2026/01/Morchang-7-chakra-3.jpg
48747,https://sarveda.com/wp-content/uploads/2026/01/Morchang-7-chakra-2.jpg,2026/01/Morchang-7-chakra-2.jpg,https://sarveda.com/wp-content/uploads/2026/01/Morchang-7-chakra-2.jpg
48748,https://sarveda.com/wp-content/uploads/2026/01/Morchang-7-chakra-1.jpg,2026/01/Morchang-7-chakra-1.jpg,https://sarveda.com/wp-content/uploads/2026/01/Morchang-7-chakra-1.jpg
48750,https://sarveda.com/wp-content/uploads/2026/01/webinar_webinar-square.png,2026/01/webinar_webinar-square-scaled.png,https://sarveda.com/wp-content/uploads/2026/01/webinar_webinar-square-scaled.png
48751,https://sarveda.com/wp-content/uploads/2026/01/WhatsApp-Image-2026-01-09-at-12.04.52-PM.jpeg,2026/01/WhatsApp-Image-2026-01-09-at-12.04.52-PM-e1768314434386.jpeg,https://sarveda.com/wp-content/uploads/2026/01/WhatsApp-Image-2026-01-09-at-12.04.52-PM-e1768314434386.jpeg
48768,https://sarveda.com/wp-content/uploads/2026/01/webinar_Labutsu-Square.png,2026/01/webinar_Labutsu-Square-scaled.png,https://sarveda.com/wp-content/uploads/2026/01/webinar_Labutsu-Square-scaled.png
48825,https://sarveda.com/wp-content/uploads/2026/01/Morchang-7-chakra-12.jpg,2026/01/Morchang-7-chakra-12.jpg,https://sarveda.com/wp-content/uploads/2026/01/Morchang-7-chakra-12.jpg
48826,https://sarveda.com/wp-content/uploads/2026/01/Morchang-7-chakra-8.jpg,2026/01/Morchang-7-chakra-8.jpg,https://sarveda.com/wp-content/uploads/2026/01/Morchang-7-chakra-8.jpg
48827,https://sarveda.com/wp-content/uploads/2026/01/Morchang-7-chakra-7-1.jpg,2026/01/Morchang-7-chakra-7-1.jpg,https://sarveda.com/wp-content/uploads/2026/01/Morchang-7-chakra-7-1.jpg
48828,https://sarveda.com/wp-content/uploads/2026/01/Morchang-7-chakra-6-1.jpg,2026/01/Morchang-7-chakra-6-1.jpg,https://sarveda.com/wp-content/uploads/2026/01/Morchang-7-chakra-6-1.jpg
48829,https://sarveda.com/wp-content/uploads/2026/01/Morchang-7-chakra-5-1.jpg,2026/01/Morchang-7-chakra-5-1.jpg,https://sarveda.com/wp-content/uploads/2026/01/Morchang-7-chakra-5-1.jpg
48830,https://sarveda.com/wp-content/uploads/2026/01/Morchang-7-chakra-4-1.jpg,2026/01/Morchang-7-chakra-4-1.jpg,https://sarveda.com/wp-content/uploads/2026/01/Morchang-7-chakra-4-1.jpg
48831,https://sarveda.com/wp-content/uploads/2026/01/Morchang-7-chakra-2-1.jpg,2026/01/Morchang-7-chakra-2-1.jpg,https://sarveda.com/wp-content/uploads/2026/01/Morchang-7-chakra-2-1.jpg
48832,https://sarveda.com/wp-content/uploads/2026/01/Morchang-7-chakra-1-1.jpg,2026/01/Morchang-7-chakra-1-1.jpg,https://sarveda.com/wp-content/uploads/2026/01/Morchang-7-chakra-1-1.jpg
48833,https://sarveda.com/wp-content/uploads/2026/01/Morchang-7-chakra-18.jpg,2026/01/Morchang-7-chakra-18.jpg,https://sarveda.com/wp-content/uploads/2026/01/Morchang-7-chakra-18.jpg
48834,https://sarveda.com/wp-content/uploads/2026/01/Morchang-7-chakra_-2.jpg,2026/01/Morchang-7-chakra_-2.jpg,https://sarveda.com/wp-content/uploads/2026/01/Morchang-7-chakra_-2.jpg
48835,https://sarveda.com/wp-content/uploads/2026/01/Morchang-7-chakra_-1.jpg,2026/01/Morchang-7-chakra_-1.jpg,https://sarveda.com/wp-content/uploads/2026/01/Morchang-7-chakra_-1.jpg
48836,https://sarveda.com/wp-content/uploads/2026/01/Morchang-7-chakra-17-1.jpg,2026/01/Morchang-7-chakra-17-1.jpg,https://sarveda.com/wp-content/uploads/2026/01/Morchang-7-chakra-17-1.jpg
48837,https://sarveda.com/wp-content/uploads/2026/01/Morchang-2.jpg,2026/01/Morchang-2.jpg,https://sarveda.com/wp-content/uploads/2026/01/Morchang-2.jpg
48838,https://sarveda.com/wp-content/uploads/2026/01/Morchang-3.jpg,2026/01/Morchang-3.jpg,https://sarveda.com/wp-content/uploads/2026/01/Morchang-3.jpg
48839,https://sarveda.com/wp-content/uploads/2026/01/Morchang.jpg,2026/01/Morchang.jpg,https://sarveda.com/wp-content/uploads/2026/01/Morchang.jpg
48840,https://sarveda.com/wp-content/uploads/2026/01/Morchang-14.jpg,2026/01/Morchang-14.jpg,https://sarveda.com/wp-content/uploads/2026/01/Morchang-14.jpg
48849,https://sarveda.com/wp-content/uploads/2026/01/Morchang-15.jpg,2026/01/Morchang-15.jpg,https://sarveda.com/wp-content/uploads/2026/01/Morchang-15.jpg
48850,https://sarveda.com/wp-content/uploads/2026/01/Morchang-6.jpg,2026/01/Morchang-6.jpg,https://sarveda.com/wp-content/uploads/2026/01/Morchang-6.jpg
48851,https://sarveda.com/wp-content/uploads/2026/01/Morchang-5.jpg,2026/01/Morchang-5.jpg,https://sarveda.com/wp-content/uploads/2026/01/Morchang-5.jpg
48852,https://sarveda.com/wp-content/uploads/2026/01/Morchang-4-1.jpg,2026/01/Morchang-4-1.jpg,https://sarveda.com/wp-content/uploads/2026/01/Morchang-4-1.jpg
48853,https://sarveda.com/wp-content/uploads/2026/01/Morchang-4-2.jpg,2026/01/Morchang-4-2.jpg,https://sarveda.com/wp-content/uploads/2026/01/Morchang-4-2.jpg
48854,https://sarveda.com/wp-content/uploads/2026/01/Morchag-20-1.jpg,2026/01/Morchag-20-1.jpg,https://sarveda.com/wp-content/uploads/2026/01/Morchag-20-1.jpg
48855,https://sarveda.com/wp-content/uploads/2026/01/Morchag-20.jpg,2026/01/Morchag-20.jpg,https://sarveda.com/wp-content/uploads/2026/01/Morchag-20.jpg
48861,https://sarveda.com/wp-content/uploads/2026/01/Morchang-18.jpg,2026/01/Morchang-18.jpg,https://sarveda.com/wp-content/uploads/2026/01/Morchang-18.jpg
48862,https://sarveda.com/wp-content/uploads/2026/01/Morchang-17.jpg,2026/01/Morchang-17.jpg,https://sarveda.com/wp-content/uploads/2026/01/Morchang-17.jpg
48863,https://sarveda.com/wp-content/uploads/2026/01/Morchang-16.jpg,2026/01/Morchang-16.jpg,https://sarveda.com/wp-content/uploads/2026/01/Morchang-16.jpg
48864,https://sarveda.com/wp-content/uploads/2026/01/Morchang-13.jpg,2026/01/Morchang-13.jpg,https://sarveda.com/wp-content/uploads/2026/01/Morchang-13.jpg
48865,https://sarveda.com/wp-content/uploads/2026/01/Morchang-12-1.jpg,2026/01/Morchang-12-1.jpg,https://sarveda.com/wp-content/uploads/2026/01/Morchang-12-1.jpg
48866,https://sarveda.com/wp-content/uploads/2026/01/Morchang-11.jpg,2026/01/Morchang-11.jpg,https://sarveda.com/wp-content/uploads/2026/01/Morchang-11.jpg
48867,https://sarveda.com/wp-content/uploads/2026/01/Morchang-10.jpg,2026/01/Morchang-10.jpg,https://sarveda.com/wp-content/uploads/2026/01/Morchang-10.jpg
48868,https://sarveda.com/wp-content/uploads/2026/01/Morchang-9.jpg,2026/01/Morchang-9.jpg,https://sarveda.com/wp-content/uploads/2026/01/Morchang-9.jpg
48869,https://sarveda.com/wp-content/uploads/2026/01/Morchang-8.jpg,2026/01/Morchang-8.jpg,https://sarveda.com/wp-content/uploads/2026/01/Morchang-8.jpg
48870,https://sarveda.com/wp-content/uploads/2026/01/Morchang-7.jpg,2026/01/Morchang-7.jpg,https://sarveda.com/wp-content/uploads/2026/01/Morchang-7.jpg
48923,https://sarveda.com/wp-content/uploads/2025/04/Artboard-1_-2.jpg,2025/04/Artboard-1_-2.jpg,https://sarveda.com/wp-content/uploads/2025/04/Artboard-1_-2.jpg
48924,https://sarveda.com/wp-content/uploads/2025/07/Bamboo-Flute-copy-8.jpg,2025/07/Bamboo-Flute-copy-8.jpg,https://sarveda.com/wp-content/uploads/2025/07/Bamboo-Flute-copy-8.jpg
48925,https://sarveda.com/wp-content/uploads/2025/07/Bamboo-Flute-copy-7.jpg,2025/07/Bamboo-Flute-copy-7.jpg,https://sarveda.com/wp-content/uploads/2025/07/Bamboo-Flute-copy-7.jpg
48928,https://sarveda.com/wp-content/uploads/2023/08/Thunder-Tube-3.jpg,2023/08/Thunder-Tube-3.jpg,https://sarveda.com/wp-content/uploads/2023/08/Thunder-Tube-3.jpg
48929,https://sarveda.com/wp-content/uploads/2023/08/Thunder-Tube-2.jpg,2023/08/Thunder-Tube-2.jpg,https://sarveda.com/wp-content/uploads/2023/08/Thunder-Tube-2.jpg
48934,https://sarveda.com/wp-content/uploads/2023/02/Singing-Bowls-with-Sacred-Mantra-Printed-6.jpg,2023/02/Singing-Bowls-with-Sacred-Mantra-Printed-6.jpg,https://sarveda.com/wp-content/uploads/2023/02/Singing-Bowls-with-Sacred-Mantra-Printed-6.jpg
48935,https://sarveda.com/wp-content/uploads/2023/02/Singing-Bowls-with-Sacred-Mantra-Printed.jpg,2023/02/Singing-Bowls-with-Sacred-Mantra-Printed.jpg,https://sarveda.com/wp-content/uploads/2023/02/Singing-Bowls-with-Sacred-Mantra-Printed.jpg
48936,https://sarveda.com/wp-content/uploads/2023/02/Singing-Bowls-with-Sacred-Mantra-Printed-5.jpg,2023/02/Singing-Bowls-with-Sacred-Mantra-Printed-5.jpg,https://sarveda.com/wp-content/uploads/2023/02/Singing-Bowls-with-Sacred-Mantra-Printed-5.jpg
48937,https://sarveda.com/wp-content/uploads/2023/02/Singing-Bowls-with-Sacred-Mantra-Printed-4.jpg,2023/02/Singing-Bowls-with-Sacred-Mantra-Printed-4.jpg,https://sarveda.com/wp-content/uploads/2023/02/Singing-Bowls-with-Sacred-Mantra-Printed-4.jpg
48938,https://sarveda.com/wp-content/uploads/2023/02/Singing-Bowls-with-Sacred-Mantra-Printed-2.jpg,2023/02/Singing-Bowls-with-Sacred-Mantra-Printed-2.jpg,https://sarveda.com/wp-content/uploads/2023/02/Singing-Bowls-with-Sacred-Mantra-Printed-2.jpg
49110,https://sarveda.com/wp-content/uploads/2026/01/Singing-bowl-with-handle-4.jpg,2026/01/Singing-bowl-with-handle-4.jpg,https://sarveda.com/wp-content/uploads/2026/01/Singing-bowl-with-handle-4.jpg
49111,https://sarveda.com/wp-content/uploads/2026/01/Singing-bowl-with-handle.jpg,2026/01/Singing-bowl-with-handle.jpg,https://sarveda.com/wp-content/uploads/2026/01/Singing-bowl-with-handle.jpg
49112,https://sarveda.com/wp-content/uploads/2026/01/Singing-bowl-with-handle-5.jpg,2026/01/Singing-bowl-with-handle-5.jpg,https://sarveda.com/wp-content/uploads/2026/01/Singing-bowl-with-handle-5.jpg
49113,https://sarveda.com/wp-content/uploads/2026/01/Singing-bowl-with-handle-3.jpg,2026/01/Singing-bowl-with-handle-3.jpg,https://sarveda.com/wp-content/uploads/2026/01/Singing-bowl-with-handle-3.jpg
49114,https://sarveda.com/wp-content/uploads/2026/01/Singing-bowl-with-handle-2.jpg,2026/01/Singing-bowl-with-handle-2.jpg,https://sarveda.com/wp-content/uploads/2026/01/Singing-bowl-with-handle-2.jpg
49180,https://sarveda.com/wp-content/uploads/2026/02/Etched-Gong-3.jpg,2026/02/Etched-Gong-3.jpg,https://sarveda.com/wp-content/uploads/2026/02/Etched-Gong-3.jpg
49181,https://sarveda.com/wp-content/uploads/2026/02/Etched-Gong-3.1.jpg,2026/02/Etched-Gong-3.1.jpg,https://sarveda.com/wp-content/uploads/2026/02/Etched-Gong-3.1.jpg
49182,https://sarveda.com/wp-content/uploads/2026/02/Etched-Gong-2.jpg,2026/02/Etched-Gong-2.jpg,https://sarveda.com/wp-content/uploads/2026/02/Etched-Gong-2.jpg
49183,https://sarveda.com/wp-content/uploads/2026/02/Etched-Gong-2.1.jpg,2026/02/Etched-Gong-2.1.jpg,https://sarveda.com/wp-content/uploads/2026/02/Etched-Gong-2.1.jpg
49184,https://sarveda.com/wp-content/uploads/2026/02/Etched-Gong-1.jpg,2026/02/Etched-Gong-1.jpg,https://sarveda.com/wp-content/uploads/2026/02/Etched-Gong-1.jpg
49185,https://sarveda.com/wp-content/uploads/2026/02/Etched-Gong-1.1.jpg,2026/02/Etched-Gong-1.1.jpg,https://sarveda.com/wp-content/uploads/2026/02/Etched-Gong-1.1.jpg
49186,https://sarveda.com/wp-content/uploads/2026/02/etched-chao-gong-weight-guide.jpg,2026/02/etched-chao-gong-weight-guide.jpg,https://sarveda.com/wp-content/uploads/2026/02/etched-chao-gong-weight-guide.jpg
49216,https://sarveda.com/wp-content/uploads/2024/01/Artboard-1-copy-4.jpg,2024/01/Artboard-1-copy-4.jpg,https://sarveda.com/wp-content/uploads/2024/01/Artboard-1-copy-4.jpg
49359,https://sarveda.com/wp-content/uploads/2023/08/Spiral-Didgeridoo-6.jpg,2023/08/Spiral-Didgeridoo-6.jpg,https://sarveda.com/wp-content/uploads/2023/08/Spiral-Didgeridoo-6.jpg
49360,https://sarveda.com/wp-content/uploads/2023/08/Spiral-Didgeridoo.jpg,2023/08/Spiral-Didgeridoo.jpg,https://sarveda.com/wp-content/uploads/2023/08/Spiral-Didgeridoo.jpg
49361,https://sarveda.com/wp-content/uploads/2023/08/Spiral-Didgeridoo-5.jpg,2023/08/Spiral-Didgeridoo-5.jpg,https://sarveda.com/wp-content/uploads/2023/08/Spiral-Didgeridoo-5.jpg
49362,https://sarveda.com/wp-content/uploads/2023/08/Spiral-Didgeridoo-4.jpg,2023/08/Spiral-Didgeridoo-4.jpg,https://sarveda.com/wp-content/uploads/2023/08/Spiral-Didgeridoo-4.jpg
49363,https://sarveda.com/wp-content/uploads/2023/08/Spiral-Didgeridoo-3.jpg,2023/08/Spiral-Didgeridoo-3.jpg,https://sarveda.com/wp-content/uploads/2023/08/Spiral-Didgeridoo-3.jpg
49364,https://sarveda.com/wp-content/uploads/2023/08/Spiral-Didgeridoo-2.jpg,2023/08/Spiral-Didgeridoo-2.jpg,https://sarveda.com/wp-content/uploads/2023/08/Spiral-Didgeridoo-2.jpg
49365,https://sarveda.com/wp-content/uploads/2023/08/S-shaped-Didgeridoo.jpg,2023/08/S-shaped-Didgeridoo.jpg,https://sarveda.com/wp-content/uploads/2023/08/S-shaped-Didgeridoo.jpg
49366,https://sarveda.com/wp-content/uploads/2023/08/S-shaped-Didgeridoo-6.jpg,2023/08/S-shaped-Didgeridoo-6.jpg,https://sarveda.com/wp-content/uploads/2023/08/S-shaped-Didgeridoo-6.jpg
49367,https://sarveda.com/wp-content/uploads/2023/08/S-shaped-Didgeridoo-4.jpg,2023/08/S-shaped-Didgeridoo-4.jpg,https://sarveda.com/wp-content/uploads/2023/08/S-shaped-Didgeridoo-4.jpg
49368,https://sarveda.com/wp-content/uploads/2023/08/S-shaped-Didgeridoo-3.jpg,2023/08/S-shaped-Didgeridoo-3.jpg,https://sarveda.com/wp-content/uploads/2023/08/S-shaped-Didgeridoo-3.jpg
49369,https://sarveda.com/wp-content/uploads/2023/08/S-shaped-Didgeridoo-2.jpg,2023/08/S-shaped-Didgeridoo-2.jpg,https://sarveda.com/wp-content/uploads/2023/08/S-shaped-Didgeridoo-2.jpg
49370,https://sarveda.com/wp-content/uploads/2023/08/S-shaped-Didgeridoo-5.jpg,2023/08/S-shaped-Didgeridoo-5.jpg,https://sarveda.com/wp-content/uploads/2023/08/S-shaped-Didgeridoo-5.jpg
49371,https://sarveda.com/wp-content/uploads/2023/02/Dotted-Singing-Bowl-4.jpg,2023/02/Dotted-Singing-Bowl-4.jpg,https://sarveda.com/wp-content/uploads/2023/02/Dotted-Singing-Bowl-4.jpg
49372,https://sarveda.com/wp-content/uploads/2023/02/Dotted-Singing-Bowl.jpg,2023/02/Dotted-Singing-Bowl.jpg,https://sarveda.com/wp-content/uploads/2023/02/Dotted-Singing-Bowl.jpg
49373,https://sarveda.com/wp-content/uploads/2023/02/Dotted-Singing-Bowl-5.jpg,2023/02/Dotted-Singing-Bowl-5.jpg,https://sarveda.com/wp-content/uploads/2023/02/Dotted-Singing-Bowl-5.jpg
49374,https://sarveda.com/wp-content/uploads/2023/02/Dotted-Singing-Bowl-3.jpg,2023/02/Dotted-Singing-Bowl-3.jpg,https://sarveda.com/wp-content/uploads/2023/02/Dotted-Singing-Bowl-3.jpg
49375,https://sarveda.com/wp-content/uploads/2023/02/Dotted-Singing-Bowl-2.jpg,2023/02/Dotted-Singing-Bowl-2.jpg,https://sarveda.com/wp-content/uploads/2023/02/Dotted-Singing-Bowl-2.jpg
49527,https://sarveda.com/wp-content/uploads/2026/03/blog-ria_cover.png,2026/03/blog-ria_cover-scaled.png,https://sarveda.com/wp-content/uploads/2026/03/blog-ria_cover-scaled.png
49530,https://sarveda.com/wp-content/uploads/2026/03/landscape-form-visualization-nature-sound-waves-anna-marinenko-11.jpg,2026/03/landscape-form-visualization-nature-sound-waves-anna-marinenko-11.jpg,https://sarveda.com/wp-content/uploads/2026/03/landscape-form-visualization-nature-sound-waves-anna-marinenko-11.jpg
49595,https://sarveda.com/wp-content/uploads/2026/03/Shamanic-breathwork_Shamanic-Breathwork-square.png,2026/03/Shamanic-breathwork_Shamanic-Breathwork-square-scaled.png,https://sarveda.com/wp-content/uploads/2026/03/Shamanic-breathwork_Shamanic-Breathwork-square-scaled.png
49597,https://sarveda.com/wp-content/uploads/2026/03/IMG_2858.heic,2026/03/IMG_2858.heic,https://sarveda.com/wp-content/uploads/2026/03/IMG_2858.heic
49598,https://sarveda.com/wp-content/uploads/2026/03/IMG_2858-1.heic,2026/03/IMG_2858-1.heic,https://sarveda.com/wp-content/uploads/2026/03/IMG_2858-1.heic
49599,https://sarveda.com/wp-content/uploads/2026/03/IMG_2858-2.jpg,2026/03/IMG_2858-2-scaled-e1774506321723.jpg,https://sarveda.com/wp-content/uploads/2026/03/IMG_2858-2-scaled-e1774506321723.jpg
49609,https://sarveda.com/wp-content/uploads/2026/03/Sillion-mallet-3.jpg,2026/03/Sillion-mallet-3.jpg,https://sarveda.com/wp-content/uploads/2026/03/Sillion-mallet-3.jpg
49610,https://sarveda.com/wp-content/uploads/2026/03/Sillion-mallet-2.jpg,2026/03/Sillion-mallet-2.jpg,https://sarveda.com/wp-content/uploads/2026/03/Sillion-mallet-2.jpg
49611,https://sarveda.com/wp-content/uploads/2026/03/Silicon-mallet_.jpg,2026/03/Silicon-mallet_.jpg,https://sarveda.com/wp-content/uploads/2026/03/Silicon-mallet_.jpg
49612,https://sarveda.com/wp-content/uploads/2026/03/rubber-ring.jpg,2026/03/rubber-ring.jpg,https://sarveda.com/wp-content/uploads/2026/03/rubber-ring.jpg
49613,https://sarveda.com/wp-content/uploads/2026/03/rubber-ring-3.jpg,2026/03/rubber-ring-3.jpg,https://sarveda.com/wp-content/uploads/2026/03/rubber-ring-3.jpg
49614,https://sarveda.com/wp-content/uploads/2026/03/rubber-ring-2.jpg,2026/03/rubber-ring-2.jpg,https://sarveda.com/wp-content/uploads/2026/03/rubber-ring-2.jpg
49615,https://sarveda.com/wp-content/uploads/2026/03/rubber-ring-1.jpg,2026/03/rubber-ring-1.jpg,https://sarveda.com/wp-content/uploads/2026/03/rubber-ring-1.jpg
49616,https://sarveda.com/wp-content/uploads/2026/03/mallet.jpg,2026/03/mallet.jpg,https://sarveda.com/wp-content/uploads/2026/03/mallet.jpg
49617,https://sarveda.com/wp-content/uploads/2026/03/mallet-copy-8.jpg,2026/03/mallet-copy-8.jpg,https://sarveda.com/wp-content/uploads/2026/03/mallet-copy-8.jpg
49618,https://sarveda.com/wp-content/uploads/2026/03/mallet-copy-8-1.jpg,2026/03/mallet-copy-8-1.jpg,https://sarveda.com/wp-content/uploads/2026/03/mallet-copy-8-1.jpg
49619,https://sarveda.com/wp-content/uploads/2026/03/mallet-3.jpg,2026/03/mallet-3.jpg,https://sarveda.com/wp-content/uploads/2026/03/mallet-3.jpg
49620,https://sarveda.com/wp-content/uploads/2026/03/mallet-2.jpg,2026/03/mallet-2.jpg,https://sarveda.com/wp-content/uploads/2026/03/mallet-2.jpg
49669,https://sarveda.com/wp-content/uploads/2025/03/Customize.jpg,2025/03/Customize.jpg,https://sarveda.com/wp-content/uploads/2025/03/Customize.jpg
49722,https://sarveda.com/wp-content/uploads/2026/04/magic-of-tuning-fork.png,2026/04/magic-of-tuning-fork-scaled.png,https://sarveda.com/wp-content/uploads/2026/04/magic-of-tuning-fork-scaled.png
49738,https://sarveda.com/wp-content/uploads/2026/04/tuning-fork-therapy.png,2026/04/tuning-fork-therapy.png,https://sarveda.com/wp-content/uploads/2026/04/tuning-fork-therapy.png
49766,https://sarveda.com/wp-content/uploads/2026/04/7.jpg,2026/04/7.jpg,https://sarveda.com/wp-content/uploads/2026/04/7.jpg
49767,https://sarveda.com/wp-content/uploads/2026/04/6.jpg,2026/04/6.jpg,https://sarveda.com/wp-content/uploads/2026/04/6.jpg
49768,https://sarveda.com/wp-content/uploads/2026/04/5.jpg,2026/04/5.jpg,https://sarveda.com/wp-content/uploads/2026/04/5.jpg
49769,https://sarveda.com/wp-content/uploads/2026/04/4.jpg,2026/04/4.jpg,https://sarveda.com/wp-content/uploads/2026/04/4.jpg
49770,https://sarveda.com/wp-content/uploads/2026/04/3.jpg,2026/04/3.jpg,https://sarveda.com/wp-content/uploads/2026/04/3.jpg
49771,https://sarveda.com/wp-content/uploads/2026/04/2.jpg,2026/04/2.jpg,https://sarveda.com/wp-content/uploads/2026/04/2.jpg
49772,https://sarveda.com/wp-content/uploads/2026/04/1.jpg,2026/04/1.jpg,https://sarveda.com/wp-content/uploads/2026/04/1.jpg
49773,https://sarveda.com/wp-content/uploads/2026/04/11.jpg,2026/04/11.jpg,https://sarveda.com/wp-content/uploads/2026/04/11.jpg
49774,https://sarveda.com/wp-content/uploads/2026/04/10.jpg,2026/04/10.jpg,https://sarveda.com/wp-content/uploads/2026/04/10.jpg
49775,https://sarveda.com/wp-content/uploads/2026/04/9.jpg,2026/04/9.jpg,https://sarveda.com/wp-content/uploads/2026/04/9.jpg
49776,https://sarveda.com/wp-content/uploads/2026/04/8.jpg,2026/04/8.jpg,https://sarveda.com/wp-content/uploads/2026/04/8.jpg
49784,https://sarveda.com/wp-content/uploads/2026/04/Rainstick-5.jpg,2026/04/Rainstick-5.jpg,https://sarveda.com/wp-content/uploads/2026/04/Rainstick-5.jpg
49785,https://sarveda.com/wp-content/uploads/2026/04/Rainstick-4.jpg,2026/04/Rainstick-4.jpg,https://sarveda.com/wp-content/uploads/2026/04/Rainstick-4.jpg
49786,https://sarveda.com/wp-content/uploads/2026/04/Rainstick-3.jpg,2026/04/Rainstick-3.jpg,https://sarveda.com/wp-content/uploads/2026/04/Rainstick-3.jpg
49787,https://sarveda.com/wp-content/uploads/2026/04/Rainstick-2.jpg,2026/04/Rainstick-2.jpg,https://sarveda.com/wp-content/uploads/2026/04/Rainstick-2.jpg
49788,https://sarveda.com/wp-content/uploads/2026/04/Rainstick-1.jpg,2026/04/Rainstick-1.jpg,https://sarveda.com/wp-content/uploads/2026/04/Rainstick-1.jpg
49835,https://sarveda.com/wp-content/uploads/2026/04/Tuning-Sword.jpg,2026/04/Tuning-Sword.jpg,https://sarveda.com/wp-content/uploads/2026/04/Tuning-Sword.jpg
49836,https://sarveda.com/wp-content/uploads/2026/04/Tuning-Sword-4.jpg,2026/04/Tuning-Sword-4.jpg,https://sarveda.com/wp-content/uploads/2026/04/Tuning-Sword-4.jpg
49837,https://sarveda.com/wp-content/uploads/2026/04/Tuning-Sword-3.jpg,2026/04/Tuning-Sword-3.jpg,https://sarveda.com/wp-content/uploads/2026/04/Tuning-Sword-3.jpg
49838,https://sarveda.com/wp-content/uploads/2026/04/Tuning-Sword-2.jpg,2026/04/Tuning-Sword-2.jpg,https://sarveda.com/wp-content/uploads/2026/04/Tuning-Sword-2.jpg
49844,https://sarveda.com/wp-content/uploads/2025/10/Bendo-shaker-small-copy.jpg,2025/10/Bendo-shaker-small-copy.jpg,https://sarveda.com/wp-content/uploads/2025/10/Bendo-shaker-small-copy.jpg
49845,https://sarveda.com/wp-content/uploads/2025/10/Bendo-shaker-small-2.jpg,2025/10/Bendo-shaker-small-2.jpg,https://sarveda.com/wp-content/uploads/2025/10/Bendo-shaker-small-2.jpg
49846,https://sarveda.com/wp-content/uploads/2025/10/Bendo-shaker-small-3.jpg,2025/10/Bendo-shaker-small-3.jpg,https://sarveda.com/wp-content/uploads/2025/10/Bendo-shaker-small-3.jpg
49847,https://sarveda.com/wp-content/uploads/2025/10/Bendo-shaker.jpg,2025/10/Bendo-shaker.jpg,https://sarveda.com/wp-content/uploads/2025/10/Bendo-shaker.jpg
49848,https://sarveda.com/wp-content/uploads/2025/10/Bendo-shaker-copy-3-1.jpg,2025/10/Bendo-shaker-copy-3-1.jpg,https://sarveda.com/wp-content/uploads/2025/10/Bendo-shaker-copy-3-1.jpg
49849,https://sarveda.com/wp-content/uploads/2025/10/Bendo-shaker-copy-4-1.jpg,2025/10/Bendo-shaker-copy-4-1.jpg,https://sarveda.com/wp-content/uploads/2025/10/Bendo-shaker-copy-4-1.jpg
49852,https://sarveda.com/wp-content/uploads/2026/04/Solar-Bell-4.jpg,2026/04/Solar-Bell-4.jpg,https://sarveda.com/wp-content/uploads/2026/04/Solar-Bell-4.jpg
49853,https://sarveda.com/wp-content/uploads/2026/04/Solar-Bell.jpg,2026/04/Solar-Bell.jpg,https://sarveda.com/wp-content/uploads/2026/04/Solar-Bell.jpg
49854,https://sarveda.com/wp-content/uploads/2026/04/Solar-Bell-3.jpg,2026/04/Solar-Bell-3.jpg,https://sarveda.com/wp-content/uploads/2026/04/Solar-Bell-3.jpg
49855,https://sarveda.com/wp-content/uploads/2026/04/Solar-Bell-2.jpg,2026/04/Solar-Bell-2.jpg,https://sarveda.com/wp-content/uploads/2026/04/Solar-Bell-2.jpg
49856,https://sarveda.com/wp-content/uploads/2026/04/Crystal-bowl-accessories.jpg,2026/04/Crystal-bowl-accessories.jpg,https://sarveda.com/wp-content/uploads/2026/04/Crystal-bowl-accessories.jpg
49857,https://sarveda.com/wp-content/uploads/2026/04/Large-tuning-fork.jpg,2026/04/Large-tuning-fork.jpg,https://sarveda.com/wp-content/uploads/2026/04/Large-tuning-fork.jpg
49858,https://sarveda.com/wp-content/uploads/2026/04/Large-tuning-fork-5.jpg,2026/04/Large-tuning-fork-5.jpg,https://sarveda.com/wp-content/uploads/2026/04/Large-tuning-fork-5.jpg
49859,https://sarveda.com/wp-content/uploads/2026/04/Large-tuning-fork-3.jpg,2026/04/Large-tuning-fork-3.jpg,https://sarveda.com/wp-content/uploads/2026/04/Large-tuning-fork-3.jpg
49860,https://sarveda.com/wp-content/uploads/2026/04/Large-tuning-fork-2.jpg,2026/04/Large-tuning-fork-2.jpg,https://sarveda.com/wp-content/uploads/2026/04/Large-tuning-fork-2.jpg
49861,https://sarveda.com/wp-content/uploads/2026/04/Large-tuning-fork-4.jpg,2026/04/Large-tuning-fork-4.jpg,https://sarveda.com/wp-content/uploads/2026/04/Large-tuning-fork-4.jpg
49872,https://sarveda.com/wp-content/uploads/2026/03/Ankh.jpg,2026/03/Ankh.jpg,https://sarveda.com/wp-content/uploads/2026/03/Ankh.jpg
49873,https://sarveda.com/wp-content/uploads/2026/03/Ankh-8.jpg,2026/03/Ankh-8.jpg,https://sarveda.com/wp-content/uploads/2026/03/Ankh-8.jpg
49874,https://sarveda.com/wp-content/uploads/2026/03/Ankh-7.jpg,2026/03/Ankh-7.jpg,https://sarveda.com/wp-content/uploads/2026/03/Ankh-7.jpg
49875,https://sarveda.com/wp-content/uploads/2026/03/Ankh-6.jpg,2026/03/Ankh-6.jpg,https://sarveda.com/wp-content/uploads/2026/03/Ankh-6.jpg
49876,https://sarveda.com/wp-content/uploads/2026/03/Ankh-3.jpg,2026/03/Ankh-3.jpg,https://sarveda.com/wp-content/uploads/2026/03/Ankh-3.jpg
49877,https://sarveda.com/wp-content/uploads/2026/03/Ankh-2.jpg,2026/03/Ankh-2.jpg,https://sarveda.com/wp-content/uploads/2026/03/Ankh-2.jpg
49878,https://sarveda.com/wp-content/uploads/2026/03/Ankh-5.jpg,2026/03/Ankh-5.jpg,https://sarveda.com/wp-content/uploads/2026/03/Ankh-5.jpg
49879,https://sarveda.com/wp-content/uploads/2026/03/Ankh-4.jpg,2026/03/Ankh-4.jpg,https://sarveda.com/wp-content/uploads/2026/03/Ankh-4.jpg
49908,https://sarveda.com/wp-content/uploads/2025/12/Brain-Tuner-Tuning-Fork.jpg,2025/12/Brain-Tuner-Tuning-Fork.jpg,https://sarveda.com/wp-content/uploads/2025/12/Brain-Tuner-Tuning-Fork.jpg
49909,https://sarveda.com/wp-content/uploads/2025/12/Brain-Tuner-Tuning-Fork-2.jpg,2025/12/Brain-Tuner-Tuning-Fork-2.jpg,https://sarveda.com/wp-content/uploads/2025/12/Brain-Tuner-Tuning-Fork-2.jpg
49911,https://sarveda.com/wp-content/uploads/2026/04/Riya-Prabhakar-square.jpg.jpeg,2026/04/Riya-Prabhakar-square.jpg.jpeg,https://sarveda.com/wp-content/uploads/2026/04/Riya-Prabhakar-square.jpg.jpeg
49912,https://sarveda.com/wp-content/uploads/2026/04/WhatsApp-Image-2026-04-16-at-5.40.34-PM.jpeg,2026/04/WhatsApp-Image-2026-04-16-at-5.40.34-PM-e1776684776670.jpeg,https://sarveda.com/wp-content/uploads/2026/04/WhatsApp-Image-2026-04-16-at-5.40.34-PM-e1776684776670.jpeg
49924,https://sarveda.com/wp-content/uploads/2026/04/WhatsApp-Image-2026-04-21-at-1.45.52-PM.jpeg,2026/04/WhatsApp-Image-2026-04-21-at-1.45.52-PM-e1776760821561.jpeg,https://sarveda.com/wp-content/uploads/2026/04/WhatsApp-Image-2026-04-21-at-1.45.52-PM-e1776760821561.jpeg
49925,https://sarveda.com/wp-content/uploads/2026/04/WhatsApp-Image-2026-04-21-at-10.45.47-AM.jpeg,2026/04/WhatsApp-Image-2026-04-21-at-10.45.47-AM-e1776761545473.jpeg,https://sarveda.com/wp-content/uploads/2026/04/WhatsApp-Image-2026-04-21-at-10.45.47-AM-e1776761545473.jpeg
49926,https://sarveda.com/wp-content/uploads/2026/04/WhatsApp-Image-2026-04-21-at-1.45.52-PM-1.jpeg,2026/04/WhatsApp-Image-2026-04-21-at-1.45.52-PM-1-e1776761743157.jpeg,https://sarveda.com/wp-content/uploads/2026/04/WhatsApp-Image-2026-04-21-at-1.45.52-PM-1-e1776761743157.jpeg
49928,https://sarveda.com/wp-content/uploads/2026/04/IMG-20220326-WA0013.webp,2026/04/IMG-20220326-WA0013-e1776764889667.webp,https://sarveda.com/wp-content/uploads/2026/04/IMG-20220326-WA0013-e1776764889667.webp
49946,https://sarveda.com/wp-content/uploads/2026/04/Vivek-sound-therapy.jpeg,2026/04/Vivek-sound-therapy.jpeg,https://sarveda.com/wp-content/uploads/2026/04/Vivek-sound-therapy.jpeg
49947,https://sarveda.com/wp-content/uploads/2026/04/Gemini_Generated_Image_m1b25jm1b25jm1b2.png,2026/04/Gemini_Generated_Image_m1b25jm1b25jm1b2-e1776924930134.png,https://sarveda.com/wp-content/uploads/2026/04/Gemini_Generated_Image_m1b25jm1b25jm1b2-e1776924930134.png
49948,https://sarveda.com/wp-content/uploads/2026/04/sarveda-course-Apr-2026_square.png,2026/04/sarveda-course-Apr-2026_square-scaled.png,https://sarveda.com/wp-content/uploads/2026/04/sarveda-course-Apr-2026_square-scaled.png
49956,https://sarveda.com/wp-content/uploads/2026/04/sarveda-course-Apr-2026_2.png,2026/04/sarveda-course-Apr-2026_2-scaled.png,https://sarveda.com/wp-content/uploads/2026/04/sarveda-course-Apr-2026_2-scaled.png
49957,https://sarveda.com/wp-content/uploads/2026/04/sarveda-course-Apr-2026_3.png,2026/04/sarveda-course-Apr-2026_3-scaled.png,https://sarveda.com/wp-content/uploads/2026/04/sarveda-course-Apr-2026_3-scaled.png
49958,https://sarveda.com/wp-content/uploads/2026/04/sarveda-course-Apr-2026_11.png,2026/04/sarveda-course-Apr-2026_11-scaled.png,https://sarveda.com/wp-content/uploads/2026/04/sarveda-course-Apr-2026_11-scaled.png
50081,https://sarveda.com/wp-content/uploads/2026/05/WhatsApp-Image-2026-04-27-at-11.31.17-AM.jpeg,2026/05/WhatsApp-Image-2026-04-27-at-11.31.17-AM-e1778132686239.jpeg,https://sarveda.com/wp-content/uploads/2026/05/WhatsApp-Image-2026-04-27-at-11.31.17-AM-e1778132686239.jpeg
50085,https://sarveda.com/wp-content/uploads/2026/05/WhatsApp-Image-2026-04-27-at-11.31.17-AM-1.jpeg,2026/05/WhatsApp-Image-2026-04-27-at-11.31.17-AM-1.jpeg,https://sarveda.com/wp-content/uploads/2026/05/WhatsApp-Image-2026-04-27-at-11.31.17-AM-1.jpeg
50086,https://sarveda.com/wp-content/uploads/2026/05/ChatGPT-Image-May-7-2026-05_47_33-PM.png,2026/05/ChatGPT-Image-May-7-2026-05_47_33-PM.png,https://sarveda.com/wp-content/uploads/2026/05/ChatGPT-Image-May-7-2026-05_47_33-PM.png
50087,https://sarveda.com/wp-content/uploads/2026/05/ChatGPT-Image-May-7-2026-05_44_51-PM.png,2026/05/ChatGPT-Image-May-7-2026-05_44_51-PM.png,https://sarveda.com/wp-content/uploads/2026/05/ChatGPT-Image-May-7-2026-05_44_51-PM.png
50091,https://sarveda.com/wp-content/uploads/2026/05/outer-poster.png,2026/05/outer-poster-scaled.png,https://sarveda.com/wp-content/uploads/2026/05/outer-poster-scaled.png
50092,https://sarveda.com/wp-content/uploads/2026/05/poster.png,2026/05/poster-scaled.png,https://sarveda.com/wp-content/uploads/2026/05/poster-scaled.png
50093,https://sarveda.com/wp-content/uploads/2026/05/poster-1.png,2026/05/poster-1-scaled.png,https://sarveda.com/wp-content/uploads/2026/05/poster-1-scaled.png
50194,https://sarveda.com/wp-content/uploads/2026/04/sarveda-course-Apr-2026_instagram-1-1.png,2026/04/sarveda-course-Apr-2026_instagram-1-1-scaled.png,https://sarveda.com/wp-content/uploads/2026/04/sarveda-course-Apr-2026_instagram-1-1-scaled.png
50195,https://sarveda.com/wp-content/uploads/2026/04/sarveda-course-Apr-2026_instagram-1-2.png,2026/04/sarveda-course-Apr-2026_instagram-1-2-scaled.png,https://sarveda.com/wp-content/uploads/2026/04/sarveda-course-Apr-2026_instagram-1-2-scaled.png
50207,https://sarveda.com/wp-content/uploads/2026/05/The-Hum.png,2026/05/The-Hum.png,https://sarveda.com/wp-content/uploads/2026/05/The-Hum.png
50208,https://sarveda.com/wp-content/uploads/2026/05/The-Hum-1.png,2026/05/The-Hum-1.png,https://sarveda.com/wp-content/uploads/2026/05/The-Hum-1.png
50209,https://sarveda.com/wp-content/uploads/2026/05/The-Hum-2.png,2026/05/The-Hum-2.png,https://sarveda.com/wp-content/uploads/2026/05/The-Hum-2.png
50211,https://sarveda.com/wp-content/uploads/2026/05/Bhajan-night.png,2026/05/Bhajan-night.png,https://sarveda.com/wp-content/uploads/2026/05/Bhajan-night.png
50216,https://sarveda.com/wp-content/uploads/2026/05/WhatsApp-Image-2026-05-20-at-10.13.12-AM-1.jpeg,2026/05/WhatsApp-Image-2026-05-20-at-10.13.12-AM-1.jpeg,https://sarveda.com/wp-content/uploads/2026/05/WhatsApp-Image-2026-05-20-at-10.13.12-AM-1.jpeg
50218,https://sarveda.com/wp-content/uploads/2026/05/WhatsApp-Image-2026-05-20-at-10.13.12-AM.jpeg,2026/05/WhatsApp-Image-2026-05-20-at-10.13.12-AM.jpeg,https://sarveda.com/wp-content/uploads/2026/05/WhatsApp-Image-2026-05-20-at-10.13.12-AM.jpeg
50223,https://sarveda.com/wp-content/uploads/2026/05/ChatGPT-Image-May-21-2026-11_35_50-AM.png,2026/05/ChatGPT-Image-May-21-2026-11_35_50-AM.png,https://sarveda.com/wp-content/uploads/2026/05/ChatGPT-Image-May-21-2026-11_35_50-AM.png
50224,https://sarveda.com/wp-content/uploads/2026/05/ChatGPT-Image-May-21-2026-11_35_50-AM-1.png,2026/05/ChatGPT-Image-May-21-2026-11_35_50-AM-1.png,https://sarveda.com/wp-content/uploads/2026/05/ChatGPT-Image-May-21-2026-11_35_50-AM-1.png
50225,https://sarveda.com/wp-content/uploads/2026/05/thehum1.png,2026/05/thehum1-scaled.png,https://sarveda.com/wp-content/uploads/2026/05/thehum1-scaled.png
50268,https://sarveda.com/wp-content/uploads/2026/05/workshop-2.png,2026/05/workshop-2-scaled.png,https://sarveda.com/wp-content/uploads/2026/05/workshop-2-scaled.png
50270,https://sarveda.com/wp-content/uploads/2026/05/WhatsApp-Image-2026-05-26-at-5.57.53-PM.jpeg,2026/05/WhatsApp-Image-2026-05-26-at-5.57.53-PM.jpeg,https://sarveda.com/wp-content/uploads/2026/05/WhatsApp-Image-2026-05-26-at-5.57.53-PM.jpeg
50284,https://sarveda.com/wp-content/uploads/2026/05/WhatsApp-Image-2026-05-28-at-11.46.02.jpeg,2026/05/WhatsApp-Image-2026-05-28-at-11.46.02.jpeg,https://sarveda.com/wp-content/uploads/2026/05/WhatsApp-Image-2026-05-28-at-11.46.02.jpeg
50285,https://sarveda.com/wp-content/uploads/2026/05/Sarveda-Warehouse-Gathering-2.png,2026/05/Sarveda-Warehouse-Gathering-2-scaled.png,https://sarveda.com/wp-content/uploads/2026/05/Sarveda-Warehouse-Gathering-2-scaled.png
50342,https://sarveda.com/wp-content/uploads/2024/06/25-Rods-Bar-Chime-5.jpg,2024/06/25-Rods-Bar-Chime-5.jpg,https://sarveda.com/wp-content/uploads/2024/06/25-Rods-Bar-Chime-5.jpg
50343,https://sarveda.com/wp-content/uploads/2024/06/25-Rods-Bar-Chime.jpg,2024/06/25-Rods-Bar-Chime.jpg,https://sarveda.com/wp-content/uploads/2024/06/25-Rods-Bar-Chime.jpg
50344,https://sarveda.com/wp-content/uploads/2024/06/25-Rods-Bar-Chime-4.jpg,2024/06/25-Rods-Bar-Chime-4.jpg,https://sarveda.com/wp-content/uploads/2024/06/25-Rods-Bar-Chime-4.jpg
50345,https://sarveda.com/wp-content/uploads/2024/06/25-Rods-Bar-Chime-3.jpg,2024/06/25-Rods-Bar-Chime-3.jpg,https://sarveda.com/wp-content/uploads/2024/06/25-Rods-Bar-Chime-3.jpg
50346,https://sarveda.com/wp-content/uploads/2024/06/25-Rods-Bar-Chime-2.jpg,2024/06/25-Rods-Bar-Chime-2.jpg,https://sarveda.com/wp-content/uploads/2024/06/25-Rods-Bar-Chime-2.jpg
50393,https://sarveda.com/wp-content/uploads/2025/05/Artboard-1-copy-5-4.jpg,2025/05/Artboard-1-copy-5-4.jpg,https://sarveda.com/wp-content/uploads/2025/05/Artboard-1-copy-5-4.jpg
50394,https://sarveda.com/wp-content/uploads/2025/05/Artboard-1-copy-4-4.jpg,2025/05/Artboard-1-copy-4-4.jpg,https://sarveda.com/wp-content/uploads/2025/05/Artboard-1-copy-4-4.jpg
50395,https://sarveda.com/wp-content/uploads/2025/08/Crystal-Bowl-Bag-Black-1.jpg,2025/08/Crystal-Bowl-Bag-Black-1.jpg,https://sarveda.com/wp-content/uploads/2025/08/Crystal-Bowl-Bag-Black-1.jpg
50396,https://sarveda.com/wp-content/uploads/2025/08/Crystal-Bowl-Bag-Black-2.jpg,2025/08/Crystal-Bowl-Bag-Black-2.jpg,https://sarveda.com/wp-content/uploads/2025/08/Crystal-Bowl-Bag-Black-2.jpg
50397,https://sarveda.com/wp-content/uploads/2025/08/Crystal-Bowl-Bag-Black-4.jpg,2025/08/Crystal-Bowl-Bag-Black-4.jpg,https://sarveda.com/wp-content/uploads/2025/08/Crystal-Bowl-Bag-Black-4.jpg
50398,https://sarveda.com/wp-content/uploads/2025/08/Crystal-Bowl-Bag-Black-3.jpg,2025/08/Crystal-Bowl-Bag-Black-3.jpg,https://sarveda.com/wp-content/uploads/2025/08/Crystal-Bowl-Bag-Black-3.jpg
50399,https://sarveda.com/wp-content/uploads/2025/08/Crystal-Bowl-Bag-Black-5.jpg,2025/08/Crystal-Bowl-Bag-Black-5.jpg,https://sarveda.com/wp-content/uploads/2025/08/Crystal-Bowl-Bag-Black-5.jpg
50423,https://sarveda.com/wp-content/uploads/2026/04/sarveda-course-Apr-2026_instagram-1.png,2026/04/sarveda-course-Apr-2026_instagram-1-scaled.png,https://sarveda.com/wp-content/uploads/2026/04/sarveda-course-Apr-2026_instagram-1-scaled.png
50465,https://sarveda.com/wp-content/uploads/2026/04/sarveda-course-Apr-2026_instagram-1-1-1.png,2026/04/sarveda-course-Apr-2026_instagram-1-1-1-scaled.png,https://sarveda.com/wp-content/uploads/2026/04/sarveda-course-Apr-2026_instagram-1-1-1-scaled.png
50466,https://sarveda.com/wp-content/uploads/2026/04/WhatsApp-Image-2026-06-16-at-16.18.27.jpeg,2026/04/WhatsApp-Image-2026-06-16-at-16.18.27-e1781607114890.jpeg,https://sarveda.com/wp-content/uploads/2026/04/WhatsApp-Image-2026-06-16-at-16.18.27-e1781607114890.jpeg
50467,https://sarveda.com/wp-content/uploads/2026/04/sarveda-course-Apr-2026_square-1.png,2026/04/sarveda-course-Apr-2026_square-1-scaled.png,https://sarveda.com/wp-content/uploads/2026/04/sarveda-course-Apr-2026_square-1-scaled.png
50482,https://sarveda.com/wp-content/uploads/2026/06/Wind-Chime-Yellow-3.jpg,2026/06/Wind-Chime-Yellow-3.jpg,https://sarveda.com/wp-content/uploads/2026/06/Wind-Chime-Yellow-3.jpg
50483,https://sarveda.com/wp-content/uploads/2026/06/Wind-Chime-Yellow-2.jpg,2026/06/Wind-Chime-Yellow-2.jpg,https://sarveda.com/wp-content/uploads/2026/06/Wind-Chime-Yellow-2.jpg
50484,https://sarveda.com/wp-content/uploads/2026/06/Wind-Chime-Yellow-1.jpg,2026/06/Wind-Chime-Yellow-1.jpg,https://sarveda.com/wp-content/uploads/2026/06/Wind-Chime-Yellow-1.jpg
50485,https://sarveda.com/wp-content/uploads/2026/06/Wind-Chime-Silver-3.jpg,2026/06/Wind-Chime-Silver-3.jpg,https://sarveda.com/wp-content/uploads/2026/06/Wind-Chime-Silver-3.jpg
50486,https://sarveda.com/wp-content/uploads/2026/06/Wind-Chime-Silver-2.jpg,2026/06/Wind-Chime-Silver-2.jpg,https://sarveda.com/wp-content/uploads/2026/06/Wind-Chime-Silver-2.jpg
50487,https://sarveda.com/wp-content/uploads/2026/06/Wind-Chime-Silver-1.jpg,2026/06/Wind-Chime-Silver-1.jpg,https://sarveda.com/wp-content/uploads/2026/06/Wind-Chime-Silver-1.jpg
50488,https://sarveda.com/wp-content/uploads/2026/06/Wind-Chime-Green-4.jpg,2026/06/Wind-Chime-Green-4.jpg,https://sarveda.com/wp-content/uploads/2026/06/Wind-Chime-Green-4.jpg
50489,https://sarveda.com/wp-content/uploads/2026/06/Wind-Chime-Green-3.jpg,2026/06/Wind-Chime-Green-3.jpg,https://sarveda.com/wp-content/uploads/2026/06/Wind-Chime-Green-3.jpg
50490,https://sarveda.com/wp-content/uploads/2026/06/Wind-Chime-Green-2.jpg,2026/06/Wind-Chime-Green-2.jpg,https://sarveda.com/wp-content/uploads/2026/06/Wind-Chime-Green-2.jpg
50491,https://sarveda.com/wp-content/uploads/2026/06/Wind-Chime-Green-1.jpg,2026/06/Wind-Chime-Green-1.jpg,https://sarveda.com/wp-content/uploads/2026/06/Wind-Chime-Green-1.jpg
50492,https://sarveda.com/wp-content/uploads/2026/06/Wind-Chime-Gold-4.jpg,2026/06/Wind-Chime-Gold-4.jpg,https://sarveda.com/wp-content/uploads/2026/06/Wind-Chime-Gold-4.jpg
50493,https://sarveda.com/wp-content/uploads/2026/06/Wind-Chime-Gold-3.jpg,2026/06/Wind-Chime-Gold-3.jpg,https://sarveda.com/wp-content/uploads/2026/06/Wind-Chime-Gold-3.jpg
50494,https://sarveda.com/wp-content/uploads/2026/06/Wind-Chime-Gold-2.jpg,2026/06/Wind-Chime-Gold-2.jpg,https://sarveda.com/wp-content/uploads/2026/06/Wind-Chime-Gold-2.jpg
50495,https://sarveda.com/wp-content/uploads/2026/06/Wind-Chime-Gold-1.jpg,2026/06/Wind-Chime-Gold-1.jpg,https://sarveda.com/wp-content/uploads/2026/06/Wind-Chime-Gold-1.jpg
50496,https://sarveda.com/wp-content/uploads/2026/06/Wind-Chime-General.jpg,2026/06/Wind-Chime-General.jpg,https://sarveda.com/wp-content/uploads/2026/06/Wind-Chime-General.jpg
50497,https://sarveda.com/wp-content/uploads/2026/06/Wind-Chime-Antique-3.jpg,2026/06/Wind-Chime-Antique-3.jpg,https://sarveda.com/wp-content/uploads/2026/06/Wind-Chime-Antique-3.jpg
50498,https://sarveda.com/wp-content/uploads/2026/06/Wind-Chime-Antique-2.jpg,2026/06/Wind-Chime-Antique-2.jpg,https://sarveda.com/wp-content/uploads/2026/06/Wind-Chime-Antique-2.jpg
50499,https://sarveda.com/wp-content/uploads/2026/06/Wind-Chime-Antique-1.jpg,2026/06/Wind-Chime-Antique-1.jpg,https://sarveda.com/wp-content/uploads/2026/06/Wind-Chime-Antique-1.jpg
50550,https://sarveda.com/wp-content/uploads/2026/06/Tuned-Pipe.jpg,2026/06/Tuned-Pipe.jpg,https://sarveda.com/wp-content/uploads/2026/06/Tuned-Pipe.jpg
50553,https://sarveda.com/wp-content/uploads/2026/06/Tuned-Pipe-432hz.jpg,2026/06/Tuned-Pipe-432hz.jpg,https://sarveda.com/wp-content/uploads/2026/06/Tuned-Pipe-432hz.jpg
50554,https://sarveda.com/wp-content/uploads/2026/06/Tuned-Pipe-1.jpg,2026/06/Tuned-Pipe-1.jpg,https://sarveda.com/wp-content/uploads/2026/06/Tuned-Pipe-1.jpg
50555,https://sarveda.com/wp-content/uploads/2026/06/Tuned-Pipe-5.jpg,2026/06/Tuned-Pipe-5.jpg,https://sarveda.com/wp-content/uploads/2026/06/Tuned-Pipe-5.jpg
50556,https://sarveda.com/wp-content/uploads/2026/06/Tuned-Pipe-4.jpg,2026/06/Tuned-Pipe-4.jpg,https://sarveda.com/wp-content/uploads/2026/06/Tuned-Pipe-4.jpg
50557,https://sarveda.com/wp-content/uploads/2026/06/Tuned-Pipe-3.jpg,2026/06/Tuned-Pipe-3.jpg,https://sarveda.com/wp-content/uploads/2026/06/Tuned-Pipe-3.jpg
50558,https://sarveda.com/wp-content/uploads/2026/06/Tuned-Pipe-2.jpg,2026/06/Tuned-Pipe-2.jpg,https://sarveda.com/wp-content/uploads/2026/06/Tuned-Pipe-2.jpg
50561,https://sarveda.com/wp-content/uploads/2026/06/Tuned-Pipe-285hz.mp3,2026/06/Tuned-Pipe-285hz.mp3,https://sarveda.com/wp-content/uploads/2026/06/Tuned-Pipe-285hz.mp3
50562,https://sarveda.com/wp-content/uploads/2026/06/Tuned-Pipe-432hz.mp3,2026/06/Tuned-Pipe-432hz.mp3,https://sarveda.com/wp-content/uploads/2026/06/Tuned-Pipe-432hz.mp3
50566,https://sarveda.com/wp-content/uploads/2026/06/Wind-Chime-cover.jpg,2026/06/Wind-Chime-cover.jpg,https://sarveda.com/wp-content/uploads/2026/06/Wind-Chime-cover.jpg
50573,https://sarveda.com/wp-content/uploads/2026/06/Wooden-Guiro.jpg,2026/06/Wooden-Guiro.jpg,https://sarveda.com/wp-content/uploads/2026/06/Wooden-Guiro.jpg
50574,https://sarveda.com/wp-content/uploads/2026/06/Wooden-Guiro-5.jpg,2026/06/Wooden-Guiro-5.jpg,https://sarveda.com/wp-content/uploads/2026/06/Wooden-Guiro-5.jpg
50575,https://sarveda.com/wp-content/uploads/2026/06/Wooden-Guiro-3.jpg,2026/06/Wooden-Guiro-3.jpg,https://sarveda.com/wp-content/uploads/2026/06/Wooden-Guiro-3.jpg
50576,https://sarveda.com/wp-content/uploads/2026/06/Wooden-Guiro-2.jpg,2026/06/Wooden-Guiro-2.jpg,https://sarveda.com/wp-content/uploads/2026/06/Wooden-Guiro-2.jpg
50577,https://sarveda.com/wp-content/uploads/2026/06/Wooden-Guiro-4.jpg,2026/06/Wooden-Guiro-4.jpg,https://sarveda.com/wp-content/uploads/2026/06/Wooden-Guiro-4.jpg
50580,https://sarveda.com/wp-content/uploads/2026/06/Wooden-Finger-Castanet-white.jpg,2026/06/Wooden-Finger-Castanet-white.jpg,https://sarveda.com/wp-content/uploads/2026/06/Wooden-Finger-Castanet-white.jpg
50581,https://sarveda.com/wp-content/uploads/2026/06/Wooden-Finger-Castanet-white-5.jpg,2026/06/Wooden-Finger-Castanet-white-5.jpg,https://sarveda.com/wp-content/uploads/2026/06/Wooden-Finger-Castanet-white-5.jpg
50582,https://sarveda.com/wp-content/uploads/2026/06/Wooden-Finger-Castanet-white-4.jpg,2026/06/Wooden-Finger-Castanet-white-4.jpg,https://sarveda.com/wp-content/uploads/2026/06/Wooden-Finger-Castanet-white-4.jpg
50583,https://sarveda.com/wp-content/uploads/2026/06/Wooden-Finger-Castanet-white-3.jpg,2026/06/Wooden-Finger-Castanet-white-3.jpg,https://sarveda.com/wp-content/uploads/2026/06/Wooden-Finger-Castanet-white-3.jpg
50584,https://sarveda.com/wp-content/uploads/2026/06/Wooden-Finger-Castanet-white-2.jpg,2026/06/Wooden-Finger-Castanet-white-2.jpg,https://sarveda.com/wp-content/uploads/2026/06/Wooden-Finger-Castanet-white-2.jpg
50585,https://sarveda.com/wp-content/uploads/2026/06/Wooden-Finger-Castanet-black.jpg,2026/06/Wooden-Finger-Castanet-black.jpg,https://sarveda.com/wp-content/uploads/2026/06/Wooden-Finger-Castanet-black.jpg
50586,https://sarveda.com/wp-content/uploads/2026/06/Wooden-Finger-Castanet-black-4.jpg,2026/06/Wooden-Finger-Castanet-black-4.jpg,https://sarveda.com/wp-content/uploads/2026/06/Wooden-Finger-Castanet-black-4.jpg
50587,https://sarveda.com/wp-content/uploads/2026/06/Wooden-Finger-Castanet-black-3.jpg,2026/06/Wooden-Finger-Castanet-black-3.jpg,https://sarveda.com/wp-content/uploads/2026/06/Wooden-Finger-Castanet-black-3.jpg
50588,https://sarveda.com/wp-content/uploads/2026/06/Wooden-Finger-Castanet-black-2.jpg,2026/06/Wooden-Finger-Castanet-black-2.jpg,https://sarveda.com/wp-content/uploads/2026/06/Wooden-Finger-Castanet-black-2.jpg
50591,https://sarveda.com/wp-content/uploads/2026/06/Wooden-Finger-Castanet-cover.jpg,2026/06/Wooden-Finger-Castanet-cover.jpg,https://sarveda.com/wp-content/uploads/2026/06/Wooden-Finger-Castanet-cover.jpg
50593,https://sarveda.com/wp-content/uploads/2026/06/Wooden-Finger-Castanet-cover-1.jpg,2026/06/Wooden-Finger-Castanet-cover-1.jpg,https://sarveda.com/wp-content/uploads/2026/06/Wooden-Finger-Castanet-cover-1.jpg
50604,https://sarveda.com/wp-content/uploads/2026/02/Singing-bowl-with-handle-5.jpg,2026/02/Singing-bowl-with-handle-5.jpg,https://sarveda.com/wp-content/uploads/2026/02/Singing-bowl-with-handle-5.jpg
50605,https://sarveda.com/wp-content/uploads/2026/02/Singing-bowl-with-handle-5-1.jpg,2026/02/Singing-bowl-with-handle-5-1.jpg,https://sarveda.com/wp-content/uploads/2026/02/Singing-bowl-with-handle-5-1.jpg
50606,https://sarveda.com/wp-content/uploads/2026/06/Wind-Chime-cover-1.jpg,2026/06/Wind-Chime-cover-1.jpg,https://sarveda.com/wp-content/uploads/2026/06/Wind-Chime-cover-1.jpg
50607,https://sarveda.com/wp-content/uploads/2026/06/Tuned-Pipe-cover.jpg,2026/06/Tuned-Pipe-cover.jpg,https://sarveda.com/wp-content/uploads/2026/06/Tuned-Pipe-cover.jpg
50609,https://sarveda.com/wp-content/uploads/2026/06/sleigh-bells-wooden-jingle-stick.jpg,2026/06/sleigh-bells-wooden-jingle-stick.jpg,https://sarveda.com/wp-content/uploads/2026/06/sleigh-bells-wooden-jingle-stick.jpg
50610,https://sarveda.com/wp-content/uploads/2026/06/sleigh-bells-wooden-jingle-stick-4.jpg,2026/06/sleigh-bells-wooden-jingle-stick-4.jpg,https://sarveda.com/wp-content/uploads/2026/06/sleigh-bells-wooden-jingle-stick-4.jpg
50611,https://sarveda.com/wp-content/uploads/2026/06/sleigh-bells-wooden-jingle-stick-3.jpg,2026/06/sleigh-bells-wooden-jingle-stick-3.jpg,https://sarveda.com/wp-content/uploads/2026/06/sleigh-bells-wooden-jingle-stick-3.jpg
50612,https://sarveda.com/wp-content/uploads/2026/06/sleigh-bells-wooden-jingle-stick-2.jpg,2026/06/sleigh-bells-wooden-jingle-stick-2.jpg,https://sarveda.com/wp-content/uploads/2026/06/sleigh-bells-wooden-jingle-stick-2.jpg
50713,https://sarveda.com/wp-content/uploads/2024/05/8-in.jpg,2024/05/8-in.jpg,https://sarveda.com/wp-content/uploads/2024/05/8-in.jpg
50714,https://sarveda.com/wp-content/uploads/2024/05/10-in.jpg,2024/05/10-in.jpg,https://sarveda.com/wp-content/uploads/2024/05/10-in.jpg
50715,https://sarveda.com/wp-content/uploads/2024/05/Artboard-1-copy-10.jpg,2024/05/Artboard-1-copy-10.jpg,https://sarveda.com/wp-content/uploads/2024/05/Artboard-1-copy-10.jpg
50720,https://sarveda.com/wp-content/uploads/2026/02/Singing-bowl-with-handle-New-3.jpg,2026/02/Singing-bowl-with-handle-New-3.jpg,https://sarveda.com/wp-content/uploads/2026/02/Singing-bowl-with-handle-New-3.jpg
50721,https://sarveda.com/wp-content/uploads/2026/02/Singing-bowl-with-handle-New.jpg,2026/02/Singing-bowl-with-handle-New.jpg,https://sarveda.com/wp-content/uploads/2026/02/Singing-bowl-with-handle-New.jpg
50722,https://sarveda.com/wp-content/uploads/2026/02/Singing-bowl-with-handle-New-2.jpg,2026/02/Singing-bowl-with-handle-New-2.jpg,https://sarveda.com/wp-content/uploads/2026/02/Singing-bowl-with-handle-New-2.jpg
50732,https://sarveda.com/wp-content/uploads/2025/04/Gong-Stand_.jpg,2025/04/Gong-Stand_.jpg,https://sarveda.com/wp-content/uploads/2025/04/Gong-Stand_.jpg
50733,https://sarveda.com/wp-content/uploads/2025/04/Gong-Stand-Small.jpg,2025/04/Gong-Stand-Small.jpg,https://sarveda.com/wp-content/uploads/2025/04/Gong-Stand-Small.jpg
50734,https://sarveda.com/wp-content/uploads/2025/04/Gong-Stand-Medium.jpg,2025/04/Gong-Stand-Medium.jpg,https://sarveda.com/wp-content/uploads/2025/04/Gong-Stand-Medium.jpg
50735,https://sarveda.com/wp-content/uploads/2025/04/Gong-Stand-Large.jpg,2025/04/Gong-Stand-Large.jpg,https://sarveda.com/wp-content/uploads/2025/04/Gong-Stand-Large.jpg
50736,https://sarveda.com/wp-content/uploads/2025/04/Gong-Stand-Extra-Large.jpg,2025/04/Gong-Stand-Extra-Large.jpg,https://sarveda.com/wp-content/uploads/2025/04/Gong-Stand-Extra-Large.jpg
50740,https://sarveda.com/wp-content/uploads/2025/04/Gong-Stand-Large-1.jpg,2025/04/Gong-Stand-Large-1.jpg,https://sarveda.com/wp-content/uploads/2025/04/Gong-Stand-Large-1.jpg
50972,https://sarveda.com/wp-content/uploads/2026/07/Wooden-Hand-Taal-Khartal-small-4.jpg,2026/07/Wooden-Hand-Taal-Khartal-small-4.jpg,https://sarveda.com/wp-content/uploads/2026/07/Wooden-Hand-Taal-Khartal-small-4.jpg
50973,https://sarveda.com/wp-content/uploads/2026/07/Wooden-Hand-Taal-Khartal-small-3.jpg,2026/07/Wooden-Hand-Taal-Khartal-small-3.jpg,https://sarveda.com/wp-content/uploads/2026/07/Wooden-Hand-Taal-Khartal-small-3.jpg
50974,https://sarveda.com/wp-content/uploads/2026/07/Wooden-Hand-Taal-Khartal-small-2.jpg,2026/07/Wooden-Hand-Taal-Khartal-small-2.jpg,https://sarveda.com/wp-content/uploads/2026/07/Wooden-Hand-Taal-Khartal-small-2.jpg
50975,https://sarveda.com/wp-content/uploads/2026/07/Wooden-Hand-Taal-Khartal-small-1.jpg,2026/07/Wooden-Hand-Taal-Khartal-small-1.jpg,https://sarveda.com/wp-content/uploads/2026/07/Wooden-Hand-Taal-Khartal-small-1.jpg
50976,https://sarveda.com/wp-content/uploads/2026/07/Wooden-Hand-Taal-Khartal-medium-4.jpg,2026/07/Wooden-Hand-Taal-Khartal-medium-4.jpg,https://sarveda.com/wp-content/uploads/2026/07/Wooden-Hand-Taal-Khartal-medium-4.jpg
50977,https://sarveda.com/wp-content/uploads/2026/07/Wooden-Hand-Taal-Khartal-medium-3.jpg,2026/07/Wooden-Hand-Taal-Khartal-medium-3.jpg,https://sarveda.com/wp-content/uploads/2026/07/Wooden-Hand-Taal-Khartal-medium-3.jpg
50978,https://sarveda.com/wp-content/uploads/2026/07/Wooden-Hand-Taal-Khartal-medium-2.jpg,2026/07/Wooden-Hand-Taal-Khartal-medium-2.jpg,https://sarveda.com/wp-content/uploads/2026/07/Wooden-Hand-Taal-Khartal-medium-2.jpg
50979,https://sarveda.com/wp-content/uploads/2026/07/Wooden-Hand-Taal-Khartal-medium-1.jpg,2026/07/Wooden-Hand-Taal-Khartal-medium-1.jpg,https://sarveda.com/wp-content/uploads/2026/07/Wooden-Hand-Taal-Khartal-medium-1.jpg
50980,https://sarveda.com/wp-content/uploads/2026/07/Wooden-Hand-Taal-Khartal-large-5.jpg,2026/07/Wooden-Hand-Taal-Khartal-large-5.jpg,https://sarveda.com/wp-content/uploads/2026/07/Wooden-Hand-Taal-Khartal-large-5.jpg
50981,https://sarveda.com/wp-content/uploads/2026/07/Wooden-Hand-Taal-Khartal-large-4.jpg,2026/07/Wooden-Hand-Taal-Khartal-large-4.jpg,https://sarveda.com/wp-content/uploads/2026/07/Wooden-Hand-Taal-Khartal-large-4.jpg
50982,https://sarveda.com/wp-content/uploads/2026/07/Wooden-Hand-Taal-Khartal-large-2.jpg,2026/07/Wooden-Hand-Taal-Khartal-large-2.jpg,https://sarveda.com/wp-content/uploads/2026/07/Wooden-Hand-Taal-Khartal-large-2.jpg
50983,https://sarveda.com/wp-content/uploads/2026/07/Wooden-Hand-Taal-Khartal-large-1.jpg,2026/07/Wooden-Hand-Taal-Khartal-large-1.jpg,https://sarveda.com/wp-content/uploads/2026/07/Wooden-Hand-Taal-Khartal-large-1.jpg
50999,https://sarveda.com/wp-content/uploads/2026/07/Clay-Ocarina-Small-6.jpg,2026/07/Clay-Ocarina-Small-6.jpg,https://sarveda.com/wp-content/uploads/2026/07/Clay-Ocarina-Small-6.jpg
51000,https://sarveda.com/wp-content/uploads/2026/07/Clay-Ocarina-Small-5.jpg,2026/07/Clay-Ocarina-Small-5.jpg,https://sarveda.com/wp-content/uploads/2026/07/Clay-Ocarina-Small-5.jpg
51001,https://sarveda.com/wp-content/uploads/2026/07/Clay-Ocarina-Small-4.jpg,2026/07/Clay-Ocarina-Small-4.jpg,https://sarveda.com/wp-content/uploads/2026/07/Clay-Ocarina-Small-4.jpg
51002,https://sarveda.com/wp-content/uploads/2026/07/Clay-Ocarina-Small-3.jpg,2026/07/Clay-Ocarina-Small-3.jpg,https://sarveda.com/wp-content/uploads/2026/07/Clay-Ocarina-Small-3.jpg
51003,https://sarveda.com/wp-content/uploads/2026/07/Clay-Ocarina-Small-2.jpg,2026/07/Clay-Ocarina-Small-2.jpg,https://sarveda.com/wp-content/uploads/2026/07/Clay-Ocarina-Small-2.jpg
51004,https://sarveda.com/wp-content/uploads/2026/07/Clay-Ocarina-Small-1_.jpg,2026/07/Clay-Ocarina-Small-1_.jpg,https://sarveda.com/wp-content/uploads/2026/07/Clay-Ocarina-Small-1_.jpg
51005,https://sarveda.com/wp-content/uploads/2026/07/Clay-Ocarina-Large-5.jpg,2026/07/Clay-Ocarina-Large-5.jpg,https://sarveda.com/wp-content/uploads/2026/07/Clay-Ocarina-Large-5.jpg
51006,https://sarveda.com/wp-content/uploads/2026/07/Clay-Ocarina-Large-4.jpg,2026/07/Clay-Ocarina-Large-4.jpg,https://sarveda.com/wp-content/uploads/2026/07/Clay-Ocarina-Large-4.jpg
51007,https://sarveda.com/wp-content/uploads/2026/07/Clay-Ocarina-Large-3.jpg,2026/07/Clay-Ocarina-Large-3.jpg,https://sarveda.com/wp-content/uploads/2026/07/Clay-Ocarina-Large-3.jpg
51008,https://sarveda.com/wp-content/uploads/2026/07/Clay-Ocarina-Large-2.jpg,2026/07/Clay-Ocarina-Large-2.jpg,https://sarveda.com/wp-content/uploads/2026/07/Clay-Ocarina-Large-2.jpg
51009,https://sarveda.com/wp-content/uploads/2026/07/Clay-Ocarina-Large-1.jpg,2026/07/Clay-Ocarina-Large-1.jpg,https://sarveda.com/wp-content/uploads/2026/07/Clay-Ocarina-Large-1.jpg
51010,https://sarveda.com/wp-content/uploads/2026/07/Clay-Ocarina-General.jpg,2026/07/Clay-Ocarina-General.jpg,https://sarveda.com/wp-content/uploads/2026/07/Clay-Ocarina-General.jpg
51015,https://sarveda.com/wp-content/uploads/2026/01/Native-American-Flute-Double-6.jpg,2026/01/Native-American-Flute-Double-6.jpg,https://sarveda.com/wp-content/uploads/2026/01/Native-American-Flute-Double-6.jpg
51016,https://sarveda.com/wp-content/uploads/2026/01/Native-American-Flute-Double-5.jpg,2026/01/Native-American-Flute-Double-5.jpg,https://sarveda.com/wp-content/uploads/2026/01/Native-American-Flute-Double-5.jpg
51017,https://sarveda.com/wp-content/uploads/2026/01/Native-American-Flute-Double-4.jpg,2026/01/Native-American-Flute-Double-4.jpg,https://sarveda.com/wp-content/uploads/2026/01/Native-American-Flute-Double-4.jpg
51018,https://sarveda.com/wp-content/uploads/2026/01/Native-American-Flute-Double-3.jpg,2026/01/Native-American-Flute-Double-3.jpg,https://sarveda.com/wp-content/uploads/2026/01/Native-American-Flute-Double-3.jpg
51019,https://sarveda.com/wp-content/uploads/2026/01/Native-American-Flute-Double-2.jpg,2026/01/Native-American-Flute-Double-2.jpg,https://sarveda.com/wp-content/uploads/2026/01/Native-American-Flute-Double-2.jpg
51020,https://sarveda.com/wp-content/uploads/2026/01/Native-American-Flute-Double-1.jpg,2026/01/Native-American-Flute-Double-1.jpg,https://sarveda.com/wp-content/uploads/2026/01/Native-American-Flute-Double-1.jpg
51021,https://sarveda.com/wp-content/uploads/2026/01/Native-American-Flute-Triple-7.jpg,2026/01/Native-American-Flute-Triple-7.jpg,https://sarveda.com/wp-content/uploads/2026/01/Native-American-Flute-Triple-7.jpg
51022,https://sarveda.com/wp-content/uploads/2026/01/Native-American-Flute-Triple-6.jpg,2026/01/Native-American-Flute-Triple-6.jpg,https://sarveda.com/wp-content/uploads/2026/01/Native-American-Flute-Triple-6.jpg
51023,https://sarveda.com/wp-content/uploads/2026/01/Native-American-Flute-Triple-5.jpg,2026/01/Native-American-Flute-Triple-5.jpg,https://sarveda.com/wp-content/uploads/2026/01/Native-American-Flute-Triple-5.jpg
51024,https://sarveda.com/wp-content/uploads/2026/01/Native-American-Flute-Triple-4.jpg,2026/01/Native-American-Flute-Triple-4.jpg,https://sarveda.com/wp-content/uploads/2026/01/Native-American-Flute-Triple-4.jpg
51025,https://sarveda.com/wp-content/uploads/2026/01/Native-American-Flute-Triple-2.jpg,2026/01/Native-American-Flute-Triple-2.jpg,https://sarveda.com/wp-content/uploads/2026/01/Native-American-Flute-Triple-2.jpg
51026,https://sarveda.com/wp-content/uploads/2026/01/Native-American-Flute-Triple-1.jpg,2026/01/Native-American-Flute-Triple-1.jpg,https://sarveda.com/wp-content/uploads/2026/01/Native-American-Flute-Triple-1.jpg
51032,https://sarveda.com/wp-content/uploads/2026/07/Clay-Ocarina-Cover.jpg,2026/07/Clay-Ocarina-Cover.jpg,https://sarveda.com/wp-content/uploads/2026/07/Clay-Ocarina-Cover.jpg
51033,https://sarveda.com/wp-content/uploads/2023/08/wooden-frog-2.jpg,2023/08/wooden-frog-2.jpg,https://sarveda.com/wp-content/uploads/2023/08/wooden-frog-2.jpg
51034,https://sarveda.com/wp-content/uploads/2023/08/wooden-frog_.jpg,2023/08/wooden-frog_.jpg,https://sarveda.com/wp-content/uploads/2023/08/wooden-frog_.jpg
51035,https://sarveda.com/wp-content/uploads/2023/08/wooden-frog-6.jpg,2023/08/wooden-frog-6.jpg,https://sarveda.com/wp-content/uploads/2023/08/wooden-frog-6.jpg
51036,https://sarveda.com/wp-content/uploads/2023/08/wooden-frog-5.jpg,2023/08/wooden-frog-5.jpg,https://sarveda.com/wp-content/uploads/2023/08/wooden-frog-5.jpg
51037,https://sarveda.com/wp-content/uploads/2023/08/wooden-frog-4.jpg,2023/08/wooden-frog-4.jpg,https://sarveda.com/wp-content/uploads/2023/08/wooden-frog-4.jpg
51038,https://sarveda.com/wp-content/uploads/2023/08/wooden-frog-3.jpg,2023/08/wooden-frog-3.jpg,https://sarveda.com/wp-content/uploads/2023/08/wooden-frog-3.jpg
51046,https://sarveda.com/wp-content/uploads/2026/01/Native-American-Flute-SIngle-Small.jpg,2026/01/Native-American-Flute-SIngle-Small.jpg,https://sarveda.com/wp-content/uploads/2026/01/Native-American-Flute-SIngle-Small.jpg
51047,https://sarveda.com/wp-content/uploads/2026/01/Native-American-Flute-SIngle-Small-2.jpg,2026/01/Native-American-Flute-SIngle-Small-2.jpg,https://sarveda.com/wp-content/uploads/2026/01/Native-American-Flute-SIngle-Small-2.jpg
51048,https://sarveda.com/wp-content/uploads/2026/01/Native-American-Flute-SIngle-Small-1.jpg,2026/01/Native-American-Flute-SIngle-Small-1.jpg,https://sarveda.com/wp-content/uploads/2026/01/Native-American-Flute-SIngle-Small-1.jpg
51049,https://sarveda.com/wp-content/uploads/2026/01/Native-American-Flute-SIngle-Small-3.jpg,2026/01/Native-American-Flute-SIngle-Small-3.jpg,https://sarveda.com/wp-content/uploads/2026/01/Native-American-Flute-SIngle-Small-3.jpg
51050,https://sarveda.com/wp-content/uploads/2026/01/Native-American-Flute-SIngle-Small-4.jpg,2026/01/Native-American-Flute-SIngle-Small-4.jpg,https://sarveda.com/wp-content/uploads/2026/01/Native-American-Flute-SIngle-Small-4.jpg
51051,https://sarveda.com/wp-content/uploads/2026/01/Native-American-Flute-SIngle-Small-2-1.jpg,2026/01/Native-American-Flute-SIngle-Small-2-1.jpg,https://sarveda.com/wp-content/uploads/2026/01/Native-American-Flute-SIngle-Small-2-1.jpg
51052,https://sarveda.com/wp-content/uploads/2026/01/Native-American-Flute-SIngle-Small-3-1.jpg,2026/01/Native-American-Flute-SIngle-Small-3-1.jpg,https://sarveda.com/wp-content/uploads/2026/01/Native-American-Flute-SIngle-Small-3-1.jpg
51053,https://sarveda.com/wp-content/uploads/2026/01/Native-American-Flute-SIngle-Small-3-2.jpg,2026/01/Native-American-Flute-SIngle-Small-3-2.jpg,https://sarveda.com/wp-content/uploads/2026/01/Native-American-Flute-SIngle-Small-3-2.jpg
51054,https://sarveda.com/wp-content/uploads/2026/01/Native-American-Flute-SIngle-Small-2-2.jpg,2026/01/Native-American-Flute-SIngle-Small-2-2.jpg,https://sarveda.com/wp-content/uploads/2026/01/Native-American-Flute-SIngle-Small-2-2.jpg
51055,https://sarveda.com/wp-content/uploads/2026/01/Native-American-Flute-SIngle-Small-5.jpg,2026/01/Native-American-Flute-SIngle-Small-5.jpg,https://sarveda.com/wp-content/uploads/2026/01/Native-American-Flute-SIngle-Small-5.jpg
51056,https://sarveda.com/wp-content/uploads/2026/01/Native-American-Flute-SIngle-Small-4-1.jpg,2026/01/Native-American-Flute-SIngle-Small-4-1.jpg,https://sarveda.com/wp-content/uploads/2026/01/Native-American-Flute-SIngle-Small-4-1.jpg
51057,https://sarveda.com/wp-content/uploads/2026/01/Native-American-Flute-SIngle-Small-2-3.jpg,2026/01/Native-American-Flute-SIngle-Small-2-3.jpg,https://sarveda.com/wp-content/uploads/2026/01/Native-American-Flute-SIngle-Small-2-3.jpg
51058,https://sarveda.com/wp-content/uploads/2026/01/Native-American-Flute-SIngle-Small-3-3.jpg,2026/01/Native-American-Flute-SIngle-Small-3-3.jpg,https://sarveda.com/wp-content/uploads/2026/01/Native-American-Flute-SIngle-Small-3-3.jpg
51060,https://sarveda.com/wp-content/uploads/2026/01/Native-American-Flute-SIngle-Medium.jpg,2026/01/Native-American-Flute-SIngle-Medium.jpg,https://sarveda.com/wp-content/uploads/2026/01/Native-American-Flute-SIngle-Medium.jpg
51061,https://sarveda.com/wp-content/uploads/2026/01/Native-American-Flute-SIngle-Medium-4.jpg,2026/01/Native-American-Flute-SIngle-Medium-4.jpg,https://sarveda.com/wp-content/uploads/2026/01/Native-American-Flute-SIngle-Medium-4.jpg
51062,https://sarveda.com/wp-content/uploads/2026/01/Native-American-Flute-SIngle-Medium-3.jpg,2026/01/Native-American-Flute-SIngle-Medium-3.jpg,https://sarveda.com/wp-content/uploads/2026/01/Native-American-Flute-SIngle-Medium-3.jpg
51063,https://sarveda.com/wp-content/uploads/2026/01/Native-American-Flute-SIngle-Medium-2.jpg,2026/01/Native-American-Flute-SIngle-Medium-2.jpg,https://sarveda.com/wp-content/uploads/2026/01/Native-American-Flute-SIngle-Medium-2.jpg
51064,https://sarveda.com/wp-content/uploads/2026/01/Native-American-Flute-SIngle-Medium-2-1.jpg,2026/01/Native-American-Flute-SIngle-Medium-2-1.jpg,https://sarveda.com/wp-content/uploads/2026/01/Native-American-Flute-SIngle-Medium-2-1.jpg
51065,https://sarveda.com/wp-content/uploads/2026/01/Native-American-Flute-SIngle-Large.jpg,2026/01/Native-American-Flute-SIngle-Large.jpg,https://sarveda.com/wp-content/uploads/2026/01/Native-American-Flute-SIngle-Large.jpg
51066,https://sarveda.com/wp-content/uploads/2026/01/Native-American-Flute-SIngle-Large-4.jpg,2026/01/Native-American-Flute-SIngle-Large-4.jpg,https://sarveda.com/wp-content/uploads/2026/01/Native-American-Flute-SIngle-Large-4.jpg
51067,https://sarveda.com/wp-content/uploads/2026/01/Native-American-Flute-SIngle-Large-3.jpg,2026/01/Native-American-Flute-SIngle-Large-3.jpg,https://sarveda.com/wp-content/uploads/2026/01/Native-American-Flute-SIngle-Large-3.jpg
51068,https://sarveda.com/wp-content/uploads/2026/01/Native-American-Flute-SIngle-Large-2.jpg,2026/01/Native-American-Flute-SIngle-Large-2.jpg,https://sarveda.com/wp-content/uploads/2026/01/Native-American-Flute-SIngle-Large-2.jpg
51072,https://sarveda.com/wp-content/uploads/2026/01/Native-American-Flute-SIngle-Small-4-2.jpg,2026/01/Native-American-Flute-SIngle-Small-4-2.jpg,https://sarveda.com/wp-content/uploads/2026/01/Native-American-Flute-SIngle-Small-4-2.jpg
51073,https://sarveda.com/wp-content/uploads/2026/01/Native-American-Flute-SIngle-Small-4-3.jpg,2026/01/Native-American-Flute-SIngle-Small-4-3.jpg,https://sarveda.com/wp-content/uploads/2026/01/Native-American-Flute-SIngle-Small-4-3.jpg
51089,https://sarveda.com/wp-content/uploads/2026/07/Wooden-Hand-Taal-Khartal-cover.jpg,2026/07/Wooden-Hand-Taal-Khartal-cover.jpg,https://sarveda.com/wp-content/uploads/2026/07/Wooden-Hand-Taal-Khartal-cover.jpg
51091,https://sarveda.com/wp-content/uploads/2026/08/Shruti-Box-Foot-Pedal.jpg,2026/08/Shruti-Box-Foot-Pedal.jpg,https://sarveda.com/wp-content/uploads/2026/08/Shruti-Box-Foot-Pedal.jpg
51092,https://sarveda.com/wp-content/uploads/2026/08/Shruti-Box-Foot-Pedal-7.jpg,2026/08/Shruti-Box-Foot-Pedal-7.jpg,https://sarveda.com/wp-content/uploads/2026/08/Shruti-Box-Foot-Pedal-7.jpg
51093,https://sarveda.com/wp-content/uploads/2026/08/Shruti-Box-Foot-Pedal-6.jpg,2026/08/Shruti-Box-Foot-Pedal-6.jpg,https://sarveda.com/wp-content/uploads/2026/08/Shruti-Box-Foot-Pedal-6.jpg
51094,https://sarveda.com/wp-content/uploads/2026/08/Shruti-Box-Foot-Pedal-5.jpg,2026/08/Shruti-Box-Foot-Pedal-5.jpg,https://sarveda.com/wp-content/uploads/2026/08/Shruti-Box-Foot-Pedal-5.jpg
51095,https://sarveda.com/wp-content/uploads/2026/08/Shruti-Box-Foot-Pedal-4.jpg,2026/08/Shruti-Box-Foot-Pedal-4.jpg,https://sarveda.com/wp-content/uploads/2026/08/Shruti-Box-Foot-Pedal-4.jpg
51096,https://sarveda.com/wp-content/uploads/2026/08/Shruti-Box-Foot-Pedal-3.jpg,2026/08/Shruti-Box-Foot-Pedal-3.jpg,https://sarveda.com/wp-content/uploads/2026/08/Shruti-Box-Foot-Pedal-3.jpg
51097,https://sarveda.com/wp-content/uploads/2026/08/Shruti-Box-Foot-Pedal-2.jpg,2026/08/Shruti-Box-Foot-Pedal-2.jpg,https://sarveda.com/wp-content/uploads/2026/08/Shruti-Box-Foot-Pedal-2.jpg
51099,https://sarveda.com/wp-content/uploads/2026/08/Incense-Sticks-Stand-7.jpg,2026/08/Incense-Sticks-Stand-7.jpg,https://sarveda.com/wp-content/uploads/2026/08/Incense-Sticks-Stand-7.jpg
51100,https://sarveda.com/wp-content/uploads/2026/08/Incense-Sticks-Stand-6.jpg,2026/08/Incense-Sticks-Stand-6.jpg,https://sarveda.com/wp-content/uploads/2026/08/Incense-Sticks-Stand-6.jpg
51101,https://sarveda.com/wp-content/uploads/2026/08/Incense-Sticks-Stand-5.jpg,2026/08/Incense-Sticks-Stand-5.jpg,https://sarveda.com/wp-content/uploads/2026/08/Incense-Sticks-Stand-5.jpg
51102,https://sarveda.com/wp-content/uploads/2026/08/Incense-Sticks-Stand-4.jpg,2026/08/Incense-Sticks-Stand-4.jpg,https://sarveda.com/wp-content/uploads/2026/08/Incense-Sticks-Stand-4.jpg
51103,https://sarveda.com/wp-content/uploads/2026/08/Incense-Sticks-Stand-3.jpg,2026/08/Incense-Sticks-Stand-3.jpg,https://sarveda.com/wp-content/uploads/2026/08/Incense-Sticks-Stand-3.jpg
51104,https://sarveda.com/wp-content/uploads/2026/08/Incense-Sticks-Stand-2.jpg,2026/08/Incense-Sticks-Stand-2.jpg,https://sarveda.com/wp-content/uploads/2026/08/Incense-Sticks-Stand-2.jpg
51105,https://sarveda.com/wp-content/uploads/2026/08/Incense-Sticks-Stand-1.jpg,2026/08/Incense-Sticks-Stand-1.jpg,https://sarveda.com/wp-content/uploads/2026/08/Incense-Sticks-Stand-1.jpg
51109,https://sarveda.com/wp-content/uploads/2026/01/Native-American-Flute-SIngle-Medium-1.jpg,2026/01/Native-American-Flute-SIngle-Medium-1.jpg,https://sarveda.com/wp-content/uploads/2026/01/Native-American-Flute-SIngle-Medium-1.jpg
51111,https://sarveda.com/wp-content/uploads/2026/08/Mini-Flat-Maracas.jpg,2026/08/Mini-Flat-Maracas.jpg,https://sarveda.com/wp-content/uploads/2026/08/Mini-Flat-Maracas.jpg
51112,https://sarveda.com/wp-content/uploads/2026/08/Mini-Flat-Maracas-7.jpg,2026/08/Mini-Flat-Maracas-7.jpg,https://sarveda.com/wp-content/uploads/2026/08/Mini-Flat-Maracas-7.jpg
51113,https://sarveda.com/wp-content/uploads/2026/08/Mini-Flat-Maracas-6.jpg,2026/08/Mini-Flat-Maracas-6.jpg,https://sarveda.com/wp-content/uploads/2026/08/Mini-Flat-Maracas-6.jpg
51114,https://sarveda.com/wp-content/uploads/2026/08/Mini-Flat-Maracas-5.jpg,2026/08/Mini-Flat-Maracas-5.jpg,https://sarveda.com/wp-content/uploads/2026/08/Mini-Flat-Maracas-5.jpg
51115,https://sarveda.com/wp-content/uploads/2026/08/Mini-Flat-Maracas-4.jpg,2026/08/Mini-Flat-Maracas-4.jpg,https://sarveda.com/wp-content/uploads/2026/08/Mini-Flat-Maracas-4.jpg
51116,https://sarveda.com/wp-content/uploads/2026/08/Mini-Flat-Maracas-3.jpg,2026/08/Mini-Flat-Maracas-3.jpg,https://sarveda.com/wp-content/uploads/2026/08/Mini-Flat-Maracas-3.jpg
51117,https://sarveda.com/wp-content/uploads/2026/08/Mini-Flat-Maracas-2.jpg,2026/08/Mini-Flat-Maracas-2.jpg,https://sarveda.com/wp-content/uploads/2026/08/Mini-Flat-Maracas-2.jpg
51118,https://sarveda.com/wp-content/uploads/2026/08/Mini-Flat-Maracas-Cover.jpg,2026/08/Mini-Flat-Maracas-Cover.jpg,https://sarveda.com/wp-content/uploads/2026/08/Mini-Flat-Maracas-Cover.jpg
51119,https://sarveda.com/wp-content/uploads/2026/08/Mini-Flat-Maracas-Cover-2.jpg,2026/08/Mini-Flat-Maracas-Cover-2.jpg,https://sarveda.com/wp-content/uploads/2026/08/Mini-Flat-Maracas-Cover-2.jpg
51120,https://sarveda.com/wp-content/uploads/2026/08/Mini-Flat-Maracas-8.jpg,2026/08/Mini-Flat-Maracas-8.jpg,https://sarveda.com/wp-content/uploads/2026/08/Mini-Flat-Maracas-8.jpg
51121,https://sarveda.com/wp-content/uploads/2025/04/1-1.jpg,2025/04/1-1.jpg,https://sarveda.com/wp-content/uploads/2025/04/1-1.jpg
51122,https://sarveda.com/wp-content/uploads/2025/04/4-2.jpg,2025/04/4-2.jpg,https://sarveda.com/wp-content/uploads/2025/04/4-2.jpg
51123,https://sarveda.com/wp-content/uploads/2025/04/2-1.jpg,2025/04/2-1.jpg,https://sarveda.com/wp-content/uploads/2025/04/2-1.jpg
51131,https://sarveda.com/wp-content/uploads/2026/08/Annapurna-Shankh-6.jpg,2026/08/Annapurna-Shankh-6.jpg,https://sarveda.com/wp-content/uploads/2026/08/Annapurna-Shankh-6.jpg
51132,https://sarveda.com/wp-content/uploads/2026/08/Annapurna-Shankh-5.jpg,2026/08/Annapurna-Shankh-5.jpg,https://sarveda.com/wp-content/uploads/2026/08/Annapurna-Shankh-5.jpg
51133,https://sarveda.com/wp-content/uploads/2026/08/Annapurna-Shankh-4.jpg,2026/08/Annapurna-Shankh-4.jpg,https://sarveda.com/wp-content/uploads/2026/08/Annapurna-Shankh-4.jpg
51134,https://sarveda.com/wp-content/uploads/2026/08/Annapurna-Shankh-3.jpg,2026/08/Annapurna-Shankh-3.jpg,https://sarveda.com/wp-content/uploads/2026/08/Annapurna-Shankh-3.jpg
51135,https://sarveda.com/wp-content/uploads/2026/08/Annapurna-Shankh-2.jpg,2026/08/Annapurna-Shankh-2.jpg,https://sarveda.com/wp-content/uploads/2026/08/Annapurna-Shankh-2.jpg
51136,https://sarveda.com/wp-content/uploads/2026/08/Annapurna-Shankh-1.jpg,2026/08/Annapurna-Shankh-1.jpg,https://sarveda.com/wp-content/uploads/2026/08/Annapurna-Shankh-1.jpg
51137,https://sarveda.com/wp-content/uploads/2026/08/Gaumukhi-Shankh-5.jpg,2026/08/Gaumukhi-Shankh-5.jpg,https://sarveda.com/wp-content/uploads/2026/08/Gaumukhi-Shankh-5.jpg
51138,https://sarveda.com/wp-content/uploads/2026/08/Gaumukhi-Shankh-4.jpg,2026/08/Gaumukhi-Shankh-4.jpg,https://sarveda.com/wp-content/uploads/2026/08/Gaumukhi-Shankh-4.jpg
51139,https://sarveda.com/wp-content/uploads/2026/08/Gaumukhi-Shankh-3.jpg,2026/08/Gaumukhi-Shankh-3.jpg,https://sarveda.com/wp-content/uploads/2026/08/Gaumukhi-Shankh-3.jpg
51140,https://sarveda.com/wp-content/uploads/2026/08/Gaumukhi-Shankh-2.jpg,2026/08/Gaumukhi-Shankh-2.jpg,https://sarveda.com/wp-content/uploads/2026/08/Gaumukhi-Shankh-2.jpg
51141,https://sarveda.com/wp-content/uploads/2026/08/Gaumukhi-Shankh-1_.jpg,2026/08/Gaumukhi-Shankh-1_.jpg,https://sarveda.com/wp-content/uploads/2026/08/Gaumukhi-Shankh-1_.jpg
51142,https://sarveda.com/wp-content/uploads/2026/08/Sughosh-Shankh-6.jpg,2026/08/Sughosh-Shankh-6.jpg,https://sarveda.com/wp-content/uploads/2026/08/Sughosh-Shankh-6.jpg
51143,https://sarveda.com/wp-content/uploads/2026/08/Sughosh-Shankh-5.jpg,2026/08/Sughosh-Shankh-5.jpg,https://sarveda.com/wp-content/uploads/2026/08/Sughosh-Shankh-5.jpg
51144,https://sarveda.com/wp-content/uploads/2026/08/Sughosh-Shankh-4.jpg,2026/08/Sughosh-Shankh-4.jpg,https://sarveda.com/wp-content/uploads/2026/08/Sughosh-Shankh-4.jpg
51145,https://sarveda.com/wp-content/uploads/2026/08/Sughosh-Shankh-3.jpg,2026/08/Sughosh-Shankh-3.jpg,https://sarveda.com/wp-content/uploads/2026/08/Sughosh-Shankh-3.jpg
51146,https://sarveda.com/wp-content/uploads/2026/08/Sughosh-Shankh-2.jpg,2026/08/Sughosh-Shankh-2.jpg,https://sarveda.com/wp-content/uploads/2026/08/Sughosh-Shankh-2.jpg
51147,https://sarveda.com/wp-content/uploads/2026/08/Sughosh-Shankh-1_.jpg,2026/08/Sughosh-Shankh-1_.jpg,https://sarveda.com/wp-content/uploads/2026/08/Sughosh-Shankh-1_.jpg
51148,https://sarveda.com/wp-content/uploads/2026/08/Annapurna-Shankh-2-1.jpg,2026/08/Annapurna-Shankh-2-1.jpg,https://sarveda.com/wp-content/uploads/2026/08/Annapurna-Shankh-2-1.jpg
51150,https://sarveda.com/wp-content/uploads/2026/08/Kalimba-8-bar-6.jpg,2026/08/Kalimba-8-bar-6.jpg,https://sarveda.com/wp-content/uploads/2026/08/Kalimba-8-bar-6.jpg
51151,https://sarveda.com/wp-content/uploads/2026/08/Kalimba-8-bar-5.jpg,2026/08/Kalimba-8-bar-5.jpg,https://sarveda.com/wp-content/uploads/2026/08/Kalimba-8-bar-5.jpg
51152,https://sarveda.com/wp-content/uploads/2026/08/Kalimba-8-bar-4.jpg,2026/08/Kalimba-8-bar-4.jpg,https://sarveda.com/wp-content/uploads/2026/08/Kalimba-8-bar-4.jpg
51153,https://sarveda.com/wp-content/uploads/2026/08/Kalimba-8-bar-3.jpg,2026/08/Kalimba-8-bar-3.jpg,https://sarveda.com/wp-content/uploads/2026/08/Kalimba-8-bar-3.jpg
51154,https://sarveda.com/wp-content/uploads/2026/08/Kalimba-8-bar-2.jpg,2026/08/Kalimba-8-bar-2.jpg,https://sarveda.com/wp-content/uploads/2026/08/Kalimba-8-bar-2.jpg
51155,https://sarveda.com/wp-content/uploads/2026/08/Kalimba-8-bar-1.jpg,2026/08/Kalimba-8-bar-1.jpg,https://sarveda.com/wp-content/uploads/2026/08/Kalimba-8-bar-1.jpg
51164,https://sarveda.com/wp-content/uploads/2026/08/New-Shankh-cover.jpg,2026/08/New-Shankh-cover.jpg,https://sarveda.com/wp-content/uploads/2026/08/New-Shankh-cover.jpg
51166,https://sarveda.com/wp-content/uploads/2025/04/Standard.jpg,2025/04/Standard.jpg,https://sarveda.com/wp-content/uploads/2025/04/Standard.jpg
51167,https://sarveda.com/wp-content/uploads/2025/04/small.jpg,2025/04/small.jpg,https://sarveda.com/wp-content/uploads/2025/04/small.jpg
51168,https://sarveda.com/wp-content/uploads/2025/04/Large.jpg,2025/04/Large.jpg,https://sarveda.com/wp-content/uploads/2025/04/Large.jpg
51169,https://sarveda.com/wp-content/uploads/2025/04/Gong-Bag-Size-Guide.jpg,2025/04/Gong-Bag-Size-Guide.jpg,https://sarveda.com/wp-content/uploads/2025/04/Gong-Bag-Size-Guide.jpg
51174,https://sarveda.com/wp-content/uploads/2025/04/Gong-Bag-Size-Guide-1.jpg,2025/04/Gong-Bag-Size-Guide-1.jpg,https://sarveda.com/wp-content/uploads/2025/04/Gong-Bag-Size-Guide-1.jpg
51192,https://sarveda.com/wp-content/uploads/2026/08/rectangle-wooden-maracas-shaker.jpg,2026/08/rectangle-wooden-maracas-shaker.jpg,https://sarveda.com/wp-content/uploads/2026/08/rectangle-wooden-maracas-shaker.jpg
51193,https://sarveda.com/wp-content/uploads/2026/08/rectangle-wooden-maracas-shaker-6.jpg,2026/08/rectangle-wooden-maracas-shaker-6.jpg,https://sarveda.com/wp-content/uploads/2026/08/rectangle-wooden-maracas-shaker-6.jpg
51194,https://sarveda.com/wp-content/uploads/2026/08/rectangle-wooden-maracas-shaker-5.jpg,2026/08/rectangle-wooden-maracas-shaker-5.jpg,https://sarveda.com/wp-content/uploads/2026/08/rectangle-wooden-maracas-shaker-5.jpg
51195,https://sarveda.com/wp-content/uploads/2026/08/rectangle-wooden-maracas-shaker-4.jpg,2026/08/rectangle-wooden-maracas-shaker-4.jpg,https://sarveda.com/wp-content/uploads/2026/08/rectangle-wooden-maracas-shaker-4.jpg
51196,https://sarveda.com/wp-content/uploads/2026/08/rectangle-wooden-maracas-shaker-3.jpg,2026/08/rectangle-wooden-maracas-shaker-3.jpg,https://sarveda.com/wp-content/uploads/2026/08/rectangle-wooden-maracas-shaker-3.jpg
51197,https://sarveda.com/wp-content/uploads/2026/08/rectangle-wooden-maracas-shaker-2.jpg,2026/08/rectangle-wooden-maracas-shaker-2.jpg,https://sarveda.com/wp-content/uploads/2026/08/rectangle-wooden-maracas-shaker-2.jpg
51198,https://sarveda.com/wp-content/uploads/2026/08/rectangle-wooden-maracas-shaker-4-1.jpg,2026/08/rectangle-wooden-maracas-shaker-4-1.jpg,https://sarveda.com/wp-content/uploads/2026/08/rectangle-wooden-maracas-shaker-4-1.jpg
51199,https://sarveda.com/wp-content/uploads/2025/08/Handpan-Stand-2.jpg,2025/08/Handpan-Stand-2.jpg,https://sarveda.com/wp-content/uploads/2025/08/Handpan-Stand-2.jpg
51200,https://sarveda.com/wp-content/uploads/2025/08/Handpan-Stand-3.jpg,2025/08/Handpan-Stand-3.jpg,https://sarveda.com/wp-content/uploads/2025/08/Handpan-Stand-3.jpg
51201,https://sarveda.com/wp-content/uploads/2025/08/Handpan-Stand-2-1.jpg,2025/08/Handpan-Stand-2-1.jpg,https://sarveda.com/wp-content/uploads/2025/08/Handpan-Stand-2-1.jpg
51202,https://sarveda.com/wp-content/uploads/2025/08/Handpan-Stand-1.jpg,2025/08/Handpan-Stand-1.jpg,https://sarveda.com/wp-content/uploads/2025/08/Handpan-Stand-1.jpg
51204,https://sarveda.com/wp-content/uploads/2023/02/Buddhist-Bell-Extra-large-3.jpg,2023/02/Buddhist-Bell-Extra-large-3.jpg,https://sarveda.com/wp-content/uploads/2023/02/Buddhist-Bell-Extra-large-3.jpg
51205,https://sarveda.com/wp-content/uploads/2023/02/Buddhist-Bell-extra-large-2.jpg,2023/02/Buddhist-Bell-extra-large-2.jpg,https://sarveda.com/wp-content/uploads/2023/02/Buddhist-Bell-extra-large-2.jpg
51206,https://sarveda.com/wp-content/uploads/2023/02/Buddhist-Bell-extra-large-1.jpg,2023/02/Buddhist-Bell-extra-large-1.jpg,https://sarveda.com/wp-content/uploads/2023/02/Buddhist-Bell-extra-large-1.jpg
51207,https://sarveda.com/wp-content/uploads/2023/02/Buddhist-Bell-small-3.jpg,2023/02/Buddhist-Bell-small-3.jpg,https://sarveda.com/wp-content/uploads/2023/02/Buddhist-Bell-small-3.jpg
51208,https://sarveda.com/wp-content/uploads/2023/02/Buddhist-Bell-small-2.jpg,2023/02/Buddhist-Bell-small-2.jpg,https://sarveda.com/wp-content/uploads/2023/02/Buddhist-Bell-small-2.jpg
51209,https://sarveda.com/wp-content/uploads/2023/02/Buddhist-Bell-small-1.jpg,2023/02/Buddhist-Bell-small-1.jpg,https://sarveda.com/wp-content/uploads/2023/02/Buddhist-Bell-small-1.jpg
51210,https://sarveda.com/wp-content/uploads/2023/02/Buddhist-Bell-medium-4.jpg,2023/02/Buddhist-Bell-medium-4.jpg,https://sarveda.com/wp-content/uploads/2023/02/Buddhist-Bell-medium-4.jpg
51211,https://sarveda.com/wp-content/uploads/2023/02/Buddhist-Bell-medium-3.jpg,2023/02/Buddhist-Bell-medium-3.jpg,https://sarveda.com/wp-content/uploads/2023/02/Buddhist-Bell-medium-3.jpg
51212,https://sarveda.com/wp-content/uploads/2023/02/Buddhist-Bell-medium-2.jpg,2023/02/Buddhist-Bell-medium-2.jpg,https://sarveda.com/wp-content/uploads/2023/02/Buddhist-Bell-medium-2.jpg
51213,https://sarveda.com/wp-content/uploads/2023/02/Buddhist-Bell-medium-1.jpg,2023/02/Buddhist-Bell-medium-1.jpg,https://sarveda.com/wp-content/uploads/2023/02/Buddhist-Bell-medium-1.jpg
51214,https://sarveda.com/wp-content/uploads/2023/02/Buddhist-Bell-Large-3.jpg,2023/02/Buddhist-Bell-Large-3.jpg,https://sarveda.com/wp-content/uploads/2023/02/Buddhist-Bell-Large-3.jpg
51215,https://sarveda.com/wp-content/uploads/2023/02/Buddhist-Bell-large-2.jpg,2023/02/Buddhist-Bell-large-2.jpg,https://sarveda.com/wp-content/uploads/2023/02/Buddhist-Bell-large-2.jpg
51216,https://sarveda.com/wp-content/uploads/2023/02/Buddhist-Bell-large-1.jpg,2023/02/Buddhist-Bell-large-1.jpg,https://sarveda.com/wp-content/uploads/2023/02/Buddhist-Bell-large-1.jpg
51217,https://sarveda.com/wp-content/uploads/2023/02/Buddhist-Bell-1.jpg,2023/02/Buddhist-Bell-1.jpg,https://sarveda.com/wp-content/uploads/2023/02/Buddhist-Bell-1.jpg
51218,https://sarveda.com/wp-content/uploads/2023/02/Buddhist-Bell-2-1.jpg,2023/02/Buddhist-Bell-2-1.jpg,https://sarveda.com/wp-content/uploads/2023/02/Buddhist-Bell-2-1.jpg
51245,https://sarveda.com/wp-content/uploads/2025/04/head-bowl.jpg,2025/04/head-bowl.jpg,https://sarveda.com/wp-content/uploads/2025/04/head-bowl.jpg
51246,https://sarveda.com/wp-content/uploads/2025/04/Head-bowl-1.jpg,2025/04/Head-bowl-1.jpg,https://sarveda.com/wp-content/uploads/2025/04/Head-bowl-1.jpg
51247,https://sarveda.com/wp-content/uploads/2025/04/Artboard-1-5.jpg,2025/04/Artboard-1-5.jpg,https://sarveda.com/wp-content/uploads/2025/04/Artboard-1-5.jpg
51248,https://sarveda.com/wp-content/uploads/2025/04/Artboard-1-copy-2-7.jpg,2025/04/Artboard-1-copy-2-7.jpg,https://sarveda.com/wp-content/uploads/2025/04/Artboard-1-copy-2-7.jpg
51259,https://sarveda.com/wp-content/uploads/2023/02/dotted-bowl-4in.jpg,2023/02/dotted-bowl-4in.jpg,https://sarveda.com/wp-content/uploads/2023/02/dotted-bowl-4in.jpg
51260,https://sarveda.com/wp-content/uploads/2023/02/dotted-bowl-5.5in.jpg,2023/02/dotted-bowl-5.5in.jpg,https://sarveda.com/wp-content/uploads/2023/02/dotted-bowl-5.5in.jpg
51261,https://sarveda.com/wp-content/uploads/2023/02/dotted-bowl-7in.jpg,2023/02/dotted-bowl-7in.jpg,https://sarveda.com/wp-content/uploads/2023/02/dotted-bowl-7in.jpg
51262,https://sarveda.com/wp-content/uploads/2023/02/dotted-bowl-deep-5.5in-1.jpg,2023/02/dotted-bowl-deep-5.5in-1.jpg,https://sarveda.com/wp-content/uploads/2023/02/dotted-bowl-deep-5.5in-1.jpg
51263,https://sarveda.com/wp-content/uploads/2023/02/dotted-bowl-deep-5.5in.jpg,2023/02/dotted-bowl-deep-5.5in.jpg,https://sarveda.com/wp-content/uploads/2023/02/dotted-bowl-deep-5.5in.jpg
51265,https://sarveda.com/wp-content/uploads/2023/02/Dotted-Singing-Bowl-4in.jpg,2023/02/Dotted-Singing-Bowl-4in.jpg,https://sarveda.com/wp-content/uploads/2023/02/Dotted-Singing-Bowl-4in.jpg
51266,https://sarveda.com/wp-content/uploads/2023/02/Dotted-Singing-Bowl-5.5in.jpg,2023/02/Dotted-Singing-Bowl-5.5in.jpg,https://sarveda.com/wp-content/uploads/2023/02/Dotted-Singing-Bowl-5.5in.jpg
51267,https://sarveda.com/wp-content/uploads/2023/02/Dotted-Singing-Bowl-5.5-deep.jpg,2023/02/Dotted-Singing-Bowl-5.5-deep.jpg,https://sarveda.com/wp-content/uploads/2023/02/Dotted-Singing-Bowl-5.5-deep.jpg
51268,https://sarveda.com/wp-content/uploads/2023/02/Dotted-Singing-Bowl-7in.jpg,2023/02/Dotted-Singing-Bowl-7in.jpg,https://sarveda.com/wp-content/uploads/2023/02/Dotted-Singing-Bowl-7in.jpg
51270,https://sarveda.com/wp-content/uploads/2026/06/Tuned-Pipe-285hz-1.jpg,2026/06/Tuned-Pipe-285hz-1.jpg,https://sarveda.com/wp-content/uploads/2026/06/Tuned-Pipe-285hz-1.jpg
51271,https://sarveda.com/wp-content/uploads/2026/06/Tuned-Pipe-432hz-1.jpg,2026/06/Tuned-Pipe-432hz-1.jpg,https://sarveda.com/wp-content/uploads/2026/06/Tuned-Pipe-432hz-1.jpg
51277,https://sarveda.com/wp-content/uploads/2026/01/Native-American-Flute-SIngle-Medium-5.jpg,2026/01/Native-American-Flute-SIngle-Medium-5.jpg,https://sarveda.com/wp-content/uploads/2026/01/Native-American-Flute-SIngle-Medium-5.jpg
51292,https://sarveda.com/wp-content/uploads/2026/08/Energy-Bar-A-1.jpg,2026/08/Energy-Bar-A-1.jpg,https://sarveda.com/wp-content/uploads/2026/08/Energy-Bar-A-1.jpg
51293,https://sarveda.com/wp-content/uploads/2026/08/Energy-Bar-A-3.jpg,2026/08/Energy-Bar-A-3.jpg,https://sarveda.com/wp-content/uploads/2026/08/Energy-Bar-A-3.jpg
51294,https://sarveda.com/wp-content/uploads/2026/08/Energy-Bar-A-4.jpg,2026/08/Energy-Bar-A-4.jpg,https://sarveda.com/wp-content/uploads/2026/08/Energy-Bar-A-4.jpg
51295,https://sarveda.com/wp-content/uploads/2026/08/Energy-Bar-A-5.jpg,2026/08/Energy-Bar-A-5.jpg,https://sarveda.com/wp-content/uploads/2026/08/Energy-Bar-A-5.jpg
51296,https://sarveda.com/wp-content/uploads/2026/08/Energy-Bar-B-1.jpg,2026/08/Energy-Bar-B-1.jpg,https://sarveda.com/wp-content/uploads/2026/08/Energy-Bar-B-1.jpg
51297,https://sarveda.com/wp-content/uploads/2026/08/Energy-Bar-B-2.jpg,2026/08/Energy-Bar-B-2.jpg,https://sarveda.com/wp-content/uploads/2026/08/Energy-Bar-B-2.jpg
51298,https://sarveda.com/wp-content/uploads/2026/08/Energy-Bar-B-3.jpg,2026/08/Energy-Bar-B-3.jpg,https://sarveda.com/wp-content/uploads/2026/08/Energy-Bar-B-3.jpg
51299,https://sarveda.com/wp-content/uploads/2026/08/Energy-Bar-B-4.jpg,2026/08/Energy-Bar-B-4.jpg,https://sarveda.com/wp-content/uploads/2026/08/Energy-Bar-B-4.jpg
51300,https://sarveda.com/wp-content/uploads/2026/08/Energy-Bar-C.jpg,2026/08/Energy-Bar-C.jpg,https://sarveda.com/wp-content/uploads/2026/08/Energy-Bar-C.jpg
51301,https://sarveda.com/wp-content/uploads/2026/08/Energy-Bar-C-2.jpg,2026/08/Energy-Bar-C-2.jpg,https://sarveda.com/wp-content/uploads/2026/08/Energy-Bar-C-2.jpg
51302,https://sarveda.com/wp-content/uploads/2026/08/Energy-Bar-C-3.jpg,2026/08/Energy-Bar-C-3.jpg,https://sarveda.com/wp-content/uploads/2026/08/Energy-Bar-C-3.jpg
51303,https://sarveda.com/wp-content/uploads/2026/08/Energy-Bar-C-4.jpg,2026/08/Energy-Bar-C-4.jpg,https://sarveda.com/wp-content/uploads/2026/08/Energy-Bar-C-4.jpg
51304,https://sarveda.com/wp-content/uploads/2026/08/Energy-Bar-C-5.jpg,2026/08/Energy-Bar-C-5.jpg,https://sarveda.com/wp-content/uploads/2026/08/Energy-Bar-C-5.jpg
51305,https://sarveda.com/wp-content/uploads/2026/08/Energy-Bar-D-1.jpg,2026/08/Energy-Bar-D-1.jpg,https://sarveda.com/wp-content/uploads/2026/08/Energy-Bar-D-1.jpg
51306,https://sarveda.com/wp-content/uploads/2026/08/Energy-Bar-D-2.jpg,2026/08/Energy-Bar-D-2.jpg,https://sarveda.com/wp-content/uploads/2026/08/Energy-Bar-D-2.jpg
51307,https://sarveda.com/wp-content/uploads/2026/08/Energy-Bar-D-3.jpg,2026/08/Energy-Bar-D-3.jpg,https://sarveda.com/wp-content/uploads/2026/08/Energy-Bar-D-3.jpg
51308,https://sarveda.com/wp-content/uploads/2026/08/Energy-Bar-D-4.jpg,2026/08/Energy-Bar-D-4.jpg,https://sarveda.com/wp-content/uploads/2026/08/Energy-Bar-D-4.jpg
51309,https://sarveda.com/wp-content/uploads/2026/08/Energy-Bar-D-5-1.jpg,2026/08/Energy-Bar-D-5-1.jpg,https://sarveda.com/wp-content/uploads/2026/08/Energy-Bar-D-5-1.jpg
51310,https://sarveda.com/wp-content/uploads/2026/08/Energy-Bar-E-1.jpg,2026/08/Energy-Bar-E-1.jpg,https://sarveda.com/wp-content/uploads/2026/08/Energy-Bar-E-1.jpg
51311,https://sarveda.com/wp-content/uploads/2026/08/Energy-Bar-E-2.jpg,2026/08/Energy-Bar-E-2.jpg,https://sarveda.com/wp-content/uploads/2026/08/Energy-Bar-E-2.jpg
51312,https://sarveda.com/wp-content/uploads/2026/08/Energy-Bar-E-3.jpg,2026/08/Energy-Bar-E-3.jpg,https://sarveda.com/wp-content/uploads/2026/08/Energy-Bar-E-3.jpg
51313,https://sarveda.com/wp-content/uploads/2026/08/Energy-Bar-E-4.jpg,2026/08/Energy-Bar-E-4.jpg,https://sarveda.com/wp-content/uploads/2026/08/Energy-Bar-E-4.jpg
51314,https://sarveda.com/wp-content/uploads/2026/08/Energy-Bar-E-5.jpg,2026/08/Energy-Bar-E-5.jpg,https://sarveda.com/wp-content/uploads/2026/08/Energy-Bar-E-5.jpg
51315,https://sarveda.com/wp-content/uploads/2026/08/Energy-Bar-F-1.jpg,2026/08/Energy-Bar-F-1.jpg,https://sarveda.com/wp-content/uploads/2026/08/Energy-Bar-F-1.jpg
51316,https://sarveda.com/wp-content/uploads/2026/08/Energy-Bar-F-2.jpg,2026/08/Energy-Bar-F-2.jpg,https://sarveda.com/wp-content/uploads/2026/08/Energy-Bar-F-2.jpg
51317,https://sarveda.com/wp-content/uploads/2026/08/Energy-Bar-F-3-1.jpg,2026/08/Energy-Bar-F-3-1.jpg,https://sarveda.com/wp-content/uploads/2026/08/Energy-Bar-F-3-1.jpg
51318,https://sarveda.com/wp-content/uploads/2026/08/Energy-Bar-F-3.jpg,2026/08/Energy-Bar-F-3.jpg,https://sarveda.com/wp-content/uploads/2026/08/Energy-Bar-F-3.jpg
51319,https://sarveda.com/wp-content/uploads/2026/08/Energy-Bar-F-4.jpg,2026/08/Energy-Bar-F-4.jpg,https://sarveda.com/wp-content/uploads/2026/08/Energy-Bar-F-4.jpg
51320,https://sarveda.com/wp-content/uploads/2026/08/Energy-Bar-G-1.jpg,2026/08/Energy-Bar-G-1.jpg,https://sarveda.com/wp-content/uploads/2026/08/Energy-Bar-G-1.jpg
51321,https://sarveda.com/wp-content/uploads/2026/08/Energy-Bar-G-2.jpg,2026/08/Energy-Bar-G-2.jpg,https://sarveda.com/wp-content/uploads/2026/08/Energy-Bar-G-2.jpg
51322,https://sarveda.com/wp-content/uploads/2026/08/Energy-Bar-G-3.jpg,2026/08/Energy-Bar-G-3.jpg,https://sarveda.com/wp-content/uploads/2026/08/Energy-Bar-G-3.jpg
51323,https://sarveda.com/wp-content/uploads/2026/08/Energy-Bar-G-4.jpg,2026/08/Energy-Bar-G-4.jpg,https://sarveda.com/wp-content/uploads/2026/08/Energy-Bar-G-4.jpg
51324,https://sarveda.com/wp-content/uploads/2026/08/Energy-Bar-G-5.jpg,2026/08/Energy-Bar-G-5.jpg,https://sarveda.com/wp-content/uploads/2026/08/Energy-Bar-G-5.jpg
51325,https://sarveda.com/wp-content/uploads/2026/08/Energy-Bar-7.jpg,2026/08/Energy-Bar-7.jpg,https://sarveda.com/wp-content/uploads/2026/08/Energy-Bar-7.jpg
51326,https://sarveda.com/wp-content/uploads/2026/08/Energy-Bar-set-dimension.jpg,2026/08/Energy-Bar-set-dimension.jpg,https://sarveda.com/wp-content/uploads/2026/08/Energy-Bar-set-dimension.jpg
51335,https://sarveda.com/wp-content/uploads/2026/08/Energy-Bar-2.jpg,2026/08/Energy-Bar-2.jpg,https://sarveda.com/wp-content/uploads/2026/08/Energy-Bar-2.jpg
51336,https://sarveda.com/wp-content/uploads/2026/08/Energy-Bar-5.jpg,2026/08/Energy-Bar-5.jpg,https://sarveda.com/wp-content/uploads/2026/08/Energy-Bar-5.jpg
51337,https://sarveda.com/wp-content/uploads/2026/08/Energy-Bar-3.jpg,2026/08/Energy-Bar-3.jpg,https://sarveda.com/wp-content/uploads/2026/08/Energy-Bar-3.jpg
51339,https://sarveda.com/wp-content/uploads/2026/08/Travel-Shruti-Box-1.jpg,2026/08/Travel-Shruti-Box-1.jpg,https://sarveda.com/wp-content/uploads/2026/08/Travel-Shruti-Box-1.jpg
51340,https://sarveda.com/wp-content/uploads/2026/08/Travel-Shruti-Box-2.jpg,2026/08/Travel-Shruti-Box-2.jpg,https://sarveda.com/wp-content/uploads/2026/08/Travel-Shruti-Box-2.jpg
51341,https://sarveda.com/wp-content/uploads/2026/08/Travel-Shruti-Box-3.jpg,2026/08/Travel-Shruti-Box-3.jpg,https://sarveda.com/wp-content/uploads/2026/08/Travel-Shruti-Box-3.jpg
51342,https://sarveda.com/wp-content/uploads/2026/08/Travel-Shruti-Box-4.jpg,2026/08/Travel-Shruti-Box-4.jpg,https://sarveda.com/wp-content/uploads/2026/08/Travel-Shruti-Box-4.jpg
51343,https://sarveda.com/wp-content/uploads/2026/08/Travel-Shruti-Box-5.jpg,2026/08/Travel-Shruti-Box-5.jpg,https://sarveda.com/wp-content/uploads/2026/08/Travel-Shruti-Box-5.jpg
