id,parent_id,parent_slug,sku,status,title,thumb_id,video,attrs,regular_price,sale_price
5596,5038,neem-wood-combs,NWC-H,publish,Neem Wood Combs - Comb with Handle,5833,,attribute_pa_comb_type=comb-with-handle,215,165
5597,5038,neem-wood-combs,NWC-S,publish,Neem Wood Combs - Long Comb,5834,,attribute_pa_comb_type=long-comb,215,165
5598,5038,neem-wood-combs,NWC-P,publish,Neem Wood Combs - Small Comb,5100,,attribute_pa_comb_type=small-comb,176,135
5599,5038,neem-wood-combs,CO-NWC-S-H,publish,Neem Wood Combs - Combo 2,5139,,attribute_pa_comb_type=combo-2,273,210
5600,5038,neem-wood-combs,CO-NWC-S-P-H,publish,Neem Wood Combs - Combo 3,5925,,attribute_pa_comb_type=combo-3,377,290
7807,5042,copper-tongue-cleaner,,publish,"Copper Tongue Cleaner - Pack of 1, Ring",7815,,attribute_pa_packs=pack-of-1;attribute_type=Ring,189,145
7808,5042,copper-tongue-cleaner,,publish,"Copper Tongue Cleaner - Pack of 1, Straight",7817,,attribute_pa_packs=pack-of-1;attribute_type=Straight,215,165
7809,5042,copper-tongue-cleaner,,publish,"Copper Tongue Cleaner - Pack of 2, Ring",7814,,attribute_pa_packs=pack-of-2;attribute_type=Ring,306,235
7810,5042,copper-tongue-cleaner,,publish,"Copper Tongue Cleaner - Pack of 2, Straight",7818,,attribute_pa_packs=pack-of-2;attribute_type=Straight,345,265
7811,5042,copper-tongue-cleaner,,publish,"Copper Tongue Cleaner - Pack of 4, Ring",7813,,attribute_pa_packs=pack-of-4;attribute_type=Ring,449,345
7812,5042,copper-tongue-cleaner,,publish,"Copper Tongue Cleaner - Pack of 4, Straight",7816,,attribute_pa_packs=pack-of-4;attribute_type=Straight,514,395
5634,5459,copper-bottle-with-brush-true-happiness-lies-within,,publish,Happiness is Inside,5460,,attribute_pa_bottle-type=with-brush;attribute_size=1L,1749,1345
5635,5459,copper-bottle-with-brush-true-happiness-lies-within,,publish,Happiness is Inside,6630,,attribute_pa_bottle-type=without-brush;attribute_size=1L,1619,1245
44017,5459,copper-bottle-with-brush-true-happiness-lies-within,,publish,Happiness is Inside,5101,,attribute_pa_bottle-type=without-brush;attribute_size=500ml,1157,890
44018,5459,copper-bottle-with-brush-true-happiness-lies-within,,publish,Happiness is Inside,5460,,attribute_pa_bottle-type=with-brush;attribute_size=500ml,1281,985
5632,5466,copper-bottle-with-brush-tattvamasi,,publish,Tattvamasi-I am Infinite,5467,,attribute_pa_bottle-type=with-brush;attribute_size=1L,1749,1345
5633,5466,copper-bottle-with-brush-tattvamasi,,publish,Tattvamasi-I am Infinite,6628,,attribute_pa_bottle-type=without-brush;attribute_size=1L,1619,1245
44014,5466,copper-bottle-with-brush-tattvamasi,,publish,Tattvamasi-I am Infinite,6628,,attribute_pa_bottle-type=without-brush;attribute_size=500ml,1157,890
44015,5466,copper-bottle-with-brush-tattvamasi,,publish,Tattvamasi-I am Infinite,5467,,attribute_pa_bottle-type=with-brush;attribute_size=500ml,1281,985
43496,5489,copper-bottle-vintage-plain-curved,,publish,Curved Copper Bottles,6450,,attribute_cleaning-brush=With Brush;attribute_pa_bottle-type=gold,1559,1199
43497,5489,copper-bottle-vintage-plain-curved,,publish,Curved Copper Bottles,6452,,attribute_cleaning-brush=Without Brush;attribute_pa_bottle-type=gold,1429,1099
43498,5489,copper-bottle-vintage-plain-curved,,publish,Curved Copper Bottles,6456,,attribute_cleaning-brush=With Brush;attribute_pa_bottle-type=vintage,1559,1199
43499,5489,copper-bottle-vintage-plain-curved,,publish,Curved Copper Bottles,6460,,attribute_cleaning-brush=Without Brush;attribute_pa_bottle-type=vintage,1429,1099
5944,5495,copper-bottle-curved-vintage-hammered,,publish,Curved Hammered Copper Bottles,6480,,attribute_pa_bottle-type=vintage;attribute_pa_coconut-fiber-brush=with-brush,1559,1199
5945,5495,copper-bottle-curved-vintage-hammered,,publish,Curved Hammered Copper Bottles,6407,,attribute_pa_bottle-type=vintage;attribute_pa_coconut-fiber-brush=without-brush,1429,1099
5778,5663,copper-bottle-pink-noble-toughts,,publish,Pink & Positive,6409,,attribute_pa_bottle-type=without-brush;attribute_size=1L,1619,1245
5779,5663,copper-bottle-pink-noble-toughts,,publish,Pink & Positive,6486,,attribute_pa_bottle-type=with-brush;attribute_size=1L,1749,1345
44012,5663,copper-bottle-pink-noble-toughts,,publish,Pink & Positive,6409,,attribute_pa_bottle-type=without-brush;attribute_size=500ml,1157,890
44013,5663,copper-bottle-pink-noble-toughts,,publish,Pink & Positive,6486,,attribute_pa_bottle-type=with-brush;attribute_size=500ml,1281,985
5782,5669,copper-bottle-orange-light,,publish,Sunshine within Me,6487,,attribute_pa_bottle-type=with-brush;attribute_size=1L,1749,1345
5783,5669,copper-bottle-orange-light,,publish,Sunshine within Me,6410,,attribute_pa_bottle-type=without-brush;attribute_size=1L,1619,1245
44009,5669,copper-bottle-orange-light,,publish,Sunshine within Me,6410,,attribute_pa_bottle-type=without-brush;attribute_size=500ml,1157,890
44010,5669,copper-bottle-orange-light,,publish,Sunshine within Me,6487,,attribute_pa_bottle-type=with-brush;attribute_size=500ml,1281,985
5784,5675,copper-bottle-with-7-chakras-plain,,publish,7 Chakras Gold - Copper Bottle,6411,,attribute_pa_bottle-type=without-brush;attribute_size=500ml,1203,925
5785,5675,copper-bottle-with-7-chakras-plain,,publish,7 Chakras Gold - Copper Bottle,6488,,attribute_pa_bottle-type=with-brush;attribute_size=500ml,1294,995
43493,5675,copper-bottle-with-7-chakras-plain,,publish,7 Chakras Gold - Copper Bottle,6451,,attribute_pa_bottle-type=without-brush;attribute_size=1L,1619,1245
43494,5675,copper-bottle-with-7-chakras-plain,,publish,7 Chakras Gold - Copper Bottle,6488,,attribute_pa_bottle-type=with-brush;attribute_size=1L,1749,1345
5786,5682,copper-bottle-black-with-7-chakras-vintage,,publish,7 Chakras Vintage - Copper Bottle,6412,,attribute_pa_bottle-type=without-brush;attribute_size=1L,1619,1245
5787,5682,copper-bottle-black-with-7-chakras-vintage,,publish,7 Chakras Vintage - Copper Bottle,6489,,attribute_pa_bottle-type=with-brush;attribute_size=500ml,1294,995
43491,5682,copper-bottle-black-with-7-chakras-vintage,,publish,7 Chakras Vintage - Copper Bottle,6412,,attribute_pa_bottle-type=without-brush;attribute_size=500ml,1203,925
43492,5682,copper-bottle-black-with-7-chakras-vintage,,publish,7 Chakras Vintage - Copper Bottle,6489,,attribute_pa_bottle-type=with-brush;attribute_size=1L,1749,1345
5913,5688,copper-bottle-hammered-copper-set,,publish,Hammered Copper Bottle - Without Brush,5788,,attribute_pa_bottle-type=copper;attribute_pa_coconut-fiber-brush=without-brush,1429,1099
5914,5688,copper-bottle-hammered-copper-set,,publish,Hammered Copper Bottle - With Brush,5761,,attribute_pa_bottle-type=copper;attribute_pa_coconut-fiber-brush=with-brush,1559,1199
47720,5740,dumroo-medium-size,,publish,Dumru/Dumroo Indian Handmade Percussion Instrument - Plain,47726,,attribute_type=Plain,350,275
47721,5740,dumroo-medium-size,,publish,Dumru/Dumroo Indian Handmade Percussion Instrument - Dot Painted,47636,,attribute_type=Dot Painted,425,325
44932,5763,tingsha-bell,,publish,"Tingsha Bell - Golden, Small",0,,attribute_size=Small;attribute_type=Golden,2145,1650
44933,5763,tingsha-bell,,publish,"Tingsha Bell - Golden, Standard",0,,attribute_size=Standard;attribute_type=Golden,2295,1795
44934,5763,tingsha-bell,,publish,"Tingsha Bell - Dark, Small",0,,attribute_size=Small;attribute_type=Dark,2145,1650
44935,5763,tingsha-bell,,publish,"Tingsha Bell - Dark, Standard",0,,attribute_size=Standard;attribute_type=Dark,2295,1795
44936,5763,tingsha-bell,,publish,"Tingsha Bell - Etched, Small",0,,attribute_size=Small;attribute_type=Etched,2145,1650
44937,5763,tingsha-bell,,publish,"Tingsha Bell - Etched, Standard",0,,attribute_size=Standard;attribute_type=Etched,2295,1795
5776,5769,jala-neti-pot,NP-R-185,private,Jala Neti Pot - Ceramic 185 ml - Red,6415,,attribute_colour=Red,319,245
5826,5769,jala-neti-pot,NP-W-185,publish,Jala Neti Pot - Ceramic 185 ml - White,6420,,attribute_colour=White,319,245
6335,5769,jala-neti-pot,NP-LY-185,publish,Jala Neti Pot - Ceramic 185 ml - Lemon Yellow,6416,,attribute_colour=Lemon Yellow,319,245
6336,5769,jala-neti-pot,NP-MG-185,publish,Jala Neti Pot - Ceramic 185 ml - Mint Green,6414,,attribute_colour=Mint Green,319,245
6918,5769,jala-neti-pot,NP-B-185,publish,Jala Neti Pot - Ceramic 185 ml - Blue,6419,,attribute_colour=Blue,319,245
5946,5934,copper-bottle-curved-copper-diamond-groove,,publish,Curved Diamond Groove Copper Bottle,6490,,attribute_pa_bottle-type=copper;attribute_pa_coconut-fiber-brush=with-brush;attribute_size=500 ml,1559,1199
5947,5934,copper-bottle-curved-copper-diamond-groove,,publish,Curved Diamond Groove Copper Bottle,6413,,attribute_pa_bottle-type=copper;attribute_pa_coconut-fiber-brush=without-brush;attribute_size=1L,1429,1099
5948,5934,copper-bottle-curved-copper-diamond-groove,,publish,Curved Diamond Groove Copper Bottle,6474,,attribute_pa_bottle-type=vintage;attribute_pa_coconut-fiber-brush=with-brush;attribute_size=500 ml,1559,1199
5949,5934,copper-bottle-curved-copper-diamond-groove,,publish,Curved Diamond Groove Copper Bottle,6408,,attribute_pa_bottle-type=vintage;attribute_pa_coconut-fiber-brush=without-brush;attribute_size=1L,1429,1099
42888,6007,printed-copper-water-bottles,CB-T-B-.5,publish,Artistically Designed Copper Bottles,5467,,attribute_cleaning-brush=With Brush;attribute_size=500ml;attribute_types-of-bottles=Tatvamasi - I am Infinite,1281,985
42889,6007,printed-copper-water-bottles,CB-T-.5,publish,Artistically Designed Copper Bottles,6110,,attribute_cleaning-brush=Without Brush;attribute_size=500ml;attribute_types-of-bottles=Tatvamasi - I am Infinite,1157,890
42890,6007,printed-copper-water-bottles,CB-T-B,publish,Artistically Designed Copper Bottles,5467,,attribute_cleaning-brush=With Brush;attribute_size=1L;attribute_types-of-bottles=Tatvamasi - I am Infinite,1749,1345
42891,6007,printed-copper-water-bottles,CB-T,publish,Artistically Designed Copper Bottles,6110,,attribute_cleaning-brush=Without Brush;attribute_size=1L;attribute_types-of-bottles=Tatvamasi - I am Infinite,1619,1245
42892,6007,printed-copper-water-bottles,CB-HW-B.-.5,publish,Artistically Designed Copper Bottles,5460,,attribute_cleaning-brush=With Brush;attribute_size=500ml;attribute_types-of-bottles=Happiness is inside,1281,985
42893,6007,printed-copper-water-bottles,CB-HW-.5,publish,Artistically Designed Copper Bottles,6109,,attribute_cleaning-brush=Without Brush;attribute_size=500ml;attribute_types-of-bottles=Happiness is inside,1157,890
42894,6007,printed-copper-water-bottles,CB-HW-B,publish,Artistically Designed Copper Bottles,5460,,attribute_cleaning-brush=With Brush;attribute_size=1L;attribute_types-of-bottles=Happiness is inside,1749,1345
42895,6007,printed-copper-water-bottles,CB-HW,publish,Artistically Designed Copper Bottles,6109,,attribute_cleaning-brush=Without Brush;attribute_size=1L;attribute_types-of-bottles=Happiness is inside,1619,1245
42896,6007,printed-copper-water-bottles,CB-BM-B-.5,publish,Artistically Designed Copper Bottles,5754,,attribute_cleaning-brush=With Brush;attribute_size=500ml;attribute_types-of-bottles=Blue Tranquillity,1281,985
42897,6007,printed-copper-water-bottles,CB-BM-.5,publish,Artistically Designed Copper Bottles,6108,,attribute_cleaning-brush=Without Brush;attribute_size=500ml;attribute_types-of-bottles=Blue Tranquillity,1157,890
42898,6007,printed-copper-water-bottles,CB-BM-B,publish,Artistically Designed Copper Bottles,5754,,attribute_cleaning-brush=With Brush;attribute_size=1L;attribute_types-of-bottles=Blue Tranquillity,1749,1345
42899,6007,printed-copper-water-bottles,CB-BM,publish,Artistically Designed Copper Bottles,6108,,attribute_cleaning-brush=Without Brush;attribute_size=1L;attribute_types-of-bottles=Blue Tranquillity,1619,1245
42900,6007,printed-copper-water-bottles,CB-OL-B-.5,publish,Artistically Designed Copper Bottles,5756,,attribute_cleaning-brush=With Brush;attribute_size=500ml;attribute_types-of-bottles=Sunshine within me,1281,985
42901,6007,printed-copper-water-bottles,CB-OL-.5,publish,Artistically Designed Copper Bottles,6107,,attribute_cleaning-brush=Without Brush;attribute_size=500ml;attribute_types-of-bottles=Sunshine within me,1099,845
42902,6007,printed-copper-water-bottles,CB-OL-B,publish,Artistically Designed Copper Bottles,5756,,attribute_cleaning-brush=With Brush;attribute_size=1L;attribute_types-of-bottles=Sunshine within me,1749,1345
42903,6007,printed-copper-water-bottles,CB-OL,publish,Artistically Designed Copper Bottles,6107,,attribute_cleaning-brush=Without Brush;attribute_size=1L;attribute_types-of-bottles=Sunshine within me,1619,1245
42904,6007,printed-copper-water-bottles,CB-PNT-B-.5,publish,Artistically Designed Copper Bottles,5755,,attribute_cleaning-brush=With Brush;attribute_size=500ml;attribute_types-of-bottles=Pink & Positive,1281,985
42905,6007,printed-copper-water-bottles,CB-PNT-.5,publish,Artistically Designed Copper Bottles,6106,,attribute_cleaning-brush=Without Brush;attribute_size=500ml;attribute_types-of-bottles=Pink & Positive,1157,890
42906,6007,printed-copper-water-bottles,CB-PNT-B,publish,Artistically Designed Copper Bottles,5755,,attribute_cleaning-brush=With Brush;attribute_size=1L;attribute_types-of-bottles=Pink & Positive,1749,1345
42907,6007,printed-copper-water-bottles,CB-PNT,publish,Artistically Designed Copper Bottles,6106,,attribute_cleaning-brush=Without Brush;attribute_size=1L;attribute_types-of-bottles=Pink & Positive,1619,1245
6064,6062,mini-coconut-shaker-3-types,MI-CS-R,publish,Mini Coconut Shakers - 3 Types - Round Shaped,6279,,attribute_shape=Round Shaped,839,645
6065,6062,mini-coconut-shaker-3-types,MI-CS-E,publish,Mini Coconut Shakers - 3 Types - Eye Shaped,6278,,attribute_shape=Eye Shaped,813,625
6066,6062,mini-coconut-shaker-3-types,MI-CS-S,publish,Mini Coconut Shakers - 3 Types - Square Shaped,6277,,attribute_shape=Square Shaped,839,645
10128,6062,mini-coconut-shaker-3-types,CO-MI-CS-SRE,publish,Mini Coconut Shakers - 3 Types - All 3,0,,attribute_shape=All 3,1944,1495
43471,6071,non-printed-copper-water-bottles,CB-CP-B,publish,"Grooved, Hammered & Plain Copper Bottle",6450,,attribute_cleaning-brush=With Brush;attribute_colour=Gold;attribute_types=Curved,1559,1199
43472,6071,non-printed-copper-water-bottles,CB-CP,publish,"Grooved, Hammered & Plain Copper Bottle",6452,,attribute_cleaning-brush=Without Brush;attribute_colour=Gold;attribute_types=Curved,1429,1099
43473,6071,non-printed-copper-water-bottles,CB-CV-B,publish,"Grooved, Hammered & Plain Copper Bottle",6456,,attribute_cleaning-brush=Without Brush;attribute_colour=Vintage;attribute_types=Curved,1559,1199
43474,6071,non-printed-copper-water-bottles,CB-CV,publish,"Grooved, Hammered & Plain Copper Bottle",6460,,attribute_cleaning-brush=Without Brush;attribute_colour=Vintage;attribute_types=Curved,1429,1099
43475,6071,non-printed-copper-water-bottles,CB-CPH-B,publish,"Grooved, Hammered & Plain Copper Bottle",43551,,attribute_cleaning-brush=With Brush;attribute_colour=Gold;attribute_types=Hammered,1559,1199
43476,6071,non-printed-copper-water-bottles,CB-CPH,publish,"Grooved, Hammered & Plain Copper Bottle",5693,,attribute_cleaning-brush=Without Brush;attribute_colour=Gold;attribute_types=Hammered,1429,1099
43479,6071,non-printed-copper-water-bottles,CB-CDG-B,publish,"Grooved, Hammered & Plain Copper Bottle",6490,,attribute_cleaning-brush=With Brush;attribute_colour=Gold;attribute_types=Diamond Groove,1559,1199
43480,6071,non-printed-copper-water-bottles,CB-CDG,publish,"Grooved, Hammered & Plain Copper Bottle",6413,,attribute_cleaning-brush=Without Brush;attribute_colour=Gold;attribute_types=Diamond Groove,1429,1099
43481,6071,non-printed-copper-water-bottles,CB-CVDG-B,publish,"Grooved, Hammered & Plain Copper Bottle",6474,,attribute_cleaning-brush=With Brush;attribute_colour=Vintage;attribute_types=Diamond Groove,1559,1199
43482,6071,non-printed-copper-water-bottles,CB-CVDG,publish,"Grooved, Hammered & Plain Copper Bottle",6408,,attribute_cleaning-brush=Without Brush;attribute_colour=Vintage;attribute_types=Diamond Groove,1429,1099
43486,6071,non-printed-copper-water-bottles,CB-CVH,publish,"Grooved, Hammered & Plain Copper Bottle",6407,,attribute_cleaning-brush=Without Brush;attribute_colour=Vintage;attribute_types=Curved Hammered,1429,1099
43550,6071,non-printed-copper-water-bottles,CB-CVH-B,publish,"Grooved, Hammered & Plain Copper Bottle",6480,,attribute_cleaning-brush=With Brush;attribute_colour=Vintage;attribute_types=Curved Hammered,1559,1199
43434,6080,engraved-copper-water-bottles,CB-7CP-B-.5,publish,7 Chakras Copper Water Bottles,6488,,attribute_cleaning-brush=With Brush;attribute_size=500ml;attribute_type=7 Chakras Plain,1294,995
43435,6080,engraved-copper-water-bottles,CB-7CP-.5,publish,7 Chakras Copper Water Bottles,6451,,attribute_cleaning-brush=Without Brush;attribute_size=500ml;attribute_type=7 Chakras Plain,1203,925
43436,6080,engraved-copper-water-bottles,CB-7CP-B,publish,7 Chakras Copper Water Bottles,6488,,attribute_cleaning-brush=With Brush;attribute_size=1L;attribute_type=7 Chakras Plain,1749,1345
43437,6080,engraved-copper-water-bottles,CB-7CP,publish,7 Chakras Copper Water Bottles,6451,,attribute_cleaning-brush=Without Brush;attribute_size=1L;attribute_type=7 Chakras Plain,1619,1245
43438,6080,engraved-copper-water-bottles,CB-7CV-B-.5,publish,7 Chakras Copper Water Bottles,6489,,attribute_cleaning-brush=With Brush;attribute_size=500ml;attribute_type=7 Chakras Vintage,1294,995
43439,6080,engraved-copper-water-bottles,CB-7CV-.5,publish,7 Chakras Copper Water Bottles,6412,,attribute_cleaning-brush=Without Brush;attribute_size=500ml;attribute_type=7 Chakras Vintage,1203,925
43440,6080,engraved-copper-water-bottles,CB-7CV-B,publish,7 Chakras Copper Water Bottles,6489,,attribute_cleaning-brush=With Brush;attribute_size=1L;attribute_type=7 Chakras Vintage,1749,1345
43441,6080,engraved-copper-water-bottles,CB-7CV,publish,7 Chakras Copper Water Bottles,6412,,attribute_cleaning-brush=Without Brush;attribute_size=1L;attribute_type=7 Chakras Vintage,1619,1245
6507,6505,stainless-steel-straws,SSS-2,publish,Stainless Steel Straws - Pack of 2,6945,,attribute_pa_packs=pack-of-2,228,175
6508,6505,stainless-steel-straws,SSS-4,publish,Stainless Steel Straws - Pack of 4,6947,,attribute_pa_packs=pack-of-4,319,245
6525,6519,sarveda-lavender-scented-eye-pillows-for-yoga-meditation-and-relaxation-made-with-cotton-filled-with-flaxseed,Yo-P-E-RE,publish,Natural Lavender Scented Eye Pillows - Rose,6941,,attribute_colour=Rose,525,395
6526,6519,sarveda-lavender-scented-eye-pillows-for-yoga-meditation-and-relaxation-made-with-cotton-filled-with-flaxseed,Yo-P-E-GY,publish,Natural Lavender Scented Eye Pillows - Grey,6939,,attribute_colour=Grey,525,395
6527,6519,sarveda-lavender-scented-eye-pillows-for-yoga-meditation-and-relaxation-made-with-cotton-filled-with-flaxseed,Yo-P-E-NB,publish,Natural Lavender Scented Eye Pillows - Navy Blue,6938,,attribute_colour=Navy Blue,525,395
6528,6519,sarveda-lavender-scented-eye-pillows-for-yoga-meditation-and-relaxation-made-with-cotton-filled-with-flaxseed,Yo-P-E-DG,publish,Natural Lavender Scented Eye Pillows - Dark Grey,6937,,attribute_colour=Dark Grey,525,395
6529,6519,sarveda-lavender-scented-eye-pillows-for-yoga-meditation-and-relaxation-made-with-cotton-filled-with-flaxseed,Yo-P-E-SE,publish,Natural Lavender Scented Eye Pillows - Sage,6940,,attribute_colour=Sage,525,395
6545,6530,yoga-strap,Yo-BL-D-SB,publish,Yoga Belt/Strap for Sturdy Grip - Sky Blue,7244,,attribute_colours=Sky Blue,470,345
6547,6530,yoga-strap,Yo-BL-D-BE,publish,Yoga Belt/Strap for Sturdy Grip - Beige,7246,,attribute_colours=Beige,470,345
6548,6530,yoga-strap,Yo-BL-D-NB,publish,Yoga Belt/Strap for Sturdy Grip - Navy Blue,7243,,attribute_colours=Navy Blue,470,345
6549,6530,yoga-strap,Yo-BL-D-RE,publish,Yoga Belt/Strap for Sturdy Grip - Rose,7242,,attribute_colours=Rose,470,345
6550,6530,yoga-strap,Yo-BL-D-GR,publish,Yoga Belt/Strap for Sturdy Grip - Green,7245,,attribute_colours=Green,470,345
48679,6638,copper-water-bottle-with-2-glasses-set-with-7-chakra-design,,publish,Copper Bottle Gift Set - 7 Chakra - Gold,0,,attribute_colour=Gold,2150,1750
48680,6638,copper-water-bottle-with-2-glasses-set-with-7-chakra-design,,publish,Copper Bottle Gift Set - 7 Chakra - Vintage,0,,attribute_colour=Vintage,2150,1750
6686,6668,yoga-blanket,Yo-BT-C-MG,publish,Yoga Blanket made from Organic Cotton - Magenta,6951,,attribute_colour=Magenta,1820,1395
6687,6668,yoga-blanket,Yo-BT-C-BW,publish,Yoga Blanket made from Organic Cotton - Brown,6950,,attribute_colour=Brown,1820,1395
6688,6668,yoga-blanket,Yo-BT-C-NT,publish,Yoga Blanket made from Organic Cotton - Natural White,6949,,attribute_colour=Natural White,1690,1295
6691,6689,yoga-bolster,Yo-BR-R-DG,publish,Round Yoga Bolster - Dark Grey,6696,,attribute_colour=Dark Grey,1755,1550
6692,6689,yoga-bolster,Yo-BR-R-SE,publish,Round Yoga Bolster - Sage,6698,,attribute_colour=Sage,1755,1550
6693,6689,yoga-bolster,Yo-BR-R-NB,publish,Round Yoga Bolster - Navy Blue,6690,,attribute_colour=Navy Blue,1755,1550
6694,6689,yoga-bolster,Yo-BR-R-RE,publish,Round Yoga Bolster - Rose,6697,,attribute_colour=Rose,1755,1550
6695,6689,yoga-bolster,Yo-BR-R-GY,publish,Round Yoga Bolster - Grey,6699,,attribute_colour=Grey,1755,1550
7905,6689,yoga-bolster,Yo-BR-R-O,publish,Round Yoga Bolster - Orange,7906,,attribute_colour=Orange,1755,1550
9762,6689,yoga-bolster,Yo-BR-R-M,publish,Round Yoga Bolster - Maroon,9761,,attribute_colour=Maroon,1755,1550
44627,6689,yoga-bolster,Yo-BR-R-RP,publish,Round Yoga Bolster - Rogue Pink,44628,,attribute_colour=Rogue Pink,1755,1550
6729,6711,sarveda-zafu-round,Me-Z-R-C-DG,publish,Zafu Meditation Cushion Plain Filled with Cotton - Dark Grey,6952,,attribute_colour=Dark Grey,1415,1185
6730,6711,sarveda-zafu-round,Me-Z-R-C-GY,publish,Zafu Meditation Cushion Plain Filled with Cotton - Grey,6955,,attribute_colour=Grey,1415,1185
6731,6711,sarveda-zafu-round,Me-Z-R-C-NB,publish,Zafu Meditation Cushion Plain Filled with Cotton - Navy Blue,6956,,attribute_colour=Navy Blue,1415,1185
6732,6711,sarveda-zafu-round,Me-Z-R-C-RE,publish,Zafu Meditation Cushion Plain Filled with Cotton - Rose,6953,,attribute_colour=Rose,1415,1185
6733,6711,sarveda-zafu-round,Me-Z-R-C-SE,publish,Zafu Meditation Cushion Plain Filled with Cotton - Sage,6954,,attribute_colour=Sage,1415,1185
7565,6711,sarveda-zafu-round,Me-Z-R-C-O,publish,Zafu Meditation Cushion Plain Filled with Cotton - Orange,7567,,attribute_colour=Orange,1415,1185
9627,6711,sarveda-zafu-round,Me-Z-R-MB,publish,Zafu Meditation Cushion Plain Filled with Cotton - Misty Blue,9640,,attribute_colour=Misty Blue,1415,1185
9628,6711,sarveda-zafu-round,Me-Z-R-LR,publish,Zafu Meditation Cushion Plain Filled with Cotton - Lavender,9638,,attribute_colour=Lavender,1415,1185
9629,6711,sarveda-zafu-round,Me-Z-R-LG,publish,Zafu Meditation Cushion Plain Filled with Cotton - Light Grey,9637,,attribute_colour=Light Grey,1415,1185
9630,6711,sarveda-zafu-round,Me-Z-R-MG,publish,Zafu Meditation Cushion Plain Filled with Cotton - Magenta,9635,,attribute_colour=Magenta,1415,1185
44901,6734,sarveda-zafu-crescent,Me-C-Z-L-RP,publish,"Crescent Zafu Meditation Cushion - Large, Rouge Pink",6743,,attribute_colour=Rouge Pink;attribute_type=Large,1420,1145
44903,6734,sarveda-zafu-crescent,Me-C-Z-L-GY,publish,"Crescent Zafu Meditation Cushion - Large, Grey",44915,,attribute_colour=Grey;attribute_type=Large,1420,1145
44904,6734,sarveda-zafu-crescent,Me-C-Z-L-MB,publish,"Crescent Zafu Meditation Cushion - Large, Misty Blue",44916,,attribute_colour=Misty Blue;attribute_type=Large,1420,1145
44905,6734,sarveda-zafu-crescent,Me-C-Z-L-L,publish,"Crescent Zafu Meditation Cushion - Large, Lavender",44917,,attribute_colour=Lavender;attribute_type=Large,1420,1145
44906,6734,sarveda-zafu-crescent,Me-C-Z-L-S,publish,"Crescent Zafu Meditation Cushion - Large, Sage",44918,,attribute_colour=Sage;attribute_type=Large,1420,1145
44907,6734,sarveda-zafu-crescent,Me-C-Z-L-RE,publish,"Crescent Zafu Meditation Cushion - Large, Rose",44919,,attribute_colour=Rose;attribute_type=Large,1420,1145
44911,6734,sarveda-zafu-crescent,Me-C-Z-M-MB,publish,"Crescent Zafu Meditation Cushion - Medium, Misty Blue",9666,,attribute_colour=Misty Blue;attribute_type=Medium,1420,1085
44912,6734,sarveda-zafu-crescent,Me-C-Z-M-L,publish,"Crescent Zafu Meditation Cushion - Medium, Lavender",9669,,attribute_colour=Lavender;attribute_type=Medium,1420,1085
44913,6734,sarveda-zafu-crescent,Me-C-Z-M-SE,publish,"Crescent Zafu Meditation Cushion - Medium, Sage",9668,,attribute_colour=Sage;attribute_type=Medium,1420,1085
44914,6734,sarveda-zafu-crescent,Me-C-Z-M-R,publish,"Crescent Zafu Meditation Cushion - Medium, Rose",9667,,attribute_colour=Rose;attribute_type=Medium,1420,1085
6775,6755,sarveda-zafu-cylindrical-meditation-cushion,Me-C-HZ-RB,publish,Hi-Zafu Meditation Cushion - Filled with Buckwheat - Royal Blue,6759,,attribute_colour=Royal Blue,1540,1285
6776,6755,sarveda-zafu-cylindrical-meditation-cushion,Me-C-HZ-GY,publish,Hi-Zafu Meditation Cushion - Filled with Buckwheat - Grey,6760,,attribute_colour=Grey,1540,1285
6777,6755,sarveda-zafu-cylindrical-meditation-cushion,Me-C-HZ-DG,publish,Hi-Zafu Meditation Cushion - Filled with Buckwheat - Dark Grey,6757,,attribute_colour=Dark Grey,1540,1285
6778,6755,sarveda-zafu-cylindrical-meditation-cushion,Me-C-HZ-SE,publish,Hi-Zafu Meditation Cushion - Filled with Buckwheat - Sage,6758,,attribute_colour=Sage,1540,1285
6779,6755,sarveda-zafu-cylindrical-meditation-cushion,Me-C-HZ-RD,publish,Hi-Zafu Meditation Cushion - Filled with Buckwheat - Red,6756,,attribute_colour=Red,1540,1285
7559,6755,sarveda-zafu-cylindrical-meditation-cushion,Me-C-HZ-M,publish,Hi-Zafu Meditation Cushion - Filled with Buckwheat - Maroon,7561,,attribute_colour=Maroon,1540,1285
9656,6755,sarveda-zafu-cylindrical-meditation-cushion,Me-C-HZ-NB,publish,Hi-Zafu Meditation Cushion - Filled with Buckwheat - Navy Blue,9653,,attribute_colour=Navy Blue,1540,1285
9657,6755,sarveda-zafu-cylindrical-meditation-cushion,Me-C-HZ-R,publish,Hi-Zafu Meditation Cushion - Filled with Buckwheat - Rose,9655,,attribute_colour=Rose,1540,1285
9658,6755,sarveda-zafu-cylindrical-meditation-cushion,Me-C-HZ-LG,publish,Hi-Zafu Meditation Cushion - Filled with Buckwheat - Light Grey,9654,,attribute_colour=Light Grey,1540,1285
9659,6755,sarveda-zafu-cylindrical-meditation-cushion,Me-C-HZ-LR,publish,Hi-Zafu Meditation Cushion - Filled with Buckwheat - Lavender,9652,,attribute_colour=Lavender,1540,1285
9660,6755,sarveda-zafu-cylindrical-meditation-cushion,Me-C-HZ-I,publish,Hi-Zafu Meditation Cushion - Filled with Buckwheat - Ivory,9651,,attribute_colour=Ivory,1540,1285
9661,6755,sarveda-zafu-cylindrical-meditation-cushion,Me-C-HZ-MB,publish,Hi-Zafu Meditation Cushion - Filled with Buckwheat - Misty Blue,9650,,attribute_colour=Misty Blue,1540,1285
6794,6780,sarveda-zabuton-cushion,Me-C-Zn-NB,publish,Zabuton Cushion for Meditation - Navy Blue,9307,,attribute_colour=Navy Blue,2450,1995
6795,6780,sarveda-zabuton-cushion,Me-C-Zn-GY,publish,Zabuton Cushion for Meditation - Grey,9308,,attribute_colour=Grey,2450,1995
9606,6780,sarveda-zabuton-cushion,Me-C-Zn-LR,publish,Zabuton Cushion for Meditation - Lavender,9614,,attribute_colour=Lavender,2450,1995
9607,6780,sarveda-zabuton-cushion,Me-C-Zn-LG,publish,Zabuton Cushion for Meditation - Light Grey,9613,,attribute_colour=Light Grey,2450,1995
9608,6780,sarveda-zabuton-cushion,Me-C-Zn-MB,publish,Zabuton Cushion for Meditation - Misty Blue,9612,,attribute_colour=Misty Blue,2450,1995
6821,6807,singing-bowls-with-sacred-mantra-printed,MI-SB-P-B-5.5,publish,"Singing Bowls with Sacred Mantra Printed - Blue, 5.5 Inches",6811,,attribute_color=Blue;attribute_size=5.5 Inches,2594,1995
6823,6807,singing-bowls-with-sacred-mantra-printed,MI-SB-P-G-4,publish,"Singing Bowls with Sacred Mantra Printed - Green, 4 Inches",6816,,attribute_color=Green;attribute_size=4 Inches,2009,1545
6825,6807,singing-bowls-with-sacred-mantra-printed,MI-SB-P-B-4,publish,"Singing Bowls with Sacred Mantra Printed - Blue, 4 Inches",6813,,attribute_color=Blue;attribute_size=4 Inches,2009,1545
6826,6807,singing-bowls-with-sacred-mantra-printed,MI-SB-P-G-5.5,publish,"Singing Bowls with Sacred Mantra Printed - Green, 5.5 Inches",6816,,attribute_color=Green;attribute_size=5.5 Inches,2594,1995
6828,6807,singing-bowls-with-sacred-mantra-printed,MI-SB-P-R-4,publish,"Singing Bowls with Sacred Mantra Printed - Red, 4 Inches",6818,,attribute_color=Red;attribute_size=4 Inches,2009,1545
6830,6807,singing-bowls-with-sacred-mantra-printed,MI-SB-P-R-5.5,publish,"Singing Bowls with Sacred Mantra Printed - Red, 5.5 Inches",6818,,attribute_color=Red;attribute_size=5.5 Inches,2594,1995
6831,6807,singing-bowls-with-sacred-mantra-printed,MI-SB-P-BK-4,publish,"Singing Bowls with Sacred Mantra Printed - Black, 4 Inches",6809,,attribute_color=Black;attribute_size=4 Inches,2009,1545
7288,6807,singing-bowls-with-sacred-mantra-printed,MI-SB-P-BK-5.5,publish,"Singing Bowls with Sacred Mantra Printed - Black, 5.5 Inches",6809,,attribute_color=Black;attribute_size=5.5 Inches,2594,1995
7289,6807,singing-bowls-with-sacred-mantra-printed,MI-SB-P-W-4,publish,"Singing Bowls with Sacred Mantra Printed - Gold, 4 Inches",6815,,attribute_color=Gold;attribute_size=4 Inches,2009,1545
7290,6807,singing-bowls-with-sacred-mantra-printed,MI-SB-P-W-5.5,publish,"Singing Bowls with Sacred Mantra Printed - Gold, 5.5 Inches",6814,,attribute_color=Gold;attribute_size=5.5 Inches,2594,1995
7953,6807,singing-bowls-with-sacred-mantra-printed,MI-SB-P-R-3.5,publish,"Singing Bowls with Sacred Mantra Printed - Red, 7 Inches",6818,,attribute_color=Red;attribute_size=7 Inches,2684,2295
7954,6807,singing-bowls-with-sacred-mantra-printed,MI-SB-P-B-3.5,publish,"Singing Bowls with Sacred Mantra Printed - Blue, 7 Inches",6811,,attribute_color=Blue;attribute_size=7 Inches,2684,2295
7955,6807,singing-bowls-with-sacred-mantra-printed,MI-SB-P-W-3.5,publish,"Singing Bowls with Sacred Mantra Printed - Gold, 7 Inches",6815,,attribute_color=Gold;attribute_size=7 Inches,2684,2295
7956,6807,singing-bowls-with-sacred-mantra-printed,MI-SB-P-G-3.5,publish,"Singing Bowls with Sacred Mantra Printed - Green, 7 Inches",6816,,attribute_color=Green;attribute_size=7 Inches,2684,2295
7957,6807,singing-bowls-with-sacred-mantra-printed,MI-SB-P-BK-3.5,publish,"Singing Bowls with Sacred Mantra Printed - Black, 7 Inches",6809,,attribute_color=Black;attribute_size=7 Inches,2684,2295
6862,6861,singing-bowl-with-mantra-rustic-blue-color,MI-SB-RB-6,publish,Singing Bowl with Mantra - Rustic Blue Colour - 6 Inches,6865,,attribute_size=6 Inches,1879,1445
7287,6861,singing-bowl-with-mantra-rustic-blue-color,MI-SB-RB-7,publish,Singing Bowl with Mantra - Rustic Blue Colour - 7 Inches,6865,,attribute_size=7 Inches,2269,1745
9694,6884,handmade-singing-bowls-for-sound-therapy,Mi-SB-H-P-5,publish,"Handmade Singing Bowls - All Sizes - 5 in, Matte",6889,,attribute_size=5 in;attribute_type=Matte,6950,5950
9695,6884,handmade-singing-bowls-for-sound-therapy,Mi-SB-H-M-5,publish,"Handmade Singing Bowls - All Sizes - 5 in, Matte",6887,,attribute_size=5 in;attribute_type=Matte,6950,5950
9696,6884,handmade-singing-bowls-for-sound-therapy,Mi-SB-H-P-6,publish,"Handmade Singing Bowls - All Sizes - 6 in, Polished",6889,,attribute_size=6 in;attribute_type=Polished,7650,6650
9697,6884,handmade-singing-bowls-for-sound-therapy,,publish,"Handmade Singing Bowls - All Sizes - 6 in, Matte",6887,,attribute_size=6 in;attribute_type=Matte,7650,6650
9698,6884,handmade-singing-bowls-for-sound-therapy,Mi-SB-H-P-7,publish,"Handmade Singing Bowls - All Sizes - 7 in, Polished",6889,,attribute_size=7 in;attribute_type=Polished,8450,7450
9699,6884,handmade-singing-bowls-for-sound-therapy,,publish,"Handmade Singing Bowls - All Sizes - 7 in, Matte",6887,,attribute_size=7 in;attribute_type=Matte,8450,7450
9700,6884,handmade-singing-bowls-for-sound-therapy,Mi-SB-H-P-8,publish,"Handmade Singing Bowls - All Sizes - 8 in, Polished",6889,,attribute_size=8 in;attribute_type=Polished,9250,8250
9701,6884,handmade-singing-bowls-for-sound-therapy,Mi-SB-H-M-8,publish,"Handmade Singing Bowls - All Sizes - 8 in, Matte",6887,,attribute_size=8 in;attribute_type=Matte,9250,8250
9702,6884,handmade-singing-bowls-for-sound-therapy,Mi-SB-H-P-9,publish,"Handmade Singing Bowls - All Sizes - 9 in, Polished",6889,,attribute_size=9 in;attribute_type=Polished,10350,9350
9703,6884,handmade-singing-bowls-for-sound-therapy,Mi-SB-H-M-9,publish,"Handmade Singing Bowls - All Sizes - 9 in, Matte",6887,,attribute_size=9 in;attribute_type=Matte,10350,9350
9704,6884,handmade-singing-bowls-for-sound-therapy,Mi-SB-H-P-10,publish,"Handmade Singing Bowls - All Sizes - 10 in, Polished",6889,,attribute_size=10 in;attribute_type=Polished,11750,10750
9705,6884,handmade-singing-bowls-for-sound-therapy,Mi-SB-H-M-10,publish,"Handmade Singing Bowls - All Sizes - 10 in, Matte",6887,,attribute_size=10 in;attribute_type=Matte,11750,10750
9706,6884,handmade-singing-bowls-for-sound-therapy,Mi-SB-H-P-11,publish,"Handmade Singing Bowls - All Sizes - 11 in, Polished",6889,,attribute_size=11 in;attribute_type=Polished,12950,11950
9707,6884,handmade-singing-bowls-for-sound-therapy,Mi-SB-H-M-11,publish,"Handmade Singing Bowls - All Sizes - 11 in, Matte",6887,,attribute_size=11 in;attribute_type=Matte,12950,11950
9708,6884,handmade-singing-bowls-for-sound-therapy,Mi-SB-H-P-12,publish,"Handmade Singing Bowls - All Sizes - 12 in, Polished",6889,,attribute_size=12 in;attribute_type=Polished,13650,12650
9709,6884,handmade-singing-bowls-for-sound-therapy,,publish,"Handmade Singing Bowls - All Sizes - 12 in, Matte",6887,,attribute_size=12 in;attribute_type=Matte,13650,12650
9710,6884,handmade-singing-bowls-for-sound-therapy,,publish,"Handmade Singing Bowls - All Sizes - 13 in, Polished",6889,,attribute_size=13 in;attribute_type=Polished,14650,13650
9711,6884,handmade-singing-bowls-for-sound-therapy,,publish,"Handmade Singing Bowls - All Sizes - 13 in, Matte",6887,,attribute_size=13 in;attribute_type=Matte,14650,13650
6901,6892,hand-hammered-singing-bowl,MI-SB-H-4,publish,Dotted Singing Bowl - 4 in,6893,,attribute_size=4 in,2139,1645
6902,6892,hand-hammered-singing-bowl,MI-SB-H-5.5,publish,Dotted Singing Bowl - 5.5 in,6894,,attribute_size=5.5 in,2789,2145
42911,6892,hand-hammered-singing-bowl,MI-SB-D-7,publish,Dotted Singing Bowl - 7 in,42912,,attribute_size=7 in,3101,2385
51264,6892,hand-hammered-singing-bowl,,publish,Dotted Singing Bowl - Deep 5.5 Inch,,,attribute_size=Deep 5.5 Inch,3101,2385
9198,6973,sarveda-buddhist-bell,MI-BB-2,publish,Tibetan Buddhist Bell - Small,0,,attribute_size=Small,1755,1350
9199,6973,sarveda-buddhist-bell,MI-BB-3,publish,Tibetan Buddhist Bell - Medium,0,,attribute_size=Medium,2145,1650
9200,6973,sarveda-buddhist-bell,MI-BB-3.5,publish,Tibetan Buddhist Bell - Large,0,,attribute_size=Large,2405,1850
47410,6973,sarveda-buddhist-bell,,publish,Tibetan Buddhist Bell - Extra Large,0,,attribute_size=Extra Large,4000,3560
43367,6978,wooden-mallets-for-singing-bowls,,publish,"Wooden Mallets for Singing Bowls - Long Firm-Standard, Red",42268,,attribute_colour=Red;attribute_type=Long Firm-Standard,895,645
43368,6978,wooden-mallets-for-singing-bowls,,publish,"Wooden Mallets for Singing Bowls - Long Firm-Small, Red",42268,,attribute_colour=Red;attribute_type=Long Firm-Small,785,545
43369,6978,wooden-mallets-for-singing-bowls,MI-SB-M-R-S,publish,"Wooden Mallets for Singing Bowls - Straight, Red",6984,,attribute_colour=Red;attribute_type=Straight,285,200
43370,6978,wooden-mallets-for-singing-bowls,MI-SB-M-L-W-13,publish,"Wooden Mallets for Singing Bowls - Long Soft-13"", White",42270,,"attribute_colour=White;attribute_type=Long Soft-13""",1065,850
43371,6978,wooden-mallets-for-singing-bowls,MI-SB-M-L-W-11,publish,"Wooden Mallets for Singing Bowls - Long Soft-11"", White",42263,,"attribute_colour=White;attribute_type=Long Soft-11""",945,695
43372,6978,wooden-mallets-for-singing-bowls,MI-SB-M-L-W-9,publish,"Wooden Mallets for Singing Bowls - Long Soft-9"", White",42262,,"attribute_colour=White;attribute_type=Long Soft-9""",895,645
43374,6978,wooden-mallets-for-singing-bowls,MI-SB-M-L-R-13,publish,"Wooden Mallets for Singing Bowls - Long Soft-13"", Red",42266,,"attribute_colour=Red;attribute_type=Long Soft-13""",1065,850
43375,6978,wooden-mallets-for-singing-bowls,MI-SB-M-L-R-11,publish,"Wooden Mallets for Singing Bowls - Long Soft-11"", Red",42266,,"attribute_colour=Red;attribute_type=Long Soft-11""",945,645
43376,6978,wooden-mallets-for-singing-bowls,MI-SB-M-L-R-9,publish,"Wooden Mallets for Singing Bowls - Long Soft-9"", Red",42265,,"attribute_colour=Red;attribute_type=Long Soft-9""",895,645
43377,6978,wooden-mallets-for-singing-bowls,MI-SB-M-B-C,publish,"Wooden Mallets for Singing Bowls - Curved, Black",42261,,attribute_colour=Black;attribute_type=Curved,345,235
43378,6978,wooden-mallets-for-singing-bowls,,publish,"Wooden Mallets for Singing Bowls - Thick Wide, Black",42260,,attribute_colour=Black;attribute_type=Thick Wide,445,285
43379,6978,wooden-mallets-for-singing-bowls,,publish,"Wooden Mallets for Singing Bowls - Thick Wide, Red",42259,,attribute_colour=Red;attribute_type=Thick Wide,445,285
43380,6978,wooden-mallets-for-singing-bowls,,publish,"Wooden Mallets for Singing Bowls - Standard Wide, Black",42258,,attribute_colour=Black;attribute_type=Standard Wide,385,255
43381,6978,wooden-mallets-for-singing-bowls,,publish,"Wooden Mallets for Singing Bowls - Standard Wide, Red",42257,,attribute_colour=Red;attribute_type=Standard Wide,385,255
43382,6978,wooden-mallets-for-singing-bowls,MI-SB-M-B-S,publish,"Wooden Mallets for Singing Bowls - Straight, Black",42256,,attribute_colour=Black;attribute_type=Straight,285,200
43383,6978,wooden-mallets-for-singing-bowls,,publish,"Wooden Mallets for Singing Bowls - Long Firm-Small, White",42271,,attribute_colour=White;attribute_type=Long Firm-Small,785,545
43384,6978,wooden-mallets-for-singing-bowls,,publish,"Wooden Mallets for Singing Bowls - Long Firm-Standard, White",42270,,attribute_colour=White;attribute_type=Long Firm-Standard,895,645
7765,6988,singing-bowl-silk-ring-cushions-accessories,MI-SB-C-G-10,publish,"Singing Bowls Silk Ring Cushion Accessories - 10 cms, Green",7757,,attribute_colour=Green;attribute_size=10 cms,319,245
7766,6988,singing-bowl-silk-ring-cushions-accessories,MI-SB-C-B-10,publish,"Singing Bowls Silk Ring Cushion Accessories - 10 cms, Blue",7755,,attribute_colour=Blue;attribute_size=10 cms,319,245
7767,6988,singing-bowl-silk-ring-cushions-accessories,MI-SB-C-NB-10,publish,"Singing Bowls Silk Ring Cushion Accessories - 10 cms, Navy Blue",7752,,attribute_colour=Navy Blue;attribute_size=10 cms,319,245
7768,6988,singing-bowl-silk-ring-cushions-accessories,MI-SB-C-O-10,publish,"Singing Bowls Silk Ring Cushion Accessories - 10 cms, Orange",7756,,attribute_colour=Orange;attribute_size=10 cms,319,245
7770,6988,singing-bowl-silk-ring-cushions-accessories,MI-SB-C-Bn-10,publish,"Singing Bowls Silk Ring Cushion Accessories - 10 cms, Brown",7758,,attribute_colour=Brown;attribute_size=10 cms,319,245
7771,6988,singing-bowl-silk-ring-cushions-accessories,MI-SB-C-R-10,publish,"Singing Bowls Silk Ring Cushion Accessories - 10 cms, Red",7754,,attribute_colour=Red;attribute_size=10 cms,319,245
7772,6988,singing-bowl-silk-ring-cushions-accessories,MI-SB-C-G-12,publish,"Singing Bowls Silk Ring Cushion Accessories - 10 cms, Green",7757,,attribute_colour=Green;attribute_size=10 cms,358,275
7773,6988,singing-bowl-silk-ring-cushions-accessories,MI-SB-C-B-12,publish,"Singing Bowls Silk Ring Cushion Accessories - 12 cms, Blue",7755,,attribute_colour=Blue;attribute_size=12 cms,358,275
7774,6988,singing-bowl-silk-ring-cushions-accessories,MI-SB-C-NB-12,publish,"Singing Bowls Silk Ring Cushion Accessories - 12 cms, Navy Blue",7752,,attribute_colour=Navy Blue;attribute_size=12 cms,358,275
7775,6988,singing-bowl-silk-ring-cushions-accessories,MI-SB-C-O-12,publish,"Singing Bowls Silk Ring Cushion Accessories - 12 cms, Orange",7756,,attribute_colour=Orange;attribute_size=12 cms,358,275
7777,6988,singing-bowl-silk-ring-cushions-accessories,MI-SB-C-Bn-12,publish,"Singing Bowls Silk Ring Cushion Accessories - 12 cms, Brown",7758,,attribute_colour=Brown;attribute_size=12 cms,358,275
7778,6988,singing-bowl-silk-ring-cushions-accessories,MI-SB-C-R-12,publish,"Singing Bowls Silk Ring Cushion Accessories - 12 cms, Red",7754,,attribute_colour=Red;attribute_size=12 cms,358,275
7779,6988,singing-bowl-silk-ring-cushions-accessories,MI-SB-C-G-14,publish,"Singing Bowls Silk Ring Cushion Accessories - 14 cms, Green",7757,,attribute_colour=Green;attribute_size=14 cms,384,295
7780,6988,singing-bowl-silk-ring-cushions-accessories,MI-SB-C-B-14,publish,"Singing Bowls Silk Ring Cushion Accessories - 14 cms, Blue",7755,,attribute_colour=Blue;attribute_size=14 cms,384,295
7781,6988,singing-bowl-silk-ring-cushions-accessories,MI-SB-C-NB-14,publish,"Singing Bowls Silk Ring Cushion Accessories - 14 cms, Navy Blue",7752,,attribute_colour=Navy Blue;attribute_size=14 cms,384,295
7782,6988,singing-bowl-silk-ring-cushions-accessories,MI-SB-C-O-14,publish,"Singing Bowls Silk Ring Cushion Accessories - 14 cms, Orange",7756,,attribute_colour=Orange;attribute_size=14 cms,384,295
7784,6988,singing-bowl-silk-ring-cushions-accessories,MI-SB-C-Bn-14,publish,"Singing Bowls Silk Ring Cushion Accessories - 14 cms, Brown",7758,,attribute_colour=Brown;attribute_size=14 cms,384,295
7785,6988,singing-bowl-silk-ring-cushions-accessories,MI-SB-C-R-14,publish,"Singing Bowls Silk Ring Cushion Accessories - 14 cms, Red",7754,,attribute_colour=Red;attribute_size=14 cms,384,295
7786,6988,singing-bowl-silk-ring-cushions-accessories,MI-SB-C-G-16,publish,"Singing Bowls Silk Ring Cushion Accessories - 16 cms, Green",7757,,attribute_colour=Green;attribute_size=16 cms,423,325
7787,6988,singing-bowl-silk-ring-cushions-accessories,MI-SB-C-B-16,publish,"Singing Bowls Silk Ring Cushion Accessories - 16 cms, Blue",7755,,attribute_colour=Blue;attribute_size=16 cms,423,325
7788,6988,singing-bowl-silk-ring-cushions-accessories,MI-SB-C-NB-16,publish,"Singing Bowls Silk Ring Cushion Accessories - 16 cms, Navy Blue",7752,,attribute_colour=Navy Blue;attribute_size=16 cms,423,325
7789,6988,singing-bowl-silk-ring-cushions-accessories,MI-SB-C-O-16,publish,"Singing Bowls Silk Ring Cushion Accessories - 16 cms, Orange",7756,,attribute_colour=Orange;attribute_size=16 cms,423,325
7791,6988,singing-bowl-silk-ring-cushions-accessories,MI-SB-C-Bn-16,publish,"Singing Bowls Silk Ring Cushion Accessories - 16 cms, Brown",7758,,attribute_colour=Brown;attribute_size=16 cms,423,325
7792,6988,singing-bowl-silk-ring-cushions-accessories,MI-SB-C-R-16,publish,"Singing Bowls Silk Ring Cushion Accessories - 16 cms, Red",7754,,attribute_colour=Red;attribute_size=16 cms,423,325
7793,6988,singing-bowl-silk-ring-cushions-accessories,MI-SB-C-G-18,publish,"Singing Bowls Silk Ring Cushion Accessories - 18 cms, Green",7757,,attribute_colour=Green;attribute_size=18 cms,449,345
7794,6988,singing-bowl-silk-ring-cushions-accessories,MI-SB-C-B-18,publish,"Singing Bowls Silk Ring Cushion Accessories - 18 cms, Blue",7755,,attribute_colour=Blue;attribute_size=18 cms,449,345
7795,6988,singing-bowl-silk-ring-cushions-accessories,MI-SB-C-NB-18,publish,"Singing Bowls Silk Ring Cushion Accessories - 18 cms, Navy Blue",7752,,attribute_colour=Navy Blue;attribute_size=18 cms,449,345
7796,6988,singing-bowl-silk-ring-cushions-accessories,MI-SB-C-O-18,publish,"Singing Bowls Silk Ring Cushion Accessories - 18 cms, Orange",7756,,attribute_colour=Orange;attribute_size=18 cms,449,345
7798,6988,singing-bowl-silk-ring-cushions-accessories,MI-SB-C-Bn-18,publish,"Singing Bowls Silk Ring Cushion Accessories - 18 cms, Brown",7758,,attribute_colour=Brown;attribute_size=18 cms,449,345
7799,6988,singing-bowl-silk-ring-cushions-accessories,MI-SB-C-R-18,publish,"Singing Bowls Silk Ring Cushion Accessories - 18 cms, Red",7754,,attribute_colour=Red;attribute_size=18 cms,449,345
9021,6988,singing-bowl-silk-ring-cushions-accessories,MI-SB-C-PK-10,publish,"Singing Bowls Silk Ring Cushion Accessories - 10 cms, Pink",6993,,attribute_colour=Pink;attribute_size=10 cms,319,245
9022,6988,singing-bowl-silk-ring-cushions-accessories,MI-SB-C-PK-12,publish,"Singing Bowls Silk Ring Cushion Accessories - 12 cms, Pink",6993,,attribute_colour=Pink;attribute_size=12 cms,358,275
9023,6988,singing-bowl-silk-ring-cushions-accessories,MI-SB-C-PK-14,publish,"Singing Bowls Silk Ring Cushion Accessories - 14 cms, Pink",6993,,attribute_colour=Pink;attribute_size=14 cms,384,295
9024,6988,singing-bowl-silk-ring-cushions-accessories,MI-SB-C-PK-16,publish,"Singing Bowls Silk Ring Cushion Accessories - 16 cms, Pink",6989,,attribute_colour=Pink;attribute_size=16 cms,423,325
9025,6988,singing-bowl-silk-ring-cushions-accessories,MI-SB-C-PK-18,publish,"Singing Bowls Silk Ring Cushion Accessories - 18 cms, Pink",6993,,attribute_colour=Pink;attribute_size=18 cms,449,345
44172,6988,singing-bowl-silk-ring-cushions-accessories,MI-SB-C-PK-20,publish,"Singing Bowls Silk Ring Cushion Accessories - 20 cms, Pink",43562,,attribute_colour=Pink;attribute_size=20 cms,545,495
44173,6988,singing-bowl-silk-ring-cushions-accessories,MI-SB-C-PK-22,publish,"Singing Bowls Silk Ring Cushion Accessories - 22 cms, Pink",43562,,attribute_colour=Pink;attribute_size=22 cms,655,595
44174,6988,singing-bowl-silk-ring-cushions-accessories,MI-SB-C-R-20,publish,"Singing Bowls Silk Ring Cushion Accessories - 20 cms, Red",7754,,attribute_colour=Red;attribute_size=20 cms,545,495
44175,6988,singing-bowl-silk-ring-cushions-accessories,MI-SB-C-R-22,publish,"Singing Bowls Silk Ring Cushion Accessories - 22 cms, Red",7754,,attribute_colour=Red;attribute_size=22 cms,655,595
44176,6988,singing-bowl-silk-ring-cushions-accessories,MI-SB-C-Bn-20,publish,"Singing Bowls Silk Ring Cushion Accessories - 20 cms, Brown",7758,,attribute_colour=Brown;attribute_size=20 cms,545,495
44177,6988,singing-bowl-silk-ring-cushions-accessories,MI-SB-C-Bn-22,publish,"Singing Bowls Silk Ring Cushion Accessories - 22 cms, Brown",7758,,attribute_colour=Brown;attribute_size=22 cms,655,595
44178,6988,singing-bowl-silk-ring-cushions-accessories,MI-SB-C-O-20,publish,"Singing Bowls Silk Ring Cushion Accessories - 20 cms, Orange",7756,,attribute_colour=Orange;attribute_size=20 cms,545,495
44179,6988,singing-bowl-silk-ring-cushions-accessories,MI-SB-C-O-22,publish,"Singing Bowls Silk Ring Cushion Accessories - 22 cms, Orange",7756,,attribute_colour=Orange;attribute_size=22 cms,655,595
44180,6988,singing-bowl-silk-ring-cushions-accessories,MI-SB-C-NB-20,publish,"Singing Bowls Silk Ring Cushion Accessories - 20 cms, Navy Blue",7755,,attribute_colour=Navy Blue;attribute_size=20 cms,545,495
44181,6988,singing-bowl-silk-ring-cushions-accessories,MI-SB-C-NB-22,publish,"Singing Bowls Silk Ring Cushion Accessories - 22 cms, Navy Blue",7755,,attribute_colour=Navy Blue;attribute_size=22 cms,655,595
44182,6988,singing-bowl-silk-ring-cushions-accessories,MI-SB-C-B-20,publish,"Singing Bowls Silk Ring Cushion Accessories - 20 cms, Blue",7752,,attribute_colour=Blue;attribute_size=20 cms,545,495
44183,6988,singing-bowl-silk-ring-cushions-accessories,MI-SB-C-B-22,publish,"Singing Bowls Silk Ring Cushion Accessories - 22 cms, Blue",7752,,attribute_colour=Blue;attribute_size=22 cms,655,595
44184,6988,singing-bowl-silk-ring-cushions-accessories,MI-SB-C-G-20,publish,"Singing Bowls Silk Ring Cushion Accessories - 20 cms, Green",7757,,attribute_colour=Green;attribute_size=20 cms,545,495
44185,6988,singing-bowl-silk-ring-cushions-accessories,MI-SB-C-G-22,publish,"Singing Bowls Silk Ring Cushion Accessories - 22 cms, Green",7757,,attribute_colour=Green;attribute_size=22 cms,655,595
44186,6988,singing-bowl-silk-ring-cushions-accessories,MI-SB-C-Y-10,publish,"Singing Bowls Silk Ring Cushion Accessories - 10 cms, Yellow",44170,,attribute_colour=Yellow;attribute_size=10 cms,209,190
44187,6988,singing-bowl-silk-ring-cushions-accessories,MI-SB-C-Y-12,publish,"Singing Bowls Silk Ring Cushion Accessories - 12 cms, Yellow",44170,,attribute_colour=Yellow;attribute_size=12 cms,242,220
44188,6988,singing-bowl-silk-ring-cushions-accessories,MI-SB-C-Y-14,publish,"Singing Bowls Silk Ring Cushion Accessories - 14 cms, Yellow",44170,,attribute_colour=Yellow;attribute_size=14 cms,325,295
44189,6988,singing-bowl-silk-ring-cushions-accessories,MI-SB-C-Y-16,publish,"Singing Bowls Silk Ring Cushion Accessories - 16 cms, Yellow",44170,,attribute_colour=Yellow;attribute_size=16 cms,358,325
44190,6988,singing-bowl-silk-ring-cushions-accessories,MI-SB-C-Y-18,publish,"Singing Bowls Silk Ring Cushion Accessories - 18 cms, Yellow",44170,,attribute_colour=Yellow;attribute_size=18 cms,424,385
44191,6988,singing-bowl-silk-ring-cushions-accessories,MI-SB-C-Y-20,publish,"Singing Bowls Silk Ring Cushion Accessories - 20 cms, Yellow",44170,,attribute_colour=Yellow;attribute_size=20 cms,545,495
44192,6988,singing-bowl-silk-ring-cushions-accessories,MI-SB-C-Y-22,publish,"Singing Bowls Silk Ring Cushion Accessories - 22 cms, Yellow",44170,,attribute_colour=Yellow;attribute_size=22 cms,655,595
44193,6988,singing-bowl-silk-ring-cushions-accessories,MI-SB-C-BK-10,publish,"Singing Bowls Silk Ring Cushion Accessories - 10 cms, Black",44171,,attribute_colour=Black;attribute_size=10 cms,209,190
44194,6988,singing-bowl-silk-ring-cushions-accessories,MI-SB-C-BK-12,publish,"Singing Bowls Silk Ring Cushion Accessories - 12 cms, Black",44171,,attribute_colour=Black;attribute_size=12 cms,242,220
44195,6988,singing-bowl-silk-ring-cushions-accessories,MI-SB-C-BK-14,publish,"Singing Bowls Silk Ring Cushion Accessories - 14 cms, Black",44171,,attribute_colour=Black;attribute_size=14 cms,325,295
44196,6988,singing-bowl-silk-ring-cushions-accessories,MI-SB-C-BK-16,publish,"Singing Bowls Silk Ring Cushion Accessories - 16 cms, Black",44171,,attribute_colour=Black;attribute_size=16 cms,358,325
44197,6988,singing-bowl-silk-ring-cushions-accessories,MI-SB-C-BK-18,publish,"Singing Bowls Silk Ring Cushion Accessories - 18 cms, Black",44171,,attribute_colour=Black;attribute_size=18 cms,424,385
44198,6988,singing-bowl-silk-ring-cushions-accessories,MI-SB-C-BK-20,publish,"Singing Bowls Silk Ring Cushion Accessories - 20 cms, Black",44171,,attribute_colour=Black;attribute_size=20 cms,545,495
44199,6988,singing-bowl-silk-ring-cushions-accessories,MI-SB-C-BK-22,publish,"Singing Bowls Silk Ring Cushion Accessories - 22 cms, Black",44171,,attribute_colour=Black;attribute_size=22 cms,655,595
46266,6988,singing-bowl-silk-ring-cushions-accessories,,publish,Singing Bowls Silk Ring Cushion Accessories - Combo of 3,0,,attribute_colour=;attribute_size=Combo of 3,895,795
46267,6988,singing-bowl-silk-ring-cushions-accessories,,publish,Singing Bowls Silk Ring Cushion Accessories - Combo of 5,0,,attribute_colour=;attribute_size=Combo of 5,1745,1645
46268,6988,singing-bowl-silk-ring-cushions-accessories,,publish,Singing Bowls Silk Ring Cushion Accessories - Combo of 7,0,,attribute_colour=;attribute_size=Combo of 7,2450,2245
7185,7177,sarveda-zafu-zabuton-meditation-cushion-combo,CO-Me-Zf-Zn-C-GY,publish,Zafu & Zabuton Meditation Cushion Combo - Grey,7184,,attribute_colours=Grey,3295,2795
7186,7177,sarveda-zafu-zabuton-meditation-cushion-combo,CO-Me-Zf-Zn-C-NB,publish,Zafu & Zabuton Meditation Cushion Combo - Navy Blue,7284,,attribute_colours=Navy Blue,3295,2795
9597,7177,sarveda-zafu-zabuton-meditation-cushion-combo,Co-Me-C-Z-Zn-LR,publish,Zafu & Zabuton Meditation Cushion Combo - Lavender,9603,,attribute_colours=Lavender,3295,2795
9598,7177,sarveda-zafu-zabuton-meditation-cushion-combo,Co-Me-C-Z-Zn-LG,publish,Zafu & Zabuton Meditation Cushion Combo - Light Grey,9604,,attribute_colours=Light Grey,3295,2795
9599,7177,sarveda-zafu-zabuton-meditation-cushion-combo,Co-Me-C-Z-Zn-MB,publish,Zafu & Zabuton Meditation Cushion Combo - Misty Blue,9605,,attribute_colours=Misty Blue,3295,2795
9588,7293,shamanic-drums,MI-SD-P-30,publish,"Shamanic Drum - Plain, 30 cms",9595,,attribute_size=30 cms;attribute_type=Plain,6045,4650
9589,7293,shamanic-drums,MI-SD-P-40,publish,"Shamanic Drum - Plain, 40 cms",9595,,attribute_size=40 cms;attribute_type=Plain,6825,5250
9590,7293,shamanic-drums,MI-SD-P-45,publish,"Shamanic Drum - Plain, 45 cms",9595,,attribute_size=45 cms;attribute_type=Plain,7605,5850
9591,7293,shamanic-drums,MI-SD-B-30,publish,"Shamanic Drum - Butterfly, 30 cms",7296,,attribute_size=30 cms;attribute_type=Butterfly,6435,4950
9592,7293,shamanic-drums,MI-SD-B-40,publish,"Shamanic Drum - Butterfly, 40 cms",7296,,attribute_size=40 cms;attribute_type=Butterfly,7215,5550
9593,7293,shamanic-drums,MI-SD-B-45,publish,"Shamanic Drum - Butterfly, 45 cms",7296,,attribute_size=45 cms;attribute_type=Butterfly,8125,6250
48063,7293,shamanic-drums,,publish,"Shamanic Drum - Tree of Life, 30 cms",0,,attribute_size=30 cms;attribute_type=Tree of Life,6435,4950
48064,7293,shamanic-drums,,publish,"Shamanic Drum - Tree of Life, 40 cms",0,,attribute_size=40 cms;attribute_type=Tree of Life,7215,5550
48065,7293,shamanic-drums,,publish,"Shamanic Drum - Tree of Life, 45 cms",0,,attribute_size=45 cms;attribute_type=Tree of Life,8125,6250
46377,7300,aslatau-or-asalato,,publish,"Asalato/Aslatau or Kashaka Shaker - Plain, Single",0,,attribute_size=Single;attribute_type=Plain,1750,1345
46378,7300,aslatau-or-asalato,,publish,"Asalato/Aslatau or Kashaka Shaker - Plain, Pair",0,,attribute_size=Pair;attribute_type=Plain,3250,2450
46379,7300,aslatau-or-asalato,,publish,"Asalato/Aslatau or Kashaka Shaker - Painted, Single",0,,attribute_size=Single;attribute_type=Painted,1950,1555
46380,7300,aslatau-or-asalato,,publish,"Asalato/Aslatau or Kashaka Shaker - Painted, Pair",0,,attribute_size=Pair;attribute_type=Painted,3950,2700
7314,7307,s-shaped-didgeridoo,MI-DG-S-G,publish,S-Shaped Didgeridoo - Green,7308,,attribute_color=Green,9145,7750
7315,7307,s-shaped-didgeridoo,MI-DG-S-R,publish,S-Shaped Didgeridoo - Red,7310,,attribute_color=Red,9145,7750
7316,7307,s-shaped-didgeridoo,MI-DG-S-B,publish,S-Shaped Didgeridoo - Blue,7312,,attribute_color=Blue,9145,7750
46651,7317,thunder-tube,,publish,Thunder Tube - Basic Edition - 20cms,0,,attribute_size=20cms,1450,1325
46652,7317,thunder-tube,,publish,Thunder Tube - Basic Edition - 25cms,0,,attribute_size=25cms,1650,1450
46653,7317,thunder-tube,,publish,Thunder Tube - Basic Edition - 30cms,0,,attribute_size=30cms,1750,1550
7519,7324,spiral-snake-didgeridoo,MI-DG-SP-G,publish,Spiral/Snake Didgeridoo - Green,7325,,attribute_color=Green,7845,6650
7520,7324,spiral-snake-didgeridoo,MI-DG-SP-R,publish,Spiral/Snake Didgeridoo - Red,7327,,attribute_color=Red,7845,6650
45394,7370,wooden-maracas-shaker,,publish,Coconut Maracas Shakers - Plain,0,,attribute_type=Plain,1287,990
45395,7370,wooden-maracas-shaker,,publish,Coconut Maracas Shakers - Painted,0,,attribute_type=Painted,1541,1185
7414,7404,artistic-egg-shakers,MI-ES-P-R,publish,Painted Egg Shakers - Red Dotted,7410,,attribute_type=Red Dotted,1203,925
7415,7404,artistic-egg-shakers,MI-ES-P-B,publish,Painted Egg Shakers - Blue Dotted,7409,,attribute_type=Blue Dotted,1203,925
7416,7404,artistic-egg-shakers,MI-ES-P-A,publish,Painted Egg Shakers - Artistically Designed,7412,,attribute_type=Artistically Designed,1203,925
7418,7417,den-den-daiko-or-spin-twist-drum,MI-TD-YY,publish,Spin/Twist Drum or Den Den Daiko - Large 3.5 in,7428,,attribute_type=Large 3.5 in,985,895
7419,7417,den-den-daiko-or-spin-twist-drum,MI-TD-RB,publish,Spin/Twist Drum or Den Den Daiko - Small 3 in,7429,,attribute_type=Small 3 in,875,795
8774,7443,mini-teak-wood-and-stainless-steel-xylophone,,publish,Teak Wood - Stainless Steel Xylophone - 8 Keys,7449,,attribute_keys=8 Keys,5135,3950
8775,7443,mini-teak-wood-and-stainless-steel-xylophone,MI-XP-W-15,publish,Teak Wood - Stainless Steel Xylophone - 15 Keys,8781,,attribute_keys=15 Keys,9850,6950
46480,7450,mini-bamboo-and-aluminium-bar-chime,,publish,Mini Bamboo and Aluminium Bar Chime - 10,0,,attribute_number-of-bars=10,1150,985
46481,7450,mini-bamboo-and-aluminium-bar-chime,,publish,Mini Bamboo and Aluminium Bar Chime - 21,0,,attribute_number-of-bars=21,2250,1850
7510,7472,handheld-kenari-seed-shell-shaker,MI-KR-S-S,publish,Kenari Seed Shell Shakers - Small,7367,,attribute_size=Small,1755,1350
7511,7472,handheld-kenari-seed-shell-shaker,MI-KR-S-L,publish,Kenari Seed Shell Shakers - Large,7475,,attribute_size=Large,2535,2350
45648,7478,wooden-tambourine-half-moon-2,,publish,Wooden Tambourines - Half-Moon,0,,attribute_type=Half-Moon,1550,1250
45649,7478,wooden-tambourine-half-moon-2,,publish,Wooden Tambourines - Circular,0,,attribute_type=Circular,1450,1150
8762,7484,bamboo-rainstick,MI-RS-B-40,publish,Bamboo Rainstick - 40cms,7489,,attribute_size=40cms,1945,1495
8763,7484,bamboo-rainstick,MI-RS-B-60,publish,Bamboo Rainstick - 60cms,7488,,attribute_size=60cms,2495,1995
8764,7484,bamboo-rainstick,MI-RS-B-1M,publish,Bamboo Rainstick - 1m,7487,,attribute_size=1m,3245,2495
44586,7484,bamboo-rainstick,MI-RS-B-80,publish,Bamboo Rainstick - 80cms,44582,,attribute_size=80cms,3500,2295
7492,7491,6-3-inches-mini-tongue-drum,MI-TD-6.3-Y,publish,Mini Tongue Drum - Yellow,7499,,attribute_color=Yellow,6435,4950
7493,7491,6-3-inches-mini-tongue-drum,MI-TD-6.3-P,publish,Mini Tongue Drum - Purple,7503,,attribute_color=Purple,6435,4950
7494,7491,6-3-inches-mini-tongue-drum,MI-TD-6.3-G,publish,Mini Tongue Drum - Green,7497,,attribute_color=Green,6435,4950
7495,7491,6-3-inches-mini-tongue-drum,MI-TD-6.3-B,publish,Mini Tongue Drum - Blue,7507,,attribute_color=Blue,6435,4950
44153,7542,wooden-maracas-shaker-handheld-shaker,,publish,Wooden Maracas Shakers | Plain & Dot Painted - Plain,7543,,attribute_type=Plain,1281,985
44154,7542,wooden-maracas-shaker-handheld-shaker,,publish,Wooden Maracas Shakers | Plain & Dot Painted - Dot Painted,7550,,attribute_type=Dot Painted,1359,1045
7569,7568,macrame-yoga-straps,Yo-MC-MS-G,publish,Macrame Yoga Mat Straps - Green,7574,,attribute_color=Green,760,585
7570,7568,macrame-yoga-straps,Yo-MC-MS-DG,publish,Macrame Yoga Mat Straps - Dark Grey,7582,,attribute_color=Dark Grey,760,585
7571,7568,macrame-yoga-straps,Yo-MC-MS-O,publish,Macrame Yoga Mat Straps - Orange,7579,,attribute_color=Orange,760,585
7573,7568,macrame-yoga-straps,Yo-MC-MS-B,publish,Macrame Yoga Mat Straps - Brown,7575,,attribute_color=Brown,760,585
7608,7607,full-moon-singing-bowls,MI-SB-H-FM-5,publish,Full Moon Singing Bowls - All Sizes - 5 Inches,7620,,attribute_size=5 Inches,7950,6950
7609,7607,full-moon-singing-bowls,MI-SB-H-FM-6,publish,Full Moon Singing Bowls - All Sizes - 6 Inches,7619,,attribute_size=6 Inches,8950,7950
7610,7607,full-moon-singing-bowls,MI-SB-H-FM-7,publish,Full Moon Singing Bowls - All Sizes - 7 Inches,7613,,attribute_size=7 Inches,9950,8950
7611,7607,full-moon-singing-bowls,MI-SB-H-FM-8,publish,Full Moon Singing Bowls - All Sizes - 8 Inches,7624,,attribute_size=8 Inches,11250,10250
9033,7607,full-moon-singing-bowls,MI-SB-H-FM-9,publish,Full Moon Singing Bowls - All Sizes - 9 Inches,9858,,attribute_size=9 Inches,12250,11250
9034,7607,full-moon-singing-bowls,MI-SB-H-FM-10,publish,Full Moon Singing Bowls - All Sizes - 10 Inches,9858,,attribute_size=10 Inches,13450,12450
46457,7607,full-moon-singing-bowls,MI-SB-H-FM-11,publish,Full Moon Singing Bowls - All Sizes - 11 Inches,7620,,attribute_size=11 Inches,14750,13750
46458,7607,full-moon-singing-bowls,MI-SB-H-FM-12,publish,Full Moon Singing Bowls - All Sizes - 12 Inches,7619,,attribute_size=12 Inches,15850,14850
46459,7607,full-moon-singing-bowls,MI-SB-H-FM-13,publish,Full Moon Singing Bowls - All Sizes - 13 Inches,7614,,attribute_size=13 Inches,16950,15950
7662,7661,kalimba-made-from-coconut-shell-painted-7-key,MI-KCS-PE,publish,7-Key Kalimba Made from Coconut Shell - Painted & Plain - Plain Etched,7656,,attribute_type=Plain Etched,1045,950
7994,7661,kalimba-made-from-coconut-shell-painted-7-key,MI-KCS-DP,publish,7-Key Kalimba Made from Coconut Shell - Painted & Plain - Dot Painted,7673,,attribute_type=Dot Painted,1045,950
7688,7687,7-chakras-mystical-incense-sticks-set,IS-7C,publish,7 Chakras Mystical Incense Sticks Set - 7 Chakra Set,10117,,attribute_type=7 Chakra Set,545,480
7689,7687,7-chakras-mystical-incense-sticks-set,IS-C-12,publish,7 Chakras Mystical Incense Sticks Set - Pure Citronella,10123,,attribute_type=Pure Citronella,104,80
7690,7687,7-chakras-mystical-incense-sticks-set,IS-E-12,publish,7 Chakras Mystical Incense Sticks Set - Pure Eucalyptus,10120,,attribute_type=Pure Eucalyptus,104,80
7691,7687,7-chakras-mystical-incense-sticks-set,IS-F-12,publish,7 Chakras Mystical Incense Sticks Set - Pure Frankincense,10118,,attribute_type=Pure Frankincense,104,80
7692,7687,7-chakras-mystical-incense-sticks-set,IS-L-12,publish,7 Chakras Mystical Incense Sticks Set - Pure Lavender,10121,,attribute_type=Pure Lavender,104,80
7693,7687,7-chakras-mystical-incense-sticks-set,IS-M-12,publish,7 Chakras Mystical Incense Sticks Set - Pure Musk,10119,,attribute_type=Pure Musk,104,80
7694,7687,7-chakras-mystical-incense-sticks-set,IS-R-12,publish,7 Chakras Mystical Incense Sticks Set - Pure Rose,10124,,attribute_type=Pure Rose,104,80
7695,7687,7-chakras-mystical-incense-sticks-set,IS-S-12,publish,7 Chakras Mystical Incense Sticks Set - Pure Sandalwood,10122,,attribute_type=Pure Sandalwood,104,80
43292,7687,7-chakras-mystical-incense-sticks-set,IS-7C-S,publish,7 Chakras Mystical Incense Sticks Set - 7 Chakra Set with Stand,10116,,attribute_type=7 Chakra Set with Stand,625,565
8142,7887,singing-bowl-with-7-chakra-healing-from-sound-therapy,MI-SB-7C Set-L-FM,publish,"Handcrafted Set of 7 Bowls for Sound Therapy - Large-Octave 2, Full Moon",9005,,attribute_size=Large-Octave 2;attribute_type=Full Moon,102500,97500
9193,7887,singing-bowl-with-7-chakra-healing-from-sound-therapy,MI-SB-7C Set-S-M,publish,"Handcrafted Set of 7 Bowls for Sound Therapy - Standard-Octave 3, Matte",9190,,attribute_size=Standard-Octave 3;attribute_type=Matte,69500,64500
9194,7887,singing-bowl-with-7-chakra-healing-from-sound-therapy,MI-SB-7C Set-S-EC,publish,"Handcrafted Set of 7 Bowls for Sound Therapy - Standard-Octave 3, Chakra Etching",44980,,attribute_size=Standard-Octave 3;attribute_type=Chakra Etching,79500,76500
9195,7887,singing-bowl-with-7-chakra-healing-from-sound-therapy,MI-SB-7C Set-S-FM,publish,"Handcrafted Set of 7 Bowls for Sound Therapy - Standard-Octave 3, Full Moon",9008,,attribute_size=Standard-Octave 3;attribute_type=Full Moon,79500,74500
9196,7887,singing-bowl-with-7-chakra-healing-from-sound-therapy,MI-SB-7C Set-L-M,publish,"Handcrafted Set of 7 Bowls for Sound Therapy - Large-Octave 2, Matte",9190,,attribute_size=Large-Octave 2;attribute_type=Matte,97500,92500
43320,7887,singing-bowl-with-7-chakra-healing-from-sound-therapy,MI-SB-7C Set-L-EC,publish,"Handcrafted Set of 7 Bowls for Sound Therapy - Large-Octave 2, Chakra Etching",44979,,attribute_size=Large-Octave 2;attribute_type=Chakra Etching,104500,99500
8044,8040,sarveda-handcrafted-zen-singing-bowl,Mi-SB-Z-8,publish,"Vibroacoustic Therapy Bowls - Universal, Belly and Head - Universal Bowl",6871,,attribute_type=Universal Bowl,9950,8950
8045,8040,sarveda-handcrafted-zen-singing-bowl,Mi-SB-Z-9,publish,"Vibroacoustic Therapy Bowls - Universal, Belly and Head - Belly Bowl",6870,,attribute_type=Belly Bowl,10900,9900
8046,8040,sarveda-handcrafted-zen-singing-bowl,Mi-SB-Z-10,publish,"Vibroacoustic Therapy Bowls - Universal, Belly and Head - Head Bowl",6871,,attribute_type=Head Bowl,10990,9990
47825,8040,sarveda-handcrafted-zen-singing-bowl,,publish,"Vibroacoustic Therapy Bowls - Universal, Belly and Head - Set of 3",0,,attribute_type=Set of 3,27900,26900
8077,8058,9-10-notes-handpan,,publish,9/10 Notes Handpan Drum - Handcrafted to Precision - D Celtic Minor 9,8071,,attribute_type=D Celtic Minor 9,120000,108000
8078,8058,9-10-notes-handpan,,publish,9/10 Notes Handpan Drum - Handcrafted to Precision - D Kurd 10,8073,,attribute_type=D Kurd 10,130000,120000
8684,8379,natural-cotton-yoga-mat-with-natural-rubber-grip-plain-with-macrame-yoga-strap,,publish,Plain Moderate Grip Yoga Mat,7574,,attribute_macrame-strap-color=Green;attribute_mat-color=Green,3150,1990
8685,8379,natural-cotton-yoga-mat-with-natural-rubber-grip-plain-with-macrame-yoga-strap,,publish,Plain Moderate Grip Yoga Mat,7582,,attribute_macrame-strap-color=Dark Grey;attribute_mat-color=Green,3150,1990
8686,8379,natural-cotton-yoga-mat-with-natural-rubber-grip-plain-with-macrame-yoga-strap,,publish,Plain Moderate Grip Yoga Mat,7579,,attribute_macrame-strap-color=Orange;attribute_mat-color=Green,3150,1990
8687,8379,natural-cotton-yoga-mat-with-natural-rubber-grip-plain-with-macrame-yoga-strap,,publish,Plain Moderate Grip Yoga Mat,7577,,attribute_macrame-strap-color=White;attribute_mat-color=Green,3150,1990
8688,8379,natural-cotton-yoga-mat-with-natural-rubber-grip-plain-with-macrame-yoga-strap,,publish,Plain Moderate Grip Yoga Mat,7575,,attribute_macrame-strap-color=Brown;attribute_mat-color=Green,3150,1990
8689,8379,natural-cotton-yoga-mat-with-natural-rubber-grip-plain-with-macrame-yoga-strap,,publish,Plain Moderate Grip Yoga Mat,7989,,attribute_macrame-strap-color=Without Strap;attribute_mat-color=Green,2350,1690
8690,8379,natural-cotton-yoga-mat-with-natural-rubber-grip-plain-with-macrame-yoga-strap,,publish,Plain Moderate Grip Yoga Mat,7574,,attribute_macrame-strap-color=Green;attribute_mat-color=Pink,3150,1990
8691,8379,natural-cotton-yoga-mat-with-natural-rubber-grip-plain-with-macrame-yoga-strap,,publish,Plain Moderate Grip Yoga Mat,7582,,attribute_macrame-strap-color=Dark Grey;attribute_mat-color=Pink,3150,1990
8692,8379,natural-cotton-yoga-mat-with-natural-rubber-grip-plain-with-macrame-yoga-strap,,publish,Plain Moderate Grip Yoga Mat,7579,,attribute_macrame-strap-color=Orange;attribute_mat-color=Pink,3150,1990
8693,8379,natural-cotton-yoga-mat-with-natural-rubber-grip-plain-with-macrame-yoga-strap,,publish,Plain Moderate Grip Yoga Mat,7577,,attribute_macrame-strap-color=White;attribute_mat-color=Pink,3150,1990
8694,8379,natural-cotton-yoga-mat-with-natural-rubber-grip-plain-with-macrame-yoga-strap,,publish,Plain Moderate Grip Yoga Mat,7575,,attribute_macrame-strap-color=Brown;attribute_mat-color=Pink,3150,1990
8695,8379,natural-cotton-yoga-mat-with-natural-rubber-grip-plain-with-macrame-yoga-strap,,publish,Plain Moderate Grip Yoga Mat,7992,,attribute_macrame-strap-color=Without Strap;attribute_mat-color=Pink,2350,1690
8696,8379,natural-cotton-yoga-mat-with-natural-rubber-grip-plain-with-macrame-yoga-strap,,publish,Plain Moderate Grip Yoga Mat,7574,,attribute_macrame-strap-color=Green;attribute_mat-color=Blue,3150,1990
8697,8379,natural-cotton-yoga-mat-with-natural-rubber-grip-plain-with-macrame-yoga-strap,,publish,Plain Moderate Grip Yoga Mat,7582,,attribute_macrame-strap-color=Dark Grey;attribute_mat-color=Blue,3150,1990
8698,8379,natural-cotton-yoga-mat-with-natural-rubber-grip-plain-with-macrame-yoga-strap,,publish,Plain Moderate Grip Yoga Mat,7579,,attribute_macrame-strap-color=Orange;attribute_mat-color=Blue,3150,1990
8699,8379,natural-cotton-yoga-mat-with-natural-rubber-grip-plain-with-macrame-yoga-strap,,publish,Plain Moderate Grip Yoga Mat,7577,,attribute_macrame-strap-color=White;attribute_mat-color=Blue,3150,1990
8700,8379,natural-cotton-yoga-mat-with-natural-rubber-grip-plain-with-macrame-yoga-strap,,publish,Plain Moderate Grip Yoga Mat,7575,,attribute_macrame-strap-color=Brown;attribute_mat-color=Blue,3150,1990
8701,8379,natural-cotton-yoga-mat-with-natural-rubber-grip-plain-with-macrame-yoga-strap,,publish,Plain Moderate Grip Yoga Mat,7982,,attribute_macrame-strap-color=Without Strap;attribute_mat-color=Blue,2350,1690
8702,8379,natural-cotton-yoga-mat-with-natural-rubber-grip-plain-with-macrame-yoga-strap,,publish,Plain Moderate Grip Yoga Mat,7574,,attribute_macrame-strap-color=Green;attribute_mat-color=Orange,3150,1990
8703,8379,natural-cotton-yoga-mat-with-natural-rubber-grip-plain-with-macrame-yoga-strap,,publish,Plain Moderate Grip Yoga Mat,7582,,attribute_macrame-strap-color=Dark Grey;attribute_mat-color=Orange,3150,1990
8704,8379,natural-cotton-yoga-mat-with-natural-rubber-grip-plain-with-macrame-yoga-strap,,publish,Plain Moderate Grip Yoga Mat,7579,,attribute_macrame-strap-color=Orange;attribute_mat-color=Orange,3150,1990
8705,8379,natural-cotton-yoga-mat-with-natural-rubber-grip-plain-with-macrame-yoga-strap,,publish,Plain Moderate Grip Yoga Mat,7577,,attribute_macrame-strap-color=White;attribute_mat-color=Orange,3150,1990
8706,8379,natural-cotton-yoga-mat-with-natural-rubber-grip-plain-with-macrame-yoga-strap,,publish,Plain Moderate Grip Yoga Mat,7575,,attribute_macrame-strap-color=Brown;attribute_mat-color=Orange,3150,1990
8707,8379,natural-cotton-yoga-mat-with-natural-rubber-grip-plain-with-macrame-yoga-strap,,publish,Plain Moderate Grip Yoga Mat,7986,,attribute_macrame-strap-color=Without Strap;attribute_mat-color=Orange,2350,1690
8402,8401,cotton-yoga-mat-lotus,,publish,Lotus Moderate Grip Yoga Mat,7574,,attribute_color=Green;attribute_macrame-strap=Green,3050,2090
8403,8401,cotton-yoga-mat-lotus,,publish,Lotus Moderate Grip Yoga Mat,7582,,attribute_color=Green;attribute_macrame-strap=Dark Grey,3050,2090
8404,8401,cotton-yoga-mat-lotus,,publish,Lotus Moderate Grip Yoga Mat,7579,,attribute_color=Green;attribute_macrame-strap=Orange,3050,2090
8405,8401,cotton-yoga-mat-lotus,,publish,Lotus Moderate Grip Yoga Mat,7577,,attribute_color=Green;attribute_macrame-strap=White,3050,2090
8406,8401,cotton-yoga-mat-lotus,,publish,Lotus Moderate Grip Yoga Mat,7575,,attribute_color=Green;attribute_macrame-strap=Brown,3050,2090
8407,8401,cotton-yoga-mat-lotus,,publish,Lotus Moderate Grip Yoga Mat,7574,,attribute_color=Pink;attribute_macrame-strap=Green,3050,2090
8408,8401,cotton-yoga-mat-lotus,,publish,Lotus Moderate Grip Yoga Mat,7582,,attribute_color=Pink;attribute_macrame-strap=Dark Grey,3050,2090
8409,8401,cotton-yoga-mat-lotus,,publish,Lotus Moderate Grip Yoga Mat,7579,,attribute_color=Pink;attribute_macrame-strap=Orange,3050,2090
8410,8401,cotton-yoga-mat-lotus,,publish,Lotus Moderate Grip Yoga Mat,7577,,attribute_color=Pink;attribute_macrame-strap=White,3050,2090
8411,8401,cotton-yoga-mat-lotus,,publish,Lotus Moderate Grip Yoga Mat,7575,,attribute_color=Pink;attribute_macrame-strap=Brown,3050,2090
8412,8401,cotton-yoga-mat-lotus,,publish,Lotus Moderate Grip Yoga Mat,7574,,attribute_color=Blue;attribute_macrame-strap=Green,3050,2090
8413,8401,cotton-yoga-mat-lotus,,publish,Lotus Moderate Grip Yoga Mat,7582,,attribute_color=Blue;attribute_macrame-strap=Dark Grey,3050,2090
8414,8401,cotton-yoga-mat-lotus,,publish,Lotus Moderate Grip Yoga Mat,7579,,attribute_color=Blue;attribute_macrame-strap=Orange,3050,2090
8415,8401,cotton-yoga-mat-lotus,,publish,Lotus Moderate Grip Yoga Mat,7577,,attribute_color=Blue;attribute_macrame-strap=White,3050,2090
8416,8401,cotton-yoga-mat-lotus,,publish,Lotus Moderate Grip Yoga Mat,7575,,attribute_color=Blue;attribute_macrame-strap=Brown,3050,2090
8417,8401,cotton-yoga-mat-lotus,,publish,Lotus Moderate Grip Yoga Mat,7574,,attribute_color=Orange;attribute_macrame-strap=Green,3050,2090
8418,8401,cotton-yoga-mat-lotus,,publish,Lotus Moderate Grip Yoga Mat,7582,,attribute_color=Orange;attribute_macrame-strap=Dark Grey,3050,2090
8419,8401,cotton-yoga-mat-lotus,,publish,Lotus Moderate Grip Yoga Mat,7579,,attribute_color=Orange;attribute_macrame-strap=Orange,3050,2090
8420,8401,cotton-yoga-mat-lotus,,publish,Lotus Moderate Grip Yoga Mat,7577,,attribute_color=Orange;attribute_macrame-strap=White,3050,2090
8421,8401,cotton-yoga-mat-lotus,,publish,Lotus Moderate Grip Yoga Mat,7575,,attribute_color=Orange;attribute_macrame-strap=Brown,3050,2090
8477,8401,cotton-yoga-mat-lotus,,publish,Lotus Moderate Grip Yoga Mat,7648,,attribute_color=Green;attribute_macrame-strap=Without Strap,2450,1790
8478,8401,cotton-yoga-mat-lotus,,publish,Lotus Moderate Grip Yoga Mat,7654,,attribute_color=Pink;attribute_macrame-strap=Without Strap,2450,1790
8479,8401,cotton-yoga-mat-lotus,,publish,Lotus Moderate Grip Yoga Mat,7650,,attribute_color=Blue;attribute_macrame-strap=Without Strap,2450,1790
8480,8401,cotton-yoga-mat-lotus,,publish,Lotus Moderate Grip Yoga Mat,7652,,attribute_color=Orange;attribute_macrame-strap=Without Strap,2450,1790
8423,8422,cotton-yoga-mat7-chakras,,publish,7 Chakras Moderate Grip Yoga Mat,7574,,attribute_color=Green;attribute_macrame-strap=Green,3050,2190
8424,8422,cotton-yoga-mat7-chakras,,publish,7 Chakras Moderate Grip Yoga Mat,7582,,attribute_color=Green;attribute_macrame-strap=Dark Grey,3050,2190
8425,8422,cotton-yoga-mat7-chakras,,publish,7 Chakras Moderate Grip Yoga Mat,7579,,attribute_color=Green;attribute_macrame-strap=Orange,3050,2190
8426,8422,cotton-yoga-mat7-chakras,,publish,7 Chakras Moderate Grip Yoga Mat,7577,,attribute_color=Green;attribute_macrame-strap=White,3050,2190
8427,8422,cotton-yoga-mat7-chakras,,publish,7 Chakras Moderate Grip Yoga Mat,7575,,attribute_color=Green;attribute_macrame-strap=Brown,3050,2190
8428,8422,cotton-yoga-mat7-chakras,,publish,7 Chakras Moderate Grip Yoga Mat,7574,,attribute_color=Pink;attribute_macrame-strap=Green,3050,2190
8429,8422,cotton-yoga-mat7-chakras,,publish,7 Chakras Moderate Grip Yoga Mat,7582,,attribute_color=Pink;attribute_macrame-strap=Dark Grey,3050,2190
8430,8422,cotton-yoga-mat7-chakras,,publish,7 Chakras Moderate Grip Yoga Mat,7579,,attribute_color=Pink;attribute_macrame-strap=Orange,3050,2190
8431,8422,cotton-yoga-mat7-chakras,,publish,7 Chakras Moderate Grip Yoga Mat,7577,,attribute_color=Pink;attribute_macrame-strap=White,3050,2190
8432,8422,cotton-yoga-mat7-chakras,,publish,7 Chakras Moderate Grip Yoga Mat,7575,,attribute_color=Pink;attribute_macrame-strap=Brown,3050,2190
8433,8422,cotton-yoga-mat7-chakras,,publish,7 Chakras Moderate Grip Yoga Mat,7574,,attribute_color=Blue;attribute_macrame-strap=Green,3050,2190
8434,8422,cotton-yoga-mat7-chakras,,publish,7 Chakras Moderate Grip Yoga Mat,7582,,attribute_color=Blue;attribute_macrame-strap=Dark Grey,3050,2190
8435,8422,cotton-yoga-mat7-chakras,,publish,7 Chakras Moderate Grip Yoga Mat,7579,,attribute_color=Blue;attribute_macrame-strap=Orange,3050,2190
8436,8422,cotton-yoga-mat7-chakras,,publish,7 Chakras Moderate Grip Yoga Mat,7577,,attribute_color=Blue;attribute_macrame-strap=White,3050,2190
8437,8422,cotton-yoga-mat7-chakras,,publish,7 Chakras Moderate Grip Yoga Mat,7575,,attribute_color=Blue;attribute_macrame-strap=Brown,3050,2190
8438,8422,cotton-yoga-mat7-chakras,,publish,7 Chakras Moderate Grip Yoga Mat,7574,,attribute_color=Orange;attribute_macrame-strap=Green,3050,2190
8439,8422,cotton-yoga-mat7-chakras,,publish,7 Chakras Moderate Grip Yoga Mat,7582,,attribute_color=Orange;attribute_macrame-strap=Dark Grey,3050,2190
8440,8422,cotton-yoga-mat7-chakras,,publish,7 Chakras Moderate Grip Yoga Mat,7579,,attribute_color=Orange;attribute_macrame-strap=Orange,3050,2190
8441,8422,cotton-yoga-mat7-chakras,,publish,7 Chakras Moderate Grip Yoga Mat,7577,,attribute_color=Orange;attribute_macrame-strap=White,3050,2190
8442,8422,cotton-yoga-mat7-chakras,,publish,7 Chakras Moderate Grip Yoga Mat,7575,,attribute_color=Orange;attribute_macrame-strap=Brown,3050,2190
8471,8422,cotton-yoga-mat7-chakras,,publish,7 Chakras Moderate Grip Yoga Mat,7637,,attribute_color=Green;attribute_macrame-strap=Without Strap,2450,1790
8474,8422,cotton-yoga-mat7-chakras,,publish,7 Chakras Moderate Grip Yoga Mat,7632,,attribute_color=Pink;attribute_macrame-strap=Without Strap,2450,1790
8475,8422,cotton-yoga-mat7-chakras,,publish,7 Chakras Moderate Grip Yoga Mat,7640,,attribute_color=Blue;attribute_macrame-strap=Without Strap,2450,1790
8476,8422,cotton-yoga-mat7-chakras,,publish,7 Chakras Moderate Grip Yoga Mat,7630,,attribute_color=Orange;attribute_macrame-strap=Without Strap,2450,1790
46735,8802,chau-gong-tam-tam-for-sound-therapy-meditation,,publish,Tam-Tam/Chau Gong - 16 in,0,,attribute_size=16 in,21500,19500
46736,8802,chau-gong-tam-tam-for-sound-therapy-meditation,,publish,Tam-Tam/Chau Gong - 18 in,0,,attribute_size=18 in,26500,25000
46737,8802,chau-gong-tam-tam-for-sound-therapy-meditation,,publish,Tam-Tam/Chau Gong - 20 in,0,,attribute_size=20 in,33500,31500
46738,8802,chau-gong-tam-tam-for-sound-therapy-meditation,,publish,Tam-Tam/Chau Gong - 22 in,0,,attribute_size=22 in,39500,37500
46739,8802,chau-gong-tam-tam-for-sound-therapy-meditation,,publish,Tam-Tam/Chau Gong - 24 in,0,,attribute_size=24 in,47500,45000
46740,8802,chau-gong-tam-tam-for-sound-therapy-meditation,,publish,Tam-Tam/Chau Gong - 26 in,0,,attribute_size=26 in,54500,52000
46741,8802,chau-gong-tam-tam-for-sound-therapy-meditation,,publish,Tam-Tam/Chau Gong - 28 in,0,,attribute_size=28 in,62500,60500
46742,8802,chau-gong-tam-tam-for-sound-therapy-meditation,,publish,Tam-Tam/Chau Gong - 30 in,0,,attribute_size=30 in,84500,82000
46743,8802,chau-gong-tam-tam-for-sound-therapy-meditation,,publish,Tam-Tam/Chau Gong - 32 in,0,,attribute_size=32 in,95500,93000
8847,8833,plain-flat-wind-tibetan-gong-for-meditation-sound-therapy,MI-G-P-14,publish,Plain/Wind Tibetan Gong - 14 in,8835,,attribute_size=14 in,15450,11880
8848,8833,plain-flat-wind-tibetan-gong-for-meditation-sound-therapy,MI-G-P-16,publish,Plain/Wind Tibetan Gong - 16 in,8835,,attribute_size=16 in,21060,16200
8849,8833,plain-flat-wind-tibetan-gong-for-meditation-sound-therapy,MI-G-P-18,publish,Plain/Wind Tibetan Gong - 18 in,8835,,attribute_size=18 in,25740,19800
8850,8833,plain-flat-wind-tibetan-gong-for-meditation-sound-therapy,MI-G-P-20,publish,Plain/Wind Tibetan Gong - 20 in,8835,,attribute_size=20 in,30420,23400
8851,8833,plain-flat-wind-tibetan-gong-for-meditation-sound-therapy,MI-G-P-24,publish,Plain/Wind Tibetan Gong - 24 in,8835,,attribute_size=24 in,41340,31800
8852,8833,plain-flat-wind-tibetan-gong-for-meditation-sound-therapy,MI-G-P-26,publish,Plain/Wind Tibetan Gong - 26 in,8835,,attribute_size=26 in,47580,36600
8853,8833,plain-flat-wind-tibetan-gong-for-meditation-sound-therapy,MI-G-P-28,publish,Plain/Wind Tibetan Gong - 28 in,8835,,attribute_size=28 in,52260,40200
10195,8833,plain-flat-wind-tibetan-gong-for-meditation-sound-therapy,MI-G-P-22,publish,Plain/Wind Tibetan Gong - 22 in,0,,attribute_size=22 in,35100,27000
10261,8846,engraved-flat-wind-tibetan-gong-for-meditation-sound-therapy,MI-G-ET-M-14,publish,"Etched Wind Gong - Mandala, 14 in",10197,,attribute_size=14 in;attribute_type=Mandala,16185,12450
10262,8846,engraved-flat-wind-tibetan-gong-for-meditation-sound-therapy,MI-G-ET-M-16,publish,"Etched Wind Gong - Mandala, 16 in",10197,,attribute_size=16 in;attribute_type=Mandala,20735,15950
10263,8846,engraved-flat-wind-tibetan-gong-for-meditation-sound-therapy,MI-G-ET-M-18,publish,"Etched Wind Gong - Mandala, 18 in",10197,,attribute_size=18 in;attribute_type=Mandala,24635,18950
10264,8846,engraved-flat-wind-tibetan-gong-for-meditation-sound-therapy,MI-G-ET-M-20,publish,"Etched Wind Gong - Mandala, 20 in",10197,,attribute_size=20 in;attribute_type=Mandala,30225,23250
10265,8846,engraved-flat-wind-tibetan-gong-for-meditation-sound-therapy,MI-G-ET-M-22,publish,"Etched Wind Gong - Mandala, 22 in",10197,,attribute_size=22 in;attribute_type=Mandala,35997,27690
10266,8846,engraved-flat-wind-tibetan-gong-for-meditation-sound-therapy,MI-G-ET-M-24,publish,"Etched Wind Gong - Mandala, 24 in",10197,,attribute_size=24 in;attribute_type=Mandala,42835,32950
10267,8846,engraved-flat-wind-tibetan-gong-for-meditation-sound-therapy,MI-G-ET-M-26,publish,"Etched Wind Gong - Mandala, 26 in",10197,,attribute_size=26 in;attribute_type=Mandala,49335,37950
10268,8846,engraved-flat-wind-tibetan-gong-for-meditation-sound-therapy,MI-G-ET-M-28,publish,"Etched Wind Gong - Mandala, 28 in",10197,,attribute_size=28 in;attribute_type=Mandala,55835,42950
10269,8846,engraved-flat-wind-tibetan-gong-for-meditation-sound-therapy,MI-G-ET-FOL1-14,publish,"Etched Wind Gong - Flower of Life, 14 in",10198,,attribute_size=14 in;attribute_type=Flower of Life,16185,12450
10270,8846,engraved-flat-wind-tibetan-gong-for-meditation-sound-therapy,MI-G-ET-FOL1-16,publish,"Etched Wind Gong - Flower of Life, 16 in",10198,,attribute_size=16 in;attribute_type=Flower of Life,20735,15950
10271,8846,engraved-flat-wind-tibetan-gong-for-meditation-sound-therapy,MI-G-ET-FOL1-18,publish,"Etched Wind Gong - Flower of Life, 18 in",10198,,attribute_size=18 in;attribute_type=Flower of Life,24635,18950
10272,8846,engraved-flat-wind-tibetan-gong-for-meditation-sound-therapy,MI-G-ET-FOL1-20,publish,"Etched Wind Gong - Flower of Life, 20 in",10198,,attribute_size=20 in;attribute_type=Flower of Life,30225,23250
10273,8846,engraved-flat-wind-tibetan-gong-for-meditation-sound-therapy,MI-G-ET-FOL1-22,publish,"Etched Wind Gong - Flower of Life, 22 in",10198,,attribute_size=22 in;attribute_type=Flower of Life,35997,27690
10274,8846,engraved-flat-wind-tibetan-gong-for-meditation-sound-therapy,MI-G-ET-FOL1-24,publish,"Etched Wind Gong - Flower of Life, 24 in",10198,,attribute_size=24 in;attribute_type=Flower of Life,42835,32950
10275,8846,engraved-flat-wind-tibetan-gong-for-meditation-sound-therapy,,publish,"Etched Wind Gong - Flower of Life, 26 in",10198,,attribute_size=26 in;attribute_type=Flower of Life,49335,37950
10276,8846,engraved-flat-wind-tibetan-gong-for-meditation-sound-therapy,,publish,"Etched Wind Gong - Flower of Life, 28 in",10198,,attribute_size=28 in;attribute_type=Flower of Life,55835,42950
10277,8846,engraved-flat-wind-tibetan-gong-for-meditation-sound-therapy,,publish,"Etched Wind Gong - Flower of Life-Center, 14 in",10204,,attribute_size=14 in;attribute_type=Flower of Life-Center,15275,11750
10278,8846,engraved-flat-wind-tibetan-gong-for-meditation-sound-therapy,,publish,"Etched Wind Gong - Flower of Life-Center, 16 in",10204,,attribute_size=16 in;attribute_type=Flower of Life-Center,19435,14950
10279,8846,engraved-flat-wind-tibetan-gong-for-meditation-sound-therapy,,publish,"Etched Wind Gong - Flower of Life-Center, 18 in",10204,,attribute_size=18 in;attribute_type=Flower of Life-Center,23205,17850
10280,8846,engraved-flat-wind-tibetan-gong-for-meditation-sound-therapy,,publish,"Etched Wind Gong - Flower of Life-Center, 20 in",10204,,attribute_size=20 in;attribute_type=Flower of Life-Center,28535,21950
10281,8846,engraved-flat-wind-tibetan-gong-for-meditation-sound-therapy,,publish,"Etched Wind Gong - Flower of Life-Center, 22 in",10204,,attribute_size=22 in;attribute_type=Flower of Life-Center,33735,25950
10282,8846,engraved-flat-wind-tibetan-gong-for-meditation-sound-therapy,,publish,"Etched Wind Gong - Flower of Life-Center, 24 in",10204,,attribute_size=24 in;attribute_type=Flower of Life-Center,38935,29950
10283,8846,engraved-flat-wind-tibetan-gong-for-meditation-sound-therapy,,publish,"Etched Wind Gong - Flower of Life-Center, 26 in",10204,,attribute_size=26 in;attribute_type=Flower of Life-Center,45435,34950
10284,8846,engraved-flat-wind-tibetan-gong-for-meditation-sound-therapy,,publish,"Etched Wind Gong - Flower of Life-Center, 28 in",10204,,attribute_size=28 in;attribute_type=Flower of Life-Center,50635,38950
10285,8846,engraved-flat-wind-tibetan-gong-for-meditation-sound-therapy,MI-G-ET-SC-14,publish,"Etched Wind Gong - Shakti Chakra, 14 in",10199,,attribute_size=14 in;attribute_type=Shakti Chakra,16185,12450
10286,8846,engraved-flat-wind-tibetan-gong-for-meditation-sound-therapy,MI-G-ET-SC-16,publish,"Etched Wind Gong - Shakti Chakra, 16 in",10199,,attribute_size=16 in;attribute_type=Shakti Chakra,20735,15950
10287,8846,engraved-flat-wind-tibetan-gong-for-meditation-sound-therapy,MI-G-ET-SC-18,publish,"Etched Wind Gong - Shakti Chakra, 18 in",10199,,attribute_size=18 in;attribute_type=Shakti Chakra,24635,18950
10288,8846,engraved-flat-wind-tibetan-gong-for-meditation-sound-therapy,MI-G-ET-SC-20,publish,"Etched Wind Gong - Shakti Chakra, 20 in",10199,,attribute_size=20 in;attribute_type=Shakti Chakra,30225,23250
10289,8846,engraved-flat-wind-tibetan-gong-for-meditation-sound-therapy,MI-G-ET-SC-22,publish,"Etched Wind Gong - Shakti Chakra, 22 in",10199,,attribute_size=22 in;attribute_type=Shakti Chakra,35997,27690
10290,8846,engraved-flat-wind-tibetan-gong-for-meditation-sound-therapy,MI-G-ET-SC-24,publish,"Etched Wind Gong - Shakti Chakra, 24 in",10199,,attribute_size=24 in;attribute_type=Shakti Chakra,42835,32950
10291,8846,engraved-flat-wind-tibetan-gong-for-meditation-sound-therapy,MI-G-ET-SC-26,publish,"Etched Wind Gong - Shakti Chakra, 26 in",10199,,attribute_size=26 in;attribute_type=Shakti Chakra,49335,37950
10292,8846,engraved-flat-wind-tibetan-gong-for-meditation-sound-therapy,MI-G-ET-SC-28,publish,"Etched Wind Gong - Shakti Chakra, 28 in",10199,,attribute_size=28 in;attribute_type=Shakti Chakra,55835,42950
10293,8846,engraved-flat-wind-tibetan-gong-for-meditation-sound-therapy,MI-G-ET-7C-14,publish,"Etched Wind Gong - 7 Chakras, 14 in",10202,,attribute_size=14 in;attribute_type=7 Chakras,16185,12450
10294,8846,engraved-flat-wind-tibetan-gong-for-meditation-sound-therapy,MI-G-ET-7C-16,publish,"Etched Wind Gong - 7 Chakras, 16 in",10202,,attribute_size=16 in;attribute_type=7 Chakras,20735,15950
10295,8846,engraved-flat-wind-tibetan-gong-for-meditation-sound-therapy,MI-G-ET-7C-18,publish,"Etched Wind Gong - 7 Chakras, 18 in",10202,,attribute_size=18 in;attribute_type=7 Chakras,24635,18950
10296,8846,engraved-flat-wind-tibetan-gong-for-meditation-sound-therapy,MI-G-ET-7C-20,publish,"Etched Wind Gong - 7 Chakras, 20 in",10202,,attribute_size=20 in;attribute_type=7 Chakras,30225,23250
10297,8846,engraved-flat-wind-tibetan-gong-for-meditation-sound-therapy,MI-G-ET-7C-22,publish,"Etched Wind Gong - 7 Chakras, 22 in",10202,,attribute_size=22 in;attribute_type=7 Chakras,35997,27690
10298,8846,engraved-flat-wind-tibetan-gong-for-meditation-sound-therapy,MI-G-ET-7C-24,publish,"Etched Wind Gong - 7 Chakras, 24 in",10202,,attribute_size=24 in;attribute_type=7 Chakras,42835,32950
10299,8846,engraved-flat-wind-tibetan-gong-for-meditation-sound-therapy,MI-G-ET-7C-26,publish,"Etched Wind Gong - 7 Chakras, 26 in",10202,,attribute_size=26 in;attribute_type=7 Chakras,49335,37950
10300,8846,engraved-flat-wind-tibetan-gong-for-meditation-sound-therapy,MI-G-ET-7C-28,publish,"Etched Wind Gong - 7 Chakras, 28 in",10202,,attribute_size=28 in;attribute_type=7 Chakras,55835,42950
10301,8846,engraved-flat-wind-tibetan-gong-for-meditation-sound-therapy,MI-G-ET-F-OM-14,publish,"Etched Wind Gong - Om, 14 in",10200,,attribute_size=14 in;attribute_type=Om,16185,12450
10302,8846,engraved-flat-wind-tibetan-gong-for-meditation-sound-therapy,MI-G-ET-F-OM-16,publish,"Etched Wind Gong - Om, 16 in",10200,,attribute_size=16 in;attribute_type=Om,20735,15950
10303,8846,engraved-flat-wind-tibetan-gong-for-meditation-sound-therapy,MI-G-ET-F-OM-18,publish,"Etched Wind Gong - Om, 18 in",10200,,attribute_size=18 in;attribute_type=Om,24635,18950
10304,8846,engraved-flat-wind-tibetan-gong-for-meditation-sound-therapy,MI-G-ET-F-OM-20,publish,"Etched Wind Gong - Om, 20 in",10200,,attribute_size=20 in;attribute_type=Om,30225,23250
10305,8846,engraved-flat-wind-tibetan-gong-for-meditation-sound-therapy,MI-G-ET-F-OM-22,publish,"Etched Wind Gong - Om, 22 in",10200,,attribute_size=22 in;attribute_type=Om,35997,27690
10306,8846,engraved-flat-wind-tibetan-gong-for-meditation-sound-therapy,MI-G-ET-F-OM-24,publish,"Etched Wind Gong - Om, 24 in",10200,,attribute_size=24 in;attribute_type=Om,42835,32950
10307,8846,engraved-flat-wind-tibetan-gong-for-meditation-sound-therapy,MI-G-ET-F-OM-26,publish,"Etched Wind Gong - Om, 26 in",10200,,attribute_size=26 in;attribute_type=Om,49335,37950
10308,8846,engraved-flat-wind-tibetan-gong-for-meditation-sound-therapy,MI-G-ET-F-OM-28,publish,"Etched Wind Gong - Om, 28 in",10200,,attribute_size=28 in;attribute_type=Om,55835,42950
10311,8846,engraved-flat-wind-tibetan-gong-for-meditation-sound-therapy,MI-SB-H-ET-DJ-14,publish,"Etched Wind Gong - Dorje, 14 in",10203,,attribute_size=14 in;attribute_type=Dorje,16185,12450
10312,8846,engraved-flat-wind-tibetan-gong-for-meditation-sound-therapy,MI-SB-H-ET-DJ-16,publish,"Etched Wind Gong - Dorje, 16 in",10203,,attribute_size=16 in;attribute_type=Dorje,20735,15950
10313,8846,engraved-flat-wind-tibetan-gong-for-meditation-sound-therapy,MI-SB-H-ET-DJ-18,publish,"Etched Wind Gong - Dorje, 18 in",10203,,attribute_size=18 in;attribute_type=Dorje,24635,18950
10314,8846,engraved-flat-wind-tibetan-gong-for-meditation-sound-therapy,MI-SB-H-ET-DJ-20,publish,"Etched Wind Gong - Dorje, 20 in",10203,,attribute_size=20 in;attribute_type=Dorje,30225,23250
10315,8846,engraved-flat-wind-tibetan-gong-for-meditation-sound-therapy,MI-SB-H-ET-DJ-22,publish,"Etched Wind Gong - Dorje, 22 in",10203,,attribute_size=22 in;attribute_type=Dorje,35997,27690
10316,8846,engraved-flat-wind-tibetan-gong-for-meditation-sound-therapy,MI-SB-H-ET-DJ-24,publish,"Etched Wind Gong - Dorje, 24 in",10203,,attribute_size=24 in;attribute_type=Dorje,42835,32950
10317,8846,engraved-flat-wind-tibetan-gong-for-meditation-sound-therapy,MI-SB-H-ET-DJ-26,publish,"Etched Wind Gong - Dorje, 26 in",10203,,attribute_size=26 in;attribute_type=Dorje,49335,37950
10318,8846,engraved-flat-wind-tibetan-gong-for-meditation-sound-therapy,MI-SB-H-ET-DJ-28,publish,"Etched Wind Gong - Dorje, 28 in",10203,,attribute_size=28 in;attribute_type=Dorje,55835,42950
10319,8846,engraved-flat-wind-tibetan-gong-for-meditation-sound-therapy,MI-SB-H-ET-TR-14,publish,"Etched Wind Gong - Tara, 14 in",10205,,attribute_size=14 in;attribute_type=Tara,16185,12450
10320,8846,engraved-flat-wind-tibetan-gong-for-meditation-sound-therapy,MI-SB-H-ET-TR-16,publish,"Etched Wind Gong - Tara, 16 in",10205,,attribute_size=16 in;attribute_type=Tara,20735,15950
10321,8846,engraved-flat-wind-tibetan-gong-for-meditation-sound-therapy,MI-SB-H-ET-TR-18,publish,"Etched Wind Gong - Tara, 18 in",10205,,attribute_size=18 in;attribute_type=Tara,24635,18950
10322,8846,engraved-flat-wind-tibetan-gong-for-meditation-sound-therapy,MI-SB-H-ET-TR-20,publish,"Etched Wind Gong - Tara, 20 in",10205,,attribute_size=20 in;attribute_type=Tara,30225,23250
10323,8846,engraved-flat-wind-tibetan-gong-for-meditation-sound-therapy,MI-SB-H-ET-TR-22,publish,"Etched Wind Gong - Tara, 22 in",10205,,attribute_size=22 in;attribute_type=Tara,35997,27690
10324,8846,engraved-flat-wind-tibetan-gong-for-meditation-sound-therapy,MI-SB-H-ET-TR-24,publish,"Etched Wind Gong - Tara, 24 in",10205,,attribute_size=24 in;attribute_type=Tara,42835,32950
10325,8846,engraved-flat-wind-tibetan-gong-for-meditation-sound-therapy,MI-SB-H-ET-TR-26,publish,"Etched Wind Gong - Tara, 26 in",10205,,attribute_size=26 in;attribute_type=Tara,49335,37950
10326,8846,engraved-flat-wind-tibetan-gong-for-meditation-sound-therapy,MI-SB-H-ET-TR-28,publish,"Etched Wind Gong - Tara, 28 in",10205,,attribute_size=28 in;attribute_type=Tara,55835,42950
9221,9220,eye-shaped-natural-lavender-scented-eye-pillows,Yo-P-E-RE-1,publish,Eye Shaped Natural Lavender Scented Eye Pillows - Rose,9623,,attribute_colour=Rose,525,395
9222,9220,eye-shaped-natural-lavender-scented-eye-pillows,Yo-P-E-GY-1,publish,Eye Shaped Natural Lavender Scented Eye Pillows - Grey,9620,,attribute_colour=Grey,525,395
9223,9220,eye-shaped-natural-lavender-scented-eye-pillows,Yo-P-E-NB-1,publish,Eye Shaped Natural Lavender Scented Eye Pillows - Navy Blue,9622,,attribute_colour=Navy Blue,525,395
9224,9220,eye-shaped-natural-lavender-scented-eye-pillows,Yo-P-E-DG-1,publish,Eye Shaped Natural Lavender Scented Eye Pillows - Dark Grey,9624,,attribute_colour=Dark Grey,525,395
9225,9220,eye-shaped-natural-lavender-scented-eye-pillows,Yo-P-E-SE-1,publish,Eye Shaped Natural Lavender Scented Eye Pillows - Sage,9621,,attribute_colour=Sage,525,395
9283,9278,zafu-meditation-cushion-with-lotus-embroidery,Me-C-RZ-R-E-L,publish,Zafu Meditation Cushion Lotus - Embroidery Filled with Cotton - Rose,9560,,attribute_colour=Rose,1675,1385
9284,9278,zafu-meditation-cushion-with-lotus-embroidery,Me-C-RZ-S-E-L,publish,Zafu Meditation Cushion Lotus - Embroidery Filled with Cotton - Sage,9555,,attribute_colour=Sage,1675,1385
9379,9278,zafu-meditation-cushion-with-lotus-embroidery,Me-C-RZ-MB-E-L,publish,Zafu Meditation Cushion Lotus - Embroidery Filled with Cotton - Misty Blue,9556,,attribute_colour=Misty Blue,1675,1385
9380,9278,zafu-meditation-cushion-with-lotus-embroidery,Me-C-RZ-LR-E-L,publish,Zafu Meditation Cushion Lotus - Embroidery Filled with Cotton - Lavender,9557,,attribute_colour=Lavender,1675,1385
9381,9278,zafu-meditation-cushion-with-lotus-embroidery,Me-C-RZ-LG-E-L,publish,Zafu Meditation Cushion Lotus - Embroidery Filled with Cotton - Light Grey,9558,,attribute_colour=Light Grey,1675,1385
9296,9291,hi-zafu-meditation-cushion-filled-with-lotus-embroidery,Me-C-HZ-S-E-L,publish,Hi-Zafu Meditation Cushion - Embroidered with Lotus - Sage,9546,,attribute_colour=Sage,1750,1485
9375,9291,hi-zafu-meditation-cushion-filled-with-lotus-embroidery,Me-C-HZ-MB-E-L,publish,Hi-Zafu Meditation Cushion - Embroidered with Lotus - Misty Blue,9545,,attribute_colour=Misty Blue,1750,1485
9376,9291,hi-zafu-meditation-cushion-filled-with-lotus-embroidery,Me-C-HZ-R-E-L,publish,Hi-Zafu Meditation Cushion - Embroidered with Lotus - Rose,9548,,attribute_colour=Rose,1750,1485
9377,9291,hi-zafu-meditation-cushion-filled-with-lotus-embroidery,Me-C-HZ-LG-E-L,publish,Hi-Zafu Meditation Cushion - Embroidered with Lotus - Light Grey,9547,,attribute_colour=Light Grey,1750,1485
9378,9291,hi-zafu-meditation-cushion-filled-with-lotus-embroidery,Me-C-HZ-L-E-L,publish,Hi-Zafu Meditation Cushion - Embroidered with Lotus - Lavender,9544,,attribute_colour=Lavender,1750,1485
9313,9312,zafu-zabuton-meditation-cushion-combo-with-lotus-embroidery,Co-Me-C-Z-Zn-LR-E-L,publish,Zafu & Zabuton Meditation Cushion Combo - Lotus Embroidery - Lavender,9563,,attribute_colours=Lavender,3500,2995
9314,9312,zafu-zabuton-meditation-cushion-combo-with-lotus-embroidery,Co-Me-C-Z-Zn-MB-E-L,publish,Zafu & Zabuton Meditation Cushion Combo - Lotus Embroidery - Misty Blue,9562,,attribute_colours=Misty Blue,3500,2995
9568,9312,zafu-zabuton-meditation-cushion-combo-with-lotus-embroidery,Co-Me-C-Z-Zn-LG-E-L,publish,Zafu & Zabuton Meditation Cushion Combo - Lotus Embroidery - Light Grey,9564,,attribute_colours=Light Grey,3500,2995
9532,9529,ocean-drums,MI-OD-P-30,publish,"Ocean Drums - Plain, 30 cms",9540,,attribute_size=30 cms;attribute_type=Plain,3185,2450
9533,9529,ocean-drums,MI-OD-P-35,publish,"Ocean Drums - Plain, 35 cms",9540,,attribute_size=35 cms;attribute_type=Plain,3575,2750
9534,9529,ocean-drums,MI-OD-P-40,publish,"Ocean Drums - Plain, 40 cms",9540,,attribute_size=40 cms;attribute_type=Plain,4225,3250
9536,9529,ocean-drums,MI-OD-D-30,publish,"Ocean Drums - Dream Catcher, 30 cms",44657,,attribute_size=30 cms;attribute_type=Dream Catcher,3315,2550
9537,9529,ocean-drums,MI-OD-D-35,publish,"Ocean Drums - Dream Catcher, 35 cms",44657,,attribute_size=35 cms;attribute_type=Dream Catcher,3705,2850
9538,9529,ocean-drums,MI-OD-D-40,publish,"Ocean Drums - Dream Catcher, 40 cms",44657,,attribute_size=40 cms;attribute_type=Dream Catcher,4485,3450
44651,9529,ocean-drums,,publish,"Ocean Drums - Flower of Life, 30 cms",44654,,attribute_size=30 cms;attribute_type=Flower of Life,3315,2550
44652,9529,ocean-drums,,publish,"Ocean Drums - Flower of Life, 35 cms",44654,,attribute_size=35 cms;attribute_type=Flower of Life,3705,2850
44653,9529,ocean-drums,,publish,"Ocean Drums - Flower of Life, 40 cms",44654,,attribute_size=40 cms;attribute_type=Flower of Life,4485,3450
9676,9675,rectangular-yoga-bolster-made-from-organic-cotton,Yo-BR-RE-LG,publish,Rectangular Yoga Bolster - Light Grey,9687,,attribute_colour=Light Grey,1625,1450
9677,9675,rectangular-yoga-bolster-made-from-organic-cotton,Yo-BR-RE-DG,publish,Rectangular Yoga Bolster - Dark Grey,9685,,attribute_colour=Dark Grey,1625,1450
9678,9675,rectangular-yoga-bolster-made-from-organic-cotton,Yo-BR-RE-SE,publish,Rectangular Yoga Bolster - Sage,9686,,attribute_colour=Sage,1625,1450
9679,9675,rectangular-yoga-bolster-made-from-organic-cotton,Yo-BR-RE-NB,publish,Rectangular Yoga Bolster - Navy Blue,9684,,attribute_colour=Navy Blue,1625,1450
9680,9675,rectangular-yoga-bolster-made-from-organic-cotton,Yo-BR-RE-RE,publish,Rectangular Yoga Bolster - Rose,9689,,attribute_colour=Rose,1625,1450
9690,9675,rectangular-yoga-bolster-made-from-organic-cotton,Yo-BR-RE-RP,publish,Rectangular Yoga Bolster - Rouge,9688,,attribute_colour=Rouge,1625,1450
9715,9713,sarveda-tuning-forks,MI-TF-W-128,publish,"Tuning Fork - Single Weighted & Unweighted - Weighted, 128 Hz",9727,,attribute_hertz=128 Hz;attribute_type=Weighted,2690,2290
9716,9713,sarveda-tuning-forks,,publish,"Tuning Fork - Single Weighted & Unweighted - Weighted, 136.10 Hz",9729,,attribute_hertz=136.10 Hz;attribute_type=Weighted,2690,2290
9717,9713,sarveda-tuning-forks,MI-TF-W-256,publish,"Tuning Fork - Single Weighted & Unweighted - Weighted, 256 Hz",9726,,attribute_hertz=256 Hz;attribute_type=Weighted,2390,1990
9718,9713,sarveda-tuning-forks,MI-TF-W-432,publish,"Tuning Fork - Single Weighted & Unweighted - Weighted, 432 Hz",9731,,attribute_hertz=432 Hz;attribute_type=Weighted,2390,1990
9719,9713,sarveda-tuning-forks,,publish,"Tuning Fork - Single Weighted & Unweighted - Weighted, 528 Hz",9733,,attribute_hertz=528 Hz;attribute_type=Weighted,2390,1990
9746,9713,sarveda-tuning-forks,,publish,"Tuning Fork - Single Weighted & Unweighted - Unweighted, 128 Hz",9733,,attribute_hertz=128 Hz;attribute_type=Unweighted,2290,1690
9747,9713,sarveda-tuning-forks,,publish,"Tuning Fork - Single Weighted & Unweighted - Unweighted, 136.10 Hz",9734,,attribute_hertz=136.10 Hz;attribute_type=Unweighted,2290,1690
9748,9713,sarveda-tuning-forks,,publish,"Tuning Fork - Single Weighted & Unweighted - Unweighted, 256 Hz",9733,,attribute_hertz=256 Hz;attribute_type=Unweighted,1990,1490
9749,9713,sarveda-tuning-forks,,publish,"Tuning Fork - Single Weighted & Unweighted - Unweighted, 432 Hz",9734,,attribute_hertz=432 Hz;attribute_type=Unweighted,1990,1490
9750,9713,sarveda-tuning-forks,,publish,"Tuning Fork - Single Weighted & Unweighted - Unweighted, 528 Hz",9729,,attribute_hertz=528 Hz;attribute_type=Unweighted,1990,1490
46947,9713,sarveda-tuning-forks,,publish,"Tuning Fork - Single Weighted & Unweighted - Weighted, 68.05 Hz",9730,,attribute_hertz=68.05 Hz;attribute_type=Weighted,2690,2290
46948,9713,sarveda-tuning-forks,,publish,"Tuning Fork - Single Weighted & Unweighted - Unweighted, 68.05 Hz",9731,,attribute_hertz=68.05 Hz;attribute_type=Unweighted,2290,1690
47093,9713,sarveda-tuning-forks,,publish,"Tuning Fork - Single Weighted & Unweighted - Weighted, 64 Hz",0,,attribute_hertz=64 Hz;attribute_type=Weighted,2690,2290
47094,9713,sarveda-tuning-forks,,publish,"Tuning Fork - Single Weighted & Unweighted - Unweighted, 64 Hz",0,,attribute_hertz=64 Hz;attribute_type=Unweighted,2290,1690
48271,9713,sarveda-tuning-forks,,publish,"Tuning Fork - Single Weighted & Unweighted - Unweighted, 440 Hz",,,attribute_hertz=440 Hz;attribute_type=Unweighted,2290,1690
48272,9713,sarveda-tuning-forks,,publish,"Tuning Fork - Single Weighted & Unweighted - Weighted, 440 Hz",0,,attribute_hertz=440 Hz;attribute_type=Weighted,2690,2290
48273,9713,sarveda-tuning-forks,,publish,"Tuning Fork - Single Weighted & Unweighted - Unweighted, 93.96 Hz",0,,attribute_hertz=93.96 Hz;attribute_type=Unweighted,2290,1690
48274,9713,sarveda-tuning-forks,,publish,"Tuning Fork - Single Weighted & Unweighted - Weighted, 93.96 Hz",0,,attribute_hertz=93.96 Hz;attribute_type=Weighted,2690,2290
45267,9763,ergonomic-meditation-bench,,publish,Zen Meditation Bench - Small,0,,attribute_type=Small,3550,3250
45268,9763,ergonomic-meditation-bench,,publish,Zen Meditation Bench - Medium,0,,attribute_type=Medium,4000,3450
45269,9763,ergonomic-meditation-bench,,publish,Zen Meditation Bench - Large,0,,attribute_type=Large,4250,3650
9778,9777,sarveda-crystal-bowls,MI-CB-W-6,publish,Crystal Bowls - 6 in,9788,,attribute_size=6 in,11635,8950
9779,9777,sarveda-crystal-bowls,MI-CB-W-7,publish,Crystal Bowls - 7 in,9787,,attribute_size=7 in,12545,9650
9780,9777,sarveda-crystal-bowls,MI-CB-W-8,publish,Crystal Bowls - 8 in,9789,,attribute_size=8 in,13585,10450
9781,9777,sarveda-crystal-bowls,MI-CB-W-9,publish,Crystal Bowls - 9 in,9788,,attribute_size=9 in,14885,11450
9782,9777,sarveda-crystal-bowls,MI-CB-W-10,publish,Crystal Bowls - 10 in,9787,,attribute_size=10 in,15925,12250
9783,9777,sarveda-crystal-bowls,MI-CB-W-11,publish,Crystal Bowls - 11 in,9789,,attribute_size=11 in,17225,13250
9784,9777,sarveda-crystal-bowls,MI-CB-W-12,publish,Crystal Bowls - 12 in,9788,,attribute_size=12 in,19045,14650
9785,9777,sarveda-crystal-bowls,MI-CB-W-13,publish,Crystal Bowls - 13 in,9787,,attribute_size=13 in,23075,17750
9786,9777,sarveda-crystal-bowls,MI-CB-W-14,publish,Crystal Bowls - 14 in,9789,,attribute_size=14 in,25675,19750
9859,9795,etched-handmade-singing-bowls,MI-SB-H-ET-B-6,publish,"Etched Handmade Singing Bowls - Buddha, 6 in",9840,,attribute_size=6 in;attribute_type=Buddha,13650,10500
9860,9795,etched-handmade-singing-bowls,MI-SB-H-ET-B-7,publish,"Etched Handmade Singing Bowls - Buddha, 7 in",9839,,attribute_size=7 in;attribute_type=Buddha,16250,12500
9861,9795,etched-handmade-singing-bowls,MI-SB-H-ET-B-8,publish,"Etched Handmade Singing Bowls - Buddha, 8 in",9840,,attribute_size=8 in;attribute_type=Buddha,18850,14500
9862,9795,etched-handmade-singing-bowls,MI-SB-H-ET-B-9,publish,"Etched Handmade Singing Bowls - Buddha, 9 in",9839,,attribute_size=9 in;attribute_type=Buddha,21450,16500
9863,9795,etched-handmade-singing-bowls,MI-SB-H-ET-B-10,publish,"Etched Handmade Singing Bowls - Buddha, 10 in",9840,,attribute_size=10 in;attribute_type=Buddha,24050,18500
9864,9795,etched-handmade-singing-bowls,MI-SB-H-ET-B-11,publish,"Etched Handmade Singing Bowls - Buddha, 11 in",9839,,attribute_size=11 in;attribute_type=Buddha,27950,21500
9865,9795,etched-handmade-singing-bowls,MI-SB-H-ET-B-12,publish,"Etched Handmade Singing Bowls - Buddha, 12 in",9840,,attribute_size=12 in;attribute_type=Buddha,31850,24500
9866,9795,etched-handmade-singing-bowls,MI-SB-GE-6,publish,"Etched Handmade Singing Bowls - Sacred Geometry, 6 in",9854,,attribute_size=6 in;attribute_type=Sacred Geometry,11050,8500
9867,9795,etched-handmade-singing-bowls,MI-SB-GE-7,publish,"Etched Handmade Singing Bowls - Sacred Geometry, 7 in",9853,,attribute_size=7 in;attribute_type=Sacred Geometry,13650,10500
9868,9795,etched-handmade-singing-bowls,MI-SB-GE-8,publish,"Etched Handmade Singing Bowls - Sacred Geometry, 8 in",9854,,attribute_size=8 in;attribute_type=Sacred Geometry,16250,12500
9869,9795,etched-handmade-singing-bowls,MI-SB-GE-9,publish,"Etched Handmade Singing Bowls - Sacred Geometry, 9 in",9854,,attribute_size=9 in;attribute_type=Sacred Geometry,18850,14500
9870,9795,etched-handmade-singing-bowls,MI-SB-GE-10,publish,"Etched Handmade Singing Bowls - Sacred Geometry, 10 in",9853,,attribute_size=10 in;attribute_type=Sacred Geometry,21450,16500
9871,9795,etched-handmade-singing-bowls,MI-SB-GE-11,publish,"Etched Handmade Singing Bowls - Sacred Geometry, 11 in",9854,,attribute_size=11 in;attribute_type=Sacred Geometry,25350,19500
9872,9795,etched-handmade-singing-bowls,MI-SB-GE-12,publish,"Etched Handmade Singing Bowls - Sacred Geometry, 12 in",9853,,attribute_size=12 in;attribute_type=Sacred Geometry,29250,22500
9873,9795,etched-handmade-singing-bowls,MI-SB-H-ET-O-C-6,publish,"Etched Handmade Singing Bowls - Om, 6 in",9851,,attribute_size=6 in;attribute_type=Om,11050,8500
9874,9795,etched-handmade-singing-bowls,MI-SB-H-ET-O-C-7,publish,"Etched Handmade Singing Bowls - Om, 7 in",9852,,attribute_size=7 in;attribute_type=Om,13650,10500
9875,9795,etched-handmade-singing-bowls,MI-SB-H-ET-O-C-8,publish,"Etched Handmade Singing Bowls - Om, 8 in",9851,,attribute_size=8 in;attribute_type=Om,16250,12500
9876,9795,etched-handmade-singing-bowls,MI-SB-H-ET-O-C-9,publish,"Etched Handmade Singing Bowls - Om, 9 in",9852,,attribute_size=9 in;attribute_type=Om,18850,14500
9877,9795,etched-handmade-singing-bowls,MI-SB-H-ET-O-C-10,publish,"Etched Handmade Singing Bowls - Om, 10 in",9852,,attribute_size=10 in;attribute_type=Om,21450,16500
9878,9795,etched-handmade-singing-bowls,MI-SB-H-ET-O-C-11,publish,"Etched Handmade Singing Bowls - Om, 11 in",9851,,attribute_size=11 in;attribute_type=Om,25350,19500
9879,9795,etched-handmade-singing-bowls,MI-SB-H-ET-O-C-12,publish,"Etched Handmade Singing Bowls - Om, 12 in",9852,,attribute_size=12 in;attribute_type=Om,29250,22500
9880,9795,etched-handmade-singing-bowls,MI-SB-GF-6,publish,"Etched Handmade Singing Bowls - Golden Feet, 6 in",9850,,attribute_size=6 in;attribute_type=Golden Feet,13650,10500
9881,9795,etched-handmade-singing-bowls,MI-SB-GF-7,publish,"Etched Handmade Singing Bowls - Golden Feet, 7 in",9849,,attribute_size=7 in;attribute_type=Golden Feet,16250,12500
9882,9795,etched-handmade-singing-bowls,MI-SB-GF-8,publish,"Etched Handmade Singing Bowls - Golden Feet, 8 in",9850,,attribute_size=8 in;attribute_type=Golden Feet,18850,14500
9883,9795,etched-handmade-singing-bowls,MI-SB-GF-9,publish,"Etched Handmade Singing Bowls - Golden Feet, 9 in",9849,,attribute_size=9 in;attribute_type=Golden Feet,21450,16500
9884,9795,etched-handmade-singing-bowls,MI-SB-GF-10,publish,"Etched Handmade Singing Bowls - Golden Feet, 10 in",9850,,attribute_size=10 in;attribute_type=Golden Feet,24050,18500
9885,9795,etched-handmade-singing-bowls,MI-SB-GF-11,publish,"Etched Handmade Singing Bowls - Golden Feet, 11 in",9849,,attribute_size=11 in;attribute_type=Golden Feet,27950,21500
9886,9795,etched-handmade-singing-bowls,MI-SB-GF-12,publish,"Etched Handmade Singing Bowls - Golden Feet, 12 in",9850,,attribute_size=12 in;attribute_type=Golden Feet,31850,24500
9887,9795,etched-handmade-singing-bowls,MI-SB-H-ET-BE-6,publish,"Etched Handmade Singing Bowls - Buddhas Eyes, 6 in",9842,,attribute_size=6 in;attribute_type=Buddhas Eyes,11050,8500
9888,9795,etched-handmade-singing-bowls,MI-SB-H-ET-BE-7,publish,"Etched Handmade Singing Bowls - Buddhas Eyes, 7 in",9841,,attribute_size=7 in;attribute_type=Buddhas Eyes,13650,10500
9889,9795,etched-handmade-singing-bowls,MI-SB-H-ET-BE-8,publish,"Etched Handmade Singing Bowls - Buddhas Eyes, 8 in",9842,,attribute_size=8 in;attribute_type=Buddhas Eyes,16250,12500
9890,9795,etched-handmade-singing-bowls,MI-SB-H-ET-BE-9,publish,"Etched Handmade Singing Bowls - Buddhas Eyes, 9 in",9841,,attribute_size=9 in;attribute_type=Buddhas Eyes,18850,14500
9891,9795,etched-handmade-singing-bowls,MI-SB-H-ET-BE-10,publish,"Etched Handmade Singing Bowls - Buddhas Eyes, 10 in",9842,,attribute_size=10 in;attribute_type=Buddhas Eyes,21450,16500
9892,9795,etched-handmade-singing-bowls,MI-SB-H-ET-BE-11,publish,"Etched Handmade Singing Bowls - Buddhas Eyes, 11 in",9841,,attribute_size=11 in;attribute_type=Buddhas Eyes,25350,19500
9893,9795,etched-handmade-singing-bowls,MI-SB-H-ET-BE-12,publish,"Etched Handmade Singing Bowls - Buddhas Eyes, 12 in",9842,,attribute_size=12 in;attribute_type=Buddhas Eyes,29250,22500
9894,9795,etched-handmade-singing-bowls,MI-SB-H-ET-C-6,publish,"Etched Handmade Singing Bowls - Chakras, 6 in",9844,,attribute_size=6 in;attribute_type=Chakras,13650,10500
9895,9795,etched-handmade-singing-bowls,MI-SB-H-ET-C-7,publish,"Etched Handmade Singing Bowls - Chakras, 7 in",9843,,attribute_size=7 in;attribute_type=Chakras,16250,12500
9896,9795,etched-handmade-singing-bowls,MI-SB-H-ET-C-8,publish,"Etched Handmade Singing Bowls - Chakras, 8 in",9844,,attribute_size=8 in;attribute_type=Chakras,18850,14500
9897,9795,etched-handmade-singing-bowls,MI-SB-H-ET-C-9,publish,"Etched Handmade Singing Bowls - Chakras, 9 in",9843,,attribute_size=9 in;attribute_type=Chakras,21450,16500
9898,9795,etched-handmade-singing-bowls,MI-SB-H-ET-C-10,publish,"Etched Handmade Singing Bowls - Chakras, 10 in",9844,,attribute_size=10 in;attribute_type=Chakras,24050,18500
9899,9795,etched-handmade-singing-bowls,MI-SB-H-ET-C-11,publish,"Etched Handmade Singing Bowls - Chakras, 11 in",9843,,attribute_size=11 in;attribute_type=Chakras,27950,21500
9900,9795,etched-handmade-singing-bowls,MI-SB-H-ET-C-12,publish,"Etched Handmade Singing Bowls - Chakras, 12 in",9844,,attribute_size=12 in;attribute_type=Chakras,31850,24500
9901,9795,etched-handmade-singing-bowls,MI-SB-H-ET-FL-6,publish,"Etched Handmade Singing Bowls - Flower of Life, 6 in",9848,,attribute_size=6 in;attribute_type=Flower of Life,11050,8500
9902,9795,etched-handmade-singing-bowls,MI-SB-H-ET-FL-7,publish,"Etched Handmade Singing Bowls - Flower of Life, 7 in",9847,,attribute_size=7 in;attribute_type=Flower of Life,13650,10500
9903,9795,etched-handmade-singing-bowls,MI-SB-H-ET-FL-8,publish,"Etched Handmade Singing Bowls - Flower of Life, 8 in",9848,,attribute_size=8 in;attribute_type=Flower of Life,16250,12500
9904,9795,etched-handmade-singing-bowls,MI-SB-H-ET-FL-9,publish,"Etched Handmade Singing Bowls - Flower of Life, 9 in",9847,,attribute_size=9 in;attribute_type=Flower of Life,18850,14500
9905,9795,etched-handmade-singing-bowls,MI-SB-H-ET-FL-10,publish,"Etched Handmade Singing Bowls - Flower of Life, 10 in",9848,,attribute_size=10 in;attribute_type=Flower of Life,21450,16500
9906,9795,etched-handmade-singing-bowls,MI-SB-H-ET-FL-11,publish,"Etched Handmade Singing Bowls - Flower of Life, 11 in",9847,,attribute_size=11 in;attribute_type=Flower of Life,25350,19500
9907,9795,etched-handmade-singing-bowls,MI-SB-H-ET-FL-12,publish,"Etched Handmade Singing Bowls - Flower of Life, 12 in",9848,,attribute_size=12 in;attribute_type=Flower of Life,29250,22500
9908,9795,etched-handmade-singing-bowls,,publish,"Etched Handmade Singing Bowls - Dorje, 6 in",9846,,attribute_size=6 in;attribute_type=Dorje,11050,8500
9909,9795,etched-handmade-singing-bowls,MI-SB-H-ET-DJ-7,publish,"Etched Handmade Singing Bowls - Dorje, 7 in",9846,,attribute_size=7 in;attribute_type=Dorje,13650,10500
9910,9795,etched-handmade-singing-bowls,MI-SB-H-ET-DJ-8,publish,"Etched Handmade Singing Bowls - Dorje, 8 in",9845,,attribute_size=8 in;attribute_type=Dorje,16250,12500
9911,9795,etched-handmade-singing-bowls,MI-SB-H-ET-DJ-9,publish,"Etched Handmade Singing Bowls - Dorje, 9 in",9846,,attribute_size=9 in;attribute_type=Dorje,18850,14500
9912,9795,etched-handmade-singing-bowls,MI-SB-H-ET-DJ-10,publish,"Etched Handmade Singing Bowls - Dorje, 10 in",9845,,attribute_size=10 in;attribute_type=Dorje,21450,16500
9913,9795,etched-handmade-singing-bowls,MI-SB-H-ET-DJ-11,publish,"Etched Handmade Singing Bowls - Dorje, 11 in",9846,,attribute_size=11 in;attribute_type=Dorje,25350,19500
9914,9795,etched-handmade-singing-bowls,MI-SB-H-ET-DJ-12,publish,"Etched Handmade Singing Bowls - Dorje, 12 in",9845,,attribute_size=12 in;attribute_type=Dorje,29250,22500
9915,9795,etched-handmade-singing-bowls,MI-SB-H-ET-T-6,publish,"Etched Handmade Singing Bowls - Tara, 6 in",9856,,attribute_size=6 in;attribute_type=Tara,13650,10500
9916,9795,etched-handmade-singing-bowls,MI-SB-H-ET-T-7,publish,"Etched Handmade Singing Bowls - Tara, 7 in",9855,,attribute_size=7 in;attribute_type=Tara,16250,12500
9917,9795,etched-handmade-singing-bowls,MI-SB-H-ET-T-8,publish,"Etched Handmade Singing Bowls - Tara, 8 in",9856,,attribute_size=8 in;attribute_type=Tara,18850,14500
9918,9795,etched-handmade-singing-bowls,MI-SB-H-ET-T-9,publish,"Etched Handmade Singing Bowls - Tara, 9 in",9855,,attribute_size=9 in;attribute_type=Tara,21450,16500
9919,9795,etched-handmade-singing-bowls,MI-SB-H-ET-T-10,publish,"Etched Handmade Singing Bowls - Tara, 10 in",9856,,attribute_size=10 in;attribute_type=Tara,24050,18500
9920,9795,etched-handmade-singing-bowls,MI-SB-H-ET-T-11,publish,"Etched Handmade Singing Bowls - Tara, 11 in",9855,,attribute_size=11 in;attribute_type=Tara,27950,21500
9921,9795,etched-handmade-singing-bowls,MI-SB-H-ET-T-12,publish,"Etched Handmade Singing Bowls - Tara, 12 in",9856,,attribute_size=12 in;attribute_type=Tara,31850,24500
43013,9795,etched-handmade-singing-bowls,MI-SB-H-ET-DJ-6,publish,"Etched Handmade Singing Bowls - Dorje, 6 in",9845,,attribute_size=6 in;attribute_type=Dorje,11050,8500
45412,9795,etched-handmade-singing-bowls,,publish,"Etched Handmade Singing Bowls - Yin Yang, 6 in",0,,attribute_size=6 in;attribute_type=Yin Yang,11050,8500
45413,9795,etched-handmade-singing-bowls,,publish,"Etched Handmade Singing Bowls - Yin Yang, 7 in",0,,attribute_size=7 in;attribute_type=Yin Yang,13650,10500
45414,9795,etched-handmade-singing-bowls,,publish,"Etched Handmade Singing Bowls - Yin Yang, 8 in",0,,attribute_size=8 in;attribute_type=Yin Yang,16250,12500
45415,9795,etched-handmade-singing-bowls,,publish,"Etched Handmade Singing Bowls - Yin Yang, 9 in",0,,attribute_size=9 in;attribute_type=Yin Yang,18850,14500
45416,9795,etched-handmade-singing-bowls,,publish,"Etched Handmade Singing Bowls - Yin Yang, 10 in",0,,attribute_size=10 in;attribute_type=Yin Yang,21450,16500
45417,9795,etched-handmade-singing-bowls,,publish,"Etched Handmade Singing Bowls - Yin Yang, 11 in",0,,attribute_size=11 in;attribute_type=Yin Yang,25350,19500
45418,9795,etched-handmade-singing-bowls,,publish,"Etched Handmade Singing Bowls - Yin Yang, 12 in",0,,attribute_size=12 in;attribute_type=Yin Yang,29250,22500
45419,9795,etched-handmade-singing-bowls,,publish,"Etched Handmade Singing Bowls - Mantra, 6 in",0,,attribute_size=6 in;attribute_type=Mantra,13650,10500
45420,9795,etched-handmade-singing-bowls,,publish,"Etched Handmade Singing Bowls - Mantra, 7 in",0,,attribute_size=7 in;attribute_type=Mantra,16250,12500
45421,9795,etched-handmade-singing-bowls,,publish,"Etched Handmade Singing Bowls - Mantra, 8 in",0,,attribute_size=8 in;attribute_type=Mantra,18850,14500
45422,9795,etched-handmade-singing-bowls,,publish,"Etched Handmade Singing Bowls - Mantra, 9 in",0,,attribute_size=9 in;attribute_type=Mantra,21450,16500
45423,9795,etched-handmade-singing-bowls,,publish,"Etched Handmade Singing Bowls - Mantra, 10 in",0,,attribute_size=10 in;attribute_type=Mantra,24050,18500
45424,9795,etched-handmade-singing-bowls,,publish,"Etched Handmade Singing Bowls - Mantra, 11 in",0,,attribute_size=11 in;attribute_type=Mantra,27950,21500
45425,9795,etched-handmade-singing-bowls,,publish,"Etched Handmade Singing Bowls - Mantra, 12 in",0,,attribute_size=12 in;attribute_type=Mantra,31850,24500
43964,9936,sarveda-handmade-lingam-singing-bowl,MI-SB-H-lM-7,publish,Handmade Lingam Singing Bowl - 7 in,0,,attribute_size=7 in,,
43965,9936,sarveda-handmade-lingam-singing-bowl,MI-SB-H-lM-8,publish,Handmade Lingam Singing Bowl - 8 in,0,,attribute_size=8 in,,
43966,9936,sarveda-handmade-lingam-singing-bowl,MI-SB-H-lM-9,publish,Handmade Lingam Singing Bowl - 9 in,0,,attribute_size=9 in,,
43967,9936,sarveda-handmade-lingam-singing-bowl,MI-SB-H-lM-10,publish,Handmade Lingam Singing Bowl - 10 in,0,,attribute_size=10 in,,
43968,9936,sarveda-handmade-lingam-singing-bowl,MI-SB-H-lM-11,publish,Handmade Lingam Singing Bowl - 11 in,0,,attribute_size=11 in,,
43969,9936,sarveda-handmade-lingam-singing-bowl,MI-SB-H-lM-12,publish,Handmade Lingam Singing Bowl - 12 in,0,,attribute_size=12 in,,
43970,9936,sarveda-handmade-lingam-singing-bowl,MI-SB-H-lM-13,publish,Handmade Lingam Singing Bowl - 13 in,0,,attribute_size=13 in,,
9950,9949,sarveda-ishana-or-black-gold-bowl,Mi-SB-H-I-B-G-6,publish,Ishana/Black-Gold Bowl - 6 in,9960,,attribute_size=6 in,9555,7350
9951,9949,sarveda-ishana-or-black-gold-bowl,Mi-SB-H-I-B-G-7,publish,Ishana/Black-Gold Bowl - 7 in,9958,,attribute_size=7 in,10855,8350
9952,9949,sarveda-ishana-or-black-gold-bowl,Mi-SB-H-I-B-G-8,publish,Ishana/Black-Gold Bowl - 8 in,9961,,attribute_size=8 in,12285,9450
9953,9949,sarveda-ishana-or-black-gold-bowl,Mi-SB-H-I-B-G-9,publish,Ishana/Black-Gold Bowl - 9 in,9958,,attribute_size=9 in,13585,10450
9954,9949,sarveda-ishana-or-black-gold-bowl,Mi-SB-H-I-B-G-10,publish,Ishana/Black-Gold Bowl - 10 in,9960,,attribute_size=10 in,15464,11895
9955,9949,sarveda-ishana-or-black-gold-bowl,Mi-SB-H-I-B-G-11,publish,Ishana/Black-Gold Bowl - 11 in,9961,,attribute_size=11 in,18064,13895
9956,9949,sarveda-ishana-or-black-gold-bowl,Mi-SB-H-I-B-G-12,publish,Ishana/Black-Gold Bowl - 12 in,9958,,attribute_size=12 in,22425,17250
9957,9949,sarveda-ishana-or-black-gold-bowl,Mi-SB-H-I-B-G-13,publish,Ishana/Black-Gold Bowl - 13 in,9962,,attribute_size=13 in,25285,19450
9971,9964,sarveda-antique-finish-handmade-singing-bowls,MI-SB-H-AE-7,publish,Antique finish Handmade Singing Bowls - 7 in,9967,,attribute_size=7 in,10855,8350
9972,9964,sarveda-antique-finish-handmade-singing-bowls,MI-SB-H-AE-8,publish,Antique finish Handmade Singing Bowls - 8 in,9965,,attribute_size=8 in,12285,9450
9973,9964,sarveda-antique-finish-handmade-singing-bowls,MI-SB-H-AE-9,publish,Antique finish Handmade Singing Bowls - 9 in,9966,,attribute_size=9 in,13585,10450
9974,9964,sarveda-antique-finish-handmade-singing-bowls,MI-SB-H-AE-10,publish,Antique finish Handmade Singing Bowls - 10 in,9969,,attribute_size=10 in,15464,11895
9975,9964,sarveda-antique-finish-handmade-singing-bowls,MI-SB-H-AE-11,publish,Antique finish Handmade Singing Bowls - 11 in,9970,,attribute_size=11 in,18064,13895
9976,9964,sarveda-antique-finish-handmade-singing-bowls,MI-SB-H-AE-12,publish,Antique finish Handmade Singing Bowls - 12 in,9966,,attribute_size=12 in,22425,17250
9977,9964,sarveda-antique-finish-handmade-singing-bowls,MI-SB-H-AE-13,publish,Antique finish Handmade Singing Bowls - 13 in,9965,,attribute_size=13 in,25285,19450
9984,9978,sarveda-joint-bowl-or-bowl-with-a-hole,MI-SB-JB,publish,Joint Bowl or Knee Cut Bowl - 8 in,9979,,attribute_size=8 in,10500,9950
50712,9978,sarveda-joint-bowl-or-bowl-with-a-hole,,publish,Joint Bowl or Knee Cut Bowl - 10 in,,,attribute_size=10 in,13500,12950
10009,10008,sarveda-sacred-symbols-singing-bowls,MI-SB-P-SS-G-3.5,publish,"Sacred Symbols Singing Bowls - Green, 3.5 in",10027,,attribute_color=Green;attribute_size=3.5 in,1684,1295
10010,10008,sarveda-sacred-symbols-singing-bowls,MI-SB-P-SS-G-4,publish,"Sacred Symbols Singing Bowls - Green, 4 in",10027,,attribute_color=Green;attribute_size=4 in,2009,1545
10011,10008,sarveda-sacred-symbols-singing-bowls,MI-SB-P-SS-G-5.5,publish,"Sacred Symbols Singing Bowls - Green, 5.5 in",10030,,attribute_color=Green;attribute_size=5.5 in,2594,1995
10012,10008,sarveda-sacred-symbols-singing-bowls,MI-SB-P-SS-BK-3.5,publish,"Sacred Symbols Singing Bowls - Black, 3.5 in",10033,,attribute_color=Black;attribute_size=3.5 in,1684,1295
10013,10008,sarveda-sacred-symbols-singing-bowls,MI-SB-P-SS-BK-4,publish,"Sacred Symbols Singing Bowls - Black, 4 in",10033,,attribute_color=Black;attribute_size=4 in,2009,1545
10014,10008,sarveda-sacred-symbols-singing-bowls,MI-SB-P-SS-BK-5.5,publish,"Sacred Symbols Singing Bowls - Black, 5.5 in",10024,,attribute_color=Black;attribute_size=5.5 in,2594,1995
10015,10008,sarveda-sacred-symbols-singing-bowls,MI-SB-P-SS-B-3.5,publish,"Sacred Symbols Singing Bowls - Blue, 3.5 in",10031,,attribute_color=Blue;attribute_size=3.5 in,1684,1295
10016,10008,sarveda-sacred-symbols-singing-bowls,MI-SB-P-SS-B-4,publish,"Sacred Symbols Singing Bowls - Blue, 4 in",10031,,attribute_color=Blue;attribute_size=4 in,2009,1545
10017,10008,sarveda-sacred-symbols-singing-bowls,MI-SB-P-SS-B-5.5,publish,"Sacred Symbols Singing Bowls - Blue, 5.5 in",10026,,attribute_color=Blue;attribute_size=5.5 in,2594,1995
10018,10008,sarveda-sacred-symbols-singing-bowls,MI-SB-P-SS-R-3.5,publish,"Sacred Symbols Singing Bowls - Red, 3.5 in",10029,,attribute_color=Red;attribute_size=3.5 in,1684,1295
10019,10008,sarveda-sacred-symbols-singing-bowls,MI-SB-P-SS-R-4,publish,"Sacred Symbols Singing Bowls - Red, 4 in",10029,,attribute_color=Red;attribute_size=4 in,2009,1545
10020,10008,sarveda-sacred-symbols-singing-bowls,MI-SB-P-SS-R-5.5,publish,"Sacred Symbols Singing Bowls - Red, 5.5 in",10028,,attribute_color=Red;attribute_size=5.5 in,2594,1995
10021,10008,sarveda-sacred-symbols-singing-bowls,MI-SB-P-SS-Y-3.5,publish,"Sacred Symbols Singing Bowls - Yellow, 3.5 in",10032,,attribute_color=Yellow;attribute_size=3.5 in,1684,1295
10022,10008,sarveda-sacred-symbols-singing-bowls,MI-SB-P-SS-Y-4,publish,"Sacred Symbols Singing Bowls - Yellow, 4 in",10032,,attribute_color=Yellow;attribute_size=4 in,2009,1545
10023,10008,sarveda-sacred-symbols-singing-bowls,MI-SB-P-SS-Y-5.5,publish,"Sacred Symbols Singing Bowls - Yellow, 5.5 in",10025,,attribute_color=Yellow;attribute_size=5.5 in,2594,1995
10048,10035,sarveda-flower-of-life-with-sacred-symbols-singing-bowls,MI-SB-RFL-B-8,publish,"Flower of Life with Sacred Symbols Singing Bowls - Blue, 8 in",10042,,attribute_color=Blue;attribute_size=8 in,2015,1550
10049,10035,sarveda-flower-of-life-with-sacred-symbols-singing-bowls,MI-SB-RFL-B-9,publish,"Flower of Life with Sacred Symbols Singing Bowls - Blue, 9 in",10037,,attribute_color=Blue;attribute_size=9 in,2275,1750
10050,10035,sarveda-flower-of-life-with-sacred-symbols-singing-bowls,MI-SB-RFL-B-10.5,publish,"Flower of Life with Sacred Symbols Singing Bowls - Blue, 10.5 in",10045,,attribute_color=Blue;attribute_size=10.5 in,2847,2190
10051,10035,sarveda-flower-of-life-with-sacred-symbols-singing-bowls,MI-SB-RFL-BR-8,publish,"Flower of Life with Sacred Symbols Singing Bowls - Brown, 8 in",10043,,attribute_color=Brown;attribute_size=8 in,2015,1550
10052,10035,sarveda-flower-of-life-with-sacred-symbols-singing-bowls,MI-SB-RFL-BR-9,publish,"Flower of Life with Sacred Symbols Singing Bowls - Brown, 9 in",10036,,attribute_color=Brown;attribute_size=9 in,2275,1750
10053,10035,sarveda-flower-of-life-with-sacred-symbols-singing-bowls,MI-SB-RFL-BR-10.5,publish,"Flower of Life with Sacred Symbols Singing Bowls - Brown, 10.5 in",10044,,attribute_color=Brown;attribute_size=10.5 in,2847,2190
10054,10035,sarveda-flower-of-life-with-sacred-symbols-singing-bowls,MI-SB-RFL-G-8,publish,"Flower of Life with Sacred Symbols Singing Bowls - Green, 8 in",10046,,attribute_color=Green;attribute_size=8 in,2015,1550
10055,10035,sarveda-flower-of-life-with-sacred-symbols-singing-bowls,MI-SB-RFL-G-9,publish,"Flower of Life with Sacred Symbols Singing Bowls - Green, 9 in",10041,,attribute_color=Green;attribute_size=9 in,2275,1750
10056,10035,sarveda-flower-of-life-with-sacred-symbols-singing-bowls,MI-SB-RFL-G-10.5,publish,"Flower of Life with Sacred Symbols Singing Bowls - Green, 10.5 in",10038,,attribute_color=Green;attribute_size=10.5 in,2847,2190
10057,10035,sarveda-flower-of-life-with-sacred-symbols-singing-bowls,MI-SB-RFL-O-8,publish,"Flower of Life with Sacred Symbols Singing Bowls - Olive green, 8 in",10047,,attribute_color=Olive green;attribute_size=8 in,2015,1550
10058,10035,sarveda-flower-of-life-with-sacred-symbols-singing-bowls,MI-SB-RFL-O-9,publish,"Flower of Life with Sacred Symbols Singing Bowls - Olive green, 9 in",10040,,attribute_color=Olive green;attribute_size=9 in,2275,1750
10059,10035,sarveda-flower-of-life-with-sacred-symbols-singing-bowls,MI-SB-RFL-O-10.5,publish,"Flower of Life with Sacred Symbols Singing Bowls - Olive green, 10.5 in",10039,,attribute_color=Olive green;attribute_size=10.5 in,2847,2190
10346,10345,swinging-chimes,MI-SC-6,publish,Swinging Chimes - 6 Bars,10352,,attribute_size=6 Bars,6950,5950
10347,10345,swinging-chimes,MI-SC-9,publish,Swinging Chimes - 9 Bars,10351,,attribute_size=9 Bars,7950,6950
42338,42332,8-keys-metallophone,MI-XP-SP-1-8,publish,8 Keys Metallophone - with 1” & 1.5” key-widths - 1 inch,42336,,attribute_keywidth=1 inch,8850,7650
42339,42332,8-keys-metallophone,MI-XP-SP-1.5-8,publish,8 Keys Metallophone - with 1” & 1.5” key-widths - 1.5 inch,42337,,attribute_keywidth=1.5 inch,10750,9350
42410,42373,11-note-tongue-drum,,publish,"11 Note Tongue Drum - White, 10 inches",0,,attribute_color=White;attribute_size=10 inches,8450,7350
42411,42373,11-note-tongue-drum,,publish,"11 Note Tongue Drum - White, 12 inches",0,,attribute_color=White;attribute_size=12 inches,8950,7850
42412,42373,11-note-tongue-drum,,publish,"11 Note Tongue Drum - White, 6 inches",0,,attribute_color=White;attribute_size=6 inches,6850,5850
42413,42373,11-note-tongue-drum,,publish,"11 Note Tongue Drum - White, 8 inches",0,,attribute_color=White;attribute_size=8 inches,7850,6750
42414,42373,11-note-tongue-drum,,publish,"11 Note Tongue Drum - Blue, 10 inches",0,,attribute_color=Blue;attribute_size=10 inches,8450,7350
42415,42373,11-note-tongue-drum,,publish,"11 Note Tongue Drum - Blue, 12 inches",0,,attribute_color=Blue;attribute_size=12 inches,8950,7850
42416,42373,11-note-tongue-drum,,publish,"11 Note Tongue Drum - Blue, 6 inches",0,,attribute_color=Blue;attribute_size=6 inches,6850,5850
42417,42373,11-note-tongue-drum,,publish,"11 Note Tongue Drum - Blue, 8 inches",0,,attribute_color=Blue;attribute_size=8 inches,7850,6750
42584,42582,natural-cotton-yoga-mat-24-572-5-inches-with-superior-natural-rubber-grip-lotus,Yo-M-P-HG-P,publish,Plain Superior Grip Yoga Mat,43000,,attribute_color=Pink;attribute_macrame-strap=Without Strap;attribute_type=Plain,2750,1990
42587,42582,natural-cotton-yoga-mat-24-572-5-inches-with-superior-natural-rubber-grip-lotus,Yo-M-P-HG-P-MC-B,publish,Plain Superior Grip Yoga Mat,43001,,attribute_color=Pink;attribute_macrame-strap=Brown;attribute_type=Plain,3350,2390
42593,42582,natural-cotton-yoga-mat-24-572-5-inches-with-superior-natural-rubber-grip-lotus,Yo-M-P-HG-P-MC-O,publish,Plain Superior Grip Yoga Mat,43003,,attribute_color=Pink;attribute_macrame-strap=Orange;attribute_type=Plain,3350,2390
42596,42582,natural-cotton-yoga-mat-24-572-5-inches-with-superior-natural-rubber-grip-lotus,Yo-M-P-HG-P-MC-DG,publish,Plain Superior Grip Yoga Mat,43004,,attribute_color=Pink;attribute_macrame-strap=Dark Grey;attribute_type=Plain,3350,2390
42599,42582,natural-cotton-yoga-mat-24-572-5-inches-with-superior-natural-rubber-grip-lotus,Yo-M-P-HG-P-MC-G,publish,Plain Superior Grip Yoga Mat,43005,,attribute_color=Pink;attribute_macrame-strap=Green;attribute_type=Plain,3350,2390
42602,42582,natural-cotton-yoga-mat-24-572-5-inches-with-superior-natural-rubber-grip-lotus,Yo-M-P-HG-Y,publish,Plain Superior Grip Yoga Mat,9522,,attribute_color=Yellow;attribute_macrame-strap=Without Strap;attribute_type=Plain,2750,1990
42606,42582,natural-cotton-yoga-mat-24-572-5-inches-with-superior-natural-rubber-grip-lotus,Yo-M-P-HG-T-MC-G,publish,Plain Superior Grip Yoga Mat,43787,,attribute_color=Teal;attribute_macrame-strap=Green;attribute_type=Plain,3350,2390
42609,42582,natural-cotton-yoga-mat-24-572-5-inches-with-superior-natural-rubber-grip-lotus,Yo-M-P-HG-T-MC-DG,publish,Plain Superior Grip Yoga Mat,43788,,attribute_color=Teal;attribute_macrame-strap=Dark Grey;attribute_type=Plain,3350,2390
42612,42582,natural-cotton-yoga-mat-24-572-5-inches-with-superior-natural-rubber-grip-lotus,Yo-M-P-HG-T-MC-O,publish,Plain Superior Grip Yoga Mat,43789,,attribute_color=Teal;attribute_macrame-strap=Orange;attribute_type=Plain,3350,2390
42618,42582,natural-cotton-yoga-mat-24-572-5-inches-with-superior-natural-rubber-grip-lotus,Yo-M-P-H-T-MC-B,publish,Plain Superior Grip Yoga Mat,43786,,attribute_color=Teal;attribute_macrame-strap=Brown;attribute_type=Plain,3350,2390
42621,42582,natural-cotton-yoga-mat-24-572-5-inches-with-superior-natural-rubber-grip-lotus,Yo-M-P-HG-T,publish,Plain Superior Grip Yoga Mat,9386,,attribute_color=Teal;attribute_macrame-strap=Without Strap;attribute_type=Plain,2750,1990
42624,42582,natural-cotton-yoga-mat-24-572-5-inches-with-superior-natural-rubber-grip-lotus,Yo-M-P-HG-O-MC-G,publish,Plain Superior Grip Yoga Mat,43791,,attribute_color=Orange;attribute_macrame-strap=Green;attribute_type=Plain,3350,2390
42627,42582,natural-cotton-yoga-mat-24-572-5-inches-with-superior-natural-rubber-grip-lotus,Yo-M-P-HG-O-MC-DG,publish,Plain Superior Grip Yoga Mat,43792,,attribute_color=Orange;attribute_macrame-strap=Dark Grey;attribute_type=Plain,3350,2390
42630,42582,natural-cotton-yoga-mat-24-572-5-inches-with-superior-natural-rubber-grip-lotus,Yo-M-P-HG-O-MC-O,publish,Plain Superior Grip Yoga Mat,43793,,attribute_color=Orange;attribute_macrame-strap=Orange;attribute_type=Plain,3350,2390
42636,42582,natural-cotton-yoga-mat-24-572-5-inches-with-superior-natural-rubber-grip-lotus,Yo-M-P-HG-O-MC-B,publish,Plain Superior Grip Yoga Mat,43790,,attribute_color=Orange;attribute_macrame-strap=Brown;attribute_type=Plain,3350,2390
42639,42582,natural-cotton-yoga-mat-24-572-5-inches-with-superior-natural-rubber-grip-lotus,Yo-M-P-HG-O,publish,Plain Superior Grip Yoga Mat,9518,,attribute_color=Orange;attribute_macrame-strap=Without Strap;attribute_type=Plain,2750,1990
42642,42582,natural-cotton-yoga-mat-24-572-5-inches-with-superior-natural-rubber-grip-lotus,Yo-M-P-HG-Y-MC-G,publish,Plain Superior Grip Yoga Mat,43796,,attribute_color=Yellow;attribute_macrame-strap=Green;attribute_type=Plain,3350,2390
42645,42582,natural-cotton-yoga-mat-24-572-5-inches-with-superior-natural-rubber-grip-lotus,Yo-M-P-HG-Y-MC-DG,publish,Plain Superior Grip Yoga Mat,43797,,attribute_color=Yellow;attribute_macrame-strap=Dark Grey;attribute_type=Plain,3350,2390
42650,42582,natural-cotton-yoga-mat-24-572-5-inches-with-superior-natural-rubber-grip-lotus,Yo-M-P-HG-Y-MC-O,publish,Plain Superior Grip Yoga Mat,43795,,attribute_color=Yellow;attribute_macrame-strap=Orange;attribute_type=Plain,3350,2390
42662,42582,natural-cotton-yoga-mat-24-572-5-inches-with-superior-natural-rubber-grip-lotus,Yo-M-P-HG-Y-MC-B,publish,Plain Superior Grip Yoga Mat,43794,,attribute_color=Yellow;attribute_macrame-strap=Brown;attribute_type=Plain,3350,2390
42651,42648,natural-cotton-yoga-mat-24-572-5-inches-with-superior-natural-rubber-grip-copy-2,Yo-M-L-HG-P,publish,Lotus Superior Grip Yoga Mat,9456,,attribute_color=Pink;attribute_macrame-strap=Without Strap;attribute_type=Lotus,2750,1990
42657,42648,natural-cotton-yoga-mat-24-572-5-inches-with-superior-natural-rubber-grip-copy-2,Yo-M-L-HG-P-MC-B,publish,Lotus Superior Grip Yoga Mat,43722,,attribute_color=Pink;attribute_macrame-strap=Brown;attribute_type=Lotus,3350,2390
42666,42648,natural-cotton-yoga-mat-24-572-5-inches-with-superior-natural-rubber-grip-copy-2,Yo-M-L-HG-P-MC-O,publish,Lotus Superior Grip Yoga Mat,43772,,attribute_color=Pink;attribute_macrame-strap=Orange;attribute_type=Lotus,3350,2390
42669,42648,natural-cotton-yoga-mat-24-572-5-inches-with-superior-natural-rubber-grip-copy-2,Yo-M-L-HG-P-MC-DG,publish,Lotus Superior Grip Yoga Mat,43771,,attribute_color=Pink;attribute_macrame-strap=Dark Grey;attribute_type=Lotus,3350,2390
42672,42648,natural-cotton-yoga-mat-24-572-5-inches-with-superior-natural-rubber-grip-copy-2,Yo-M-L-HG-P-MC-G,publish,Lotus Superior Grip Yoga Mat,43770,,attribute_color=Pink;attribute_macrame-strap=Green;attribute_type=Lotus,3350,2390
42678,42648,natural-cotton-yoga-mat-24-572-5-inches-with-superior-natural-rubber-grip-copy-2,Yo-M-L-HG-Y,publish,Lotus Superior Grip Yoga Mat,9523,,attribute_color=Yellow;attribute_macrame-strap=Without Strap;attribute_type=Lotus,2750,1990
42686,42648,natural-cotton-yoga-mat-24-572-5-inches-with-superior-natural-rubber-grip-copy-2,Yo-M-L-HG-T-MC-G,publish,Lotus Superior Grip Yoga Mat,43774,,attribute_color=Teal;attribute_macrame-strap=Green;attribute_type=Lotus,3350,2390
42692,42648,natural-cotton-yoga-mat-24-572-5-inches-with-superior-natural-rubber-grip-copy-2,Yo-M-L-HG-T-MC-DG,publish,Lotus Superior Grip Yoga Mat,43775,,attribute_color=Teal;attribute_macrame-strap=Dark Grey;attribute_type=Lotus,3350,2390
42698,42648,natural-cotton-yoga-mat-24-572-5-inches-with-superior-natural-rubber-grip-copy-2,Yo-M-L-HG-T-MC-O,publish,Lotus Superior Grip Yoga Mat,43776,,attribute_color=Teal;attribute_macrame-strap=Orange;attribute_type=Lotus,3350,2390
42710,42648,natural-cotton-yoga-mat-24-572-5-inches-with-superior-natural-rubber-grip-copy-2,Yo-M-L-HG-T-MC-B,publish,Lotus Superior Grip Yoga Mat,43773,,attribute_color=Teal;attribute_macrame-strap=Brown;attribute_type=Lotus,3350,2390
42716,42648,natural-cotton-yoga-mat-24-572-5-inches-with-superior-natural-rubber-grip-copy-2,Yo-M-L-HG-T,publish,Lotus Superior Grip Yoga Mat,9387,,attribute_color=Teal;attribute_macrame-strap=Without Strap;attribute_type=Lotus,2750,1990
42722,42648,natural-cotton-yoga-mat-24-572-5-inches-with-superior-natural-rubber-grip-copy-2,Yo-M-L-HG-O-MC-G,publish,Lotus Superior Grip Yoga Mat,43778,,attribute_color=Orange;attribute_macrame-strap=Green;attribute_type=Lotus,3350,2390
42728,42648,natural-cotton-yoga-mat-24-572-5-inches-with-superior-natural-rubber-grip-copy-2,Yo-M-L-HG-O-MC-DG,publish,Lotus Superior Grip Yoga Mat,43779,,attribute_color=Orange;attribute_macrame-strap=Dark Grey;attribute_type=Lotus,3350,2390
42734,42648,natural-cotton-yoga-mat-24-572-5-inches-with-superior-natural-rubber-grip-copy-2,Yo-M-L-HG-O-MC-O,publish,Lotus Superior Grip Yoga Mat,43780,,attribute_color=Orange;attribute_macrame-strap=Orange;attribute_type=Lotus,3350,2390
42746,42648,natural-cotton-yoga-mat-24-572-5-inches-with-superior-natural-rubber-grip-copy-2,Yo-M-L-HG-O-MC-B,publish,Lotus Superior Grip Yoga Mat,43777,,attribute_color=Orange;attribute_macrame-strap=Brown;attribute_type=Lotus,3350,2390
42752,42648,natural-cotton-yoga-mat-24-572-5-inches-with-superior-natural-rubber-grip-copy-2,Yo-M-L-HG-O,publish,Lotus Superior Grip Yoga Mat,9519,,attribute_color=Orange;attribute_macrame-strap=Without Strap;attribute_type=Lotus,2750,1990
42758,42648,natural-cotton-yoga-mat-24-572-5-inches-with-superior-natural-rubber-grip-copy-2,Yo-M-L-HG-Y-MC-G,publish,Lotus Superior Grip Yoga Mat,43782,,attribute_color=Yellow;attribute_macrame-strap=Green;attribute_type=Lotus,3350,2390
42765,42648,natural-cotton-yoga-mat-24-572-5-inches-with-superior-natural-rubber-grip-copy-2,Yo-M-L-HG-Y-MC-DG,publish,Lotus Superior Grip Yoga Mat,43783,,attribute_color=Yellow;attribute_macrame-strap=Dark Grey;attribute_type=Lotus,3350,2390
42771,42648,natural-cotton-yoga-mat-24-572-5-inches-with-superior-natural-rubber-grip-copy-2,Yo-M-L-HG-Y-MC-O,publish,Lotus Superior Grip Yoga Mat,43784,,attribute_color=Yellow;attribute_macrame-strap=Orange;attribute_type=Lotus,3350,2390
42783,42648,natural-cotton-yoga-mat-24-572-5-inches-with-superior-natural-rubber-grip-copy-2,Yo-M-L-HG-Y-MC-B,publish,Lotus Superior Grip Yoga Mat,43781,,attribute_color=Yellow;attribute_macrame-strap=Brown;attribute_type=Lotus,3350,2390
42675,42674,natural-cotton-yoga-mat-24-572-5-inches-with-superior-natural-rubber-grip-copy,Yo-M-C-HG-P,publish,7 Chakras Superior Grip Yoga Mats,9457,,attribute_color=Pink;attribute_macrame-strap=Without Strap;attribute_type=7 Chakra,2750,1990
42681,42674,natural-cotton-yoga-mat-24-572-5-inches-with-superior-natural-rubber-grip-copy,Yo-M-C-HG-P-MC-B,publish,7 Chakras Superior Grip Yoga Mats,43766,,attribute_color=Pink;attribute_macrame-strap=Brown;attribute_type=7 Chakra,3350,2390
42693,42674,natural-cotton-yoga-mat-24-572-5-inches-with-superior-natural-rubber-grip-copy,Yo-M-C-HG-P-MC-O,publish,7 Chakras Superior Grip Yoga Mats,43769,,attribute_color=Pink;attribute_macrame-strap=Orange;attribute_type=7 Chakra,3350,2390
42699,42674,natural-cotton-yoga-mat-24-572-5-inches-with-superior-natural-rubber-grip-copy,Yo-M-C-HG-P-MC-DG,publish,7 Chakras Superior Grip Yoga Mats,43768,,attribute_color=Pink;attribute_macrame-strap=Dark Grey;attribute_type=7 Chakra,3350,2390
42705,42674,natural-cotton-yoga-mat-24-572-5-inches-with-superior-natural-rubber-grip-copy,Yo-M-C-HG-P-MC-G,publish,7 Chakras Superior Grip Yoga Mats,43767,,attribute_color=Pink;attribute_macrame-strap=Green;attribute_type=7 Chakra,3350,2390
42711,42674,natural-cotton-yoga-mat-24-572-5-inches-with-superior-natural-rubber-grip-copy,Yo-M-C-HG-Y,publish,7 Chakras Superior Grip Yoga Mats,9524,,attribute_color=Yellow;attribute_macrame-strap=Without Strap;attribute_type=7 Chakra,2750,1990
42717,42674,natural-cotton-yoga-mat-24-572-5-inches-with-superior-natural-rubber-grip-copy,Yo-M-C-HG-Y-MC-B,publish,7 Chakras Superior Grip Yoga Mats,43753,,attribute_color=Yellow;attribute_macrame-strap=Brown;attribute_type=7 Chakra,3350,2390
42723,42674,natural-cotton-yoga-mat-24-572-5-inches-with-superior-natural-rubber-grip-copy,Yo-M-C-HG-T-MC-G,publish,7 Chakras Superior Grip Yoga Mats,43762,,attribute_color=Teal;attribute_macrame-strap=Green;attribute_type=7 Chakra,3350,2390
42729,42674,natural-cotton-yoga-mat-24-572-5-inches-with-superior-natural-rubber-grip-copy,Yo-M-C-HG-T-MC-DG,publish,7 Chakras Superior Grip Yoga Mats,43764,,attribute_color=Teal;attribute_macrame-strap=Dark Grey;attribute_type=7 Chakra,3350,2390
42735,42674,natural-cotton-yoga-mat-24-572-5-inches-with-superior-natural-rubber-grip-copy,Yo-M-C-HG-T-MC-O,publish,7 Chakras Superior Grip Yoga Mats,43765,,attribute_color=Teal;attribute_macrame-strap=Orange;attribute_type=7 Chakra,3350,2390
42747,42674,natural-cotton-yoga-mat-24-572-5-inches-with-superior-natural-rubber-grip-copy,Yo-M-C-HG-T-MC-B,publish,7 Chakras Superior Grip Yoga Mats,43761,,attribute_color=Teal;attribute_macrame-strap=Brown;attribute_type=7 Chakra,3350,2390
42753,42674,natural-cotton-yoga-mat-24-572-5-inches-with-superior-natural-rubber-grip-copy,Yo-M-C-HG-T,publish,7 Chakras Superior Grip Yoga Mats,9385,,attribute_color=Teal;attribute_macrame-strap=Without Strap;attribute_type=7 Chakra,2750,1990
42759,42674,natural-cotton-yoga-mat-24-572-5-inches-with-superior-natural-rubber-grip-copy,Yo-M-C-HG-O-MC-G,publish,7 Chakras Superior Grip Yoga Mats,43759,,attribute_color=Orange;attribute_macrame-strap=Green,3350,2390
42764,42674,natural-cotton-yoga-mat-24-572-5-inches-with-superior-natural-rubber-grip-copy,Yo-M-C-HG-O-MC-DG,publish,7 Chakras Superior Grip Yoga Mats,43760,,attribute_color=Orange;attribute_macrame-strap=Dark Grey;attribute_type=7 Chakra,3350,2390
42770,42674,natural-cotton-yoga-mat-24-572-5-inches-with-superior-natural-rubber-grip-copy,Yo-M-C-HG-O-MC-O,publish,7 Chakras Superior Grip Yoga Mats,43757,,attribute_color=Orange;attribute_macrame-strap=Orange;attribute_type=7 Chakra,3350,2390
42782,42674,natural-cotton-yoga-mat-24-572-5-inches-with-superior-natural-rubber-grip-copy,Yo-M-C-HG-O-MC-B,publish,7 Chakras Superior Grip Yoga Mats,43758,,attribute_color=Orange;attribute_macrame-strap=Brown;attribute_type=7 Chakra,3350,2390
42786,42674,natural-cotton-yoga-mat-24-572-5-inches-with-superior-natural-rubber-grip-copy,Yo-M-C-HG-O,publish,7 Chakras Superior Grip Yoga Mats,9520,,attribute_color=Orange;attribute_macrame-strap=Without Strap;attribute_type=7 Chakra,2750,1990
42789,42674,natural-cotton-yoga-mat-24-572-5-inches-with-superior-natural-rubber-grip-copy,Yo-M-C-HG-Y-MC-G,publish,7 Chakras Superior Grip Yoga Mats,43754,,attribute_color=Yellow;attribute_macrame-strap=Green;attribute_type=7 Chakra,3350,2390
42792,42674,natural-cotton-yoga-mat-24-572-5-inches-with-superior-natural-rubber-grip-copy,Yo-M-C-HG-Y-MC-DG,publish,7 Chakras Superior Grip Yoga Mats,43755,,attribute_color=Yellow;attribute_macrame-strap=Dark Grey;attribute_type=7 Chakra,3350,2390
42795,42674,natural-cotton-yoga-mat-24-572-5-inches-with-superior-natural-rubber-grip-copy,Yo-M-C-HG-Y-MC-O,publish,7 Chakras Superior Grip Yoga Mats,43756,,attribute_color=Yellow;attribute_macrame-strap=Orange;attribute_type=7 Chakra,3350,2390
43231,43219,crystal-bowls-set-of-7,,publish,Crystal Bowls - Set of 7,44991,,attribute_colour=Frosted White;attribute_pa_dumroo-size=6-12-in-set,91500,81500
43232,43219,crystal-bowls-set-of-7,,publish,Crystal Bowls - Set of 7,44990,,attribute_colour=Frosted White;attribute_pa_dumroo-size=8-14-in-set,107500,97500
44988,43219,crystal-bowls-set-of-7,,publish,Crystal Bowls - Set of 7,44994,,attribute_colour=Chakra Coloured;attribute_pa_dumroo-size=8-14-in-set,115500,105500
44989,43219,crystal-bowls-set-of-7,,publish,Crystal Bowls - Set of 7,44995,,attribute_colour=Chakra Coloured;attribute_pa_dumroo-size=6-12-in-set,99500,89500
43308,43286,handmade-extra-large-meridian-singing-bowls,Mi-SB-MD-P-22,publish,"Extra Large Meridian Singing Bowls - Plain, 22 In",43316,,attribute_size=22 In;attribute_type=Plain,113500,103500
43309,43286,handmade-extra-large-meridian-singing-bowls,Mi-SB-MD-P-24,publish,"Extra Large Meridian Singing Bowls - Plain, 24 In",43318,,attribute_size=24 In;attribute_type=Plain,149500,139500
43310,43286,handmade-extra-large-meridian-singing-bowls,Mi-SB-MD-P-26,publish,"Extra Large Meridian Singing Bowls - Plain, 23 In",43316,,attribute_size=23 In;attribute_type=Plain,132500,122500
43311,43286,handmade-extra-large-meridian-singing-bowls,Mi-SB-MD-E-22,publish,"Extra Large Meridian Singing Bowls - Etched, 22 In",43317,,attribute_size=22 In;attribute_type=Etched,127500,117500
43312,43286,handmade-extra-large-meridian-singing-bowls,Mi-SB-MD-E-24,publish,"Extra Large Meridian Singing Bowls - Etched, 24 In",43315,,attribute_size=24 In;attribute_type=Etched,164500,154500
43313,43286,handmade-extra-large-meridian-singing-bowls,Mi-SB-MD-E-26,publish,"Extra Large Meridian Singing Bowls - Etched, 23 In",43314,,attribute_size=23 In;attribute_type=Etched,148500,138500
45208,43286,handmade-extra-large-meridian-singing-bowls,Mi-SB-MD-P-18,publish,"Extra Large Meridian Singing Bowls - Plain, 18 In",0,,attribute_size=18 In;attribute_type=Plain,81500,71500
45209,43286,handmade-extra-large-meridian-singing-bowls,Mi-SB-MD-P-20,publish,"Extra Large Meridian Singing Bowls - Plain, 20 In",0,,attribute_size=20 In;attribute_type=Plain,99500,89500
45210,43286,handmade-extra-large-meridian-singing-bowls,Mi-SB-MD-E-18,publish,"Extra Large Meridian Singing Bowls - Etched, 18 In",0,,attribute_size=18 In;attribute_type=Etched,93500,83500
45211,43286,handmade-extra-large-meridian-singing-bowls,Mi-SB-MD-E-20,publish,"Extra Large Meridian Singing Bowls - Etched, 20 In",0,,attribute_size=20 In;attribute_type=Etched,108500,98500
44506,44503,7-chakras-copper-water-bottles-with-handle,CB-7CP-B-1,publish,7 Chakras Copper Water Bottles with Handle,6488,,attribute_cleaning-brush=With Brush;attribute_size=1L;attribute_type=7 Chakras Plain,1749,1345
44507,44503,7-chakras-copper-water-bottles-with-handle,CB-7CP-1,publish,7 Chakras Copper Water Bottles with Handle,6451,,attribute_cleaning-brush=Without Brush;attribute_size=1L;attribute_type=7 Chakras Plain,1619,1245
44510,44503,7-chakras-copper-water-bottles-with-handle,CB-7CV-B-1,publish,7 Chakras Copper Water Bottles with Handle,6489,,attribute_cleaning-brush=With Brush;attribute_size=1L;attribute_type=7 Chakras Vintage,1749,1345
44511,44503,7-chakras-copper-water-bottles-with-handle,CB-7CV-1,publish,7 Chakras Copper Water Bottles with Handle,6412,,attribute_cleaning-brush=Without Brush;attribute_size=1L;attribute_type=7 Chakras Vintage,1619,1245
45038,44969,djembe-drums,,publish,"Djembe Drums - Ivory, 8in",45048,,attribute_color=Ivory;attribute_size=8in,4400,3950
45039,44969,djembe-drums,,publish,"Djembe Drums - Mahogany, 8in",45044,,attribute_color=Mahogany;attribute_size=8in,4300,3950
45040,44969,djembe-drums,,publish,"Djembe Drums - Ivory, 10in",45048,,attribute_color=Ivory;attribute_size=10in,6990,5350
45041,44969,djembe-drums,,publish,"Djembe Drums - Mahogany, 10in",45044,,attribute_color=Mahogany;attribute_size=10in,6900,5350
45042,44969,djembe-drums,,publish,"Djembe Drums - Ivory, 12in",45048,,attribute_color=Ivory;attribute_size=12in,8200,6350
45043,44969,djembe-drums,,publish,"Djembe Drums - Mahogany, 12in",45044,,attribute_color=Mahogany;attribute_size=12in,8100,6350
48222,44969,djembe-drums,,publish,"Djembe Drums - Mahogany, 14in",0,,attribute_color=Mahogany;attribute_size=14in,8350,7450
48223,44969,djembe-drums,,publish,"Djembe Drums - Ivory, 14in",0,,attribute_color=Ivory;attribute_size=14in,8350,7450
45003,44970,shruti-box,,publish,Shruti Box - 1 Octave,45006,,attribute_octaves=1 Octave,10500,9950
45004,44970,shruti-box,,publish,Shruti Box - 2 Octaves,45007,,attribute_octaves=2 Octaves,12500,11900
45005,44970,shruti-box,,publish,Shruti Box - 3 Octaves,45009,,attribute_octaves=3 Octaves,14750,13490
45020,44972,harmonium,,publish,Harmonium - Professional,45033,,attribute_type=Professional,33500,28900
45021,44972,harmonium,,publish,Harmonium - Compact,45022,,attribute_type=Compact,27500,23990
45118,45113,hanging-bowls-zen-drops,,publish,Hanging Bowls/Zen Drops - Set of 3,45122,,attribute_type=Set of 3,9950,8950
45138,45127,singing-bowl-bags,MI-SB-Bag-S,publish,Singing Bowl Bags - Small,45141,,attribute_type=Small,2490,1790
45139,45127,singing-bowl-bags,MI-SB-Bag-M,publish,Singing Bowl Bags - Standard,45145,,attribute_type=Standard,2890,1990
45140,45127,singing-bowl-bags,MI-SB-Bag-L,publish,Singing Bowl Bags - Large,45145,,attribute_type=Large,3390,2290
45133,45131,shamanic-drum-bags-ocean-drum-bags,,publish,Shamanic Drum Bags/Ocean Drum Bags - Small,45136,,attribute_type=Small,1390,990
45134,45131,shamanic-drum-bags-ocean-drum-bags,,publish,Shamanic Drum Bags/Ocean Drum Bags - Large,45136,,attribute_type=Large,1790,1290
46932,45131,shamanic-drum-bags-ocean-drum-bags,,publish,Shamanic Drum Bags/Ocean Drum Bags - Medium,0,,attribute_type=Medium,1295,1190
51170,45152,gong-bags,,publish,Gong Bags - Small,0,,attribute_type=Small,2350,1950
51171,45152,gong-bags,,publish,Gong Bags - Medium,0,,attribute_type=Medium,2750,2350
51172,45152,gong-bags,,publish,Gong Bags - Large,0,,attribute_type=Large,3450,2750
51173,45152,gong-bags,,publish,Gong Bags - Extra Large,0,,attribute_type=Extra Large,4000,3450
46430,45197,kenari-chimes,,publish,Kenari Chimes - Small & Large - Small,46432,,attribute_size=Small,4500,3950
46431,45197,kenari-chimes,,publish,Kenari Chimes - Small & Large - Large,45198,,attribute_size=Large,5650,4950
45294,45289,gong-stand,,publish,"Gong Stand - Light, Small",0,,attribute_color=Light;attribute_size=Small,7000,6850
45295,45289,gong-stand,,publish,"Gong Stand - Light, Medium",0,,attribute_color=Light;attribute_size=Medium,7850,7450
45296,45289,gong-stand,,publish,"Gong Stand - Light, Large",0,,attribute_color=Light;attribute_size=Large,9000,8450
45297,45289,gong-stand,,publish,"Gong Stand - Dark, Small",0,,attribute_color=Dark;attribute_size=Small,7000,6850
45298,45289,gong-stand,,publish,"Gong Stand - Dark, Medium",0,,attribute_color=Dark;attribute_size=Medium,7850,7450
45299,45289,gong-stand,,publish,"Gong Stand - Dark, Large",0,,attribute_color=Dark;attribute_size=Large,9000,8450
46254,45289,gong-stand,,publish,"Gong Stand - Light, Extra Large",0,,attribute_color=Light;attribute_size=Extra Large,10000,9000
46255,45289,gong-stand,,publish,"Gong Stand - Dark, Extra Large",0,,attribute_color=Dark;attribute_size=Extra Large,10000,9000
47882,45384,box-tanpura,,publish,Box Tanpura - Male Tanpura,47294,,attribute_tone=Male Tanpura,17000,13500
47883,45384,box-tanpura,,publish,Box Tanpura - Female Tanpura,47294,,attribute_tone=Female Tanpura,17000,13500
45450,45449,shankh-conch,,publish,Shankh/Conch - Small,0,,attribute_size=Small,1050,950
45451,45449,shankh-conch,,publish,Shankh/Conch - Medium,0,,attribute_size=Medium,1750,1450
45452,45449,shankh-conch,,publish,Shankh/Conch - Large,0,,attribute_size=Large,2000,1850
45486,45485,shruthi-thali-gong-plates,,publish,Shruthi Thali/Gong Plates - B Plate,0,,attribute_type=B Plate,9350,8350
45487,45485,shruthi-thali-gong-plates,,publish,Shruthi Thali/Gong Plates - A Plate,0,,attribute_type=A Plate,9950,8950
45488,45485,shruthi-thali-gong-plates,,publish,Shruthi Thali/Gong Plates - G Plate,0,,attribute_type=G Plate,10750,9750
45489,45485,shruthi-thali-gong-plates,,publish,Shruthi Thali/Gong Plates - F Plate,0,,attribute_type=F Plate,11550,10550
45490,45485,shruthi-thali-gong-plates,,publish,Shruthi Thali/Gong Plates - E Plate,0,,attribute_type=E Plate,12250,11250
45491,45485,shruthi-thali-gong-plates,,publish,Shruthi Thali/Gong Plates - D Plate,0,,attribute_type=D Plate,13850,12850
45492,45485,shruthi-thali-gong-plates,,publish,Shruthi Thali/Gong Plates - C Plate,0,,attribute_type=C Plate,15550,14550
45493,45485,shruthi-thali-gong-plates,,publish,Shruthi Thali/Gong Plates - Full Set,0,,attribute_type=Full Set,85500,75500
45978,45527,sound-pipe,,publish,Tune Sound Pipe - 432 Hz,0,,attribute_type=432 Hz,15500,13500
45979,45527,sound-pipe,,publish,Tune Sound Pipe - 465 Hz,0,,attribute_type=465 Hz,15500,13500
45980,45527,sound-pipe,,publish,Tune Sound Pipe - 639 Hz,0,,attribute_type=639 Hz,15500,13500
45981,45527,sound-pipe,,publish,Tune Sound Pipe - 900 Hz,0,,attribute_type=900 Hz,15500,13500
48694,45654,crystal-pyramid,,publish,Crystal Pyramid - 6 in,0,,attribute_size=6 in,9950,8950
48695,45654,crystal-pyramid,,publish,Crystal Pyramid - 8 in,0,,attribute_size=8 in,11950,10950
47894,45668,ceg-crystal-singing-bowl-set,,publish,Triad Crystal Bowl Set - CEG,0,,attribute_style=CEG,39550,35580
47895,45668,ceg-crystal-singing-bowl-set,,publish,Triad Crystal Bowl Set - DFA,0,,attribute_style=DFA,37250,34250
47896,45668,ceg-crystal-singing-bowl-set,,publish,Triad Crystal Bowl Set - EGB,0,,attribute_style=EGB,35250,33250
45871,45754,bird-flute,,publish,"Bird Flute - Brown, Single",46361,,attribute_colour=Brown;attribute_type=Single,375,275
45872,45754,bird-flute,,publish,"Bird Flute - Brown, Pair",46364,,attribute_colour=Brown;attribute_type=Pair,550,450
48645,45754,bird-flute,,publish,"Bird Flute - Green, Pair",0,,attribute_colour=Green;attribute_type=Pair,750,650
48646,45754,bird-flute,,publish,"Bird Flute - Green, Single",48642,,attribute_colour=Green;attribute_type=Single,475,375
48660,45754,bird-flute,,publish,"Bird Flute - Mixed, Pair",0,,attribute_colour=Mixed;attribute_type=Pair,700,600
46110,46017,,,publish,Yoga Mats Superior & Moderate,0,,attribute_color=Teal;attribute_grip=Moderate;attribute_type=7 Chakras,2450,1790
46111,46017,,,publish,Yoga Mats Superior & Moderate,0,,attribute_color=Orange;attribute_grip=Moderate;attribute_type=7 Chakras,2450,1790
46112,46017,,,publish,Yoga Mats Superior & Moderate,0,,attribute_color=Yellow;attribute_grip=Moderate;attribute_type=7 Chakras,2450,1790
46113,46017,,,publish,Yoga Mats Superior & Moderate,0,,attribute_color=Pink;attribute_grip=Moderate;attribute_type=7 Chakras,2450,1790
46114,46017,,,publish,Yoga Mats Superior & Moderate,0,,attribute_color=Teal;attribute_grip=Superior;attribute_type=7 Chakras,2750,1990
46115,46017,,,publish,Yoga Mats Superior & Moderate,0,,attribute_color=Orange;attribute_grip=Superior;attribute_type=7 Chakras,2750,1990
46116,46017,,,publish,Yoga Mats Superior & Moderate,0,,attribute_color=Yellow;attribute_grip=Superior;attribute_type=7 Chakras,2750,1990
46117,46017,,,publish,Yoga Mats Superior & Moderate,0,,attribute_color=Pink;attribute_grip=Superior;attribute_type=7 Chakras,2750,1990
46118,46017,,,publish,Yoga Mats Superior & Moderate,0,,attribute_color=Teal;attribute_grip=Moderate;attribute_type=Lotus,2450,1790
46119,46017,,,publish,Yoga Mats Superior & Moderate,0,,attribute_color=Orange;attribute_grip=Moderate;attribute_type=Lotus,2450,1790
46120,46017,,,publish,Yoga Mats Superior & Moderate,0,,attribute_color=Yellow;attribute_grip=Moderate;attribute_type=Lotus,2450,1790
46121,46017,,,publish,Yoga Mats Superior & Moderate,0,,attribute_color=Pink;attribute_grip=Moderate;attribute_type=Lotus,2450,1790
46122,46017,,,publish,Yoga Mats Superior & Moderate,0,,attribute_color=Teal;attribute_grip=Superior;attribute_type=Lotus,2750,1990
46123,46017,,,publish,Yoga Mats Superior & Moderate,0,,attribute_color=Orange;attribute_grip=Superior;attribute_type=Lotus,2750,1990
46124,46017,,,publish,Yoga Mats Superior & Moderate,0,,attribute_color=Yellow;attribute_grip=Superior;attribute_type=Lotus,2750,1990
46125,46017,,,publish,Yoga Mats Superior & Moderate,0,,attribute_color=Pink;attribute_grip=Superior;attribute_type=Lotus,2750,1990
46126,46017,,,publish,Yoga Mats Superior & Moderate,0,,attribute_color=Teal;attribute_grip=Moderate;attribute_type=Plain,2350,1690
46127,46017,,,publish,Yoga Mats Superior & Moderate,0,,attribute_color=Orange;attribute_grip=Moderate;attribute_type=Plain,2350,1690
46128,46017,,,publish,Yoga Mats Superior & Moderate,0,,attribute_color=Yellow;attribute_grip=Moderate;attribute_type=Plain,2350,1690
46129,46017,,,publish,Yoga Mats Superior & Moderate,0,,attribute_color=Pink;attribute_grip=Moderate;attribute_type=Plain,2350,1690
46130,46017,,,publish,Yoga Mats Superior & Moderate,0,,attribute_color=Teal;attribute_grip=Superior;attribute_type=Plain,2750,1790
46131,46017,,,publish,Yoga Mats Superior & Moderate,0,,attribute_color=Orange;attribute_grip=Superior;attribute_type=Plain,2750,1790
46132,46017,,,publish,Yoga Mats Superior & Moderate,0,,attribute_color=Yellow;attribute_grip=Superior;attribute_type=Plain,2750,1790
46133,46017,,,publish,Yoga Mats Superior & Moderate,0,,attribute_color=Pink;attribute_grip=Superior;attribute_type=Plain,2750,1790
46162,46141,7-chakras-yoga-mats,,publish,"7 Chakras Yoga Mats - Moderate, Teal",0,,attribute_color=Teal;attribute_grip=Moderate,2450,1790
46163,46141,7-chakras-yoga-mats,,publish,"7 Chakras Yoga Mats - Moderate, Orange",0,,attribute_color=Orange;attribute_grip=Moderate,2450,1790
46164,46141,7-chakras-yoga-mats,,publish,"7 Chakras Yoga Mats - Moderate, Yellow",0,,attribute_color=Yellow;attribute_grip=Moderate,2450,1790
46165,46141,7-chakras-yoga-mats,,publish,"7 Chakras Yoga Mats - Moderate, Pink",0,,attribute_color=Pink;attribute_grip=Moderate,2450,1790
46166,46141,7-chakras-yoga-mats,,publish,"7 Chakras Yoga Mats - Superior, Teal",0,,attribute_color=Teal;attribute_grip=Superior,2750,1990
46167,46141,7-chakras-yoga-mats,,publish,"7 Chakras Yoga Mats - Superior, Orange",0,,attribute_color=Orange;attribute_grip=Superior,2750,1990
46168,46141,7-chakras-yoga-mats,,publish,"7 Chakras Yoga Mats - Superior, Yellow",0,,attribute_color=Yellow;attribute_grip=Superior,2750,1990
46169,46141,7-chakras-yoga-mats,,publish,"7 Chakras Yoga Mats - Superior, Pink",0,,attribute_color=Pink;attribute_grip=Superior,2750,1990
46192,46171,lotus-yoga-mat,,publish,"Lotus Yoga Mat - Moderate, Teal",0,,attribute_color=Teal;attribute_grip=Moderate,2450,1790
46193,46171,lotus-yoga-mat,,publish,"Lotus Yoga Mat - Moderate, Orange",0,,attribute_color=Orange;attribute_grip=Moderate,2450,1790
46194,46171,lotus-yoga-mat,,publish,"Lotus Yoga Mat - Moderate, Yellow",0,,attribute_color=Yellow;attribute_grip=Moderate,2450,1790
46195,46171,lotus-yoga-mat,,publish,"Lotus Yoga Mat - Moderate, Pink",0,,attribute_color=Pink;attribute_grip=Moderate,2450,1790
46196,46171,lotus-yoga-mat,,publish,"Lotus Yoga Mat - Superior, Teal",0,,attribute_color=Teal;attribute_grip=Superior,2750,1990
46197,46171,lotus-yoga-mat,,publish,"Lotus Yoga Mat - Superior, Orange",0,,attribute_color=Orange;attribute_grip=Superior,2750,1990
46198,46171,lotus-yoga-mat,,publish,"Lotus Yoga Mat - Superior, Yellow",0,,attribute_color=Yellow;attribute_grip=Superior,2750,1990
46199,46171,lotus-yoga-mat,,publish,"Lotus Yoga Mat - Superior, Pink",0,,attribute_color=Pink;attribute_grip=Superior,2750,1990
46241,46220,plain-yoga-mats,,publish,"Plain Yoga Mats - Teal, Moderate",0,,attribute_color=Teal;attribute_grip=Moderate,2350,1690
46242,46220,plain-yoga-mats,,publish,"Plain Yoga Mats - Teal, Superior",0,,attribute_color=Teal;attribute_grip=Superior,2750,1790
46243,46220,plain-yoga-mats,,publish,"Plain Yoga Mats - Orange, Moderate",0,,attribute_color=Orange;attribute_grip=Moderate,2350,1690
46244,46220,plain-yoga-mats,,publish,"Plain Yoga Mats - Orange, Superior",0,,attribute_color=Orange;attribute_grip=Superior,2750,1790
46245,46220,plain-yoga-mats,,publish,"Plain Yoga Mats - Yellow, Moderate",0,,attribute_color=Yellow;attribute_grip=Moderate,2350,1690
46246,46220,plain-yoga-mats,,publish,"Plain Yoga Mats - Yellow, Superior",0,,attribute_color=Yellow;attribute_grip=Superior,2750,1790
46247,46220,plain-yoga-mats,,publish,"Plain Yoga Mats - Pink, Moderate",0,,attribute_color=Pink;attribute_grip=Moderate,2350,1690
46248,46220,plain-yoga-mats,,publish,"Plain Yoga Mats - Pink, Superior",0,,attribute_color=Pink;attribute_grip=Superior,2750,1790
47790,46495,mini-bamboo-slide-whistle,,publish,Mini Bamboo Slide Whistle - Single,0,,attribute_type=Single,455,250
47791,46495,mini-bamboo-slide-whistle,,publish,Mini Bamboo Slide Whistle - Single Painted,0,,attribute_type=Single Painted,465,285
47792,46495,mini-bamboo-slide-whistle,,publish,Mini Bamboo Slide Whistle - Double,0,,attribute_type=Double,625,395
47082,47081,crystal-bowl-bag,,publish,Crystal Bowl Bag - Small,0,,attribute_size=Small,1650,1450
47083,47081,crystal-bowl-bag,,publish,Crystal Bowl Bag - Medium,0,,attribute_size=Medium,1850,1650
47084,47081,crystal-bowl-bag,,publish,Crystal Bowl Bag - Large,0,,attribute_size=Large,2150,1850
47495,47494,crescent-zafu-cushion-compact,Me-C-Z-L-RP-1,publish,Crescent Zafu Cushion - Wide - Rouge Pink,6743,,attribute_colour=Rouge Pink;attribute_type=Large,1420,1145
47497,47494,crescent-zafu-cushion-compact,Me-C-Z-L-MB-1,publish,Crescent Zafu Cushion - Wide - Misty Blue,44916,,attribute_colour=Misty Blue;attribute_type=Large,1420,1145
47498,47494,crescent-zafu-cushion-compact,Me-C-Z-L-L-1,publish,Crescent Zafu Cushion - Wide - Lavender,44917,,attribute_colour=Lavender;attribute_type=Large,1420,1145
47522,47508,crescent-zafu-cushion-wide,,publish,Crescent Zafu Cushion - Compact - Dark Grey,0,,attribute_colour=Dark Grey,1450,1085
47523,47508,crescent-zafu-cushion-wide,,publish,Crescent Zafu Cushion - Compact - Misty Blue,0,,attribute_colour=Misty Blue,1450,1085
47524,47508,crescent-zafu-cushion-wide,,publish,Crescent Zafu Cushion - Compact - Lavender,0,,attribute_colour=Lavender,1450,1085
47525,47508,crescent-zafu-cushion-wide,,publish,Crescent Zafu Cushion - Compact - Sage,0,,attribute_colour=Sage,1450,1085
47526,47508,crescent-zafu-cushion-wide,,publish,Crescent Zafu Cushion - Compact - Rose,0,,attribute_colour=Rose,1450,1085
47922,47742,bendo-shaker,,publish,Bendo Shaker - Small,0,,attribute_size=Small,1550,1350
47923,47742,bendo-shaker,,publish,Bendo Shaker - Large,0,,attribute_size=Large,2550,2150
48181,48133,tuning-forks-activators,,publish,Tuning Fork Activators - Activator,0,,attribute_type=Activator,250,150
48182,48133,tuning-forks-activators,,publish,Tuning Fork Activators - Mallet,0,,attribute_type=Mallet,250,150
48183,48133,tuning-forks-activators,,publish,Tuning Fork Activators - Activator & Mallet,0,,attribute_type=Activator & Mallet,350,250
48162,48135,tuning-forks-extensions,,publish,Tuning Fork Extensions - Extender,0,,attribute_type=Extender,650,450
48163,48135,tuning-forks-extensions,,publish,Tuning Fork Extensions - Circuit Boot,0,,attribute_type=Circuit Boot,790,690
48164,48135,tuning-forks-extensions,,publish,Tuning Fork Extensions - Massage Boot,0,,attribute_type=Massage Boot,690,590
48138,48136,tuning-forks-gem-foot,,publish,Tuning Forks Gem Feet - Maroon,0,,attribute_colour=Maroon,350,250
48139,48136,tuning-forks-gem-foot,,publish,Tuning Forks Gem Feet - Yellow,0,,attribute_colour=Yellow,350,250
48140,48136,tuning-forks-gem-foot,,publish,Tuning Forks Gem Feet - Violet,0,,attribute_colour=Violet,350,250
48141,48136,tuning-forks-gem-foot,,publish,Tuning Forks Gem Feet - Blue,0,,attribute_colour=Blue,350,250
48142,48136,tuning-forks-gem-foot,,publish,Tuning Forks Gem Feet - Green,0,,attribute_colour=Green,350,250
48143,48136,tuning-forks-gem-foot,,publish,Tuning Forks Gem Feet - Dark Blue,0,,attribute_colour=Dark Blue,350,250
48144,48136,tuning-forks-gem-foot,,publish,Tuning Forks Gem Feet - Red,0,,attribute_colour=Red,350,250
48179,48136,tuning-forks-gem-foot,,publish,Tuning Forks Gem Feet - Full Set,0,,attribute_colour=Full Set,1750,1450
48194,48193,tuning-forks-7-chakra-set,,publish,"Tuning Forks 7 Chakra Set - Weighted, With Gem Foot",0,,attribute_accessory=With Gem Foot;attribute_type=Weighted,11250,10250
48195,48193,tuning-forks-7-chakra-set,,publish,"Tuning Forks 7 Chakra Set - Weighted, Without Gem Foot",0,,attribute_accessory=Without Gem Foot;attribute_type=Weighted,10990,9990
48196,48193,tuning-forks-7-chakra-set,,publish,"Tuning Forks 7 Chakra Set - Unweighted, With Gem Foot",0,,attribute_accessory=With Gem Foot;attribute_type=Unweighted,9250,8250
48197,48193,tuning-forks-7-chakra-set,,publish,"Tuning Forks 7 Chakra Set - Unweighted, Without Gem Foot",0,,attribute_accessory=Without Gem Foot;attribute_type=Unweighted,8990,7990
48198,48193,tuning-forks-7-chakra-set,,publish,"Tuning Forks 7 Chakra Set - Colour Weighted, With Gem Foot",0,,attribute_accessory=With Gem Foot;attribute_type=Colour Weighted,12250,11250
48199,48193,tuning-forks-7-chakra-set,,publish,"Tuning Forks 7 Chakra Set - Colour Weighted, Without Gem Foot",0,,attribute_accessory=Without Gem Foot;attribute_type=Colour Weighted,11990,10990
48200,48193,tuning-forks-7-chakra-set,,publish,"Tuning Forks 7 Chakra Set - Colour Unweighted, With Gem Foot",0,,attribute_accessory=With Gem Foot;attribute_type=Colour Unweighted,10000,9150
48201,48193,tuning-forks-7-chakra-set,,publish,"Tuning Forks 7 Chakra Set - Colour Unweighted, Without Gem Foot",0,,attribute_accessory=Without Gem Foot;attribute_type=Colour Unweighted,9900,8900
48203,48202,tuning-forks-solfeggio-set,,publish,Tuning Forks Solfeggio Set - Weighted,0,,attribute_type=Weighted,12990,11990
48204,48202,tuning-forks-solfeggio-set,,publish,Tuning Forks Solfeggio Set - Unweighted,0,,attribute_type=Unweighted,10990,9990
48209,48205,angel-tuning-forks,,publish,Angel Tuning Forks - 4096 Hz,0,,attribute_hertz=4096 Hz,2750,2350
48210,48205,angel-tuning-forks,,publish,Angel Tuning Forks - 4160 Hz,0,,attribute_hertz=4160 Hz,3000,2550
48211,48205,angel-tuning-forks,,publish,Angel Tuning Forks - 4225 Hz,0,,attribute_hertz=4225 Hz,3250,2750
48230,48229,handcrafted-wooden-stand-for-tuning-forks,,publish,Wooden Stand for Tuning Forks - Three,0,,attribute_no-of-holes=Three,750,650
48231,48229,handcrafted-wooden-stand-for-tuning-forks,,publish,Wooden Stand for Tuning Forks - Five,0,,attribute_no-of-holes=Five,850,750
48232,48229,handcrafted-wooden-stand-for-tuning-forks,,publish,Wooden Stand for Tuning Forks - Seven,0,,attribute_no-of-holes=Seven,950,850
48233,48229,handcrafted-wooden-stand-for-tuning-forks,,publish,Wooden Stand for Tuning Forks - Nine,0,,attribute_no-of-holes=Nine,1050,950
48319,48318,cg-tuning-forks,,publish,C&G Tuning Forks - Weighted,0,,attribute_type=Weighted,5850,4580
48320,48318,cg-tuning-forks,,publish,C&G Tuning Forks - Unweighted,0,,attribute_type=Unweighted,4380,3380
48382,48373,ocarina-instrument-banana-oval,,publish,Ocarina Instruments - Banana,0,,attribute_shape=Banana,,
48383,48373,ocarina-instrument-banana-oval,,publish,Ocarina Instruments - Oval,0,,attribute_shape=Oval,,
49902,48421,brain-tuner-set-harmonize-your-minds-natural-rhythms,,publish,Brain Tuner Set – Harmonize Your Mind’s Natural Rhythms - Fundamental – 256 Hz,0,,attribute_frequency=Fundamental – 256 Hz,3500,2500
49903,48421,brain-tuner-set-harmonize-your-minds-natural-rhythms,,publish,Brain Tuner Set – Harmonize Your Mind’s Natural Rhythms - Delta – 259 Hz,0,,attribute_frequency=Delta – 259 Hz,3500,2500
49904,48421,brain-tuner-set-harmonize-your-minds-natural-rhythms,,publish,Brain Tuner Set – Harmonize Your Mind’s Natural Rhythms - Theta – 262 Hz,0,,attribute_frequency=Theta – 262 Hz,3500,2500
49905,48421,brain-tuner-set-harmonize-your-minds-natural-rhythms,,publish,Brain Tuner Set – Harmonize Your Mind’s Natural Rhythms - Alpha – 267 Hz,0,,attribute_frequency=Alpha – 267 Hz,3500,2500
49906,48421,brain-tuner-set-harmonize-your-minds-natural-rhythms,,publish,Brain Tuner Set – Harmonize Your Mind’s Natural Rhythms - Beta – 271 Hz,0,,attribute_frequency=Beta – 271 Hz,3500,2500
49907,48421,brain-tuner-set-harmonize-your-minds-natural-rhythms,,publish,Brain Tuner Set – Harmonize Your Mind’s Natural Rhythms - Combo of 5,0,,attribute_frequency=Combo of 5,10500,9500
51041,48428,native-american-style-flute-handcrafted-wooden-melody-maker,,publish,Native American Style Flutes - Double,0,,attribute_type=Double,22500,18500
51042,48428,native-american-style-flute-handcrafted-wooden-melody-maker,,publish,Native American Style Flutes - Triple,0,,attribute_type=Triple,25500,22500
51043,48428,native-american-style-flute-handcrafted-wooden-melody-maker,,publish,Native American Style Flutes - Single Small,0,,attribute_type=Single Small,9500,8500
51044,48428,native-american-style-flute-handcrafted-wooden-melody-maker,,publish,Native American Style Flutes - Single Medium,0,,attribute_type=Single Medium,11500,10250
51045,48428,native-american-style-flute-handcrafted-wooden-melody-maker,,publish,Native American Style Flutes - Single Large,0,,attribute_type=Single Large,12500,11950
48760,48512,pulse-tubes,,publish,Pulse Tubes - Big,0,,attribute_size=Big,3250,2850
48761,48512,pulse-tubes,,publish,Pulse Tubes - Medium,0,,attribute_size=Medium,2350,2150
48762,48512,pulse-tubes,,publish,Pulse Tubes - Small,0,,attribute_size=Small,1850,1650
48841,48653,classic-morchang-set,,publish,Classic Morchang Set - Sharp,0,,attribute_type=Sharp,2950,2350
48842,48653,classic-morchang-set,,publish,Classic Morchang Set - Middle,0,,attribute_type=Middle,2950,2350
48843,48653,classic-morchang-set,,publish,Classic Morchang Set - Bass,0,,attribute_type=Bass,2950,2350
48844,48653,classic-morchang-set,,publish,Classic Morchang Set - Full Set,0,,attribute_type=Full Set,9050,7000
48728,48727,7-chakra-morchang-set,,publish,7 Chakra Morchang Set - C Tune,0,,attribute_tunes=C Tune,2750,2650
48729,48727,7-chakra-morchang-set,,publish,7 Chakra Morchang Set - D Tune,0,,attribute_tunes=D Tune,2750,2650
48730,48727,7-chakra-morchang-set,,publish,7 Chakra Morchang Set - E Tune,0,,attribute_tunes=E Tune,2750,2650
48731,48727,7-chakra-morchang-set,,publish,7 Chakra Morchang Set - F Tune,0,,attribute_tunes=F Tune,2750,2650
48732,48727,7-chakra-morchang-set,,publish,7 Chakra Morchang Set - G Tune,0,,attribute_tunes=G Tune,2750,2650
48733,48727,7-chakra-morchang-set,,publish,7 Chakra Morchang Set - A Tune,0,,attribute_tunes=A Tune,2750,2650
48734,48727,7-chakra-morchang-set,,publish,7 Chakra Morchang Set - B Tune,0,,attribute_tunes=B Tune,2750,2650
48736,48727,7-chakra-morchang-set,,publish,7 Chakra Morchang Set - Full Set,0,,attribute_tunes=Full Set,17500,16500
48857,48856,mayura-morchang-set,,publish,Mayura Morchang Set - Sharp,0,,attribute_type=Sharp,2950,2650
48858,48856,mayura-morchang-set,,publish,Mayura Morchang Set - Middle,0,,attribute_type=Middle,2950,2650
48859,48856,mayura-morchang-set,,publish,Mayura Morchang Set - Bass,0,,attribute_type=Bass,2950,2650
48860,48856,mayura-morchang-set,,publish,Mayura Morchang Set - Full Set,0,,attribute_type=Full Set,9050,7250
49191,49115,etched-gongs,,publish,"Etched Chau Gongs - Chakra, 18 in",0,,attribute_size=18 in;attribute_type=Chakra,22500,21350
49192,49115,etched-gongs,,publish,"Etched Chau Gongs - Chakra, 20 in",0,,attribute_size=20 in;attribute_type=Chakra,39750,29750
49193,49115,etched-gongs,,publish,"Etched Chau Gongs - Chakra, 22 in",0,,attribute_size=22 in;attribute_type=Chakra,45000,35000
49194,49115,etched-gongs,,publish,"Etched Chau Gongs - Chakra, 24 in",0,,attribute_size=24 in;attribute_type=Chakra,69450,59450
49195,49115,etched-gongs,,publish,"Etched Chau Gongs - Chakra, 28 in",0,,attribute_size=28 in;attribute_type=Chakra,72500,68900
49196,49115,etched-gongs,,publish,"Etched Chau Gongs - Chakra, 32 in",0,,attribute_size=32 in;attribute_type=Chakra,116300,106300
49197,49115,etched-gongs,,publish,"Etched Chau Gongs - Chakra, 40 in",0,,attribute_size=40 in;attribute_type=Chakra,205000,195000
49198,49115,etched-gongs,,publish,"Etched Chau Gongs - Mantra, 18 in",0,,attribute_size=18 in;attribute_type=Mantra,22500,21350
49199,49115,etched-gongs,,publish,"Etched Chau Gongs - Mantra, 20 in",0,,attribute_size=20 in;attribute_type=Mantra,39750,29750
49200,49115,etched-gongs,,publish,"Etched Chau Gongs - Mantra, 22 in",0,,attribute_size=22 in;attribute_type=Mantra,45000,35000
49201,49115,etched-gongs,,publish,"Etched Chau Gongs - Mantra, 24 in",0,,attribute_size=24 in;attribute_type=Mantra,69450,59450
49202,49115,etched-gongs,,publish,"Etched Chau Gongs - Mantra, 28 in",0,,attribute_size=28 in;attribute_type=Mantra,72500,68900
49203,49115,etched-gongs,,publish,"Etched Chau Gongs - Mantra, 32 in",0,,attribute_size=32 in;attribute_type=Mantra,116300,106300
49204,49115,etched-gongs,,publish,"Etched Chau Gongs - Mantra, 40 in",0,,attribute_size=40 in;attribute_type=Mantra,205000,195000
49205,49115,etched-gongs,,publish,"Etched Chau Gongs - Buddhist Om, 18 in",0,,attribute_size=18 in;attribute_type=Buddhist Om,22500,21350
49206,49115,etched-gongs,,publish,"Etched Chau Gongs - Buddhist Om, 20 in",0,,attribute_size=20 in;attribute_type=Buddhist Om,39750,29750
49207,49115,etched-gongs,,publish,"Etched Chau Gongs - Buddhist Om, 22 in",0,,attribute_size=22 in;attribute_type=Buddhist Om,45000,35000
49208,49115,etched-gongs,,publish,"Etched Chau Gongs - Buddhist Om, 24 in",0,,attribute_size=24 in;attribute_type=Buddhist Om,69450,59450
49209,49115,etched-gongs,,publish,"Etched Chau Gongs - Buddhist Om, 28 in",0,,attribute_size=28 in;attribute_type=Buddhist Om,72500,68900
49210,49115,etched-gongs,,publish,"Etched Chau Gongs - Buddhist Om, 32 in",0,,attribute_size=32 in;attribute_type=Buddhist Om,116300,106300
49211,49115,etched-gongs,,publish,"Etched Chau Gongs - Buddhist Om, 40 in",0,,attribute_size=40 in;attribute_type=Buddhist Om,205000,195000
49880,49596,ankh-sound-healing-instrument,,publish,Ankh Sound Healing Instrument - Medium,0,,attribute_size=Medium,37500,35200
49881,49596,ankh-sound-healing-instrument,,publish,Ankh Sound Healing Instrument - Large,0,,attribute_size=Large,42350,38500
50206,49596,ankh-sound-healing-instrument,,publish,Ankh Sound Healing Instrument - Small,0,,attribute_size=Small,35500,33000
49605,49604,crystal-bowl-accessories,,publish,Crystal Bowl Mallets - Ball Mallet,49616,,attribute_type=Ball Mallet,1750,1600
49606,49604,crystal-bowl-accessories,,publish,Crystal Bowl Mallets - Rimming Mallet,49617,,attribute_type=Rimming Mallet,1650,1550
49607,49604,crystal-bowl-accessories,,publish,Crystal Bowl Mallets - Silicon Mallet,49611,,attribute_type=Silicon Mallet,1750,1600
49761,49760,crystal-bowl-o-rings-support-rings,,publish,Crystal Bowl O Rings (Support Rings) - Small,0,,attribute_size=Small,450,350
49762,49760,crystal-bowl-o-rings-support-rings,,publish,Crystal Bowl O Rings (Support Rings) - Medium,0,,attribute_size=Medium,550,450
49763,49760,crystal-bowl-o-rings-support-rings,,publish,Crystal Bowl O Rings (Support Rings) - Large,0,,attribute_size=Large,750,650
49764,49760,crystal-bowl-o-rings-support-rings,,publish,Crystal Bowl O Rings (Support Rings) - Combo of 3,,,attribute_size=Combo of 3,1350,1250
49862,49817,large-tuning-fork,,publish,DNA Tuning Fork - Harmonic Balance,0,,attribute_fork=Harmonic Balance,32450,30250
49863,49817,large-tuning-fork,,publish,DNA Tuning Fork - Love Frequency,0,,attribute_fork=Love Frequency,32450,30250
49864,49817,large-tuning-fork,,publish,DNA Tuning Fork - Deep Healing,0,,attribute_fork=Deep Healing,32450,30250
49865,49817,large-tuning-fork,,publish,DNA Tuning Fork - Cosmic OM Resonance,0,,attribute_fork=Cosmic OM Resonance,32450,30250
49839,49818,tuning-swords-sound-therapy-instrument,,publish,Tuning Swords – Sound Therapy Instrument - 256 Hz,0,,attribute_frequency=256 Hz,9000,8000
49840,49818,tuning-swords-sound-therapy-instrument,,publish,Tuning Swords – Sound Therapy Instrument - 432 Hz,0,,attribute_frequency=432 Hz,11000,10000
49841,49818,tuning-swords-sound-therapy-instrument,,publish,Tuning Swords – Sound Therapy Instrument - 528 Hz,0,,attribute_frequency=528 Hz,12500,12000
50472,50420,wind-chimes,,publish,"Wind Chimes - Gold, Small",0,,attribute_colours=Gold;attribute_size=Small,2450,1950
50473,50420,wind-chimes,,publish,"Wind Chimes - Gold, Large",0,,attribute_colours=Gold;attribute_size=Large,3150,2650
50474,50420,wind-chimes,,publish,"Wind Chimes - Green, Small",0,,attribute_colours=Green;attribute_size=Small,2450,1950
50475,50420,wind-chimes,,publish,"Wind Chimes - Green, Large",0,,attribute_colours=Green;attribute_size=Large,3150,2650
50476,50420,wind-chimes,,publish,"Wind Chimes - Yellow, Small",0,,attribute_colours=Yellow;attribute_size=Small,2450,1950
50477,50420,wind-chimes,,publish,"Wind Chimes - Yellow, Large",0,,attribute_colours=Yellow;attribute_size=Large,3150,2650
50478,50420,wind-chimes,,publish,"Wind Chimes - Silver, Small",0,,attribute_colours=Silver;attribute_size=Small,2450,1950
50479,50420,wind-chimes,,publish,"Wind Chimes - Silver, Large",0,,attribute_colours=Silver;attribute_size=Large,3150,2650
50480,50420,wind-chimes,,publish,"Wind Chimes - Antique Copper, Small",0,,attribute_colours=Antique Copper;attribute_size=Small,2450,1950
50481,50420,wind-chimes,,publish,"Wind Chimes - Antique Copper, Large",0,,attribute_colours=Antique Copper;attribute_size=Large,3150,2650
50551,50549,tuned-pipe,,publish,Tuned Pipes - 285 Hz,0,,attribute_frequency=285 Hz,7100,6600
50552,50549,tuned-pipe,,publish,Tuned Pipes - 432 Hz,0,,attribute_frequency=432 Hz,6200,5800
50589,50579,wooden-finger-castanet,,publish,Wooden Finger Castanet - White,0,,attribute_colour=White,1250,745
50590,50579,wooden-finger-castanet,,publish,Wooden Finger Castanet - Black,0,,attribute_colour=Black,1300,795
50969,50964,wooden-hand-taal-khartal,,publish,Wooden Hand Khartal/Jingles - Small,0,,attribute_size=Small,500,450
50970,50964,wooden-hand-taal-khartal,,publish,Wooden Hand Khartal/Jingles - Medium,0,,attribute_size=Medium,700,650
50971,50964,wooden-hand-taal-khartal,,publish,Wooden Hand Khartal/Jingles - Large,0,,attribute_size=Large,3000,2450
50997,50995,clay-ocarinas,,publish,Clay Ocarinas - Small,0,,attribute_size=Small,2950,2450
50998,50995,clay-ocarinas,,publish,Clay Ocarinas - Big,0,,attribute_size=Big,3950,3450
51284,51283,,,publish,Energy Bar - G Note,0,,attribute_type=G Note,,
51285,51283,,,publish,Energy Bar - A Note,,,attribute_type=A Note,,
51286,51283,,,publish,Energy Bar - B Note,,,attribute_type=B Note,,
51287,51283,,,publish,Energy Bar - C Note,,,attribute_type=C Note,,
51288,51283,,,publish,Energy Bar - D Note,,,attribute_type=D Note,,
51289,51283,,,publish,Energy Bar - E Note,,,attribute_type=E Note,,
51290,51283,,,publish,Energy Bar - F Note,,,attribute_type=F Note,,
51291,51283,,,publish,Energy Bar - 7 Note Set,0,,attribute_type=7 Note Set,9990,8990
