product_slug,sku,is_default,status,mrp_paise,sale_paise,mrp_usd_cents,sale_usd_cents,video_url,variant_images,attrs,shipping_rows
11-note-tongue-drum,MI-TD-11N-B-10,false,ACTIVE,845000,735000,12500,10500,"",0,color=Blue;size=10 inches,4
11-note-tongue-drum,MI-TD-11N-B-12,false,ACTIVE,895000,785000,13500,11500,"",0,color=Blue;size=12 inches,4
11-note-tongue-drum,MI-TD-11N-B-6,false,ACTIVE,685000,585000,10500,8500,"",0,color=Blue;size=6 inches,4
11-note-tongue-drum,MI-TD-11N-B-8,false,ACTIVE,785000,675000,11500,9500,"",0,color=Blue;size=8 inches,4
11-note-tongue-drum,MI-TD-11N-W-10,true,ACTIVE,845000,735000,12500,10500,"",0,color=White;size=10 inches,4
11-note-tongue-drum,MI-TD-11N-W-12,false,ACTIVE,895000,785000,13500,11500,"",0,color=White;size=12 inches,4
11-note-tongue-drum,MI-TD-11N-W-6,false,ACTIVE,685000,585000,10500,8500,"",0,color=White;size=6 inches,4
11-note-tongue-drum,MI-TD-11N-W-8,false,ACTIVE,785000,675000,11500,9500,"",0,color=White;size=8 inches,4
32-rods-bar-chime,MI-BCH-32,true,ACTIVE,760500,585000,10000,9250,"",0,"",4
7-chakra-morchang-set,MI-MO-A,false,ACTIVE,275000,265000,4250,3250,"",0,tunes=A Tune,4
7-chakra-morchang-set,MI-MO-B,false,ACTIVE,275000,265000,4250,3250,"",0,tunes=B Tune,4
7-chakra-morchang-set,MI-MO-C,true,ACTIVE,275000,265000,4250,3250,"",0,tunes=C Tune,4
7-chakra-morchang-set,MI-MO-D,false,ACTIVE,275000,265000,4250,3250,"",0,tunes=D Tune,4
7-chakra-morchang-set,MI-MO-E,false,ACTIVE,275000,265000,4250,3250,"",0,tunes=E Tune,4
7-chakra-morchang-set,MI-MO-F,false,ACTIVE,275000,265000,4250,3250,"",0,tunes=F Tune,4
7-chakra-morchang-set,MI-MO-G,false,ACTIVE,275000,265000,4250,3250,"",0,tunes=G Tune,4
7-chakra-morchang-set,MI-MO-ST,false,ACTIVE,1750000,1650000,21500,19500,"",0,tunes=Full Set,4
7-chakras-copper-water-bottles,CB-7CP,false,ACTIVE,161900,124500,2180,1950,"",1,cleaning-brush=Without Brush;size=1L;type=7 Chakras Plain,4
7-chakras-copper-water-bottles,CB-7CP-.5,false,ACTIVE,120300,92500,1620,1450,"",1,cleaning-brush=Without Brush;size=500ml;type=7 Chakras Plain,4
7-chakras-copper-water-bottles,CB-7CP-B,false,ACTIVE,174900,134500,2360,2110,"",1,cleaning-brush=With Brush;size=1L;type=7 Chakras Plain,4
7-chakras-copper-water-bottles,CB-7CP-B-.5,true,ACTIVE,129400,99500,1750,1560,"",1,cleaning-brush=With Brush;size=500ml;type=7 Chakras Plain,4
7-chakras-copper-water-bottles,CB-7CV,false,ACTIVE,161900,124500,2180,1950,"",1,cleaning-brush=Without Brush;size=1L;type=7 Chakras Vintage,4
7-chakras-copper-water-bottles,CB-7CV-.5,false,ACTIVE,120300,92500,1620,1450,"",1,cleaning-brush=Without Brush;size=500ml;type=7 Chakras Vintage,4
7-chakras-copper-water-bottles,CB-7CV-B,false,ACTIVE,174900,134500,2360,2110,"",1,cleaning-brush=With Brush;size=1L;type=7 Chakras Vintage,4
7-chakras-copper-water-bottles,CB-7CV-B-.5,false,ACTIVE,129400,99500,1750,1560,"",1,cleaning-brush=With Brush;size=500ml;type=7 Chakras Vintage,4
7-chakras-copper-water-bottles-with-handle,CB-7CP-1,false,ACTIVE,161900,124500,2180,1950,"",1,cleaning-brush=Without Brush;size=1L;type=7 Chakras Plain,4
7-chakras-copper-water-bottles-with-handle,CB-7CP-B-1,true,ACTIVE,174900,134500,2360,2110,"",1,cleaning-brush=With Brush;size=1L;type=7 Chakras Plain,4
7-chakras-copper-water-bottles-with-handle,CB-7CV-1,false,ACTIVE,161900,124500,2180,1950,"",1,cleaning-brush=Without Brush;size=1L;type=7 Chakras Vintage,4
7-chakras-copper-water-bottles-with-handle,CB-7CV-B-1,false,ACTIVE,174900,134500,2360,2110,"",1,cleaning-brush=With Brush;size=1L;type=7 Chakras Vintage,4
7-chakras-gold-copper-bottle,REMOVED-0c1d9dba-woo-var-43493,false,INACTIVE,161900,124500,2180,1950,"",0,bottle-type=without-brush;size=1L,4
7-chakras-gold-copper-bottle,REMOVED-3b4a70c5-woo-var-5784,true,INACTIVE,120300,92500,1620,1450,"",0,bottle-type=without-brush;size=500ml,4
7-chakras-gold-copper-bottle,REMOVED-4b5ed50e-woo-var-5785,false,INACTIVE,129400,99500,1750,1560,"",0,bottle-type=with-brush;size=500ml,4
7-chakras-gold-copper-bottle,REMOVED-b79fa3da-woo-var-43494,false,INACTIVE,174900,134500,2360,2110,"",0,bottle-type=with-brush;size=1L,4
7-chakras-moderate-grip-yoga-mat,REMOVED-02a68bc8-woo-var-8475,false,INACTIVE,245000,179000,3140,2800,"",0,color=Blue;macrame-strap=Without Strap,4
7-chakras-moderate-grip-yoga-mat,REMOVED-03abb8f8-woo-var-8440,false,INACTIVE,305000,219000,3840,3430,"",0,color=Orange;macrame-strap=Orange,4
7-chakras-moderate-grip-yoga-mat,REMOVED-168143f8-woo-var-8429,false,INACTIVE,305000,219000,3840,3430,"",0,color=Pink;macrame-strap=Dark Grey,4
7-chakras-moderate-grip-yoga-mat,REMOVED-1ea58ac9-woo-var-8426,false,INACTIVE,305000,219000,3840,3430,"",0,color=Green;macrame-strap=White,4
7-chakras-moderate-grip-yoga-mat,REMOVED-1f013213-woo-var-8474,false,INACTIVE,245000,179000,3140,2800,"",0,color=Pink;macrame-strap=Without Strap,4
7-chakras-moderate-grip-yoga-mat,REMOVED-2d84841a-woo-var-8434,false,INACTIVE,305000,219000,3840,3430,"",0,color=Blue;macrame-strap=Dark Grey,4
7-chakras-moderate-grip-yoga-mat,REMOVED-2fe3d132-woo-var-8476,false,INACTIVE,245000,179000,3140,2800,"",0,color=Orange;macrame-strap=Without Strap,4
7-chakras-moderate-grip-yoga-mat,REMOVED-4008d8cb-woo-var-8439,false,INACTIVE,305000,219000,3840,3430,"",0,color=Orange;macrame-strap=Dark Grey,4
7-chakras-moderate-grip-yoga-mat,REMOVED-49f0e821-woo-var-8427,false,INACTIVE,305000,219000,3840,3430,"",0,color=Green;macrame-strap=Brown,4
7-chakras-moderate-grip-yoga-mat,REMOVED-4c960055-woo-var-8431,false,INACTIVE,305000,219000,3840,3430,"",0,color=Pink;macrame-strap=White,4
7-chakras-moderate-grip-yoga-mat,REMOVED-56fc4321-woo-var-8471,false,INACTIVE,245000,179000,3140,2800,"",0,color=Green;macrame-strap=Without Strap,4
7-chakras-moderate-grip-yoga-mat,REMOVED-63b376e8-woo-var-8430,false,INACTIVE,305000,219000,3840,3430,"",0,color=Pink;macrame-strap=Orange,4
7-chakras-moderate-grip-yoga-mat,REMOVED-688401ba-woo-var-8435,false,INACTIVE,305000,219000,3840,3430,"",0,color=Blue;macrame-strap=Orange,4
7-chakras-moderate-grip-yoga-mat,REMOVED-6f84be26-woo-var-8432,false,INACTIVE,305000,219000,3840,3430,"",0,color=Pink;macrame-strap=Brown,4
7-chakras-moderate-grip-yoga-mat,REMOVED-7e756bb0-woo-var-8437,false,INACTIVE,305000,219000,3840,3430,"",0,color=Blue;macrame-strap=Brown,4
7-chakras-moderate-grip-yoga-mat,REMOVED-83274688-woo-var-8442,false,INACTIVE,305000,219000,3840,3430,"",0,color=Orange;macrame-strap=Brown,4
7-chakras-moderate-grip-yoga-mat,REMOVED-83db4e6e-woo-var-8433,false,INACTIVE,305000,219000,3840,3430,"",0,color=Blue;macrame-strap=Green,4
7-chakras-moderate-grip-yoga-mat,REMOVED-989fbeb2-woo-var-8438,false,INACTIVE,305000,219000,3840,3430,"",0,color=Orange;macrame-strap=Green,4
7-chakras-moderate-grip-yoga-mat,REMOVED-a4cecb66-woo-var-8436,false,INACTIVE,305000,219000,3840,3430,"",0,color=Blue;macrame-strap=White,4
7-chakras-moderate-grip-yoga-mat,REMOVED-b20c6c9d-woo-var-8423,true,INACTIVE,305000,219000,3840,3430,"",0,color=Green;macrame-strap=Green,4
7-chakras-moderate-grip-yoga-mat,REMOVED-b8c09c02-woo-var-8441,false,INACTIVE,305000,219000,3840,3430,"",0,color=Orange;macrame-strap=White,4
7-chakras-moderate-grip-yoga-mat,REMOVED-ba8cbbda-woo-var-8425,false,INACTIVE,305000,219000,3840,3430,"",0,color=Green;macrame-strap=Orange,4
7-chakras-moderate-grip-yoga-mat,REMOVED-e3be03b7-woo-var-8428,false,INACTIVE,305000,219000,3840,3430,"",0,color=Pink;macrame-strap=Green,4
7-chakras-moderate-grip-yoga-mat,REMOVED-f0532a4a-woo-var-8424,false,INACTIVE,305000,219000,3840,3430,"",0,color=Green;macrame-strap=Dark Grey,4
7-chakras-mystical-incense-sticks-set,IS-7C,true,ACTIVE,54500,48000,840,750,"",1,type=7 Chakra Set,4
7-chakras-mystical-incense-sticks-set,IS-7C-S,false,ACTIVE,62500,56500,1050,950,"",1,type=7 Chakra Set with Stand,4
7-chakras-mystical-incense-sticks-set,IS-C-12,false,ACTIVE,10400,8000,140,130,"",1,type=Pure Citronella,4
7-chakras-mystical-incense-sticks-set,IS-E-12,false,ACTIVE,10400,8000,140,130,"",1,type=Pure Eucalyptus,4
7-chakras-mystical-incense-sticks-set,IS-F-12,false,ACTIVE,10400,8000,140,130,"",1,type=Pure Frankincense,4
7-chakras-mystical-incense-sticks-set,IS-L-12,false,ACTIVE,10400,8000,140,130,"",1,type=Pure Lavender,4
7-chakras-mystical-incense-sticks-set,IS-M-12,false,ACTIVE,10400,8000,140,130,"",1,type=Pure Musk,4
7-chakras-mystical-incense-sticks-set,IS-R-12,false,ACTIVE,10400,8000,140,130,"",1,type=Pure Rose,4
7-chakras-mystical-incense-sticks-set,IS-S-12,false,ACTIVE,10400,8000,140,130,"",1,type=Pure Sandalwood,4
7-chakras-vintage-copper-bottle,REMOVED-789b2482-woo-var-5786,true,INACTIVE,161900,124500,2180,1950,"",0,bottle-type=without-brush;size=1L,4
7-chakras-vintage-copper-bottle,REMOVED-be2d3d73-woo-var-43492,false,INACTIVE,174900,134500,2360,2110,"",0,bottle-type=with-brush;size=1L,4
7-chakras-vintage-copper-bottle,REMOVED-d0e13e75-woo-var-43491,false,INACTIVE,120300,92500,1620,1450,"",0,bottle-type=without-brush;size=500ml,4
7-chakras-vintage-copper-bottle,REMOVED-fe08a64d-woo-var-5787,false,INACTIVE,129400,99500,1750,1560,"",0,bottle-type=with-brush;size=500ml,4
7-chakras-yoga-mats,REMOVED-9fae886b-woo-var-46162,true,INACTIVE,245000,179000,3140,2840,"",0,color=Teal;grip=Moderate,4
7-chakras-yoga-mats,REMOVED-ee83b231-woo-var-46164,false,INACTIVE,245000,179000,3140,2840,"",0,color=Yellow;grip=Moderate,4
7-chakras-yoga-mats,Yo-M-C-HG-O,false,ACTIVE,275000,199000,3490,3120,"",1,color=Orange;grip=Superior,4
7-chakras-yoga-mats,Yo-M-C-HG-P,false,ACTIVE,275000,199000,3490,3120,"",1,color=Pink;grip=Superior,4
7-chakras-yoga-mats,Yo-M-C-HG-T,false,ACTIVE,275000,199000,3490,3120,"",1,color=Teal;grip=Superior,4
7-chakras-yoga-mats,Yo-M-C-HG-Y,false,ACTIVE,275000,199000,3490,3120,"",1,color=Yellow;grip=Superior,4
7-chakras-yoga-mats,Yo-M-C-MG-B-27,false,ACTIVE,245000,179000,3140,2840,"",0,color=Blue;grip=Moderate,4
7-chakras-yoga-mats,Yo-M-C-MG-G-27,false,ACTIVE,245000,179000,3140,2840,"",0,color=Green;grip=Moderate,4
7-chakras-yoga-mats,Yo-M-C-MG-o-27,false,ACTIVE,245000,179000,3140,2840,"",0,color=Orange;grip=Moderate,4
7-chakras-yoga-mats,Yo-M-C-MG-P-27,false,ACTIVE,245000,179000,3140,2840,"",0,color=Pink;grip=Moderate,4
7-key-kalimba-made-from-coconut-shell-painted-plain,MI-KCS-DP,false,ACTIVE,104500,95000,1670,1490,"",1,type=Dot Painted,4
7-key-kalimba-made-from-coconut-shell-painted-plain,MI-KCS-PE,true,ACTIVE,104500,95000,1670,1490,"",1,type=Plain Etched,4
8-keys-metallophone-with-1-1-5-key-widths,MI-XP-SP-1.5-8,false,ACTIVE,1075000,935000,13200,12550,"",1,keywidth=1.5 inch,4
8-keys-metallophone-with-1-1-5-key-widths,MI-XP-SP-1-8,true,ACTIVE,885000,765000,11500,10750,"",1,keywidth=1 inch,4
8-keys-wooden-xylophone,MI-XP-W-8,true,ACTIVE,1020500,785000,"","","",0,"",4
9-10-notes-handpan-drum-handcrafted-to-precision,MI-D-HP-DC-M9,true,ACTIVE,9000000,8150000,130000,125000,"",0,type=D Celtic Minor 9,4
9-10-notes-handpan-drum-handcrafted-to-precision,MI-D-HP-DK-10,false,ACTIVE,10000000,9150000,140000,139500,"",0,type=D Kurd 10,4
aluminium-22-steel-bars-chime,MI-Ch-BS-22,true,ACTIVE,525000,395000,7155,4950,"",0,"",0
angel-tuning-forks,Mi-TF-AG-4096,true,ACTIVE,275000,235000,5500,3500,"",0,hertz=4096 Hz,4
angel-tuning-forks,Mi-TF-AG-4160,false,ACTIVE,300000,255000,5500,4000,"",0,hertz=4160 Hz,4
angel-tuning-forks,Mi-TF-AG-4225,false,ACTIVE,325000,275000,5500,4500,"",0,hertz=4225 Hz,4
ankh-sound-healing-instrument,woo-var-49880,true,ACTIVE,2100000,1999900,22500,21500,"",0,size=Medium,0
ankh-sound-healing-instrument,woo-var-49881,false,ACTIVE,3300000,3199900,35500,34500,"",0,size=Large,0
antique-finish-handmade-singing-bowls,MI-SB-H-AE-10,false,ACTIVE,1546400,1189500,21170,18900,"",1,size=10 in,4
antique-finish-handmade-singing-bowls,MI-SB-H-AE-11,false,ACTIVE,1806400,1389500,23410,20900,"",1,size=11 in,4
antique-finish-handmade-singing-bowls,MI-SB-H-AE-12,false,ACTIVE,2242500,1725000,30130,26900,"",1,size=12 in,4
antique-finish-handmade-singing-bowls,MI-SB-H-AE-13,false,ACTIVE,2528500,1945000,33490,29900,"",1,size=13 in,4
antique-finish-handmade-singing-bowls,MI-SB-H-AE-7,true,ACTIVE,1085500,835000,14450,12900,"",1,size=7 in,4
antique-finish-handmade-singing-bowls,MI-SB-H-AE-8,false,ACTIVE,1228500,945000,16690,14900,"",1,size=8 in,4
antique-finish-handmade-singing-bowls,MI-SB-H-AE-9,false,ACTIVE,1358500,1045000,18480,16500,"",1,size=9 in,4
artistically-designed-copper-bottles,CB-BM,false,ACTIVE,161900,124500,2180,1950,"",1,cleaning-brush=Without Brush;size=1L;types-of-bottles=Blue Tranquillity,4
artistically-designed-copper-bottles,CB-BM-.5,false,ACTIVE,115700,89000,1560,1390,"",1,cleaning-brush=Without Brush;size=500ml;types-of-bottles=Blue Tranquillity,4
artistically-designed-copper-bottles,CB-BM-B,false,ACTIVE,174900,134500,2360,2110,"",1,cleaning-brush=With Brush;size=1L;types-of-bottles=Blue Tranquillity,4
artistically-designed-copper-bottles,CB-BM-B-.5,false,ACTIVE,128100,98500,1730,1540,"",1,cleaning-brush=With Brush;size=500ml;types-of-bottles=Blue Tranquillity,4
artistically-designed-copper-bottles,CB-HW,false,ACTIVE,161900,124500,2180,1950,"",1,cleaning-brush=Without Brush;size=1L;types-of-bottles=Happiness is inside,4
artistically-designed-copper-bottles,CB-HW-.5,false,ACTIVE,115700,89000,1560,1390,"",1,cleaning-brush=Without Brush;size=500ml;types-of-bottles=Happiness is inside,4
artistically-designed-copper-bottles,CB-HW-B,false,ACTIVE,174900,134500,2360,2110,"",1,cleaning-brush=With Brush;size=1L;types-of-bottles=Happiness is inside,4
artistically-designed-copper-bottles,CB-HW-B.-.5,false,ACTIVE,128100,98500,1730,1540,"",1,cleaning-brush=With Brush;size=500ml;types-of-bottles=Happiness is inside,4
artistically-designed-copper-bottles,CB-OL,false,ACTIVE,161900,124500,2180,1950,"",1,cleaning-brush=Without Brush;size=1L;types-of-bottles=Sunshine within me,4
artistically-designed-copper-bottles,CB-OL-.5,false,ACTIVE,109900,84500,1480,1320,"",1,cleaning-brush=Without Brush;size=500ml;types-of-bottles=Sunshine within me,4
artistically-designed-copper-bottles,CB-OL-B,false,ACTIVE,174900,134500,2360,2110,"",1,cleaning-brush=With Brush;size=1L;types-of-bottles=Sunshine within me,4
artistically-designed-copper-bottles,CB-OL-B-.5,false,ACTIVE,128100,98500,1730,1540,"",1,cleaning-brush=With Brush;size=500ml;types-of-bottles=Sunshine within me,4
artistically-designed-copper-bottles,CB-PNT,false,ACTIVE,161900,124500,2180,1950,"",1,cleaning-brush=Without Brush;size=1L;types-of-bottles=Pink & Positive,4
artistically-designed-copper-bottles,CB-PNT-.5,false,ACTIVE,115700,89000,1560,1390,"",1,cleaning-brush=Without Brush;size=500ml;types-of-bottles=Pink & Positive,4
artistically-designed-copper-bottles,CB-PNT-B,false,ACTIVE,174900,134500,2360,2110,"",1,cleaning-brush=With Brush;size=1L;types-of-bottles=Pink & Positive,4
artistically-designed-copper-bottles,CB-PNT-B-.5,false,ACTIVE,128100,98500,2360,2110,"",1,cleaning-brush=With Brush;size=500ml;types-of-bottles=Pink & Positive,4
artistically-designed-copper-bottles,CB-T,false,ACTIVE,161900,124500,2180,1950,"",1,cleaning-brush=Without Brush;size=1L;types-of-bottles=Tatvamasi - I am Infinite,4
artistically-designed-copper-bottles,CB-T-.5,false,ACTIVE,115700,89000,1560,1390,"",1,cleaning-brush=Without Brush;size=500ml;types-of-bottles=Tatvamasi - I am Infinite,4
artistically-designed-copper-bottles,CB-T-B,false,ACTIVE,174900,134500,2360,2110,"",1,cleaning-brush=With Brush;size=1L;types-of-bottles=Tatvamasi - I am Infinite,4
artistically-designed-copper-bottles,CB-T-B-.5,true,ACTIVE,128100,98500,1730,1540,"",1,cleaning-brush=With Brush;size=500ml;types-of-bottles=Tatvamasi - I am Infinite,4
asalato-aslatau-or-kashaka-shaker,MI-AS,true,ACTIVE,175000,134500,2410,2150,"",0,size=Single;type=Plain,4
asalato-aslatau-or-kashaka-shaker,MI-AS-2,false,ACTIVE,325000,245000,4260,3800,"",0,size=Pair;type=Plain,4
asalato-aslatau-or-kashaka-shaker,MI-AS-P,false,ACTIVE,195000,155500,2950,2450,"",0,size=Single;type=Painted,4
asalato-aslatau-or-kashaka-shaker,MI-AS-P-2,false,ACTIVE,395000,270000,5500,4500,"",0,size=Pair;type=Painted,4
ayurvedic-copper-bedroom-jar,CB-BJ,true,ACTIVE,161900,124500,2180,1950,"",0,"",4
bamboo-castanet,MI-CN-B,true,ACTIVE,94500,74500,1150,850,"",0,"",4
bamboo-jaw-harp,MI-BJH,true,ACTIVE,55000,30000,1800,500,"",0,"",4
bamboo-rainstick,MI-RS-B-1M,false,ACTIVE,324500,249500,4360,3890,"",1,size=1m,4
bamboo-rainstick,MI-RS-B-40,true,ACTIVE,194500,149500,2680,2390,"",1,size=40cms,4
bamboo-rainstick,MI-RS-B-60,false,ACTIVE,249500,199500,3350,2990,"",1,size=60cms,4
bamboo-rainstick,MI-RS-B-80,false,ACTIVE,350000,229500,4050,3450,"",1,size=80cms,4
bamboo-rainstick-49779,MI-RS-N,true,ACTIVE,325000,295000,3505,3180,"",0,"",4
belly-bowls,MI-SB-BY,true,ACTIVE,1090000,990000,15000,14000,"",0,"",4
bendo-chimes,MI-CH-BE,true,ACTIVE,650000,595000,8950,7650,"",0,"",4
bendo-shaker,MI-BR-L,false,ACTIVE,195000,185000,2500,2000,"",0,size=Large,4
bendo-shaker,MI-BR-S,true,ACTIVE,155000,135000,3050,2050,"",0,size=Small,4
bendo-shaker1,bendo-shaker1-v1,false,ACTIVE,2400,2000,2400,2000,https://www.youtube.com/watch?v=JmkBALmVia8&t=7s,1,color=Yellow;size=Large,4
bendo-shaker1,bendo-shaker-v1,false,ACTIVE,1200,1000,2500,2000,"",2,color=Yellow;size=Medium,4
bendo-shaker1,bendo-shaker-v2,true,ACTIVE,3500,3000,4500,"","",1,color=Green;size=Large,4
bird-flute,MI-BF-BN-P,false,ACTIVE,55000,45000,900,700,"",0,colour=Brown;type=Pair,4
bird-flute,MI-BF-BN-S,true,ACTIVE,37500,27500,650,450,"",0,colour=Brown;type=Single,4
bird-flute,MI-BF-GN-P,false,ACTIVE,47500,37500,850,650,"",0,colour=Green;type=Single,4
bird-flute,MI-BF-GN-S,false,ACTIVE,75000,65000,1100,900,"",0,colour=Green;type=Pair,4
bird-flute,MI-BF-M,false,ACTIVE,70000,60000,1500,1200,"",0,colour=Mixed;type=Pair,4
box-tanpura,MI-BT-F,false,ACTIVE,1700000,1350000,19500,17500,"",0,tone=Female Tanpura,4
box-tanpura,MI-BT-M,true,ACTIVE,1700000,1350000,19500,17500,"",0,tone=Male Tanpura,4
brain-tuner-set-harmonize-your-mind-s-natural-rhythms,woo-var-49902,true,ACTIVE,350000,250000,4000,3000,"",0,frequency=Fundamental – 256 Hz,0
brain-tuner-set-harmonize-your-mind-s-natural-rhythms,woo-var-49903,false,ACTIVE,350000,250000,4000,3000,"",0,frequency=Delta – 259 Hz,0
brain-tuner-set-harmonize-your-mind-s-natural-rhythms,woo-var-49904,false,ACTIVE,350000,250000,4000,3000,"",0,frequency=Theta – 262 Hz,0
brain-tuner-set-harmonize-your-mind-s-natural-rhythms,woo-var-49905,false,ACTIVE,350000,250000,4000,3000,"",0,frequency=Alpha – 267 Hz,0
brain-tuner-set-harmonize-your-mind-s-natural-rhythms,woo-var-49906,false,ACTIVE,350000,250000,4000,3000,"",0,frequency=Beta – 271 Hz,0
brain-tuner-set-harmonize-your-mind-s-natural-rhythms,woo-var-49907,false,ACTIVE,1050000,950000,11500,10500,"",0,frequency=Combo of 5,0
caxixi,Mi-CX-M-N,true,ACTIVE,175500,135000,"","","",0,"",4
c-g-tuning-forks,MI-TF-CG-W,false,ACTIVE,438000,338000,4855,3855,"",0,type=Unweighted,4
c-g-tuning-forks,woo-var-48319,true,ACTIVE,585000,458000,6550,5221,"",0,type=Weighted,4
classic-morchang-set,MI-CM-B,false,ACTIVE,295000,235000,3350,2350,"",0,type=Bass,4
classic-morchang-set,MI-CM-M,false,ACTIVE,295000,235000,3350,2350,"",0,type=Middle,4
classic-morchang-set,MI-CM-S,true,ACTIVE,295000,235000,3350,2350,"",0,type=Sharp,4
classic-morchang-set,MI-CM-ST,false,ACTIVE,905000,700000,9500,7050,"",0,type=Full Set,4
coconut-maracas-shakers,MI-CM,true,ACTIVE,128700,99000,1740,1550,"",0,type=Plain,4
coconut-maracas-shakers,MI-CM-DP,false,ACTIVE,154100,118500,2020,1800,"",0,type=Dot Painted,4
coconut-rattle,MI-CR,true,ACTIVE,135900,104500,1850,1650,"",0,"",4
conscious-cards,MS-CC,true,ACTIVE,169900,149900,3200,2200,"",0,"",4
copper-bottle-gift-set-7-chakra,GP-CB-7C-C-2G,true,ACTIVE,215000,175000,3050,2050,"",0,colour=Gold,4
copper-bottle-gift-set-7-chakra,GP-CB-7C-V-2G,false,ACTIVE,215000,175000,3050,2050,"",0,colour=Vintage,4
copper-tongue-cleaner,REMOVED-4ec8677d-woo-var-7807,true,INACTIVE,18900,14500,250,230,"",0,packs=pack-of-1;type=Ring,4
copper-tongue-cleaner,REMOVED-c359c68f-woo-var-7809,false,INACTIVE,30600,23500,410,370,"",0,packs=pack-of-2;type=Ring,4
copper-tongue-cleaner,REMOVED-cc5c737e-woo-var-7811,false,INACTIVE,44900,34500,610,540,"",0,packs=pack-of-4;type=Ring,4
copper-tongue-cleaner,TC-S-1,false,ACTIVE,21500,16500,290,260,"",0,packs=pack-of-1;type=Straight,4
copper-tongue-cleaner,TC-S-2,false,ACTIVE,34500,26500,460,420,"",0,packs=pack-of-2;type=Straight,4
copper-tongue-cleaner,TC-S-4,false,ACTIVE,51400,39500,690,620,"",0,packs=pack-of-4;type=Straight,4
course-checkout-nada-yoga,COURSE-NADA-YOGA,true,ACTIVE,1400000,1400000,18500,18500,"",0,"",0
course-checkout-qigong-fundamentals,COURSE-QIGONG-FUNDAMENTALS,true,ACTIVE,850000,850000,"","","",0,"",0
course-checkout-rhythmic-foundations,COURSE-RHYTHMIC-FOUNDATIONS,true,ACTIVE,850000,850000,9900,9900,"",0,"",0
course-checkout-sonic-odyssey-workshop-across-india,COURSE-SONIC-ODYSSEY-WORKSHOP-ACROSS-INDIA,true,ACTIVE,399900,399900,5000,5000,"",0,"",0
course-checkout-sound-alchemy-online,COURSE-SOUND-ALCHEMY-ONLINE,true,ACTIVE,1050000,1050000,14500,14500,"",0,"",0
course-checkout-sound-healing-course,COURSE-SOUND-HEALING-COURSE,true,ACTIVE,1800000,1800000,25000,25000,"",0,"",0
course-checkout-sound-healing-course-1,COURSE-SOUND-HEALING-COURSE-1,true,ACTIVE,2500000,2500000,30000,30000,"",0,"",0
course-checkout-sound-therapy-bangalore,COURSE-SOUND-THERAPY-BANGALORE,true,ACTIVE,2250000,2250000,"","","",0,"",0
course-checkout-sound-therapy-bangalore-3,COURSE-SOUND-THERAPY-BANGALORE-3,true,ACTIVE,1650000,1650000,"","","",0,"",0
course-checkout-sound-therapy-delhi,COURSE-SOUND-THERAPY-DELHI,true,ACTIVE,1950000,1950000,"","","",0,"",0
course-checkout-sound-therapy-fundamentals,COURSE-SOUND-THERAPY-FUNDAMENTALS,true,ACTIVE,1049900,1049900,15000,15000,"",0,"",0
course-checkout-sound-therapy-fundamentals-online,COURSE-SOUND-THERAPY-FUNDAMENTALS-ONLINE,true,ACTIVE,1350000,1350000,15000,15000,"",0,"",0
course-checkout-sound-therapy-goa,COURSE-SOUND-THERAPY-GOA,true,ACTIVE,2350000,2350000,"","","",0,"",0
course-checkout-sound-therapy-mumbai,COURSE-SOUND-THERAPY-MUMBAI,true,ACTIVE,1800000,1800000,"","","",0,"",0
course-checkout-yoga-therapy-course,COURSE-YOGA-THERAPY-COURSE,true,ACTIVE,4500000,4500000,75000,75000,"",0,"",0
crescent-zafu-cushion-compact,Me-CZ-C-DG,true,ACTIVE,145000,108500,2000,1800,"",0,colour=Dark Grey,4
crescent-zafu-cushion-compact,Me-CZ-C-L,false,ACTIVE,145000,108500,2000,1800,"",0,colour=Lavender,4
crescent-zafu-cushion-compact,Me-CZ-C-MB,false,ACTIVE,145000,108500,2000,1800,"",0,colour=Misty Blue,4
crescent-zafu-cushion-compact,Me-CZ-C-RE,false,ACTIVE,145000,108500,2000,1800,"",0,colour=Rose,4
crescent-zafu-cushion-compact,Me-CZ-C-S,false,ACTIVE,145000,108500,2000,1800,"",0,colour=Sage,4
crescent-zafu-cushion-wide,Me-CZ-W-L,false,ACTIVE,142000,114500,2100,1900,"",0,colour=Lavender;type=Large,4
crescent-zafu-cushion-wide,Me-CZ-W-MB,false,ACTIVE,142000,114500,2100,1900,"",0,colour=Misty Blue;type=Large,4
crescent-zafu-cushion-wide,Me-CZ-W-RP,true,ACTIVE,142000,114500,2100,1900,"",0,colour=Rouge Pink;type=Large,4
crescent-zafu-meditation-cushion,Me-C-Z-L-GY,false,ACTIVE,142000,114500,2100,1900,"",1,colour=Grey;type=Large,4
crescent-zafu-meditation-cushion,Me-C-Z-L-L,false,ACTIVE,142000,114500,2100,1900,"",1,colour=Lavender;type=Large,4
crescent-zafu-meditation-cushion,Me-C-Z-L-MB,false,ACTIVE,142000,114500,2100,1900,"",1,colour=Misty Blue;type=Large,4
crescent-zafu-meditation-cushion,Me-C-Z-L-RE,false,ACTIVE,142000,114500,2100,1900,"",1,colour=Rose;type=Large,4
crescent-zafu-meditation-cushion,Me-C-Z-L-RP,true,ACTIVE,142000,114500,2100,1900,"",1,colour=Rouge Pink;type=Large,4
crescent-zafu-meditation-cushion,Me-C-Z-L-S,false,ACTIVE,142000,114500,2100,1900,"",1,colour=Sage;type=Large,4
crescent-zafu-meditation-cushion,Me-C-Z-M-L,false,ACTIVE,142000,108500,1900,1700,"",1,colour=Lavender;type=Medium,4
crescent-zafu-meditation-cushion,Me-C-Z-M-MB,false,ACTIVE,142000,108500,1900,1700,"",1,colour=Misty Blue;type=Medium,4
crescent-zafu-meditation-cushion,Me-C-Z-M-R,false,ACTIVE,142000,108500,1900,1700,"",1,colour=Rose;type=Medium,4
crescent-zafu-meditation-cushion,Me-C-Z-M-SE,false,ACTIVE,142000,108500,1900,1700,"",1,colour=Sage;type=Medium,4
crystal-bowl-bag,MI-CB-B-L,false,ACTIVE,215000,185000,3850,2850,"",0,size=Large,4
crystal-bowl-bag,MI-CB-B-M,false,ACTIVE,185000,165000,3450,2450,"",0,size=Medium,4
crystal-bowl-bag,MI-CB-B-S,true,ACTIVE,165000,145000,3010,2010,"",0,size=Small,4
crystal-bowl-mallets,woo-var-49605,true,ACTIVE,175000,160000,1890,1785,"",1,type=Ball Mallet,0
crystal-bowl-mallets,woo-var-49606,false,ACTIVE,165000,155000,1780,1650,"",1,type=Rimming Mallet,0
crystal-bowl-mallets,woo-var-49607,false,ACTIVE,175000,160000,1890,1785,"",1,type=Silicon Mallet,0
crystal-bowl-o-rings-support-rings,woo-var-49761,true,ACTIVE,45000,35000,500,400,"",0,size=Small,0
crystal-bowl-o-rings-support-rings,woo-var-49762,false,ACTIVE,55000,45000,650,575,"",0,size=Medium,0
crystal-bowl-o-rings-support-rings,woo-var-49763,false,ACTIVE,75000,65000,750,705,"",0,size=Large,0
crystal-bowl-o-rings-support-rings,woo-var-49764,false,ACTIVE,135000,125000,1450,1350,"",0,size=Combo of 3,0
crystal-bowls,MI-CB-W-10,false,ACTIVE,1592500,1225000,21170,18900,"",1,size=10 in,4
crystal-bowls,MI-CB-W-11,false,ACTIVE,1722500,1325000,22290,19900,"",1,size=11 in,4
crystal-bowls,MI-CB-W-12,false,ACTIVE,1904500,1465000,25650,22900,"",1,size=12 in,4
crystal-bowls,MI-CB-W-13,false,ACTIVE,2307500,1775000,30130,26900,"",1,size=13 in,4
crystal-bowls,MI-CB-W-14,false,ACTIVE,2567500,1975000,33490,29900,"",1,size=14 in,4
crystal-bowls,MI-CB-W-6,true,ACTIVE,1163500,895000,15120,13500,"",1,size=6 in,4
crystal-bowls,MI-CB-W-7,false,ACTIVE,1254500,965000,16690,14900,"",1,size=7 in,4
crystal-bowls,MI-CB-W-8,false,ACTIVE,1358500,1045000,17810,15900,"",1,size=8 in,4
crystal-bowls,MI-CB-W-9,false,ACTIVE,1488500,1145000,20050,17900,"",1,size=9 in,4
crystal-bowls-set-of-7,MI-CB-CL-6-12-SET,false,ACTIVE,9450000,8850000,120000,118500,"",0,colour=Chakra Coloured;dumroo-size=6-12-in-set,4
crystal-bowls-set-of-7,MI-CB-CL-8-14-SET,false,ACTIVE,10450000,9950000,135000,129500,"",0,colour=Chakra Coloured;dumroo-size=8-14-in-set,4
crystal-bowls-set-of-7,MI-CB-W-6-12-SET,true,ACTIVE,8450000,7850000,120000,108500,"",0,colour=Frosted White;dumroo-size=6-12-in-set,4
crystal-bowls-set-of-7,MI-CB-W-8-14-SET,false,ACTIVE,9450000,8950000,135000,119500,"",0,colour=Frosted White;dumroo-size=8-14-in-set,4
crystal-bowl-with-handle,MI-CBH,true,ACTIVE,2150000,1950000,38500,28500,"",0,"",4
crystal-pyramid,MI-CP-6,true,ACTIVE,995000,895000,14500,12500,"",0,size=6 in,4
crystal-pyramid,MI-CP-8,false,ACTIVE,1195000,1095000,15500,14500,"",0,size=8 in,4
djembe-drums,MI-DJB-I-10,false,ACTIVE,699000,535000,8100,7300,"",0,color=Ivory;size=10in,4
djembe-drums,MI-DJB-I-12,false,ACTIVE,820000,635000,9500,8600,"",0,color=Ivory;size=12in,4
djembe-drums,MI-DJB-I-14,false,ACTIVE,835000,745000,10500,9600,"",0,color=Ivory;size=14in,4
djembe-drums,MI-DJB-I-8,true,ACTIVE,440000,395000,5100,4600,"",0,color=Ivory;size=8in,4
djembe-drums,MI-DJB-M-10,false,ACTIVE,690000,535000,8000,6900,"",0,color=Mahogany;size=10in,4
djembe-drums,MI-DJB-M-12,false,ACTIVE,810000,635000,9400,8500,"",0,color=Mahogany;size=12in,4
djembe-drums,MI-DJB-M-14,false,ACTIVE,835000,745000,10500,9600,"",0,color=Mahogany;size=14in,4
djembe-drums,MI-DJB-M-8,false,ACTIVE,430000,395000,5000,4500,"",0,color=Mahogany;size=8in,4
dotted-singing-bowl,MI-SB-DH-5.5,false,ACTIVE,310100,238500,4310,3850,"",1,size=Deep 5.5 Inch,4
dotted-singing-bowl,MI-SB-H-4,true,ACTIVE,213900,164500,2970,2650,"",1,size=4 inch,4
dotted-singing-bowl,MI-SB-H-5.5,false,ACTIVE,278900,214500,3750,3350,"",1,size=5.5 inch,4
dumru-dumroo-indian-handmade-percussion-instrument,MI-D-DP,false,ACTIVE,42500,32500,1200,800,"",0,type=Dot Painted,4
dumru-dumroo-indian-handmade-percussion-instrument,MI-D-P,true,ACTIVE,35000,27500,1000,700,"",0,type=Plain,4
eco-friendly-neem-wood-toothbrush,NTB-2,true,ACTIVE,29300,22500,390,350,"",1,packs=pack-of-2,4
eco-friendly-neem-wood-toothbrush,NTB-4,false,ACTIVE,47500,36500,640,570,"",1,packs=pack-of-4,4
egg-shaker-with-handle,MI-ES-H,true,ACTIVE,116400,89500,1620,1450,"",0,"",4
elemental-chimes,MI-Ch-KS,true,ACTIVE,485000,385000,5900,4900,"",0,"",4
etched-handmade-singing-bowls,MI-GG-DJ-6,false,ACTIVE,1105000,850000,15120,13500,"",0,size=6 in;type=Dorje,4
etched-handmade-singing-bowls,MI-GG-YY-10,false,ACTIVE,2145000,1650000,28000,25000,"",0,size=10 in;type=Yin Yang,4
etched-handmade-singing-bowls,MI-GG-YY-11,false,ACTIVE,2535000,1950000,33040,29500,"",0,size=11 in;type=Yin Yang,4
etched-handmade-singing-bowls,MI-GG-YY-12,false,ACTIVE,2925000,2250000,36400,32500,"",0,size=12 in;type=Yin Yang,4
etched-handmade-singing-bowls,MI-GG-YY-6,false,ACTIVE,1105000,850000,15120,13500,"",0,size=6 in;type=Yin Yang,4
etched-handmade-singing-bowls,MI-GG-YY-7,false,ACTIVE,1365000,1050000,17810,15900,"",0,size=7 in;type=Yin Yang,4
etched-handmade-singing-bowls,MI-GG-YY-8,false,ACTIVE,1625000,1250000,21840,19500,"",0,size=8 in;type=Yin Yang,4
etched-handmade-singing-bowls,MI-GG-YY-9,false,ACTIVE,1885000,1450000,25200,22500,"",0,size=9 in;type=Yin Yang,4
etched-handmade-singing-bowls,MI-SB-GE-10,false,ACTIVE,2145000,1650000,28000,25000,"",1,size=10 in;type=Sacred Geometry,4
etched-handmade-singing-bowls,MI-SB-GE-11,false,ACTIVE,2535000,1950000,33040,29500,"",1,size=11 in;type=Sacred Geometry,4
etched-handmade-singing-bowls,MI-SB-GE-12,false,ACTIVE,2925000,2250000,36400,32500,"",1,size=12 in;type=Sacred Geometry,4
etched-handmade-singing-bowls,MI-SB-GE-6,false,ACTIVE,1105000,850000,15120,13500,"",1,size=6 in;type=Sacred Geometry,4
etched-handmade-singing-bowls,MI-SB-GE-7,false,ACTIVE,1365000,1050000,17810,15900,"",1,size=7 in;type=Sacred Geometry,4
etched-handmade-singing-bowls,MI-SB-GE-8,false,ACTIVE,1625000,1250000,21840,19500,"",1,size=8 in;type=Sacred Geometry,4
etched-handmade-singing-bowls,MI-SB-GE-9,false,ACTIVE,1885000,1450000,25200,22500,"",1,size=9 in;type=Sacred Geometry,4
etched-handmade-singing-bowls,MI-SB-GF-10,false,ACTIVE,2405000,1850000,30800,27500,"",1,size=10 in;type=Golden Feet,4
etched-handmade-singing-bowls,MI-SB-GF-11,false,ACTIVE,2795000,2150000,35280,31590,"",1,size=11 in;type=Golden Feet,4
etched-handmade-singing-bowls,MI-SB-GF-12,false,ACTIVE,3185000,2450000,38640,34500,"",1,size=12 in;type=Golden Feet,4
etched-handmade-singing-bowls,MI-SB-GF-6,false,ACTIVE,1365000,1050000,16690,14900,"",1,size=6 in;type=Golden Feet,4
etched-handmade-singing-bowls,MI-SB-GF-7,false,ACTIVE,1625000,1250000,21170,18900,"",1,size=7 in;type=Golden Feet,4
etched-handmade-singing-bowls,MI-SB-GF-8,false,ACTIVE,1885000,1450000,25200,22500,"",1,size=8 in;type=Golden Feet,4
etched-handmade-singing-bowls,MI-SB-GF-9,false,ACTIVE,2145000,1650000,28000,25000,"",1,size=9 in;type=Golden Feet,4
etched-handmade-singing-bowls,MI-SB-H-ET-B-10,false,ACTIVE,2405000,1850000,30800,27500,"",1,size=10 in;type=Buddha,4
etched-handmade-singing-bowls,MI-SB-H-ET-B-11,false,ACTIVE,2795000,2150000,35280,31500,"",1,size=11 in;type=Buddha,4
etched-handmade-singing-bowls,MI-SB-H-ET-B-12,false,ACTIVE,3185000,2450000,38640,34500,"",1,size=12 in;type=Buddha,4
etched-handmade-singing-bowls,MI-SB-H-ET-B-6,true,ACTIVE,1365000,1050000,16690,14900,"",1,size=6 in;type=Buddha,4
etched-handmade-singing-bowls,MI-SB-H-ET-B-7,false,ACTIVE,1625000,1250000,21170,18900,"",1,size=7 in;type=Buddha,4
etched-handmade-singing-bowls,MI-SB-H-ET-B-8,false,ACTIVE,1885000,1450000,25200,22500,"",1,size=8 in;type=Buddha,4
etched-handmade-singing-bowls,MI-SB-H-ET-B-9,false,ACTIVE,2145000,1650000,28000,25000,"",1,size=9 in;type=Buddha,4
etched-handmade-singing-bowls,MI-SB-H-ET-BE-10,false,ACTIVE,2145000,1650000,28000,25000,"",1,size=10 in;type=Buddhas Eyes,4
etched-handmade-singing-bowls,MI-SB-H-ET-BE-11,false,ACTIVE,2535000,1950000,33040,29500,"",1,size=11 in;type=Buddhas Eyes,4
etched-handmade-singing-bowls,MI-SB-H-ET-BE-12,false,ACTIVE,2925000,2250000,36400,32500,"",1,size=12 in;type=Buddhas Eyes,4
etched-handmade-singing-bowls,MI-SB-H-ET-BE-6,false,ACTIVE,1105000,850000,15120,13500,"",1,size=6 in;type=Buddhas Eyes,4
etched-handmade-singing-bowls,MI-SB-H-ET-BE-7,false,ACTIVE,1365000,1050000,17810,15900,"",1,size=7 in;type=Buddhas Eyes,4
etched-handmade-singing-bowls,MI-SB-H-ET-BE-8,false,ACTIVE,1625000,1250000,21840,19500,"",1,size=8 in;type=Buddhas Eyes,4
etched-handmade-singing-bowls,MI-SB-H-ET-BE-9,false,ACTIVE,1885000,1450000,25200,22500,"",1,size=9 in;type=Buddhas Eyes,4
etched-handmade-singing-bowls,MI-SB-H-ET-C-10,false,ACTIVE,2405000,1850000,30800,27500,"",1,size=10 in;type=Chakras,4
etched-handmade-singing-bowls,MI-SB-H-ET-C-11,false,ACTIVE,2795000,2150000,35280,31500,"",1,size=11 in;type=Chakras,4
etched-handmade-singing-bowls,MI-SB-H-ET-C-12,false,ACTIVE,3185000,2450000,38640,34500,"",1,size=12 in;type=Chakras,4
etched-handmade-singing-bowls,MI-SB-H-ET-C-6,false,ACTIVE,1365000,1050000,16690,14900,"",1,size=6 in;type=Chakras,4
etched-handmade-singing-bowls,MI-SB-H-ET-C-7,false,ACTIVE,1625000,1250000,21170,18900,"",1,size=7 in;type=Chakras,4
etched-handmade-singing-bowls,MI-SB-H-ET-C-8,false,ACTIVE,1885000,1450000,25200,22500,"",1,size=8 in;type=Chakras,4
etched-handmade-singing-bowls,MI-SB-H-ET-C-9,false,ACTIVE,2145000,1650000,28000,25000,"",1,size=9 in;type=Chakras,4
etched-handmade-singing-bowls,MI-SB-H-ET-DJ-10,false,ACTIVE,2145000,1650000,28000,25000,"",1,size=10 in;type=Dorje,4
etched-handmade-singing-bowls,MI-SB-H-ET-DJ-11,false,ACTIVE,2535000,1950000,33040,29500,"",1,size=11 in;type=Dorje,4
etched-handmade-singing-bowls,MI-SB-H-ET-DJ-12,false,ACTIVE,2925000,2250000,36400,32500,"",1,size=12 in;type=Dorje,4
etched-handmade-singing-bowls,MI-SB-H-ET-DJ-7,false,ACTIVE,1365000,1050000,17810,15900,"",1,size=7 in;type=Dorje,4
etched-handmade-singing-bowls,MI-SB-H-ET-DJ-8,false,ACTIVE,1625000,1250000,21840,19500,"",1,size=8 in;type=Dorje,4
etched-handmade-singing-bowls,MI-SB-H-ET-DJ-9,false,ACTIVE,1885000,1450000,25200,22500,"",1,size=9 in;type=Dorje,4
etched-handmade-singing-bowls,MI-SB-H-ET-FL-10,false,ACTIVE,2145000,1650000,28000,25000,"",1,size=10 in;type=Flower of Life,4
etched-handmade-singing-bowls,MI-SB-H-ET-FL-11,false,ACTIVE,2535000,1950000,33040,29500,"",1,size=11 in;type=Flower of Life,4
etched-handmade-singing-bowls,MI-SB-H-ET-FL-12,false,ACTIVE,2925000,2250000,36400,32500,"",1,size=12 in;type=Flower of Life,4
etched-handmade-singing-bowls,MI-SB-H-ET-FL-6,false,ACTIVE,1105000,850000,15120,13500,"",1,size=6 in;type=Flower of Life,4
etched-handmade-singing-bowls,MI-SB-H-ET-FL-7,false,ACTIVE,1365000,1050000,17810,15900,"",1,size=7 in;type=Flower of Life,4
etched-handmade-singing-bowls,MI-SB-H-ET-FL-8,false,ACTIVE,1625000,1250000,21840,19500,"",1,size=8 in;type=Flower of Life,4
etched-handmade-singing-bowls,MI-SB-H-ET-FL-9,false,ACTIVE,1885000,1450000,25200,22500,"",1,size=9 in;type=Flower of Life,4
etched-handmade-singing-bowls,MI-SB-H-ET-M-10,false,ACTIVE,2405000,1850000,30800,27500,"",0,size=10 in;type=Mantra,4
etched-handmade-singing-bowls,MI-SB-H-ET-M-11,false,ACTIVE,2795000,2150000,35280,31500,"",0,size=11 in;type=Mantra,4
etched-handmade-singing-bowls,MI-SB-H-ET-M-12,false,ACTIVE,3185000,2450000,38640,34500,"",0,size=12 in;type=Mantra,4
etched-handmade-singing-bowls,MI-SB-H-ET-M-6,false,ACTIVE,1365000,1050000,16690,14900,"",0,size=6 in;type=Mantra,4
etched-handmade-singing-bowls,MI-SB-H-ET-M-7,false,ACTIVE,1625000,1250000,21170,18900,"",0,size=7 in;type=Mantra,4
etched-handmade-singing-bowls,MI-SB-H-ET-M-8,false,ACTIVE,1885000,1450000,25200,22500,"",0,size=8 in;type=Mantra,4
etched-handmade-singing-bowls,MI-SB-H-ET-M-9,false,ACTIVE,2145000,1650000,28000,25000,"",0,size=9 in;type=Mantra,4
etched-handmade-singing-bowls,MI-SB-H-ET-O-C-10,false,ACTIVE,2145000,1650000,28000,25000,"",1,size=10 in;type=Om,4
etched-handmade-singing-bowls,MI-SB-H-ET-O-C-11,false,ACTIVE,2535000,1950000,33040,29500,"",1,size=11 in;type=Om,4
etched-handmade-singing-bowls,MI-SB-H-ET-O-C-12,false,ACTIVE,2925000,2250000,36400,32500,"",1,size=12 in;type=Om,4
etched-handmade-singing-bowls,MI-SB-H-ET-O-C-6,false,ACTIVE,1105000,850000,15120,13500,"",1,size=6 in;type=Om,4
etched-handmade-singing-bowls,MI-SB-H-ET-O-C-7,false,ACTIVE,1365000,1050000,17810,15900,"",1,size=7 in;type=Om,4
etched-handmade-singing-bowls,MI-SB-H-ET-O-C-8,false,ACTIVE,1625000,1250000,21840,19500,"",1,size=8 in;type=Om,4
etched-handmade-singing-bowls,MI-SB-H-ET-O-C-9,false,ACTIVE,1885000,1450000,25200,22500,"",1,size=9 in;type=Om,4
etched-handmade-singing-bowls,MI-SB-H-ET-T-10,false,ACTIVE,2405000,1850000,30800,27500,"",1,size=10 in;type=Tara,4
etched-handmade-singing-bowls,MI-SB-H-ET-T-11,false,ACTIVE,2795000,2150000,35280,31500,"",1,size=11 in;type=Tara,4
etched-handmade-singing-bowls,MI-SB-H-ET-T-12,false,ACTIVE,3185000,2450000,38640,34500,"",1,size=12 in;type=Tara,4
etched-handmade-singing-bowls,MI-SB-H-ET-T-6,false,ACTIVE,1365000,1050000,16690,14900,"",1,size=6 in;type=Tara,4
etched-handmade-singing-bowls,MI-SB-H-ET-T-7,false,ACTIVE,1625000,1250000,21170,18900,"",1,size=7 in;type=Tara,4
etched-handmade-singing-bowls,MI-SB-H-ET-T-8,false,ACTIVE,1885000,1450000,25200,22500,"",1,size=8 in;type=Tara,4
etched-handmade-singing-bowls,MI-SB-H-ET-T-9,false,ACTIVE,2145000,1650000,28000,25000,"",1,size=9 in;type=Tara,4
etched-handmade-singing-bowls,REMOVED-dorje-dup-MI-SB-H-ET-DJ-6,false,INACTIVE,1105000,850000,15120,13500,"",0,size=6 in;type=Dorje,4
etched-plain-wind-gong,MI-G-ET-7C-14,false,ACTIVE,1618500,1245000,22500,20000,"",1,size=14 in;type=7 Chakras,4
etched-plain-wind-gong,MI-G-ET-7C-16,false,ACTIVE,2073500,1595000,28500,26500,"",1,size=16 in;type=7 Chakras,4
etched-plain-wind-gong,MI-G-ET-7C-18,false,ACTIVE,2463500,1895000,37500,32500,"",1,size=18 in;type=7 Chakras,4
etched-plain-wind-gong,MI-G-ET-7C-20,false,ACTIVE,3022500,2325000,41500,39500,"",1,size=20 in;type=7 Chakras,4
etched-plain-wind-gong,MI-G-ET-7C-22,false,ACTIVE,3599700,2769000,48500,43500,"",1,size=22 in;type=7 Chakras,4
etched-plain-wind-gong,MI-G-ET-7C-24,false,ACTIVE,4283500,3295000,52500,51500,"",1,size=24 in;type=7 Chakras,4
etched-plain-wind-gong,MI-G-ET-7C-26,false,ACTIVE,4933500,3795000,61500,58500,"",1,size=26 in;type=7 Chakras,4
etched-plain-wind-gong,MI-G-ET-7C-28,false,ACTIVE,5583500,4295000,67500,64500,"",1,size=28 in;type=7 Chakras,4
etched-plain-wind-gong,MI-G-ET-FOL1-14,false,ACTIVE,1618500,1245000,22500,20000,"",1,size=14 in;type=Flower of Life,4
etched-plain-wind-gong,MI-G-ET-FOL1-16,false,ACTIVE,2073500,1595000,28500,26500,"",1,size=16 in;type=Flower of Life,4
etched-plain-wind-gong,MI-G-ET-FOL1-18,false,ACTIVE,2463500,1895000,37500,32500,"",1,size=18 in;type=Flower of Life,4
etched-plain-wind-gong,MI-G-ET-FOL1-20,false,ACTIVE,3022500,2325000,41500,39500,"",1,size=20 in;type=Flower of Life,4
etched-plain-wind-gong,MI-G-ET-FOL1-22,false,ACTIVE,3599700,2769000,48500,43500,"",1,size=22 in;type=Flower of Life,4
etched-plain-wind-gong,MI-G-ET-FOL1-24,false,ACTIVE,4283500,3295000,52500,51500,"",1,size=24 in;type=Flower of Life,4
etched-plain-wind-gong,MI-G-ET-F-OM-14,false,ACTIVE,1618500,1245000,22500,20000,"",1,size=14 in;type=Om,4
etched-plain-wind-gong,MI-G-ET-F-OM-16,false,ACTIVE,2073500,1595000,28500,26500,"",1,size=16 in;type=Om,4
etched-plain-wind-gong,MI-G-ET-F-OM-18,false,ACTIVE,2463500,1895000,37500,32500,"",1,size=18 in;type=Om,4
etched-plain-wind-gong,MI-G-ET-F-OM-20,false,ACTIVE,3022500,2325000,41500,39500,"",1,size=20 in;type=Om,4
etched-plain-wind-gong,MI-G-ET-F-OM-22,false,ACTIVE,3599700,2769000,48500,43500,"",1,size=22 in;type=Om,4
etched-plain-wind-gong,MI-G-ET-F-OM-24,false,ACTIVE,4283500,3295000,52500,51500,"",1,size=24 in;type=Om,4
etched-plain-wind-gong,MI-G-ET-F-OM-26,false,ACTIVE,4933500,3795000,61500,58500,"",1,size=26 in;type=Om,4
etched-plain-wind-gong,MI-G-ET-F-OM-28,false,ACTIVE,5583500,4295000,67500,64500,"",1,size=28 in;type=Om,4
etched-plain-wind-gong,MI-G-ET-M-14,true,ACTIVE,1618500,1245000,22500,20000,"",1,size=14 in;type=Mandala,4
etched-plain-wind-gong,MI-G-ET-M-16,false,ACTIVE,2073500,1595000,28500,26500,"",1,size=16 in;type=Mandala,4
etched-plain-wind-gong,MI-G-ET-M-18,false,ACTIVE,2463500,1895000,37500,32500,"",1,size=18 in;type=Mandala,4
etched-plain-wind-gong,MI-G-ET-M-20,false,ACTIVE,3022500,2325000,41500,39500,"",1,size=20 in;type=Mandala,4
etched-plain-wind-gong,MI-G-ET-M-22,false,ACTIVE,3599700,2769000,48500,43500,"",1,size=22 in;type=Mandala,4
etched-plain-wind-gong,MI-G-ET-M-24,false,ACTIVE,4283500,3295000,52500,51500,"",1,size=24 in;type=Mandala,4
etched-plain-wind-gong,MI-G-ET-M-26,false,ACTIVE,4933500,3795000,61500,58500,"",1,size=26 in;type=Mandala,4
etched-plain-wind-gong,MI-G-ET-M-28,false,ACTIVE,5583500,4295000,67500,64500,"",1,size=28 in;type=Mandala,4
etched-plain-wind-gong,MI-G-ET-SC-14,false,ACTIVE,1618500,1245000,22500,20000,"",1,size=14 in;type=Shakti Chakra,4
etched-plain-wind-gong,MI-G-ET-SC-16,false,ACTIVE,2073500,1595000,28500,26500,"",1,size=16 in;type=Shakti Chakra,4
etched-plain-wind-gong,MI-G-ET-SC-18,false,ACTIVE,2463500,1895000,37500,32500,"",1,size=18 in;type=Shakti Chakra,4
etched-plain-wind-gong,MI-G-ET-SC-20,false,ACTIVE,3022500,2325000,41500,39500,"",1,size=20 in;type=Shakti Chakra,4
etched-plain-wind-gong,MI-G-ET-SC-22,false,ACTIVE,3599700,2769000,48500,43500,"",1,size=22 in;type=Shakti Chakra,4
etched-plain-wind-gong,MI-G-ET-SC-24,false,ACTIVE,4283500,3295000,52500,51500,"",1,size=24 in;type=Shakti Chakra,4
etched-plain-wind-gong,MI-G-ET-SC-26,false,ACTIVE,4933500,3795000,61500,58500,"",1,size=26 in;type=Shakti Chakra,4
etched-plain-wind-gong,MI-G-ET-SC-28,false,ACTIVE,5583500,4295000,67500,64500,"",1,size=28 in;type=Shakti Chakra,4
etched-plain-wind-gong,MI-SB-H-ET-DJ-14,false,ACTIVE,1618500,1245000,22500,20000,"",1,size=14 in;type=Dorje,4
etched-plain-wind-gong,MI-SB-H-ET-DJ-16,false,ACTIVE,2073500,1595000,28500,26500,"",1,size=16 in;type=Dorje,4
etched-plain-wind-gong,MI-SB-H-ET-DJ-18,false,ACTIVE,2463500,1895000,37500,32500,"",1,size=18 in;type=Dorje,4
etched-plain-wind-gong,MI-SB-H-ET-DJ-20,false,ACTIVE,3022500,2325000,41500,39500,"",1,size=20 in;type=Dorje,4
etched-plain-wind-gong,MI-SB-H-ET-DJ-22,false,ACTIVE,3599700,2769000,48500,43500,"",1,size=22 in;type=Dorje,4
etched-plain-wind-gong,MI-SB-H-ET-DJ-24,false,ACTIVE,4283500,3295000,52500,51500,"",1,size=24 in;type=Dorje,4
etched-plain-wind-gong,MI-SB-H-ET-DJ-26,false,ACTIVE,4933500,3795000,61500,58500,"",1,size=26 in;type=Dorje,4
etched-plain-wind-gong,MI-SB-H-ET-DJ-28,false,ACTIVE,5583500,4295000,67500,64500,"",1,size=28 in;type=Dorje,4
etched-plain-wind-gong,MI-SB-H-ET-TR-14,false,ACTIVE,1618500,1245000,22500,20000,"",1,size=14 in;type=Tara,4
etched-plain-wind-gong,MI-SB-H-ET-TR-16,false,ACTIVE,2073500,1595000,28500,26500,"",1,size=16 in;type=Tara,4
etched-plain-wind-gong,MI-SB-H-ET-TR-18,false,ACTIVE,2463500,1895000,37500,32500,"",1,size=18 in;type=Tara,4
etched-plain-wind-gong,MI-SB-H-ET-TR-20,false,ACTIVE,3022500,2325000,41500,39500,"",1,size=20 in;type=Tara,4
etched-plain-wind-gong,MI-SB-H-ET-TR-22,false,ACTIVE,3599700,2769000,48500,43500,"",1,size=22 in;type=Tara,4
etched-plain-wind-gong,MI-SB-H-ET-TR-24,false,ACTIVE,4283500,3295000,52500,51500,"",1,size=24 in;type=Tara,4
etched-plain-wind-gong,MI-SB-H-ET-TR-26,false,ACTIVE,4933500,3795000,61500,58500,"",1,size=26 in;type=Tara,4
etched-plain-wind-gong,MI-SB-H-ET-TR-28,false,ACTIVE,5583500,4295000,67500,64500,"",1,size=28 in;type=Tara,4
etched-plain-wind-gong,MI-SB-H-ET-TR-30,false,ACTIVE,4933500,3795000,61500,58500,"",0,size=26 in;type=Flower of Life,4
etched-plain-wind-gong,MI-SB-H-ET-TR-32,false,ACTIVE,5583500,4295000,67500,64500,"",0,size=28 in;type=Flower of Life,4
etched-plain-wind-gong,MI-SB-H-ET-TR-34,false,ACTIVE,1527500,1175000,22500,18500,"",0,size=14 in;type=Flower of Life-Center,4
etched-plain-wind-gong,MI-SB-H-ET-TR-36,false,ACTIVE,1943500,1495000,28500,24500,"",0,size=16 in;type=Flower of Life-Center,4
etched-plain-wind-gong,MI-SB-H-ET-TR-38,false,ACTIVE,2320500,1785000,37500,30000,"",0,size=18 in;type=Flower of Life-Center,4
etched-plain-wind-gong,MI-SB-H-ET-TR-40,false,ACTIVE,2853500,2195000,41500,36500,"",0,size=20 in;type=Flower of Life-Center,4
etched-plain-wind-gong,MI-SB-H-ET-TR-42,false,ACTIVE,3373500,2595000,48500,40000,"",0,size=22 in;type=Flower of Life-Center,4
etched-plain-wind-gong,MI-SB-H-ET-TR-44,false,ACTIVE,3893500,2995000,52500,47500,"",0,size=24 in;type=Flower of Life-Center,4
etched-plain-wind-gong,MI-SB-H-ET-TR-46,false,ACTIVE,4543500,3495000,61500,54500,"",0,size=26 in;type=Flower of Life-Center,4
etched-plain-wind-gong,MI-SB-H-ET-TR-48,false,ACTIVE,5063500,3895000,67500,59500,"",0,size=28 in;type=Flower of Life-Center,4
event-checkout-antar-mauna-a-new-moon-sonic-journey,EVENT-ANTAR-MAUNA-A-NEW-MOON-SONIC-JOURNEY,true,ACTIVE,149900,149900,"","","",0,"",0
event-checkout-drum-circle-with-arjun-xenkat,EVENT-DRUM-CIRCLE-WITH-ARJUN-XENKAT,true,ACTIVE,79900,79900,"","","",0,"",0
event-checkout-immersive-sound-bath-experience-with-yoganidra,EVENT-IMMERSIVE-SOUND-BATH-EXPERIENCE-WITH,true,ACTIVE,99900,99900,"","","",0,"",0
event-checkout-purnimaya,EVENT-PURNIMAYA,true,ACTIVE,99900,99900,"","","",0,"",0
event-checkout-shamanic-breathwork,EVENT-SHAMANIC-BREATHWORK,true,ACTIVE,210000,210000,"","","",0,"",0
event-checkout-sonic-exploration,EVENT-SONIC-EXPLORATION,true,ACTIVE,79900,79900,"","","",0,"",0
event-checkout-the-hum,EVENT-THE-HUM,true,ACTIVE,75000,75000,"","","",0,"",0
extra-large-meridian-singing-bowls,Mi-SB-MD-E-18,false,ACTIVE,7150000,6850000,89500,79500,"",0,size=18 in;type=Etched,4
extra-large-meridian-singing-bowls,Mi-SB-MD-E-20,false,ACTIVE,8350000,7950000,99500,89500,"",0,size=20 in;type=Etched,4
extra-large-meridian-singing-bowls,Mi-SB-MD-E-22,false,ACTIVE,10500000,9750000,129500,119500,"",1,size=22 in;type=Etched,4
extra-large-meridian-singing-bowls,Mi-SB-MD-E-24,false,ACTIVE,13250000,12950000,159500,149500,"",1,size=24 in;type=Etched,4
extra-large-meridian-singing-bowls,Mi-SB-MD-E-26,false,ACTIVE,11750000,11450000,144500,134500,"",1,size=23 In;type=Etched,4
extra-large-meridian-singing-bowls,Mi-SB-MD-P-18,false,ACTIVE,5650000,5350000,79500,69500,"",0,size=18 in;type=Plain,4
extra-large-meridian-singing-bowls,Mi-SB-MD-P-20,false,ACTIVE,6850000,6550000,89500,79500,"",0,size=20 in;type=Plain,4
extra-large-meridian-singing-bowls,Mi-SB-MD-P-22,true,ACTIVE,8250000,7950000,104500,94500,"",1,size=22 in;type=Plain,4
extra-large-meridian-singing-bowls,Mi-SB-MD-P-24,false,ACTIVE,11750000,11450000,144500,134500,"",1,size=24 in;type=Plain,4
extra-large-meridian-singing-bowls,Mi-SB-MD-P-26,false,ACTIVE,10450000,9950000,"","","",1,size=23 In;type=Plain,4
eye-pillow,eye-pillow-v1,true,ACTIVE,20000,18000,1000,800,"",0,"",4
eye-shaped-natural-lavender-scented-eye-pillows,Yo-P-E-DG-1,false,ACTIVE,52500,39500,690,620,"",1,colour=Dark Grey,4
eye-shaped-natural-lavender-scented-eye-pillows,Yo-P-E-GY-1,false,ACTIVE,52500,39500,690,620,"",1,colour=Grey,4
eye-shaped-natural-lavender-scented-eye-pillows,Yo-P-E-NB-1,false,ACTIVE,52500,39500,690,620,"",1,colour=Navy Blue,4
eye-shaped-natural-lavender-scented-eye-pillows,Yo-P-E-RE-1,true,ACTIVE,52500,39500,690,620,"",1,colour=Rose,4
eye-shaped-natural-lavender-scented-eye-pillows,Yo-P-E-SE-1,false,ACTIVE,52500,39500,690,620,"",1,colour=Sage,4
flower-of-life-with-sacred-symbols-singing-bowls,MI-SB-RFL-B-10.5,false,ACTIVE,284700,219000,3900,3450,"",1,color=Blue;size=10.5 in,4
flower-of-life-with-sacred-symbols-singing-bowls,MI-SB-RFL-B-8,true,ACTIVE,201500,155000,3000,2650,"",1,color=Blue;size=8 in,4
flower-of-life-with-sacred-symbols-singing-bowls,MI-SB-RFL-B-9,false,ACTIVE,227500,175000,3300,2950,"",1,color=Blue;size=9 in,4
flower-of-life-with-sacred-symbols-singing-bowls,MI-SB-RFL-BR-10.5,false,ACTIVE,284700,219000,3900,3450,"",1,color=Brown;size=10.5 in,4
flower-of-life-with-sacred-symbols-singing-bowls,MI-SB-RFL-BR-8,false,ACTIVE,201500,155000,3000,2650,"",1,color=Brown;size=8 in,4
flower-of-life-with-sacred-symbols-singing-bowls,MI-SB-RFL-BR-9,false,ACTIVE,227500,175000,3300,2950,"",1,color=Brown;size=9 in,4
flower-of-life-with-sacred-symbols-singing-bowls,MI-SB-RFL-G-10.5,false,ACTIVE,284700,219000,3900,3450,"",1,color=Green;size=10.5 in,4
flower-of-life-with-sacred-symbols-singing-bowls,MI-SB-RFL-G-8,false,ACTIVE,201500,155000,3000,2650,"",1,color=Green;size=8 in,4
flower-of-life-with-sacred-symbols-singing-bowls,MI-SB-RFL-G-9,false,ACTIVE,227500,175000,3300,2950,"",1,color=Green;size=9 in,4
flower-of-life-with-sacred-symbols-singing-bowls,MI-SB-RFL-O-10.5,false,ACTIVE,284700,219000,3900,3450,"",1,color=Olive green;size=10.5 in,4
flower-of-life-with-sacred-symbols-singing-bowls,MI-SB-RFL-O-8,false,ACTIVE,201500,155000,3000,2650,"",1,color=Olive green;size=8 in,4
flower-of-life-with-sacred-symbols-singing-bowls,MI-SB-RFL-O-9,false,ACTIVE,227500,175000,3300,2950,"",1,color=Olive green;size=9 in,4
full-moon-singing-bowls-all-sizes,MI-SB-H-FM-10,false,ACTIVE,1345000,1245000,16000,15000,"",1,size=10 inches,4
full-moon-singing-bowls-all-sizes,MI-SB-H-FM-11,false,ACTIVE,1475000,1375000,17500,16500,"",1,size=11 Inches,4
full-moon-singing-bowls-all-sizes,MI-SB-H-FM-12,false,ACTIVE,1585000,1485000,19000,18000,"",1,size=12 inches,4
full-moon-singing-bowls-all-sizes,MI-SB-H-FM-13,false,ACTIVE,1695000,1595000,20000,19000,"",1,size=13 Inches,4
full-moon-singing-bowls-all-sizes,MI-SB-H-FM-5,true,ACTIVE,795000,695000,10000,9000,"",1,size=5 Inches,4
full-moon-singing-bowls-all-sizes,MI-SB-H-FM-6,false,ACTIVE,895000,795000,11000,10000,"",1,size=6 inches,4
full-moon-singing-bowls-all-sizes,MI-SB-H-FM-7,false,ACTIVE,995000,895000,12000,11000,"",1,size=7 Inches,4
full-moon-singing-bowls-all-sizes,MI-SB-H-FM-8,false,ACTIVE,1125000,1025000,14000,13000,"",1,size=8 inches,4
full-moon-singing-bowls-all-sizes,MI-SB-H-FM-9,false,ACTIVE,1225000,1125000,15000,14000,"",1,size=9 Inches,4
gong-bags,MI-Gg-Bag-L,false,ACTIVE,275000,235000,3750,2750,"",1,type=Large,4
gong-bags,MI-Gg-Bag-S,true,ACTIVE,250000,195000,3250,2250,"",1,type=Standard,4
gong-stand,MI-GS-L-D,false,ACTIVE,900000,845000,12000,10500,"",0,color=Dark;size=Large,4
gong-stand,MI-GS-L-L,false,ACTIVE,900000,845000,"","","",0,color=Light;size=Large,4
gong-stand,MI-GS-L-M,false,ACTIVE,785000,745000,11500,9500,"",0,color=Light;size=Medium,4
gong-stand,MI-GS-L-S,true,ACTIVE,700000,685000,10000,8500,"",0,color=Light;size=Small,4
gong-stand,MI-GS-M-D,false,ACTIVE,785000,745000,11500,9500,"",0,color=Dark;size=Medium,4
gong-stand,MI-GS-S-D,false,ACTIVE,700000,685000,10000,8500,"",0,color=Dark;size=Small,4
gong-stand,MI-GS-XL-D,false,ACTIVE,1000000,900000,20000,18000,"",0,color=Dark;size=Extra Large,4
gong-stand,MI-GS-XL-L,false,ACTIVE,1000000,900000,20000,18000,"",0,color=Light;size=Extra Large,4
grooved-hammered-plain-copper-bottle,CB-CDG,false,ACTIVE,142900,109900,1930,1720,"",1,cleaning-brush=Without Brush;colour=Gold;types=Diamond Groove,4
grooved-hammered-plain-copper-bottle,CB-CDG-B,false,ACTIVE,155900,119900,2100,1880,"",1,cleaning-brush=With Brush;colour=Gold;types=Diamond Groove,4
grooved-hammered-plain-copper-bottle,CB-CP,false,ACTIVE,142900,109900,1930,1720,"",1,cleaning-brush=Without Brush;colour=Gold;types=Curved,4
grooved-hammered-plain-copper-bottle,CB-CP-B,true,ACTIVE,155900,119900,2100,1880,"",1,cleaning-brush=With Brush;colour=Gold;types=Curved,4
grooved-hammered-plain-copper-bottle,CB-CPH,false,ACTIVE,142900,109900,1930,1720,"",1,cleaning-brush=Without Brush;colour=Gold;types=Hammered,4
grooved-hammered-plain-copper-bottle,CB-CPH-B,false,ACTIVE,155900,119900,2100,1880,"",1,cleaning-brush=With Brush;colour=Gold;types=Hammered,4
grooved-hammered-plain-copper-bottle,CB-CV,false,ACTIVE,142900,109900,1930,1720,"",1,cleaning-brush=Without Brush;colour=Vintage;types=Curved,4
grooved-hammered-plain-copper-bottle,CB-CV-B,false,ACTIVE,155900,119900,2100,1880,"",1,cleaning-brush=Without Brush;colour=Vintage;types=Curved,4
grooved-hammered-plain-copper-bottle,CB-CVDG,false,ACTIVE,142900,109900,1930,1720,"",1,cleaning-brush=Without Brush;colour=Vintage;types=Diamond Groove,4
grooved-hammered-plain-copper-bottle,CB-CVDG-B,false,ACTIVE,155900,119900,2100,1880,"",1,cleaning-brush=With Brush;colour=Vintage;types=Diamond Groove,4
grooved-hammered-plain-copper-bottle,CB-CVH,false,ACTIVE,142900,109900,1930,1720,"",1,cleaning-brush=Without Brush;colour=Vintage;types=Curved Hammered,4
grooved-hammered-plain-copper-bottle,CB-CVH-B,false,ACTIVE,155900,119900,2100,1880,"",1,cleaning-brush=With Brush;colour=Vintage;types=Curved Hammered,4
handcrafted-set-of-7-bowls-for-sound-therapy,MI-SB-7C Set-L-EC,false,ACTIVE,10450000,9650000,139900,129900,"",1,size=Large-Octave 2;type=Chakra Etching,4
handcrafted-set-of-7-bowls-for-sound-therapy,MI-SB-7C Set-L-FM,true,ACTIVE,9950000,9250000,129900,119900,"",1,size=Large-Octave 2;type=Full Moon,4
handcrafted-set-of-7-bowls-for-sound-therapy,MI-SB-7C Set-L-M,false,ACTIVE,8950000,8250000,119900,109900,"",1,size=Large-Octave 2;type=Matte,4
handcrafted-set-of-7-bowls-for-sound-therapy,MI-SB-7C Set-S-EC,false,ACTIVE,7850000,6950000,109900,99900,"",1,size=Standard-Octave 3;type=Chakra Etching,4
handcrafted-set-of-7-bowls-for-sound-therapy,MI-SB-7C Set-S-FM,false,ACTIVE,7450000,6550000,99900,89900,"",1,size=Standard-Octave 3;type=Full Moon,4
handcrafted-set-of-7-bowls-for-sound-therapy,MI-SB-7C Set-S-M,false,ACTIVE,6550000,5650000,89900,79900,"",1,size=Standard-Octave 3;type=Matte,4
handheld-natural-coconut-shaker,MI-CS-H,true,ACTIVE,122900,94500,1800,1450,"",0,"",4
handmade-lingam-singing-bowl,MI-SB-H-lM-10,false,ACTIVE,0,0,"","","",0,size=10 in,4
handmade-lingam-singing-bowl,MI-SB-H-lM-11,false,ACTIVE,0,0,"","","",0,size=11 in,4
handmade-lingam-singing-bowl,MI-SB-H-lM-12,false,ACTIVE,0,0,"","","",0,size=12 in,4
handmade-lingam-singing-bowl,MI-SB-H-lM-13,false,ACTIVE,0,0,"","","",0,size=13 in,4
handmade-lingam-singing-bowl,MI-SB-H-lM-7,true,ACTIVE,0,0,"","","",0,size=7 in,4
handmade-lingam-singing-bowl,MI-SB-H-lM-8,false,ACTIVE,0,0,"","","",0,size=8 in,4
handmade-lingam-singing-bowl,MI-SB-H-lM-9,false,ACTIVE,0,0,"","","",0,size=9 in,4
handmade-singing-bowls-all-sizes,Mi-SB-H-M-10,false,ACTIVE,1175000,1075000,14900,12900,"",1,size=10 in;type=Matte,4
handmade-singing-bowls-all-sizes,Mi-SB-H-M-11,false,ACTIVE,1295000,1195000,15900,13900,"",1,size=11 in;type=Matte,4
handmade-singing-bowls-all-sizes,MI-SB-H-M-12,false,ACTIVE,1365000,1265000,16900,14900,"",0,size=12 in;type=Matte,4
handmade-singing-bowls-all-sizes,MI-SB-H-M-13,false,ACTIVE,1465000,1365000,17900,15900,"",0,size=13 in;type=Matte,4
handmade-singing-bowls-all-sizes,Mi-SB-H-M-5,false,ACTIVE,695000,595000,8900,7900,"",1,size=5 in;type=Matte,4
handmade-singing-bowls-all-sizes,MI-SB-H-M-6,false,ACTIVE,765000,665000,10900,8900,"",0,size=6 in;type=Matte,4
handmade-singing-bowls-all-sizes,MI-SB-H-M-7,false,ACTIVE,845000,745000,11900,9900,"",0,size=7 in;type=Matte,4
handmade-singing-bowls-all-sizes,Mi-SB-H-M-8,false,ACTIVE,925000,825000,12900,10900,"",1,size=8 in;type=Matte,4
handmade-singing-bowls-all-sizes,Mi-SB-H-M-9,false,ACTIVE,1035000,935000,13900,11900,"",1,size=9 in;type=Matte,4
handmade-singing-bowls-all-sizes,Mi-SB-H-P-10,false,ACTIVE,1175000,1075000,14900,12900,"",1,size=10 in;type=Polished,4
handmade-singing-bowls-all-sizes,Mi-SB-H-P-11,false,ACTIVE,1295000,1195000,15900,13900,"",1,size=11 in;type=Polished,4
handmade-singing-bowls-all-sizes,Mi-SB-H-P-12,false,ACTIVE,1365000,1265000,16900,14900,"",1,size=12 in;type=Polished,4
handmade-singing-bowls-all-sizes,MI-SB-H-P-13,false,ACTIVE,1465000,1365000,17900,15900,"",0,size=13 in;type=Polished,4
handmade-singing-bowls-all-sizes,Mi-SB-H-P-5,true,ACTIVE,695000,595000,8900,7900,"",1,size=5 in;type=Matte,4
handmade-singing-bowls-all-sizes,Mi-SB-H-P-6,false,ACTIVE,765000,665000,10900,8900,"",1,size=6 in;type=Polished,4
handmade-singing-bowls-all-sizes,Mi-SB-H-P-7,false,ACTIVE,845000,745000,11900,9900,"",1,size=7 in;type=Polished,4
handmade-singing-bowls-all-sizes,Mi-SB-H-P-8,false,ACTIVE,925000,825000,12900,10900,"",1,size=8 in;type=Polished,4
handmade-singing-bowls-all-sizes,Mi-SB-H-P-9,false,ACTIVE,1035000,935000,13900,11900,"",1,size=9 in;type=Polished,4
handmade-universal-bowl-for-sound-healing,MI-SB-HM-UN,true,ACTIVE,995000,895000,15000,12500,"",0,"",4
handpan-stand,MI-HP-S,true,ACTIVE,1150000,1050000,17500,14500,"",0,"",4
hanging-bowls-zen-drops,SB-HB-3-SET,false,ACTIVE,995000,895000,14000,12500,"",0,type=Set of 3,4
hanging-bowls-zen-drops,SB-HB-S,true,ACTIVE,495000,395000,6000,5500,"",0,type=Single,4
harmonium,MI-HM-MP,false,ACTIVE,2750000,2399000,35000,32000,"",0,type=Compact,4
harmonium,MI-HM-PP,true,ACTIVE,3350000,2890000,39000,36900,"",0,type=Professional,4
heart-chakra-singing-bowl,woo-45473,true,ACTIVE,1199000,1099000,14000,13000,"",0,"",4
hi-zafu-meditation-cushion-embroidered-with-lotus,Me-C-HZ-L-E-L,false,ACTIVE,175000,148500,2360,2110,"",1,colour=Lavender,4
hi-zafu-meditation-cushion-embroidered-with-lotus,Me-C-HZ-LG-E-L,false,ACTIVE,175000,148500,2360,2110,"",1,colour=Light Grey,4
hi-zafu-meditation-cushion-embroidered-with-lotus,Me-C-HZ-MB-E-L,false,ACTIVE,175000,148500,2360,2110,"",1,colour=Misty Blue,4
hi-zafu-meditation-cushion-embroidered-with-lotus,Me-C-HZ-R-E-L,false,ACTIVE,175000,148500,2360,2110,"",1,colour=Rose,4
hi-zafu-meditation-cushion-embroidered-with-lotus,Me-C-HZ-S-E-L,true,ACTIVE,175000,148500,2360,2110,"",1,colour=Sage,4
hi-zafu-meditation-cushion-filled-with-buckwheat,Me-C-HZ-DG,false,ACTIVE,154000,128500,2080,1860,"",1,colour=Dark Grey,4
hi-zafu-meditation-cushion-filled-with-buckwheat,Me-C-HZ-GY,false,ACTIVE,154000,128500,2080,1860,"",1,colour=Grey,4
hi-zafu-meditation-cushion-filled-with-buckwheat,Me-C-HZ-I,false,ACTIVE,154000,128500,2080,1860,"",1,colour=Ivory,4
hi-zafu-meditation-cushion-filled-with-buckwheat,Me-C-HZ-LG,false,ACTIVE,154000,128500,2080,1860,"",1,colour=Light Grey,4
hi-zafu-meditation-cushion-filled-with-buckwheat,Me-C-HZ-LR,false,ACTIVE,154000,128500,2080,1860,"",1,colour=Lavender,4
hi-zafu-meditation-cushion-filled-with-buckwheat,Me-C-HZ-M,false,ACTIVE,154000,128500,2080,1860,"",1,colour=Maroon,4
hi-zafu-meditation-cushion-filled-with-buckwheat,Me-C-HZ-MB,false,ACTIVE,154000,128500,2080,1860,"",1,colour=Misty Blue,4
hi-zafu-meditation-cushion-filled-with-buckwheat,Me-C-HZ-NB,false,ACTIVE,154000,128500,2080,1860,"",1,colour=Navy Blue,4
hi-zafu-meditation-cushion-filled-with-buckwheat,Me-C-HZ-R,false,ACTIVE,154000,128500,2080,1860,"",1,colour=Rose,4
hi-zafu-meditation-cushion-filled-with-buckwheat,Me-C-HZ-RB,true,ACTIVE,154000,128500,2080,1860,"",1,colour=Royal Blue,4
hi-zafu-meditation-cushion-filled-with-buckwheat,Me-C-HZ-RD,false,ACTIVE,154000,128500,2080,1860,"",1,colour=Red,4
hi-zafu-meditation-cushion-filled-with-buckwheat,Me-C-HZ-SE,false,ACTIVE,154000,128500,2080,1860,"",1,colour=Sage,4
ishana-black-gold-bowl,Mi-SB-H-I-B-G-10,false,ACTIVE,1546400,1189500,21170,18900,"",1,size=10 in,4
ishana-black-gold-bowl,Mi-SB-H-I-B-G-11,false,ACTIVE,1806400,1389500,23410,20900,"",1,size=11 in,4
ishana-black-gold-bowl,Mi-SB-H-I-B-G-12,false,ACTIVE,2242500,1725000,30130,26900,"",1,size=12 in,4
ishana-black-gold-bowl,Mi-SB-H-I-B-G-13,false,ACTIVE,2528500,1945000,33490,29900,"",1,size=13 in,4
ishana-black-gold-bowl,Mi-SB-H-I-B-G-6,true,ACTIVE,955500,735000,12210,10900,"",1,size=6 in,4
ishana-black-gold-bowl,Mi-SB-H-I-B-G-7,false,ACTIVE,1085500,835000,14450,12900,"",1,size=7 in,4
ishana-black-gold-bowl,Mi-SB-H-I-B-G-8,false,ACTIVE,1228500,945000,16690,14900,"",1,size=8 in,4
ishana-black-gold-bowl,Mi-SB-H-I-B-G-9,false,ACTIVE,1358500,1045000,18480,16500,"",1,size=9 in,4
jala-neti-pot-ceramic-185-ml,NP-B-185,false,ACTIVE,31900,24500,750,650,"",1,colour=Blue,4
jala-neti-pot-ceramic-185-ml,NP-LY-185,false,ACTIVE,31900,24500,750,650,"",1,colour=Lemon Yellow,4
jala-neti-pot-ceramic-185-ml,NP-MG-185,false,ACTIVE,31900,24500,750,650,"",1,colour=Mint Green,4
jala-neti-pot-ceramic-185-ml,NP-R-185,true,ACTIVE,31900,24500,750,650,"",1,"",4
jala-neti-pot-ceramic-185-ml,NP-W-185,false,ACTIVE,31900,24500,750,650,"",1,colour=White,4
joint-bowl-or-knee-cut-bowl,MI-SB-JB,true,ACTIVE,975000,875000,12000,11000,"",1,size=8 in,4
kenari-bracelet,MI-KR-BT,true,ACTIVE,175500,135000,"","","",0,"",4
kenari-chimes-small-large,MI-KC-L,false,ACTIVE,565000,495000,7500,6500,"",0,size=Large,4
kenari-chimes-small-large,MI-KC-S,true,ACTIVE,450000,395000,6000,5000,"",0,size=Small,4
kenari-seed-shell-shakers,MI-KS-L,false,ACTIVE,253500,235000,3640,3250,"",0,size=Large,4
kenari-seed-shell-shakers,MI-KS-S,true,ACTIVE,175500,135000,2410,2150,"",0,size=Small,4
kenari-seed-shell-shaker-with-handle,MI-KS-H,true,ACTIVE,188500,145000,2630,2350,"",0,"",4
large-tuning-fork,woo-var-49862,true,ACTIVE,1299900,1199900,14000,13000,"",0,fork=Harmonic Balance,0
large-tuning-fork,woo-var-49863,false,ACTIVE,1399900,1299900,15000,14000,"",0,fork=Love Frequency,0
large-tuning-fork,woo-var-49864,false,ACTIVE,1499900,1399900,17000,16000,"",0,fork=Sacred Balance,0
large-tuning-fork,woo-var-49865,false,ACTIVE,1699900,1599900,18500,17500,"",0,fork=Cosmic OM Resonance,0
lotus-moderate-grip-yoga-mat,woo-var-8402,true,ACTIVE,305000,209000,3670,3270,"",1,color=Green;macrame-strap=Green,4
lotus-moderate-grip-yoga-mat,woo-var-8403,false,ACTIVE,305000,209000,3670,3270,"",1,color=Green;macrame-strap=Dark Grey,4
lotus-moderate-grip-yoga-mat,woo-var-8404,false,ACTIVE,305000,209000,3670,3270,"",1,color=Green;macrame-strap=Orange,4
lotus-moderate-grip-yoga-mat,woo-var-8405,false,ACTIVE,305000,209000,3670,3270,"",1,color=Green;macrame-strap=White,4
lotus-moderate-grip-yoga-mat,woo-var-8406,false,ACTIVE,305000,209000,3670,3270,"",1,color=Green;macrame-strap=Brown,4
lotus-moderate-grip-yoga-mat,woo-var-8407,false,ACTIVE,305000,209000,3670,3270,"",1,color=Pink;macrame-strap=Green,4
lotus-moderate-grip-yoga-mat,woo-var-8408,false,ACTIVE,305000,209000,3670,3270,"",1,color=Pink;macrame-strap=Dark Grey,4
lotus-moderate-grip-yoga-mat,woo-var-8409,false,ACTIVE,305000,209000,3670,3270,"",1,color=Pink;macrame-strap=Orange,4
lotus-moderate-grip-yoga-mat,woo-var-8410,false,ACTIVE,305000,209000,3670,3270,"",1,color=Pink;macrame-strap=White,4
lotus-moderate-grip-yoga-mat,woo-var-8411,false,ACTIVE,305000,209000,3670,3270,"",1,color=Pink;macrame-strap=Brown,4
lotus-moderate-grip-yoga-mat,woo-var-8412,false,ACTIVE,305000,209000,3670,3270,"",1,color=Blue;macrame-strap=Green,4
lotus-moderate-grip-yoga-mat,woo-var-8413,false,ACTIVE,305000,209000,3670,3270,"",1,color=Blue;macrame-strap=Dark Grey,4
lotus-moderate-grip-yoga-mat,woo-var-8414,false,ACTIVE,305000,209000,3670,3270,"",1,color=Blue;macrame-strap=Orange,4
lotus-moderate-grip-yoga-mat,woo-var-8415,false,ACTIVE,305000,209000,3670,3270,"",1,color=Blue;macrame-strap=White,4
lotus-moderate-grip-yoga-mat,woo-var-8416,false,ACTIVE,305000,209000,3670,3270,"",1,color=Blue;macrame-strap=Brown,4
lotus-moderate-grip-yoga-mat,woo-var-8417,false,ACTIVE,305000,209000,3670,3270,"",1,color=Orange;macrame-strap=Green,4
lotus-moderate-grip-yoga-mat,woo-var-8418,false,ACTIVE,305000,209000,3670,3270,"",1,color=Orange;macrame-strap=Dark Grey,4
lotus-moderate-grip-yoga-mat,woo-var-8419,false,ACTIVE,305000,209000,3670,3270,"",1,color=Orange;macrame-strap=Orange,4
lotus-moderate-grip-yoga-mat,woo-var-8420,false,ACTIVE,305000,209000,3670,3270,"",1,color=Orange;macrame-strap=White,4
lotus-moderate-grip-yoga-mat,woo-var-8421,false,ACTIVE,305000,209000,3670,3270,"",1,color=Orange;macrame-strap=Brown,4
lotus-moderate-grip-yoga-mat,woo-var-8477,false,ACTIVE,245000,179000,3140,2800,"",1,color=Green;macrame-strap=Without Strap,4
lotus-moderate-grip-yoga-mat,woo-var-8478,false,ACTIVE,245000,179000,3140,2800,"",1,color=Pink;macrame-strap=Without Strap,4
lotus-moderate-grip-yoga-mat,woo-var-8479,false,ACTIVE,245000,179000,3140,2800,"",1,color=Blue;macrame-strap=Without Strap,4
lotus-moderate-grip-yoga-mat,woo-var-8480,false,ACTIVE,245000,179000,3140,2800,"",1,color=Orange;macrame-strap=Without Strap,4
lotus-superior-grip-yoga-mat,Yo-M-L-HG-O,false,ACTIVE,275000,199000,3490,3120,"",1,color=Orange;macrame-strap=Without Strap;type=Lotus,4
lotus-superior-grip-yoga-mat,Yo-M-L-HG-O-MC-B,false,ACTIVE,335000,239000,4190,3740,"",1,color=Orange;macrame-strap=Brown;type=Lotus,4
lotus-superior-grip-yoga-mat,Yo-M-L-HG-O-MC-DG,false,ACTIVE,335000,239000,4190,3740,"",1,color=Orange;macrame-strap=Dark Grey;type=Lotus,4
lotus-superior-grip-yoga-mat,Yo-M-L-HG-O-MC-G,false,ACTIVE,335000,239000,4190,3740,"",1,color=Orange;macrame-strap=Green;type=Lotus,4
lotus-superior-grip-yoga-mat,Yo-M-L-HG-O-MC-O,false,ACTIVE,335000,239000,4190,3740,"",1,color=Orange;macrame-strap=Orange;type=Lotus,4
lotus-superior-grip-yoga-mat,Yo-M-L-HG-P,true,ACTIVE,275000,199000,3490,3120,"",1,color=Pink;macrame-strap=Without Strap;type=Lotus,4
lotus-superior-grip-yoga-mat,Yo-M-L-HG-P-MC-B,false,ACTIVE,335000,239000,4190,3740,"",1,color=Pink;macrame-strap=Brown;type=Lotus,4
lotus-superior-grip-yoga-mat,Yo-M-L-HG-P-MC-DG,false,ACTIVE,335000,239000,4190,3740,"",1,color=Pink;macrame-strap=Dark Grey;type=Lotus,4
lotus-superior-grip-yoga-mat,Yo-M-L-HG-P-MC-G,false,ACTIVE,335000,239000,4190,3740,"",1,color=Pink;macrame-strap=Green;type=Lotus,4
lotus-superior-grip-yoga-mat,Yo-M-L-HG-P-MC-O,false,ACTIVE,335000,239000,4190,3740,"",1,color=Pink;macrame-strap=Orange;type=Lotus,4
lotus-superior-grip-yoga-mat,Yo-M-L-HG-T,false,ACTIVE,275000,199000,3490,3120,"",1,color=Teal;macrame-strap=Without Strap;type=Lotus,4
lotus-superior-grip-yoga-mat,Yo-M-L-HG-T-MC-B,false,ACTIVE,335000,239000,4190,3740,"",1,color=Teal;macrame-strap=Brown;type=Lotus,4
lotus-superior-grip-yoga-mat,Yo-M-L-HG-T-MC-DG,false,ACTIVE,335000,239000,4190,3740,"",1,color=Teal;macrame-strap=Dark Grey;type=Lotus,4
lotus-superior-grip-yoga-mat,Yo-M-L-HG-T-MC-G,false,ACTIVE,335000,239000,4190,3740,"",1,color=Teal;macrame-strap=Green;type=Lotus,4
lotus-superior-grip-yoga-mat,Yo-M-L-HG-T-MC-O,false,ACTIVE,335000,239000,4190,3740,"",1,color=Teal;macrame-strap=Orange;type=Lotus,4
lotus-superior-grip-yoga-mat,Yo-M-L-HG-Y,false,ACTIVE,275000,199000,3490,3120,"",1,color=Yellow;macrame-strap=Without Strap;type=Lotus,4
lotus-superior-grip-yoga-mat,Yo-M-L-HG-Y-MC-B,false,ACTIVE,335000,239000,4190,3740,"",1,color=Yellow;macrame-strap=Brown;type=Lotus,4
lotus-superior-grip-yoga-mat,Yo-M-L-HG-Y-MC-DG,false,ACTIVE,335000,239000,4190,3740,"",1,color=Yellow;macrame-strap=Dark Grey;type=Lotus,4
lotus-superior-grip-yoga-mat,Yo-M-L-HG-Y-MC-G,false,ACTIVE,335000,239000,4190,3740,"",1,color=Yellow;macrame-strap=Green;type=Lotus,4
lotus-superior-grip-yoga-mat,Yo-M-L-HG-Y-MC-O,false,ACTIVE,335000,239000,4190,3740,"",1,color=Yellow;macrame-strap=Orange;type=Lotus,4
lotus-yoga-mat,YO-M-MG-O,false,ACTIVE,245000,179000,3140,2840,"",0,color=Orange;grip=Moderate,4
lotus-yoga-mat,YO-M-MG-P,false,ACTIVE,245000,179000,3140,2840,"",0,color=Pink;grip=Moderate,4
lotus-yoga-mat,YO-M-MG-T,true,ACTIVE,245000,179000,3140,2840,"",0,color=Teal;grip=Moderate,4
lotus-yoga-mat,YO-M-MG-Y,false,ACTIVE,245000,179000,3140,2840,"",0,color=Yellow;grip=Moderate,4
lotus-yoga-mat,YO-M-SP-O,false,ACTIVE,275000,199000,3490,3120,"",0,color=Orange;grip=Superior,4
lotus-yoga-mat,YO-M-SP-S,false,ACTIVE,275000,199000,3490,3120,"",0,color=Pink;grip=Superior,4
lotus-yoga-mat,YO-M-SP-T,false,ACTIVE,275000,199000,3490,3120,"",0,color=Teal;grip=Superior,4
lotus-yoga-mat,YO-M-SP-Y,false,ACTIVE,275000,199000,3490,3120,"",0,color=Yellow;grip=Superior,4
macrame-yoga-mat-straps,Yo-MC-MS-B,false,ACTIVE,76000,58500,1030,920,"",1,color=Brown,4
macrame-yoga-mat-straps,Yo-MC-MS-DG,false,ACTIVE,76000,58500,1030,920,"",1,color=Dark Grey,4
macrame-yoga-mat-straps,Yo-MC-MS-G,true,ACTIVE,76000,58500,1030,920,"",1,color=Green,4
macrame-yoga-mat-straps,Yo-MC-MS-O,false,ACTIVE,76000,58500,1030,920,"",1,color=Orange,4
mayura-morchang-set,MI-MM-B,false,ACTIVE,295000,265000,4250,3250,"",0,type=Bass,4
mayura-morchang-set,MI-MM-M,false,ACTIVE,295000,265000,4250,3250,"",0,type=Middle,4
mayura-morchang-set,MI-MM-S,true,ACTIVE,295000,265000,4250,3250,"",0,type=Sharp,4
mayura-morchang-set,MI-MM-SET,false,ACTIVE,905000,725000,9500,7550,"",0,type=Full Set,4
mini-bamboo-and-aluminium-bar-chime,woo-var-46480,true,ACTIVE,112500,98500,2150,1550,"",0,number-of-bars=10,4
mini-bamboo-and-aluminium-bar-chime,woo-var-46481,false,ACTIVE,225000,185000,4550,2750,"",0,number-of-bars=21,4
mini-bamboo-slide-whistle,MI-B-SW-D,false,ACTIVE,62500,39500,850,450,"",0,type=Double,4
mini-bamboo-slide-whistle,MI-B-SW-S,true,ACTIVE,45500,25000,750,450,"",0,type=Single,4
mini-bamboo-slide-whistle,MI-B-SW-S-P,false,ACTIVE,46500,28500,650,325,"",0,type=Single Painted,4
mini-coconut-shakers-3-types,MI-CS-E,false,ACTIVE,81300,62500,1100,950,"",1,shape=Eye Shaped,4
mini-coconut-shakers-3-types,MI-CS-R,true,ACTIVE,83900,64500,1200,1000,"",1,shape=Round Shaped,4
mini-coconut-shakers-3-types,MI-CS-S,false,ACTIVE,83900,64500,1200,1000,"",1,shape=Square Shaped,4
mini-coconut-shakers-3-types,MI-CS-SET,false,ACTIVE,194400,149500,2800,2350,"",0,shape=All 3,4
mini-tongue-drum,MI-TD-6.3-B,false,ACTIVE,643500,495000,8680,7750,"",1,color=Blue,4
mini-tongue-drum,MI-TD-6.3-G,false,ACTIVE,643500,495000,8680,7750,"",1,color=Green,4
mini-tongue-drum,MI-TD-6.3-P,false,ACTIVE,643500,495000,8680,7750,"",1,color=Purple,4
mini-tongue-drum,MI-TD-6.3-Y,true,ACTIVE,643500,495000,8680,7750,"",1,color=Yellow,4
musical-wooden-frog,MI-WF-L,false,ACTIVE,175000,135000,2050,1750,"",1,size=Large,4
musical-wooden-frog,MI-WF-S,true,ACTIVE,125000,95000,1650,1350,"",1,size=Standard,4
native-american-style-flute-handcrafted-wooden-melody-maker,MI-NM-F,true,ACTIVE,1990000,1790000,25000,19000,"",0,"",4
natural-bamboo-xylophone-with-5-keys,MI-XP-B-5,true,ACTIVE,318500,245000,4500,3850,"",0,"",4
natural-lavender-scented-eye-pillows,Yo-P-E-DG,false,ACTIVE,52500,39500,690,620,"",1,colour=Dark Grey,4
natural-lavender-scented-eye-pillows,Yo-P-E-GY,false,ACTIVE,52500,39500,690,620,"",1,colour=Grey,4
natural-lavender-scented-eye-pillows,Yo-P-E-NB,false,ACTIVE,52500,39500,690,620,"",1,colour=Navy Blue,4
natural-lavender-scented-eye-pillows,Yo-P-E-RE,true,ACTIVE,52500,39500,690,620,"",1,colour=Rose,4
natural-lavender-scented-eye-pillows,Yo-P-E-SE,false,ACTIVE,52500,39500,690,620,"",1,colour=Sage,4
neem-wood-combs,CO-NWC-S-H,false,ACTIVE,27300,21000,370,330,"",1,comb_type=combo-2,4
neem-wood-combs,CO-NWC-S-P-H,false,ACTIVE,37700,29000,510,450,"",1,comb_type=combo-3,4
neem-wood-combs,NWC-H,true,ACTIVE,21500,16500,290,260,"",1,comb_type=comb-with-handle,4
neem-wood-combs,NWC-P,false,ACTIVE,17600,13500,240,210,"",1,comb_type=small-comb,4
neem-wood-combs,NWC-S,false,ACTIVE,21500,16500,290,260,"",1,comb_type=long-comb,4
ocarina-instruments,woo-var-48382,true,ACTIVE,0,0,"","","",0,shape=Banana,4
ocarina-instruments,woo-var-48383,false,ACTIVE,0,0,"","","",0,shape=Oval,4
ocean-drums,MI-OD-DC-30,false,ACTIVE,331500,255000,4650,4150,"",0,size=30 cms;type=Dream Catcher,4
ocean-drums,MI-OD-DC-35,false,ACTIVE,370500,280500,5100,4550,"",0,size=35 cms;type=Dream Catcher,4
ocean-drums,MI-OD-DC-40,false,ACTIVE,448500,345000,6050,5400,"",0,size=40 cms;type=Dream Catcher,4
ocean-drums,MI-OD-FL-30,false,ACTIVE,331500,255000,4650,4150,"",0,size=30 cms;type=Flower of Life,4
ocean-drums,MI-OD-FL-35,false,ACTIVE,370500,285000,5100,4550,"",0,size=35 cms;type=Flower of Life,4
ocean-drums,MI-OD-FL-40,false,ACTIVE,448500,345000,6050,5400,"",0,size=40 cms;type=Flower of Life,4
ocean-drums,MI-OD-P-30,true,ACTIVE,318500,245000,4310,3850,"",1,size=30 cms;type=Plain,4
ocean-drums,MI-OD-P-35,false,ACTIVE,357500,275000,4290,4200,"",1,size=35 cms;type=Plain,4
ocean-drums,MI-OD-P-40,false,ACTIVE,422500,325000,5070,4800,"",1,size=40 cms;type=Plain,4
painted-egg-shakers,MI-ES-P-A,false,ACTIVE,120300,92500,1620,1450,"",1,type=Artistically Designed,4
painted-egg-shakers,MI-ES-P-B,false,ACTIVE,120300,92500,1620,1450,"",1,type=Blue Dotted,4
painted-egg-shakers,MI-ES-P-R,true,ACTIVE,120300,92500,1620,1450,"",1,type=Red Dotted,4
pangi-seed-shell-rattle,MI-PS,true,ACTIVE,253500,245000,3640,3250,"",0,"",4
plain-moderate-grip-yoga-mat,woo-var-8684,true,ACTIVE,315000,199000,3490,3120,"",1,macrame-strap-color=Green;mat-color=Green,4
plain-moderate-grip-yoga-mat,woo-var-8685,false,ACTIVE,315000,199000,3490,3120,"",1,macrame-strap-color=Dark Grey;mat-color=Green,4
plain-moderate-grip-yoga-mat,woo-var-8686,false,ACTIVE,315000,199000,3490,3120,"",1,macrame-strap-color=Orange;mat-color=Green,4
plain-moderate-grip-yoga-mat,woo-var-8687,false,ACTIVE,315000,199000,3490,3120,"",1,macrame-strap-color=White;mat-color=Green,4
plain-moderate-grip-yoga-mat,woo-var-8688,false,ACTIVE,315000,199000,3490,3120,"",1,macrame-strap-color=Brown;mat-color=Green,4
plain-moderate-grip-yoga-mat,woo-var-8689,false,ACTIVE,235000,169000,2960,2650,"",1,macrame-strap-color=Without Strap;mat-color=Green,4
plain-moderate-grip-yoga-mat,woo-var-8690,false,ACTIVE,315000,199000,3490,3120,"",1,macrame-strap-color=Green;mat-color=Pink,4
plain-moderate-grip-yoga-mat,woo-var-8691,false,ACTIVE,315000,199000,3490,3120,"",1,macrame-strap-color=Dark Grey;mat-color=Pink,4
plain-moderate-grip-yoga-mat,woo-var-8692,false,ACTIVE,315000,199000,3490,3120,"",1,macrame-strap-color=Orange;mat-color=Pink,4
plain-moderate-grip-yoga-mat,woo-var-8693,false,ACTIVE,315000,199000,3490,3120,"",1,macrame-strap-color=White;mat-color=Pink,4
plain-moderate-grip-yoga-mat,woo-var-8694,false,ACTIVE,315000,199000,3490,3120,"",1,macrame-strap-color=Brown;mat-color=Pink,4
plain-moderate-grip-yoga-mat,woo-var-8695,false,ACTIVE,235000,169000,2960,2650,"",1,macrame-strap-color=Without Strap;mat-color=Pink,4
plain-moderate-grip-yoga-mat,woo-var-8696,false,ACTIVE,315000,199000,3490,3120,"",1,macrame-strap-color=Green;mat-color=Blue,4
plain-moderate-grip-yoga-mat,woo-var-8697,false,ACTIVE,315000,199000,3490,3120,"",1,macrame-strap-color=Dark Grey;mat-color=Blue,4
plain-moderate-grip-yoga-mat,woo-var-8698,false,ACTIVE,315000,199000,3490,3120,"",1,macrame-strap-color=Orange;mat-color=Blue,4
plain-moderate-grip-yoga-mat,woo-var-8699,false,ACTIVE,315000,199000,3490,3120,"",1,macrame-strap-color=White;mat-color=Blue,4
plain-moderate-grip-yoga-mat,woo-var-8700,false,ACTIVE,315000,199000,3490,3120,"",1,macrame-strap-color=Brown;mat-color=Blue,4
plain-moderate-grip-yoga-mat,woo-var-8701,false,ACTIVE,235000,169000,2960,2650,"",1,macrame-strap-color=Without Strap;mat-color=Blue,4
plain-moderate-grip-yoga-mat,woo-var-8702,false,ACTIVE,315000,199000,3490,3120,"",1,macrame-strap-color=Green;mat-color=Orange,4
plain-moderate-grip-yoga-mat,woo-var-8703,false,ACTIVE,315000,199000,3490,3120,"",1,macrame-strap-color=Dark Grey;mat-color=Orange,4
plain-moderate-grip-yoga-mat,woo-var-8704,false,ACTIVE,315000,199000,3490,3120,"",1,macrame-strap-color=Orange;mat-color=Orange,4
plain-moderate-grip-yoga-mat,woo-var-8705,false,ACTIVE,315000,199000,3490,3120,"",1,macrame-strap-color=White;mat-color=Orange,4
plain-moderate-grip-yoga-mat,woo-var-8706,false,ACTIVE,315000,199000,3490,3120,"",1,macrame-strap-color=Brown;mat-color=Orange,4
plain-moderate-grip-yoga-mat,woo-var-8707,false,ACTIVE,235000,169000,2960,2650,"",1,macrame-strap-color=Without Strap;mat-color=Orange,4
plain-superior-grip-yoga-mat,Yo-M-P-HG-O,false,ACTIVE,275000,199000,3490,3120,"",1,color=Orange;macrame-strap=Without Strap;type=Plain,4
plain-superior-grip-yoga-mat,Yo-M-P-HG-O-MC-B,false,ACTIVE,335000,239000,4190,3740,"",1,color=Orange;macrame-strap=Brown;type=Plain,4
plain-superior-grip-yoga-mat,Yo-M-P-HG-O-MC-DG,false,ACTIVE,335000,239000,4190,3740,"",1,color=Orange;macrame-strap=Dark Grey;type=Plain,4
plain-superior-grip-yoga-mat,Yo-M-P-HG-O-MC-G,false,ACTIVE,335000,239000,4190,3740,"",1,color=Orange;macrame-strap=Green;type=Plain,4
plain-superior-grip-yoga-mat,Yo-M-P-HG-O-MC-O,false,ACTIVE,335000,239000,4190,3740,"",1,color=Orange;macrame-strap=Orange;type=Plain,4
plain-superior-grip-yoga-mat,Yo-M-P-HG-P,true,ACTIVE,275000,199000,3490,3120,"",1,color=Pink;macrame-strap=Without Strap;type=Plain,4
plain-superior-grip-yoga-mat,Yo-M-P-HG-P-MC-B,false,ACTIVE,335000,239000,4190,3740,"",1,color=Pink;macrame-strap=Brown;type=Plain,4
plain-superior-grip-yoga-mat,Yo-M-P-HG-P-MC-DG,false,ACTIVE,335000,239000,4190,3740,"",1,color=Pink;macrame-strap=Dark Grey;type=Plain,4
plain-superior-grip-yoga-mat,Yo-M-P-HG-P-MC-G,false,ACTIVE,335000,239000,4190,3740,"",1,color=Pink;macrame-strap=Green;type=Plain,4
plain-superior-grip-yoga-mat,Yo-M-P-HG-P-MC-O,false,ACTIVE,335000,239000,4190,3740,"",1,color=Pink;macrame-strap=Orange;type=Plain,4
plain-superior-grip-yoga-mat,Yo-M-P-HG-T,false,ACTIVE,275000,199000,3490,3120,"",1,color=Teal;macrame-strap=Without Strap;type=Plain,4
plain-superior-grip-yoga-mat,Yo-M-P-HG-T-MC-DG,false,ACTIVE,335000,239000,4190,3740,"",1,color=Teal;macrame-strap=Dark Grey;type=Plain,4
plain-superior-grip-yoga-mat,Yo-M-P-HG-T-MC-G,false,ACTIVE,335000,239000,4190,3740,"",1,color=Teal;macrame-strap=Green;type=Plain,4
plain-superior-grip-yoga-mat,Yo-M-P-HG-T-MC-O,false,ACTIVE,335000,239000,4190,3740,"",1,color=Teal;macrame-strap=Orange;type=Plain,4
plain-superior-grip-yoga-mat,Yo-M-P-HG-Y,false,ACTIVE,275000,199000,3490,3120,"",1,color=Yellow;macrame-strap=Without Strap;type=Plain,4
plain-superior-grip-yoga-mat,Yo-M-P-HG-Y-MC-B,false,ACTIVE,335000,239000,4190,3740,"",1,color=Yellow;macrame-strap=Brown;type=Plain,4
plain-superior-grip-yoga-mat,Yo-M-P-HG-Y-MC-DG,false,ACTIVE,335000,239000,4190,3740,"",1,color=Yellow;macrame-strap=Dark Grey;type=Plain,4
plain-superior-grip-yoga-mat,Yo-M-P-HG-Y-MC-G,false,ACTIVE,335000,239000,4190,3740,"",1,color=Yellow;macrame-strap=Green;type=Plain,4
plain-superior-grip-yoga-mat,Yo-M-P-HG-Y-MC-O,false,ACTIVE,335000,239000,4190,3740,"",1,color=Yellow;macrame-strap=Orange;type=Plain,4
plain-superior-grip-yoga-mat,Yo-M-P-H-T-MC-B,false,ACTIVE,335000,239000,4190,3740,"",1,color=Teal;macrame-strap=Brown;type=Plain,4
plain-wind-tibetan-gong,MI-G-P-14,true,ACTIVE,1287000,990000,19000,16500,"",1,size=14 in,4
plain-wind-tibetan-gong,MI-G-P-16,false,ACTIVE,1755000,1350000,26000,21500,"",1,size=16 in,4
plain-wind-tibetan-gong,MI-G-P-18,false,ACTIVE,2145000,1650000,31000,26500,"",1,size=18 in,4
plain-wind-tibetan-gong,MI-G-P-20,false,ACTIVE,2535000,1950000,36000,31500,"",1,size=20 in,4
plain-wind-tibetan-gong,MI-G-P-22,false,ACTIVE,2925000,2250000,"","","",0,size=22 in,4
plain-wind-tibetan-gong,MI-G-P-24,false,ACTIVE,3455000,2650000,48000,42500,"",1,size=24 in,4
plain-wind-tibetan-gong,MI-G-P-26,false,ACTIVE,3965000,3050000,53000,47500,"",1,size=26 in,4
plain-wind-tibetan-gong,MI-G-P-28,false,ACTIVE,4355000,3350000,59000,52500,"",1,size=28 in,4
plain-yoga-mats,woo-var-46248,false,ACTIVE,275000,179000,3490,3220,"",0,color=Pink;grip=Superior,4
plain-yoga-mats,Yo-M-MG-O,false,ACTIVE,235000,169000,2960,2650,"",0,color=Orange;grip=Moderate,4
plain-yoga-mats,Yo-M-MG-P,false,ACTIVE,235000,169000,2960,2650,"",0,color=Pink;grip=Moderate,4
plain-yoga-mats,Yo-M-MG-T,true,ACTIVE,235000,169000,2960,2650,"",0,color=Teal;grip=Moderate,4
plain-yoga-mats,Yo-M-MG-Y,false,ACTIVE,235000,169000,2960,2650,"",0,color=Yellow;grip=Moderate,4
plain-yoga-mats,Yo-M-SG-O,false,ACTIVE,275000,179000,3490,3220,"",0,color=Orange;grip=Superior,4
plain-yoga-mats,Yo-M-SG-T,false,ACTIVE,275000,179000,3490,3220,"",0,color=Teal;grip=Superior,4
plain-yoga-mats,Yo-M-SG-Y,false,ACTIVE,275000,179000,3490,3220,"",0,color=Yellow;grip=Superior,4
pulse-tubes,MI-PT-B,true,ACTIVE,325000,285000,"","","",0,size=Big,4
pulse-tubes,MI-PT-M,false,ACTIVE,235000,215000,3350,2350,"",0,size=Medium,4
pulse-tubes,MI-PT-S,false,ACTIVE,185000,165000,3700,3300,"",0,size=Small,4
rectangular-yoga-bolster,Yo-BR-RE-DG,false,ACTIVE,162500,145000,2190,1960,"",1,colour=Dark Grey,4
rectangular-yoga-bolster,Yo-BR-RE-LG,true,ACTIVE,162500,145000,2190,1960,"",1,colour=Light Grey,4
rectangular-yoga-bolster,Yo-BR-RE-NB,false,ACTIVE,162500,145000,2190,1960,"",1,colour=Navy Blue,4
rectangular-yoga-bolster,Yo-BR-RE-RE,false,ACTIVE,162500,145000,2190,1960,"",1,colour=Rose,4
rectangular-yoga-bolster,Yo-BR-RE-RP,false,ACTIVE,162500,145000,2190,1960,"",1,colour=Rouge,4
rectangular-yoga-bolster,Yo-BR-RE-SE,false,ACTIVE,162500,145000,2190,1960,"",1,colour=Sage,4
root-chakra-singing-bowl,MI-SB-RC,true,ACTIVE,1749000,1549000,23900,21900,"",0,"",4
round-yoga-bolster,Yo-BR-R-DG,true,ACTIVE,175500,155000,2370,2110,"",1,colour=Dark Grey,4
round-yoga-bolster,Yo-BR-R-GY,false,ACTIVE,175500,155000,2370,2110,"",1,colour=Grey,4
round-yoga-bolster,Yo-BR-R-M,false,ACTIVE,175500,155000,2370,2110,"",1,colour=Maroon,4
round-yoga-bolster,Yo-BR-R-NB,false,ACTIVE,175500,155000,2370,2110,"",1,colour=Navy Blue,4
round-yoga-bolster,Yo-BR-R-O,false,ACTIVE,175500,155000,2370,2110,"",1,colour=Orange,4
round-yoga-bolster,Yo-BR-R-RE,false,ACTIVE,175500,155000,2370,2110,"",1,colour=Rose,4
round-yoga-bolster,Yo-BR-R-RP,false,ACTIVE,175500,155000,2370,2110,"",1,colour=Rogue Pink,4
round-yoga-bolster,Yo-BR-R-SE,false,ACTIVE,175500,155000,2370,2110,"",1,colour=Sage,4
sacred-symbols-singing-bowls,MI-SB-P-SS-B-3.5,false,ACTIVE,168400,129500,2410,2150,"",1,color=Blue;size=3.5 in,4
sacred-symbols-singing-bowls,MI-SB-P-SS-B-4,false,ACTIVE,200900,154500,2860,2550,"",1,color=Blue;size=4 in,4
sacred-symbols-singing-bowls,MI-SB-P-SS-B-5.5,false,ACTIVE,259400,199500,3530,3150,"",1,color=Blue;size=5.5 in,4
sacred-symbols-singing-bowls,MI-SB-P-SS-BK-3.5,false,ACTIVE,168400,129500,2410,2150,"",1,color=Black;size=3.5 in,4
sacred-symbols-singing-bowls,MI-SB-P-SS-BK-4,false,ACTIVE,200900,154500,2860,2550,"",1,color=Black;size=4 in,4
sacred-symbols-singing-bowls,MI-SB-P-SS-BK-5.5,false,ACTIVE,259400,199500,3530,3150,"",1,color=Black;size=5.5 in,4
sacred-symbols-singing-bowls,MI-SB-P-SS-G-3.5,true,ACTIVE,168400,129500,2410,2150,"",1,color=Green;size=3.5 in,4
sacred-symbols-singing-bowls,MI-SB-P-SS-G-4,false,ACTIVE,200900,154500,2860,2550,"",1,color=Green;size=4 in,4
sacred-symbols-singing-bowls,MI-SB-P-SS-G-5.5,false,ACTIVE,259400,199500,3530,3150,"",1,color=Green;size=5.5 in,4
sacred-symbols-singing-bowls,MI-SB-P-SS-R-3.5,false,ACTIVE,168400,129500,2410,2150,"",1,color=Red;size=3.5 in,4
sacred-symbols-singing-bowls,MI-SB-P-SS-R-4,false,ACTIVE,200900,154500,2860,2550,"",1,color=Red;size=4 in,4
sacred-symbols-singing-bowls,MI-SB-P-SS-R-5.5,false,ACTIVE,259400,199500,3530,3150,"",1,color=Red;size=5.5 in,4
sacred-symbols-singing-bowls,MI-SB-P-SS-Y-3.5,false,ACTIVE,168400,129500,2410,2150,"",1,color=Yellow;size=3.5 in,4
sacred-symbols-singing-bowls,MI-SB-P-SS-Y-4,false,ACTIVE,200900,154500,2860,2550,"",1,color=Yellow;size=4 in,4
sacred-symbols-singing-bowls,MI-SB-P-SS-Y-5.5,false,ACTIVE,259400,199500,3530,3150,"",1,color=Yellow;size=5.5 in,4
shamanic-drum,MI-SD-B-30,false,ACTIVE,643500,495000,8680,7750,"",1,size=30 cms;type=Butterfly,4
shamanic-drum,MI-SD-B-40,false,ACTIVE,721500,555000,9800,8750,"",1,size=40 cms;type=Butterfly,4
shamanic-drum,MI-SD-B-45,false,ACTIVE,812500,625000,10920,9750,"",1,size=45 cms;type=Butterfly,4
shamanic-drum,MI-SD-P-30,true,ACTIVE,604500,465000,7780,6950,"",1,size=30 cms;type=Plain,4
shamanic-drum,MI-SD-P-40,false,ACTIVE,682500,525000,8900,7950,"",1,size=40 cms;type=Plain,4
shamanic-drum,MI-SD-P-45,false,ACTIVE,760500,585000,10020,8950,"",1,size=45 cms;type=Plain,4
shamanic-drum,MI-SD-TL-30,false,ACTIVE,643500,495000,8680,7650,"",0,size=30 cms;type=Tree of Life,4
shamanic-drum,MI-SD-TL-40,false,ACTIVE,721500,555000,9800,8750,"",0,size=40 cms;type=Tree of Life,4
shamanic-drum,MI-SD-TL-45,false,ACTIVE,812500,625000,10920,9750,"",0,size=45 cms;type=Tree of Life,4
shamanic-drum-bags-ocean-drum-bags,MI-SD-BG-L,false,ACTIVE,179000,129000,2190,1890,"",0,type=Large,4
shamanic-drum-bags-ocean-drum-bags,MI-SD-BG-M,false,ACTIVE,129500,119000,2500,1600,"",0,type=Medium,4
shamanic-drum-bags-ocean-drum-bags,MI-SD-BG-S,true,ACTIVE,139000,99000,2780,1980,"",0,type=Small,4
shankh-conch,MI-SK-L,false,ACTIVE,200000,185000,3500,2500,"",0,size=Large,4
shankh-conch,MI-SK-M,false,ACTIVE,175000,145000,3000,2000,"",0,size=Medium,4
shankh-conch,MI-SK-S,true,ACTIVE,105000,95000,2500,1500,"",0,size=Small,4
shruthi-thali-gong-plates,MI-ST-A,false,ACTIVE,815000,785000,11000,10000,"",0,type=A Plate,4
shruthi-thali-gong-plates,MI-ST-B,true,ACTIVE,800000,725000,10000,9000,"",0,type=B Plate,4
shruthi-thali-gong-plates,MI-ST-C,false,ACTIVE,1200000,1165000,16000,15000,"",0,type=C Plate,4
shruthi-thali-gong-plates,MI-ST-D,false,ACTIVE,1110000,1095000,15000,13500,"",0,type=D Plate,4
shruthi-thali-gong-plates,MI-ST-E,false,ACTIVE,960000,945000,14000,13000,"",0,type=E Plate,4
shruthi-thali-gong-plates,MI-ST-F,false,ACTIVE,910000,895000,13000,12000,"",0,type=F Plate,4
shruthi-thali-gong-plates,MI-ST-G,false,ACTIVE,875000,845000,12000,11000,"",0,type=G Plate,4
shruthi-thali-gong-plates,MI-ST-SET,false,ACTIVE,7500000,6600000,100000,90000,"",0,type=Full Set,4
shruti-box,MI-SHB-01,true,ACTIVE,1050000,995000,14500,13500,"",0,octaves=1 Octave,4
shruti-box,MI-SHB-02,false,ACTIVE,1250000,1190000,15500,14500,"",0,octaves=2 Octaves,4
shruti-box,MI-SHB-03,false,ACTIVE,1475000,1349000,18500,17500,"",0,octaves=3 Octaves,4
singing-bowl-bags,MI-SB-Bag-L,false,ACTIVE,339000,229000,4500,3900,"",1,type=Large,4
singing-bowl-bags,MI-SB-Bag-M,false,ACTIVE,289000,199000,3700,3200,"",1,type=Standard,4
singing-bowl-bags,MI-SB-Bag-S,true,ACTIVE,249000,179000,3400,2900,"",1,type=Small,4
singing-bowl-set-g-a-b,woo-49832,true,ACTIVE,2550000,1950000,27500,21000,"",0,"",0
singing-bowls-silk-ring-cushion-accessories,MI-SB-C-B-10,false,ACTIVE,31900,24500,620,550,"",1,colour=Blue;size=10 cms,4
singing-bowls-silk-ring-cushion-accessories,MI-SB-C-B-12,false,ACTIVE,35800,27500,670,600,"",1,colour=Blue;size=12 cms,4
singing-bowls-silk-ring-cushion-accessories,MI-SB-C-B-14,false,ACTIVE,38400,29500,730,650,"",1,colour=Blue;size=14 cms,4
singing-bowls-silk-ring-cushion-accessories,MI-SB-C-B-16,false,ACTIVE,42300,32500,780,700,"",1,colour=Blue;size=16 cms,4
singing-bowls-silk-ring-cushion-accessories,MI-SB-C-B-18,false,ACTIVE,44900,34500,840,750,"",1,colour=Blue;size=18 cms,4
singing-bowls-silk-ring-cushion-accessories,MI-SB-C-B-20,false,ACTIVE,54500,49500,1000,890,"",1,colour=Blue;size=20 cms,4
singing-bowls-silk-ring-cushion-accessories,MI-SB-C-B-22,false,ACTIVE,65500,59500,1110,990,"",1,colour=Blue;size=22 cms,4
singing-bowls-silk-ring-cushion-accessories,MI-SB-C-BK-10,false,ACTIVE,20900,19000,620,550,"",1,colour=Black;size=10 cms,4
singing-bowls-silk-ring-cushion-accessories,MI-SB-C-BK-12,false,ACTIVE,24200,22000,670,600,"",1,colour=Black;size=12 cms,4
singing-bowls-silk-ring-cushion-accessories,MI-SB-C-BK-14,false,ACTIVE,32500,29500,730,650,"",1,colour=Black;size=14 cms,4
singing-bowls-silk-ring-cushion-accessories,MI-SB-C-BK-16,false,ACTIVE,35800,32500,780,700,"",1,colour=Black;size=16 cms,4
singing-bowls-silk-ring-cushion-accessories,MI-SB-C-BK-18,false,ACTIVE,42400,38500,840,750,"",1,colour=Black;size=18 cms,4
singing-bowls-silk-ring-cushion-accessories,MI-SB-C-BK-20,false,ACTIVE,54500,49500,1000,890,"",1,colour=Black;size=20 cms,4
singing-bowls-silk-ring-cushion-accessories,MI-SB-C-BK-22,false,ACTIVE,65500,59500,1110,990,"",1,colour=Black;size=22 cms,4
singing-bowls-silk-ring-cushion-accessories,MI-SB-C-Bn-10,false,ACTIVE,31900,24500,620,550,"",1,colour=Brown;size=10 cms,4
singing-bowls-silk-ring-cushion-accessories,MI-SB-C-Bn-12,false,ACTIVE,35800,27500,670,600,"",1,colour=Brown;size=12 cms,4
singing-bowls-silk-ring-cushion-accessories,MI-SB-C-Bn-14,false,ACTIVE,38400,29500,730,650,"",1,colour=Brown;size=14 cms,4
singing-bowls-silk-ring-cushion-accessories,MI-SB-C-Bn-16,false,ACTIVE,42300,32500,780,700,"",1,colour=Brown;size=16 cms,4
singing-bowls-silk-ring-cushion-accessories,MI-SB-C-Bn-18,false,ACTIVE,44900,34500,840,750,"",1,colour=Brown;size=18 cms,4
singing-bowls-silk-ring-cushion-accessories,MI-SB-C-Bn-20,false,ACTIVE,54500,49500,1000,890,"",1,colour=Brown;size=20 cms,4
singing-bowls-silk-ring-cushion-accessories,MI-SB-C-Bn-22,false,ACTIVE,65500,59500,1110,990,"",1,colour=Brown;size=22 cms,4
singing-bowls-silk-ring-cushion-accessories,MI-SB-C-CO-3,false,ACTIVE,89500,79500,1230,1030,"",0,size=Combo of 3,4
singing-bowls-silk-ring-cushion-accessories,MI-SB-C-CO-5,false,ACTIVE,174500,164500,2225,1925,"",0,size=Combo of 5,4
singing-bowls-silk-ring-cushion-accessories,MI-SB-C-CO-7,false,ACTIVE,245000,224500,3025,2625,"",0,size=Combo of 7,4
singing-bowls-silk-ring-cushion-accessories,MI-SB-C-G-10,true,ACTIVE,31900,24500,620,550,"",1,colour=Green;size=10 cms,4
singing-bowls-silk-ring-cushion-accessories,MI-SB-C-G-12,false,ACTIVE,35800,27500,670,600,"",1,colour=Green;size=10 cms,4
singing-bowls-silk-ring-cushion-accessories,MI-SB-C-G-14,false,ACTIVE,38400,29500,730,650,"",1,colour=Green;size=14 cms,4
singing-bowls-silk-ring-cushion-accessories,MI-SB-C-G-16,false,ACTIVE,42300,32500,780,700,"",1,colour=Green;size=16 cms,4
singing-bowls-silk-ring-cushion-accessories,MI-SB-C-G-18,false,ACTIVE,44900,34500,840,750,"",1,colour=Green;size=18 cms,4
singing-bowls-silk-ring-cushion-accessories,MI-SB-C-G-20,false,ACTIVE,54500,49500,1000,890,"",1,colour=Green;size=20 cms,4
singing-bowls-silk-ring-cushion-accessories,MI-SB-C-G-22,false,ACTIVE,65500,59500,1110,990,"",1,colour=Green;size=22 cms,4
singing-bowls-silk-ring-cushion-accessories,MI-SB-C-NB-10,false,ACTIVE,31900,24500,620,550,"",1,colour=Navy Blue;size=10 cms,4
singing-bowls-silk-ring-cushion-accessories,MI-SB-C-NB-12,false,ACTIVE,35800,27500,670,600,"",1,colour=Navy Blue;size=12 cms,4
singing-bowls-silk-ring-cushion-accessories,MI-SB-C-NB-14,false,ACTIVE,38400,29500,730,650,"",1,colour=Navy Blue;size=14 cms,4
singing-bowls-silk-ring-cushion-accessories,MI-SB-C-NB-16,false,ACTIVE,42300,32500,780,700,"",1,colour=Navy Blue;size=16 cms,4
singing-bowls-silk-ring-cushion-accessories,MI-SB-C-NB-18,false,ACTIVE,44900,34500,840,750,"",1,colour=Navy Blue;size=18 cms,4
singing-bowls-silk-ring-cushion-accessories,MI-SB-C-NB-20,false,ACTIVE,54500,49500,1000,890,"",1,colour=Navy Blue;size=20 cms,4
singing-bowls-silk-ring-cushion-accessories,MI-SB-C-NB-22,false,ACTIVE,65500,59500,1110,990,"",1,colour=Navy Blue;size=22 cms,4
singing-bowls-silk-ring-cushion-accessories,MI-SB-C-O-10,false,ACTIVE,31900,24500,620,550,"",1,colour=Orange;size=10 cms,4
singing-bowls-silk-ring-cushion-accessories,MI-SB-C-O-12,false,ACTIVE,35800,27500,670,600,"",1,colour=Orange;size=12 cms,4
singing-bowls-silk-ring-cushion-accessories,MI-SB-C-O-14,false,ACTIVE,38400,29500,730,650,"",1,colour=Orange;size=14 cms,4
singing-bowls-silk-ring-cushion-accessories,MI-SB-C-O-16,false,ACTIVE,42300,32500,780,700,"",1,colour=Orange;size=16 cms,4
singing-bowls-silk-ring-cushion-accessories,MI-SB-C-O-18,false,ACTIVE,44900,34500,840,750,"",1,colour=Orange;size=18 cms,4
singing-bowls-silk-ring-cushion-accessories,MI-SB-C-O-20,false,ACTIVE,54500,49500,1000,890,"",1,colour=Orange;size=20 cms,4
singing-bowls-silk-ring-cushion-accessories,MI-SB-C-O-22,false,ACTIVE,65500,59500,1110,990,"",1,colour=Orange;size=22 cms,4
singing-bowls-silk-ring-cushion-accessories,MI-SB-C-PK-10,false,ACTIVE,31900,24500,620,550,"",1,colour=Pink;size=10 cms,4
singing-bowls-silk-ring-cushion-accessories,MI-SB-C-PK-12,false,ACTIVE,35800,27500,670,600,"",1,colour=Pink;size=12 cms,4
singing-bowls-silk-ring-cushion-accessories,MI-SB-C-PK-14,false,ACTIVE,38400,29500,730,650,"",1,colour=Pink;size=14 cms,4
singing-bowls-silk-ring-cushion-accessories,MI-SB-C-PK-16,false,ACTIVE,42300,32500,780,700,"",1,colour=Pink;size=16 cms,4
singing-bowls-silk-ring-cushion-accessories,MI-SB-C-PK-18,false,ACTIVE,44900,34500,840,750,"",1,colour=Pink;size=18 cms,4
singing-bowls-silk-ring-cushion-accessories,MI-SB-C-PK-20,false,ACTIVE,54500,49500,1000,890,"",1,colour=Pink;size=20 cms,4
singing-bowls-silk-ring-cushion-accessories,MI-SB-C-PK-22,false,ACTIVE,65500,59500,1110,990,"",1,colour=Pink;size=22 cms,4
singing-bowls-silk-ring-cushion-accessories,MI-SB-C-R-10,false,ACTIVE,31900,24500,620,550,"",1,colour=Red;size=10 cms,4
singing-bowls-silk-ring-cushion-accessories,MI-SB-C-R-12,false,ACTIVE,35800,27500,670,600,"",1,colour=Red;size=12 cms,4
singing-bowls-silk-ring-cushion-accessories,MI-SB-C-R-14,false,ACTIVE,38400,29500,730,650,"",1,colour=Red;size=14 cms,4
singing-bowls-silk-ring-cushion-accessories,MI-SB-C-R-16,false,ACTIVE,42300,32500,780,700,"",1,colour=Red;size=16 cms,4
singing-bowls-silk-ring-cushion-accessories,MI-SB-C-R-18,false,ACTIVE,44900,34500,840,750,"",1,colour=Red;size=18 cms,4
singing-bowls-silk-ring-cushion-accessories,MI-SB-C-R-20,false,ACTIVE,54500,49500,1000,890,"",1,colour=Red;size=20 cms,4
singing-bowls-silk-ring-cushion-accessories,MI-SB-C-R-22,false,ACTIVE,65500,59500,1110,990,"",1,colour=Red;size=22 cms,4
singing-bowls-silk-ring-cushion-accessories,MI-SB-C-Y-10,false,ACTIVE,20900,19000,620,550,"",1,colour=Yellow;size=10 cms,4
singing-bowls-silk-ring-cushion-accessories,MI-SB-C-Y-12,false,ACTIVE,24200,22000,670,600,"",1,colour=Yellow;size=12 cms,4
singing-bowls-silk-ring-cushion-accessories,MI-SB-C-Y-14,false,ACTIVE,32500,29500,730,650,"",1,colour=Yellow;size=14 cms,4
singing-bowls-silk-ring-cushion-accessories,MI-SB-C-Y-16,false,ACTIVE,35800,32500,780,700,"",1,colour=Yellow;size=16 cms,4
singing-bowls-silk-ring-cushion-accessories,MI-SB-C-Y-18,false,ACTIVE,42400,38500,840,750,"",1,colour=Yellow;size=18 cms,4
singing-bowls-silk-ring-cushion-accessories,MI-SB-C-Y-20,false,ACTIVE,54500,49500,1000,890,"",1,colour=Yellow;size=20 cms,4
singing-bowls-silk-ring-cushion-accessories,MI-SB-C-Y-22,false,ACTIVE,65500,59500,1110,990,"",1,colour=Yellow;size=22 cms,4
singing-bowls-with-sacred-mantra-printed,MI-SB-P-B-3.5,false,ACTIVE,168400,129500,2410,2150,"",1,color=Blue;size=3.5 Inches,4
singing-bowls-with-sacred-mantra-printed,MI-SB-P-B-4,false,ACTIVE,200900,154500,2860,2550,"",1,color=Blue;size=4 Inches,4
singing-bowls-with-sacred-mantra-printed,MI-SB-P-B-5.5,true,ACTIVE,259400,199500,3530,3150,"",1,color=Blue;size=5.5 Inches,4
singing-bowls-with-sacred-mantra-printed,MI-SB-P-BK-3.5,false,ACTIVE,168400,129500,2410,2150,"",1,color=Black;size=3.5 Inches,4
singing-bowls-with-sacred-mantra-printed,MI-SB-P-BK-4,false,ACTIVE,200900,154500,"","","",1,color=Black;size=4 Inches,4
singing-bowls-with-sacred-mantra-printed,MI-SB-P-BK-5.5,false,ACTIVE,259400,199500,"","","",1,color=Black;size=5.5 Inches,4
singing-bowls-with-sacred-mantra-printed,MI-SB-P-G-3.5,false,ACTIVE,168400,129500,2410,2150,"",1,color=Green;size=3.5 Inches,4
singing-bowls-with-sacred-mantra-printed,MI-SB-P-G-4,false,ACTIVE,200900,154500,"","","",1,color=Green;size=4 Inches,4
singing-bowls-with-sacred-mantra-printed,MI-SB-P-G-5.5,false,ACTIVE,259400,199500,3530,3150,"",1,color=Green;size=5.5 Inches,4
singing-bowls-with-sacred-mantra-printed,MI-SB-P-R-3.5,false,ACTIVE,168400,129500,2410,2150,"",1,color=Red;size=3.5 Inches,4
singing-bowls-with-sacred-mantra-printed,MI-SB-P-R-4,false,ACTIVE,200900,154500,"","","",1,color=Red;size=4 Inches,4
singing-bowls-with-sacred-mantra-printed,MI-SB-P-R-5.5,false,ACTIVE,259400,199500,3530,3150,"",1,color=Red;size=5.5 Inches,4
singing-bowls-with-sacred-mantra-printed,MI-SB-P-W-3.5,false,ACTIVE,168400,129500,2410,2150,"",1,color=Gold;size=3.5 Inches,4
singing-bowls-with-sacred-mantra-printed,MI-SB-P-W-4,false,ACTIVE,200900,154500,2860,2550,"",1,color=Gold;size=4 Inches,4
singing-bowls-with-sacred-mantra-printed,MI-SB-P-W-5.5,false,ACTIVE,259400,199500,"","","",1,color=Gold;size=5.5 Inches,4
singing-bowl-with-handle,MI-SB-BH,true,ACTIVE,995000,875000,11000,9700,"",0,"",4
singing-bowl-with-mantra-rustic-blue-colour,MI-SB-RB-6,true,ACTIVE,187900,144500,2600,2250,"",1,size=6 inches,4
singing-bowl-with-mantra-rustic-blue-colour,MI-SB-RB-7,false,ACTIVE,226900,174500,3100,2750,"",1,size=7 Inches,4
solar-bell,woo-49816,true,ACTIVE,1399900,1299900,15000,14000,"",0,"",0
spin-twist-drum-or-den-den-daiko,MI-TD-RB,false,ACTIVE,87500,79500,1390,1250,"",1,type=Small 3 in,4
spin-twist-drum-or-den-den-daiko,MI-TD-YY,true,ACTIVE,98500,89500,1570,1400,"",1,type=Large 3.5 in,4
spiral-snake-didgeridoo,MI-DG-SP-G,true,ACTIVE,784500,665000,10160,8450,"",1,color=Green,4
spiral-snake-didgeridoo,MI-DG-SP-R,false,ACTIVE,784500,665000,10160,8450,"",1,color=Red,4
s-shaped-didgeridoo,MI-DG-S-B,false,ACTIVE,914500,775000,11810,9750,"",1,color=Blue,4
s-shaped-didgeridoo,MI-DG-S-G,true,ACTIVE,914500,775000,11810,9750,"",1,color=Green,4
s-shaped-didgeridoo,MI-DG-S-R,false,ACTIVE,914500,775000,11810,9750,"",1,color=Red,4
stainless-steel-straws,SSS-2,true,ACTIVE,22800,17500,310,270,"",1,packs=pack-of-2,4
stainless-steel-straws,SSS-4,false,ACTIVE,31900,24500,430,380,"",1,packs=pack-of-4,4
sunshine-within-me,CB-SM,false,ACTIVE,161900,124500,2180,1950,"",0,bottle-type=without-brush;size=1L,4
sunshine-within-me,CB-SM-5,false,ACTIVE,115700,89000,1560,1390,"",0,bottle-type=without-brush;size=500ml,4
sunshine-within-me,CB-SM-B,true,ACTIVE,174900,134500,2360,2110,"",0,bottle-type=with-brush;size=1L,4
sunshine-within-me,CB-SM-B-5,false,ACTIVE,128100,98500,1730,1540,"",0,bottle-type=with-brush;size=500ml,4
svaram-sound-ships,woo-svar-sound,true,ACTIVE,800000,720500,10000,8000,"",0,"",4
swinging-chimes,MI-SC-6,true,ACTIVE,778500,689500,10500,9800,"",1,size=6 Bars,4
swinging-chimes,MI-SC-9,false,ACTIVE,989500,825000,13450,12300,"",1,size=9 Bars,4
tam-tam-chau-gong,MI-CG-16,true,ACTIVE,2150000,1950000,31500,29500,"",0,size=16 in,4
tam-tam-chau-gong,MI-CG-18,false,ACTIVE,2650000,2500000,40500,38500,"",0,size=18 in,4
tam-tam-chau-gong,MI-CG-20,false,ACTIVE,3350000,3150000,50500,48500,"",0,size=20 in,4
tam-tam-chau-gong,MI-CG-22,false,ACTIVE,3950000,3750000,60500,58000,"",0,size=22 in,4
tam-tam-chau-gong,MI-CG-24,false,ACTIVE,4750000,4500000,71500,69500,"",0,size=24 in,4
tam-tam-chau-gong,MI-CG-26,false,ACTIVE,5450000,5200000,82500,80000,"",0,size=26 in,4
tam-tam-chau-gong,MI-CG-28,false,ACTIVE,6250000,6050000,95500,93000,"",0,size=28 in,4
tam-tam-chau-gong,MI-CG-30,false,ACTIVE,8450000,8200000,147000,127000,"",0,size=30 in,4
tam-tam-chau-gong,MI-CG-32,false,ACTIVE,9550000,9300000,165000,144000,"",0,size=32 in,4
teak-wood-stainless-steel-xylophone,MI-XP-TW-15,false,ACTIVE,985000,695000,12900,8900,"",0,keys=15 Keys,4
teak-wood-stainless-steel-xylophone,MI-XP-TW-8,true,ACTIVE,513500,395000,6500,5750,"",0,keys=8 Keys,4
the-four-bowl-set-root-heart-third-eye-and-universal,MI-SB-4B-SET,true,ACTIVE,3990000,3690000,52900,49900,"",0,"",4
the-head-bowl,woo-45518,true,ACTIVE,1099000,999000,15000,14000,"",0,"",4
the-three-bowl-set-root-heart-and-third-eye,MI-SB-3B-SET,true,ACTIVE,3290000,2990000,43000,42000,"",0,"",4
third-eye-chakra-singing-bowl,MI-SB-TEC,true,ACTIVE,820000,720000,12500,11500,"",0,"",4
thunder-tube-basic-edition,MI-TT-20,true,ACTIVE,145000,132500,3350,2150,"",0,size=20cms,4
thunder-tube-basic-edition,MI-TT-25,false,ACTIVE,165000,145000,3550,2350,"",0,size=25cms,4
thunder-tube-basic-edition,MI-TT-30,false,ACTIVE,175000,155000,4050,2550,"",0,size=30cms,4
tibetan-buddhist-bell,MI-BB-2,true,ACTIVE,175500,135000,2600,2250,"",0,size=Small,4
tibetan-buddhist-bell,MI-BB-3,false,ACTIVE,214500,165000,2900,2550,"",0,size=Standard,4
tibetan-buddhist-bell,MI-BB-3.5,false,ACTIVE,240500,185000,3250,2900,"",0,size=Large,4
tibetan-buddhist-bell,MI-BB-6,false,ACTIVE,400000,356000,5000,4500,"",0,size=Extra Large,4
tingsha-bell,MI-TB-D-M,false,ACTIVE,229500,179500,3000,2500,"",0,size=Standard;type=Dark,4
tingsha-bell,MI-TB-D-S,false,ACTIVE,214500,165000,2500,2100,"",0,size=Small;type=Dark,4
tingsha-bell,MI-TB-E-M,false,ACTIVE,229500,179500,3000,2500,"",0,size=Standard;type=Etched,4
tingsha-bell,MI-TB-E-S,false,ACTIVE,214500,165000,2500,2100,"",0,size=Small;type=Etched,4
tingsha-bell,MI-TB-G-M,false,ACTIVE,229500,179500,3000,2500,"",0,size=Standard;type=Golden,4
tingsha-bell,MI-TB-G-S,true,ACTIVE,214500,165000,2500,2100,"",0,size=Small;type=Golden,4
triad-crystal-bowl-set,CB-CEG-BG,true,ACTIVE,3955000,3558000,53500,43500,"",0,style=CEG,4
triad-crystal-bowl-set,CB-DFA-BG,false,ACTIVE,3725000,3425000,48500,38500,"",0,style=DFA,4
triad-crystal-bowl-set,CB-EGB-BG,false,ACTIVE,3525000,3325000,47500,37500,"",0,style=EGB,4
tune-sound-pipe,woo-var-45978,true,ACTIVE,1550000,1350000,16500,14500,"",0,type=432 Hz,4
tune-sound-pipe,woo-var-45979,false,ACTIVE,1550000,1350000,16500,14500,"",0,type=465 Hz,4
tune-sound-pipe,woo-var-45980,false,ACTIVE,1550000,1350000,16500,14500,"",0,type=639 Hz,4
tune-sound-pipe,woo-var-45981,false,ACTIVE,1550000,1350000,16500,14500,"",0,type=900 Hz,4
tuning-fork-activators,MI-TF-A,true,ACTIVE,25000,15000,1000,300,"",0,type=Activator,4
tuning-fork-activators,MI-TF-A-M,false,ACTIVE,35000,25000,1200,500,"",0,type=Activator & Mallet,4
tuning-fork-activators,MI-TF-M,false,ACTIVE,25000,15000,1000,300,"",0,type=Mallet,4
tuning-fork-extensions,MI-TF-E-CB,false,ACTIVE,79000,69000,2500,1100,"",0,type=Circuit Boot,4
tuning-fork-extensions,MI-TF-E-E,true,ACTIVE,65000,45000,1500,800,"",0,type=Extender,4
tuning-fork-extensions,MI-TF-E-MB,false,ACTIVE,69000,59000,2000,1000,"",0,type=Massage Boot,4
tuning-forks-7-chakra-set,MI-TF-7C-UW,false,ACTIVE,899000,799000,10000,8900,"",0,accessory=Without Gem Foot;type=Unweighted,4
tuning-forks-7-chakra-set,MI-TF-7C-UW-GF,false,ACTIVE,925000,825000,10000,9000,"",0,accessory=With Gem Foot;type=Unweighted,4
tuning-forks-7-chakra-set,MI-TF-7C-W,false,ACTIVE,1099000,999000,12200,11200,"",0,accessory=Without Gem Foot;type=Weighted,4
tuning-forks-7-chakra-set,MI-TF-7C-W-GF,true,ACTIVE,1125000,1025000,12500,11500,"",0,accessory=With Gem Foot;type=Weighted,4
tuning-forks-7-chakra-set,MI-TF-C-UW,false,ACTIVE,990000,890000,11040,9940,"",0,accessory=Without Gem Foot;type=Colour Unweighted,4
tuning-forks-7-chakra-set,MI-TF-C-UW-GF,false,ACTIVE,1000000,915000,11220,10220,"",0,accessory=With Gem Foot;type=Colour Unweighted,4
tuning-forks-7-chakra-set,MI-TF-C-W,false,ACTIVE,1199000,1099000,13275,12275,"",0,accessory=Without Gem Foot;type=Colour Weighted,4
tuning-forks-7-chakra-set,MI-TF-C-W--GF,false,ACTIVE,1225000,1125000,13566,12566,"",0,accessory=With Gem Foot;type=Colour Weighted,4
tuning-forks-gem-feet,MI-TF-GF-B,false,ACTIVE,35000,25000,1000,300,"",0,colour=Blue,4
tuning-forks-gem-feet,MI-TF-GF-DG,false,ACTIVE,35000,25000,1000,300,"",0,colour=Dark Blue,4
tuning-forks-gem-feet,MI-TF-GF-G,false,ACTIVE,35000,25000,1000,300,"",0,colour=Green,4
tuning-forks-gem-feet,MI-TF-GF-M,true,ACTIVE,35000,25000,1000,300,"",0,colour=Maroon,4
tuning-forks-gem-feet,MI-TF-GF-R,false,ACTIVE,35000,25000,1000,300,"",0,colour=Red,4
tuning-forks-gem-feet,MI-TF-GF-SET,false,ACTIVE,175000,145000,2000,1800,"",0,colour=Full Set,4
tuning-forks-gem-feet,MI-TF-GF-V,false,ACTIVE,35000,25000,1000,300,"",0,colour=Violet,4
tuning-forks-gem-feet,MI-TF-GF-Y,false,ACTIVE,35000,25000,1000,300,"",0,colour=Yellow,4
tuning-fork-single-weighted-unweighted,MI-TF-UW-128,false,ACTIVE,229000,169000,2950,2650,"",0,hertz=128 Hz;type=Unweighted,4
tuning-fork-single-weighted-unweighted,MI-TF-UW-136.10,false,ACTIVE,229000,169000,2950,2650,"",0,hertz=136.10 Hz;type=Unweighted,4
tuning-fork-single-weighted-unweighted,MI-TF-UW-256,false,ACTIVE,199000,149000,2750,2350,"",0,hertz=256 Hz;type=Unweighted,4
tuning-fork-single-weighted-unweighted,MI-TF-UW-432,false,ACTIVE,199000,149000,2750,2350,"",0,hertz=432 Hz;type=Unweighted,4
tuning-fork-single-weighted-unweighted,MI-TF-UW-440,false,ACTIVE,229000,169000,2950,2650,"",0,hertz=440 Hz;type=Unweighted,4
tuning-fork-single-weighted-unweighted,MI-TF-UW-528,false,ACTIVE,199000,149000,2750,2350,"",0,hertz=528 Hz;type=Unweighted,4
tuning-fork-single-weighted-unweighted,MI-TF-UW-64,false,ACTIVE,229000,169000,2950,2650,"",0,hertz=64 Hz;type=Unweighted,4
tuning-fork-single-weighted-unweighted,MI-TF-UW-68.05,false,ACTIVE,229000,169000,2950,2650,"",0,hertz=68.05 Hz;type=Unweighted,4
tuning-fork-single-weighted-unweighted,MI-TF-UW-93.96,false,ACTIVE,229000,169000,2950,2650,"",0,hertz=93.96 Hz;type=Unweighted,4
tuning-fork-single-weighted-unweighted,MI-TF-W-128,true,ACTIVE,269000,229000,4200,3400,"",1,hertz=128 Hz;type=Weighted,4
tuning-fork-single-weighted-unweighted,MI-TF-W-136.10,false,ACTIVE,269000,229000,5380,4580,"",0,hertz=136.10 Hz;type=Weighted,4
tuning-fork-single-weighted-unweighted,MI-TF-W-256,false,ACTIVE,239000,199000,4780,3980,"",1,hertz=256 Hz;type=Weighted,4
tuning-fork-single-weighted-unweighted,MI-TF-W-432,false,ACTIVE,239000,199000,4780,3980,"",1,hertz=432 Hz;type=Weighted,4
tuning-fork-single-weighted-unweighted,MI-TF-W-440,false,ACTIVE,269000,229000,3550,2748,"",0,hertz=440 Hz;type=Weighted,4
tuning-fork-single-weighted-unweighted,MI-TF-W-528,false,ACTIVE,239000,199000,3150,2750,"",0,hertz=528 Hz;type=Weighted,4
tuning-fork-single-weighted-unweighted,MI-TF-W-64,false,ACTIVE,269000,229000,3550,2748,"",0,hertz=64 Hz;type=Weighted,4
tuning-fork-single-weighted-unweighted,MI-TF-W-68.05,false,ACTIVE,269000,229000,3550,2748,"",0,hertz=68.05 Hz;type=Weighted,4
tuning-fork-single-weighted-unweighted,MI-TF-W-93.96,false,ACTIVE,269000,229000,3550,2748,"",0,hertz=93.96 Hz;type=Weighted,4
tuning-forks-solfeggio-set,MI-TF-SS-UW,false,ACTIVE,1099000,999000,12500,11500,"",0,type=Unweighted,4
tuning-forks-solfeggio-set,MI-TF-SS-W,true,ACTIVE,1299000,1199000,14500,13500,"",0,type=Weighted,4
tuning-swords-sound-therapy-instrument,woo-var-49839,true,ACTIVE,900000,800000,9650,8550,"",0,frequency=256 Hz,0
tuning-swords-sound-therapy-instrument,woo-var-49840,false,ACTIVE,1100000,1000000,11850,10750,"",0,frequency=432 Hz,0
tuning-swords-sound-therapy-instrument,woo-var-49841,false,ACTIVE,1250000,1200000,13500,12800,"",0,frequency=528 Hz,0
vibroacoustic-therapy-bowls-universal-belly-and-head,Mi-SB-B,false,ACTIVE,1090000,990000,15000,14000,"",0,type=Belly Bowl,4
vibroacoustic-therapy-bowls-universal-belly-and-head,Mi-SB-H,false,ACTIVE,1099000,999000,15000,14000,"",0,type=Head Bowl,4
vibroacoustic-therapy-bowls-universal-belly-and-head,Mi-SB-UN,true,ACTIVE,995000,895000,15000,12500,"",0,type=Universal Bowl,4
vibroacoustic-therapy-bowls-universal-belly-and-head,MI-SB-VT-SET-3,false,ACTIVE,2790000,2690000,49000,39000,"",0,type=Set of 3,4
wooden-mallets-for-singing-bowls,MI-SB-M-B-C,false,ACTIVE,34500,23500,1450,1200,"",1,colour=Black;type=Curved,4
wooden-mallets-for-singing-bowls,MI-SB-M-B-S,false,ACTIVE,28500,20000,1250,950,"",1,colour=Black;type=Straight,4
wooden-mallets-for-singing-bowls,MI-SB-M-B-SW,false,ACTIVE,38500,25500,1350,1050,"",0,colour=Black;type=Standard Wide,4
wooden-mallets-for-singing-bowls,MI-SB-M-B-TW,false,ACTIVE,44500,28500,1700,1400,"",0,colour=Black;type=Thick Wide,4
wooden-mallets-for-singing-bowls,MI-SB-M-L-R-11,false,ACTIVE,94500,64500,2450,2150,"",1,"colour=Red;type=Long Soft-11""",4
wooden-mallets-for-singing-bowls,MI-SB-M-L-R-13,false,ACTIVE,106500,85000,2650,2250,"",1,"colour=Red;type=Long Soft-13""",4
wooden-mallets-for-singing-bowls,MI-SB-M-L-R-9,false,ACTIVE,89500,64500,2350,1950,"",1,"colour=Red;type=Long Soft-9""",4
wooden-mallets-for-singing-bowls,MI-SB-M-L-W-11,false,ACTIVE,94500,69500,2450,2150,"",1,"colour=White;type=Long Soft-11""",4
wooden-mallets-for-singing-bowls,MI-SB-M-L-W-13,false,ACTIVE,106500,85000,2650,2250,"",1,"colour=White;type=Long Soft-13""",4
wooden-mallets-for-singing-bowls,MI-SB-M-L-W-9,false,ACTIVE,89500,64500,2350,1950,"",1,"colour=White;type=Long Soft-9""",4
wooden-mallets-for-singing-bowls,MI-SB-M-R-L-F,false,ACTIVE,78500,54500,1950,1650,"",0,colour=Red;type=Long Firm-Small,4
wooden-mallets-for-singing-bowls,MI-SB-M-R-L-S,true,ACTIVE,89500,64500,2250,1950,"",0,colour=Red;type=Long Firm-Standard,4
wooden-mallets-for-singing-bowls,MI-SB-M-R-S,false,ACTIVE,28500,20000,1250,950,"",1,colour=Red;type=Straight,4
wooden-mallets-for-singing-bowls,MI-SB-M-R-SW,false,ACTIVE,38500,25500,1350,1050,"",0,colour=Red;type=Standard Wide,4
wooden-mallets-for-singing-bowls,MI-SB-M-R-TW,false,ACTIVE,44500,28500,1700,1400,"",0,colour=Red;type=Thick Wide,4
wooden-mallets-for-singing-bowls,MI-SB-M-W-L-F,false,ACTIVE,78500,54500,1950,1650,"",0,colour=White;type=Long Firm-Small,4
wooden-mallets-for-singing-bowls,MI-SB-M-W-L-S,false,ACTIVE,89500,64500,2350,1950,"",0,colour=White;type=Long Firm-Standard,4
wooden-maracas-shakers-plain-dot-painted,MI-WM,true,ACTIVE,128100,98500,1740,1550,"",0,type=Plain,4
wooden-maracas-shakers-plain-dot-painted,MI-WM-P,false,ACTIVE,135900,104500,1900,1700,"",0,type=Dot Painted,4
wooden-stand-for-tuning-forks,MI-TF-WS-3,true,ACTIVE,75000,65000,1200,900,"",0,no-of-holes=Three,4
wooden-stand-for-tuning-forks,MI-TF-WS-5,false,ACTIVE,85000,75000,1300,1000,"",0,no-of-holes=Five,4
wooden-stand-for-tuning-forks,MI-TF-WS-7,false,ACTIVE,95000,85000,1500,1100,"",0,no-of-holes=Seven,4
wooden-stand-for-tuning-forks,MI-TF-WS-9,false,ACTIVE,105000,95000,1600,1200,"",0,no-of-holes=Nine,4
wooden-tambourines,MI-T-C,false,ACTIVE,145000,115000,1950,1650,"",0,type=Circular,4
wooden-tambourines,MI-T-HM,true,ACTIVE,155000,125000,2050,1750,"",0,type=Half-Moon,4
yoga-belt-strap-for-sturdy-grip,Yo-BL-D-BE,false,ACTIVE,47000,34500,610,540,"",1,colours=Beige,4
yoga-belt-strap-for-sturdy-grip,Yo-BL-D-GR,false,ACTIVE,47000,34500,610,540,"",1,colours=Green,4
yoga-belt-strap-for-sturdy-grip,Yo-BL-D-NB,false,ACTIVE,47000,34500,610,540,"",1,colours=Navy Blue,4
yoga-belt-strap-for-sturdy-grip,Yo-BL-D-RE,false,ACTIVE,47000,34500,610,540,"",1,colours=Rose,4
yoga-belt-strap-for-sturdy-grip,Yo-BL-D-SB,true,ACTIVE,47000,34500,610,540,"",1,colours=Sky Blue,4
yoga-blanket-made-from-organic-cotton,Yo-BT-C-BW,false,ACTIVE,182000,139500,2450,2180,"",1,colour=Brown,4
yoga-blanket-made-from-organic-cotton,Yo-BT-C-MG,true,ACTIVE,182000,139500,2450,2180,"",1,colour=Magenta,4
yoga-blanket-made-from-organic-cotton,Yo-BT-C-NT,false,ACTIVE,169000,129500,2270,2030,"",1,colour=Natural White,4
yoga-mats-superior-moderate,woo-var-46110,true,ACTIVE,245000,179000,3140,2800,"",0,color=Teal;grip=Moderate;type=7 Chakras,4
yoga-mats-superior-moderate,woo-var-46111,false,ACTIVE,245000,179000,3140,2800,"",0,color=Orange;grip=Moderate;type=7 Chakras,4
yoga-mats-superior-moderate,woo-var-46112,false,ACTIVE,245000,179000,3140,2800,"",0,color=Yellow;grip=Moderate;type=7 Chakras,4
yoga-mats-superior-moderate,woo-var-46113,false,ACTIVE,245000,179000,3140,2800,"",0,color=Pink;grip=Moderate;type=7 Chakras,4
yoga-mats-superior-moderate,woo-var-46114,false,ACTIVE,275000,199000,3490,3120,"",0,color=Teal;grip=Superior;type=7 Chakras,4
yoga-mats-superior-moderate,woo-var-46115,false,ACTIVE,275000,199000,3490,3120,"",0,color=Orange;grip=Superior;type=7 Chakras,4
yoga-mats-superior-moderate,woo-var-46116,false,ACTIVE,275000,199000,3490,3120,"",0,color=Yellow;grip=Superior;type=7 Chakras,4
yoga-mats-superior-moderate,woo-var-46117,false,ACTIVE,275000,199000,3490,3120,"",0,color=Pink;grip=Superior;type=7 Chakras,4
yoga-mats-superior-moderate,woo-var-46118,false,ACTIVE,245000,179000,3140,2800,"",0,color=Teal;grip=Moderate;type=Lotus,4
yoga-mats-superior-moderate,woo-var-46119,false,ACTIVE,245000,179000,3140,2800,"",0,color=Orange;grip=Moderate;type=Lotus,4
yoga-mats-superior-moderate,woo-var-46120,false,ACTIVE,245000,179000,3140,2800,"",0,color=Yellow;grip=Moderate;type=Lotus,4
yoga-mats-superior-moderate,woo-var-46121,false,ACTIVE,245000,179000,3140,2800,"",0,color=Pink;grip=Moderate;type=Lotus,4
yoga-mats-superior-moderate,woo-var-46122,false,ACTIVE,275000,199000,3490,3120,"",0,color=Teal;grip=Superior;type=Lotus,4
yoga-mats-superior-moderate,woo-var-46123,false,ACTIVE,275000,199000,3490,3120,"",0,color=Orange;grip=Superior;type=Lotus,4
yoga-mats-superior-moderate,woo-var-46124,false,ACTIVE,275000,199000,3490,3120,"",0,color=Yellow;grip=Superior;type=Lotus,4
yoga-mats-superior-moderate,woo-var-46125,false,ACTIVE,275000,199000,3490,3120,"",0,color=Pink;grip=Superior;type=Lotus,4
yoga-mats-superior-moderate,woo-var-46126,false,ACTIVE,235000,169000,2960,2650,"",0,color=Teal;grip=Moderate;type=Plain,4
yoga-mats-superior-moderate,woo-var-46127,false,ACTIVE,235000,169000,2960,2650,"",0,color=Orange;grip=Moderate;type=Plain,4
yoga-mats-superior-moderate,woo-var-46128,false,ACTIVE,235000,169000,2960,2650,"",0,color=Yellow;grip=Moderate;type=Plain,4
yoga-mats-superior-moderate,woo-var-46129,false,ACTIVE,235000,169000,2960,2650,"",0,color=Pink;grip=Moderate;type=Plain,4
yoga-mats-superior-moderate,woo-var-46130,false,ACTIVE,3490,3220,3490,3220,"",0,color=Teal;grip=Superior;type=Plain,4
yoga-mats-superior-moderate,woo-var-46131,false,ACTIVE,275000,179000,3490,3220,"",0,color=Orange;grip=Superior;type=Plain,4
yoga-mats-superior-moderate,woo-var-46132,false,ACTIVE,275000,179000,3490,3120,"",0,color=Yellow;grip=Superior;type=Plain,4
yoga-mats-superior-moderate,woo-var-46133,false,ACTIVE,275000,179000,3490,3120,"",0,color=Pink;grip=Superior;type=Plain,4
zabuton-cushion-for-meditation,Me-C-Zn-GY,false,ACTIVE,245000,199500,3250,2900,"",1,colour=Grey,4
zabuton-cushion-for-meditation,Me-C-Zn-LG,false,ACTIVE,245000,199500,3250,2900,"",1,colour=Light Grey,4
zabuton-cushion-for-meditation,Me-C-Zn-LR,false,ACTIVE,245000,199500,3250,2900,"",1,colour=Lavender,4
zabuton-cushion-for-meditation,Me-C-Zn-MB,false,ACTIVE,245000,199500,3250,2900,"",1,colour=Misty Blue,4
zabuton-cushion-for-meditation,Me-C-Zn-NB,true,ACTIVE,245000,199500,3250,2900,"",1,colour=Navy Blue,4
zafu-meditation-cushion-lotus-embroidery-filled-with-cotton,Me-C-RZ-LG-E-L,false,ACTIVE,167500,138500,2250,2010,"",1,colour=Light Grey,4
zafu-meditation-cushion-lotus-embroidery-filled-with-cotton,Me-C-RZ-LR-E-L,false,ACTIVE,167500,138500,2250,2010,"",1,colour=Lavender,4
zafu-meditation-cushion-lotus-embroidery-filled-with-cotton,Me-C-RZ-MB-E-L,false,ACTIVE,167500,138500,2250,2010,"",1,colour=Misty Blue,4
zafu-meditation-cushion-lotus-embroidery-filled-with-cotton,Me-C-RZ-R-E-L,true,ACTIVE,167500,138500,2250,2010,"",1,colour=Rose,4
zafu-meditation-cushion-lotus-embroidery-filled-with-cotton,Me-C-RZ-S-E-L,false,ACTIVE,167500,138500,2250,2010,"",1,colour=Sage,4
zafu-meditation-cushion-plain-filled-with-cotton,Me-Z-R-C-DG,true,ACTIVE,141500,118500,1900,1700,"",1,colour=Dark Grey,4
zafu-meditation-cushion-plain-filled-with-cotton,Me-Z-R-C-GY,false,ACTIVE,141500,118500,1900,1700,"",1,colour=Grey,4
zafu-meditation-cushion-plain-filled-with-cotton,Me-Z-R-C-NB,false,ACTIVE,141500,118500,1900,1700,"",1,colour=Navy Blue,4
zafu-meditation-cushion-plain-filled-with-cotton,Me-Z-R-C-O,false,ACTIVE,141500,118500,1900,1700,"",1,colour=Orange,4
zafu-meditation-cushion-plain-filled-with-cotton,Me-Z-R-C-RE,false,ACTIVE,141500,118500,1900,1700,"",1,colour=Rose,4
zafu-meditation-cushion-plain-filled-with-cotton,Me-Z-R-C-SE,false,ACTIVE,141500,118500,1900,1700,"",1,colour=Sage,4
zafu-meditation-cushion-plain-filled-with-cotton,Me-Z-R-LG,false,ACTIVE,141500,118500,1900,1700,"",1,colour=Light Grey,4
zafu-meditation-cushion-plain-filled-with-cotton,Me-Z-R-LR,false,ACTIVE,141500,118500,1900,1700,"",1,colour=Lavender,4
zafu-meditation-cushion-plain-filled-with-cotton,Me-Z-R-MB,false,ACTIVE,141500,118500,1900,1700,"",1,colour=Misty Blue,4
zafu-meditation-cushion-plain-filled-with-cotton,Me-Z-R-MG,false,ACTIVE,141500,118500,1900,1700,"",1,colour=Magenta,4
zafu-zabuton-meditation-cushion-combo,Co-Me-C-Z-Zn-LG,false,ACTIVE,329500,279500,4650,4150,"",1,colours=Light Grey,4
zafu-zabuton-meditation-cushion-combo,Co-Me-C-Z-Zn-LR,false,ACTIVE,329500,279500,4650,4150,"",1,colours=Lavender,4
zafu-zabuton-meditation-cushion-combo,Co-Me-C-Z-Zn-MB,false,ACTIVE,329500,279500,4650,4150,"",1,colours=Misty Blue,4
zafu-zabuton-meditation-cushion-combo,CO-Me-Zf-Zn-C-GY,true,ACTIVE,329500,279500,4650,4150,"",1,colours=Grey,4
zafu-zabuton-meditation-cushion-combo,CO-Me-Zf-Zn-C-NB,false,ACTIVE,329500,279500,4650,4150,"",1,colours=Navy Blue,4
zafu-zabuton-meditation-cushion-combo-lotus-embroidery,Co-Me-C-Z-Zn-LG-E-L,false,ACTIVE,350000,299500,5000,4460,"",1,colours=Light Grey,4
zafu-zabuton-meditation-cushion-combo-lotus-embroidery,Co-Me-C-Z-Zn-LR-E-L,true,ACTIVE,350000,299500,5000,4460,"",1,colours=Lavender,4
zafu-zabuton-meditation-cushion-combo-lotus-embroidery,Co-Me-C-Z-Zn-MB-E-L,false,ACTIVE,350000,299500,5000,4460,"",1,colours=Misty Blue,4
zen-meditation-bench,ME-BE-L,false,ACTIVE,425000,365000,6500,5500,"",0,type=Large,4
zen-meditation-bench,ME-BE-M,false,ACTIVE,400000,345000,6000,5000,"",0,type=Medium,4
zen-meditation-bench,ME-BE-S,true,ACTIVE,355000,325000,5500,4500,"",0,type=Small,4
