Sheet Product name,DB Product name,Sheet Variant name,DB Variant name,Sheet SKU,DB SKU,Match score,Match type,Notes
Conscious Cards,Conscious Cards,,,ME-CC,ME-CC,100,exact,All three fields match
Jala Neti Pot - Ceramic 185 ml,Jala Neti Pot - Ceramic 185 ml,Red,Red,YO-NP-R-185,YO-NP-R-185,100,exact,All three fields match
Jala Neti Pot - Ceramic 185 ml,Jala Neti Pot - Ceramic 185 ml,Blue,Blue,YO-NP-B-185,YO-NP-B-185,100,exact,All three fields match
Jala Neti Pot - Ceramic 185 ml,Jala Neti Pot - Ceramic 185 ml,Lemon Yellow,Lemon Yellow,YO-NP-LY-185,YO-NP-LY-185,100,exact,All three fields match
Jala Neti Pot - Ceramic 185 ml,Jala Neti Pot - Ceramic 185 ml,Mint Green,Mint Green,YO-NP-MG-185,YO-NP-MG-185,100,exact,All three fields match
Jala Neti Pot - Ceramic 185 ml,Jala Neti Pot - Ceramic 185 ml,White,White,YO-NP-W-185,YO-NP-W-185,100,exact,All three fields match
Tounge Cleaner,Tounge Cleaner,Straight / pack-of-1,pack-of-1 / Straight,TC-S-1,TC-S-1,100,exact,All three fields match
Tounge Cleaner,Tounge Cleaner,Straight / pack-of-2,pack-of-2 / Straight,TC-S-2,TC-S-2,100,exact,All three fields match
Tounge Cleaner,Tounge Cleaner,Straight / pack-of-4,pack-of-4 / Straight,TC-S-4,TC-S-4,100,exact,All three fields match
Stainless Steel Straws,Stainless Steel Straws,pack-of-2,pack-of-2,SSS-2,SSS-2,100,exact,All three fields match
Stainless Steel Straws,Stainless Steel Straws,pack-of-4,pack-of-4,SSS-4,SSS-4,100,exact,All three fields match
7 Chakras - Plain Copper Bottles,7 Chakras - Plain Copper Bottles,Plain / 500ml/ With Brush,500ml / With Brush / Plain,CB-7C-B-.5,CB-7C-B-.5,100,exact,All three fields match
7 Chakras - Plain Copper Bottles,7 Chakras - Plain Copper Bottles,Plain / 500ml/ Without Brush,500ml / Without Brush / Plain,CB-7C-.5,CB-7C-.5,100,exact,All three fields match
7 Chakras - Plain Copper Bottles,7 Chakras - Plain Copper Bottles,Plain / 1L / With Brush,With Brush / 1L / Plain,CB-7C-B,CB-7C-B,100,exact,All three fields match
7 Chakras - Plain Copper Bottles,7 Chakras - Plain Copper Bottles,Plain / 1L/ Without Brush,1L / Without Brush / Plain,CB-7C,CB-7C,100,exact,All three fields match
7 Chakras - Vintage Copper Bottles,7 Chakras - Vintage Copper Bottles,Vintage / 500ml/ With Brush,500ml / With Brush / Vintage,CB-7C-V-B-.5,CB-7C-V-B-.5,100,exact,All three fields match
7 Chakras - Vintage Copper Bottles,7 Chakras - Vintage Copper Bottles,Vintage/ 500ml/ Without Brush,Vintage / Without Brush / 500ml,CB-7C-V-.5,CB-7C-V-.5,100,exact,All three fields match
7 Chakras - Vintage Copper Bottles,7 Chakras - Vintage Copper Bottles,Vintage / 1L/ With Brush,With Brush / Vintage / 1L,CB-7C-V-B,CB-7C-V-B,100,exact,All three fields match
7 Chakras - Vintage Copper Bottles,7 Chakras - Vintage Copper Bottles,Vintage/  1L/ Without Brush,Vintage / 1L / Without Brush,CB-7C-V,CB-7C-V,100,exact,All three fields match
7 Chakras - Copper Bottles with Handle,7 Chakras - Copper Bottles with Handle,Plain / 1L / With Brush,With Brush / 1L / Plain,CB-7C-H-B,CB-7C-H-B,100,exact,All three fields match
7 Chakras - Copper Bottles with Handle,7 Chakras - Copper Bottles with Handle,Plain / 1L/ Without Brush,1L / Without Brush / Plain,CB-7C-H,CB-7C-H,100,exact,All three fields match
7 Chakras - Copper Bottles with Handle,7 Chakras - Copper Bottles with Handle,Vintage / 1L/ Without Brush,Vintage / 1L / Without Brush,CB-7C-V-H,CB-7C-V-H,100,exact,All three fields match
7 Chakras - Copper Bottles with Handle,7 Chakras - Copper Bottles with Handle,Vintage / 1L / With Brush,With Brush / Vintage / 1L,CB-7C-V-H-B,CB-7C-V-H-B,100,exact,All three fields match
Curved Copper Bottles,Curved Copper Bottles,gold / With Brush,gold / with-brush,CB-C-B,CB-C-B,100,exact,All three fields match
Curved Copper Bottles,Curved Copper Bottles,gold / Without Brush,gold / without-brush,CB-C,CB-C,100,exact,All three fields match
Curved Copper Bottles,Curved Copper Bottles,vintage / With Brush,vintage / with-brush,CB-C-V-B,CB-C-V-B,100,exact,All three fields match
Curved Copper Bottles,Curved Copper Bottles,vintage / Without Brush,vintage / without-brush,CB-C-V,CB-C-V,100,exact,All three fields match
Curved Hammered Copper Bottles,Curved Hammered Copper Bottles,with-brush / vintage,vintage / with-brush,CB-CVH-B,CB-CVH-B,100,exact,All three fields match
Curved Hammered Copper Bottles,Curved Hammered Copper Bottles,vintage / without-brush,vintage / without-brush,CB-CVH,CB-CVH,100,exact,All three fields match
Hammered Copper Bottle,Hammered Copper Bottle,copper / without-brush,copper / without-brush,CB-HM,CB-HM,100,exact,All three fields match
Hammered Copper Bottle,Hammered Copper Bottle,copper / with-brush,copper / with-brush,CB-HM-B,CB-HM-B,100,exact,All three fields match
Sunshine within Me (Artistic Design),Sunshine within Me (Artistic Design),with-brush / 1L,with-brush / 1L,CB-AD-SS-B,CB-AD-SS-B,100,exact,All three fields match
Sunshine within Me (Artistic Design),Sunshine within Me (Artistic Design),without-brush / 1L,without-brush / 1L,CB-AD-SS,CB-AD-SS,100,exact,All three fields match
Sunshine within Me (Artistic Design),Sunshine within Me (Artistic Design),without-brush / 500ml,without-brush / 500ml,CB-AD-SS-.5,CB-AD-SS-.5,100,exact,All three fields match
Sunshine within Me (Artistic Design),Sunshine within Me (Artistic Design),with-brush / 500ml,with-brush / 500ml,CB-AD-SS-.5-B,CB-AD-SS-.5-B,100,exact,All three fields match
Tattvamasi-I am Infinite,Tattvamasi-I am Infinite,with-brush / 1L,with-brush / 1L,CB-AD-TM-B,CB-AD-TM-B,100,exact,All three fields match
Tattvamasi-I am Infinite,Tattvamasi-I am Infinite,without-brush / 1L,without-brush / 1L,CB-AD-TM,CB-AD-TM,100,exact,All three fields match
Tattvamasi-I am Infinite,Tattvamasi-I am Infinite,without-brush / 500ml,without-brush / 500ml,CB-AD-TM-.5,CB-AD-TM-.5,100,exact,All three fields match
Tattvamasi-I am Infinite,Tattvamasi-I am Infinite,with-brush / 500ml,with-brush / 500ml,CB-AD-TM-B-.5,CB-AD-TM-B-.5,100,exact,All three fields match
Pink & Positive,Pink & Positive,without-brush / 1L,without-brush / 1L,CB-AD-PP,CB-AD-PP,100,exact,All three fields match
Pink & Positive,Pink & Positive,with-brush / 1L,with-brush / 1L,CB-AD-PP-B,CB-AD-PP-B,100,exact,All three fields match
Pink & Positive,Pink & Positive,without-brush / 500ml,without-brush / 500ml,CB-AD-PP-.5,CB-AD-PP-.5,100,exact,All three fields match
Pink & Positive,Pink & Positive,with-brush / 500ml,with-brush / 500ml,CB-AD-PP-.5-B,CB-AD-PP-.5-B,100,exact,All three fields match
Happiness is Inside,Happiness is Inside,with-brush / 1L,with-brush / 1L,CB-AD-HI-B,CB-AD-HI-B,100,exact,All three fields match
Happiness is Inside,Happiness is Inside,without-brush / 1L,without-brush / 1L,CB-AD-HI,CB-AD-HI,100,exact,All three fields match
Happiness is Inside,Happiness is Inside,without-brush / 500ml,without-brush / 500ml,CB-AD-HI-.5,CB-AD-HI-.5,100,exact,All three fields match
Happiness is Inside,Happiness is Inside,with-brush / 500ml,with-brush / 500ml,CB-AD-HI-.5-B,CB-AD-HI-.5-B,100,exact,All three fields match
Ayurvedic Copper Bedroom Jar,Ayurvedic Copper Bedroom Jar,Standard,Standard,CB-BJ,CB-BJ,100,exact,All three fields match
Copper Bottle Gift Set - 7 Chakra,Copper Bottle Gift Set - 7 Chakra,Gold,Gold,CB-7C-C-2G-SET,CB-7C-C-2G-SET,100,exact,All three fields match
Copper Bottle Gift Set - 7 Chakra,Copper Bottle Gift Set - 7 Chakra,Vintage,Vintage,CB-7C-V-2G-SET,CB-7C-V-2G-SET,100,exact,All three fields match
7 Chakras Mystical Incense Sticks Set,7 Chakras Mystical Incense Sticks Set,7 Chakra Set,7 Chakra Set,IS-7C-SET,IS-7C-SET,100,exact,All three fields match
7 Chakras Mystical Incense Sticks Set,7 Chakras Mystical Incense Sticks Set,7 Chakra Set with Stand,7 Chakra Set with Stand,IS-7C-SET-S,IS-7C-SET-S,100,exact,All three fields match
7 Chakras Mystical Incense Sticks Set,7 Chakras Mystical Incense Sticks Set,Pure Citronella,Pure Citronella,IS-CT,IS-CT,100,exact,All three fields match
7 Chakras Mystical Incense Sticks Set,7 Chakras Mystical Incense Sticks Set,Pure Eucalyptus,Pure Eucalyptus,IS-EU,IS-EU,100,exact,All three fields match
7 Chakras Mystical Incense Sticks Set,7 Chakras Mystical Incense Sticks Set,Pure Frankincense,Pure Frankincense,IS-FI,IS-FI,100,exact,All three fields match
7 Chakras Mystical Incense Sticks Set,7 Chakras Mystical Incense Sticks Set,Pure Lavender,Pure Lavender,IS-LV,IS-LV,100,exact,All three fields match
7 Chakras Mystical Incense Sticks Set,7 Chakras Mystical Incense Sticks Set,Pure Musk,Pure Musk,IS-MU,IS-MU,100,exact,All three fields match
7 Chakras Mystical Incense Sticks Set,7 Chakras Mystical Incense Sticks Set,Pure Rose,Pure Rose,IS-R,IS-R,100,exact,All three fields match
7 Chakras Mystical Incense Sticks Set,7 Chakras Mystical Incense Sticks Set,Pure Sandalwood,Pure Sandalwood,IS-SW,IS-SW,100,exact,All three fields match
7 Chakras Yoga Mats,7 Chakras Yoga Mats,Moderate / Green,Green / Moderate,YO-M-CT-7C-M-G,YO-M-CT-7C-M-G,100,exact,All three fields match
7 Chakras Yoga Mats,7 Chakras Yoga Mats,Moderate / Orange,Orange / Moderate,YO-M-CT-7C-M-O,YO-M-CT-7C-M-O,100,exact,All three fields match
7 Chakras Yoga Mats,7 Chakras Yoga Mats,Moderate / Blue,Blue / Moderate,YO-M-CT-7C-M-B,YO-M-CT-7C-M-B,100,exact,All three fields match
7 Chakras Yoga Mats,7 Chakras Yoga Mats,Moderate / Pink,Pink / Moderate,YO-M-CT-7C-M-P,YO-M-CT-7C-M-P,100,exact,All three fields match
7 Chakras Yoga Mats,7 Chakras Yoga Mats,Teal/ Superior,Teal / Superior,YO-M-CT-7C-S-T,YO-M-CT-7C-S-T,100,exact,All three fields match
7 Chakras Yoga Mats,7 Chakras Yoga Mats,Orange / Superior,Orange / Superior,YO-M-CT-7C-S-O,YO-M-CT-7C-S-O,100,exact,All three fields match
7 Chakras Yoga Mats,7 Chakras Yoga Mats,Yellow / Superior,Yellow / Superior,YO-M-CT-7C-S-Y,YO-M-CT-7C-S-Y,100,exact,All three fields match
7 Chakras Yoga Mats,7 Chakras Yoga Mats,Pink / Superior,Pink / Superior,YO-M-CT-7C-S-P,YO-M-CT-7C-S-P,100,exact,All three fields match
Plain Yoga Mats,Plain Yoga Mats,Moderate / Green,Green / Moderate,YO-M-CT-M-G,YO-M-CT-M-G,100,exact,All three fields match
Plain Yoga Mats,Plain Yoga Mats,Moderate / Orange,Orange / Moderate,YO-M-CT-M-O,YO-M-CT-M-O,100,exact,All three fields match
Plain Yoga Mats,Plain Yoga Mats,Moderate / Blue,Blue / Moderate,YO-M-CT-M-B,YO-M-CT-M-B,100,exact,All three fields match
Plain Yoga Mats,Plain Yoga Mats,Moderate / Pink,Pink / Moderate,YO-M-CT-M-P,YO-M-CT-M-P,100,exact,All three fields match
Plain Yoga Mats,Plain Yoga Mats,Teal / Superior,Superior / Teal,YO-M-CT-S-T,YO-M-CT-S-T,100,exact,All three fields match
Plain Yoga Mats,Plain Yoga Mats,Orange / Superior,Superior / Orange,YO-M-CT-S-O,YO-M-CT-S-O,100,exact,All three fields match
Plain Yoga Mats,Plain Yoga Mats,Yellow / Superior,Superior / Yellow,YO-M-CT-S-Y,YO-M-CT-S-Y,100,exact,All three fields match
Plain Yoga Mats,Plain Yoga Mats,Pink / Superior,Superior / Pink,YO-M-CT-S-P,YO-M-CT-S-P,100,exact,All three fields match
Yoga Mats-Lotus,Yoga Mats-Lotus,Moderate / Green,Moderate / Green,YO-M-CT-L-M-G,YO-M-CT-L-M-G,100,exact,All three fields match
Yoga Mats-Lotus,Yoga Mats-Lotus,Moderate / Orange,Moderate / Orange,YO-M-CT-L-M-O,YO-M-CT-L-M-O,100,exact,All three fields match
Yoga Mats-Lotus,Yoga Mats-Lotus,Moderate / Blue,Moderate / Blue,YO-M-CT-L-M-B,YO-M-CT-L-M-B,100,exact,All three fields match
Yoga Mats-Lotus,Yoga Mats-Lotus,Moderate / Pink,Moderate / Pink,YO-M-CT-L-M-P,YO-M-CT-L-M-P,100,exact,All three fields match
Yoga Mats-Lotus,Yoga Mats-Lotus,Teal / Superior,Teal / Superior,YO-M-CT-L-S-T,YO-M-CT-L-S-T,100,exact,All three fields match
Yoga Mats-Lotus,Yoga Mats-Lotus,Orange / Superior,Orange / Superior,YO-M-CT-L-S-O,YO-M-CT-L-S-O,100,exact,All three fields match
Yoga Mats-Lotus,Yoga Mats-Lotus,Yellow / Superior,Yellow / Superior,YO-M-CT-L-S-Y,YO-M-CT-L-S-Y,100,exact,All three fields match
Yoga Mats-Lotus,Yoga Mats-Lotus,Pink / Superior,Pink / Superior,YO-M-CT-L-S-P,YO-M-CT-L-S-P,100,exact,All three fields match
Macrame Yoga Mat Straps,Macrame Yoga Mat Straps,Green,Green,YO-MMS-G,YO-MMS-G,100,exact,All three fields match
Macrame Yoga Mat Straps,Macrame Yoga Mat Straps,Brown,Brown,YO-MMS-BR,YO-MMS-BR,100,exact,All three fields match
Macrame Yoga Mat Straps,Macrame Yoga Mat Straps,Dark Grey,Dark Grey,YO-MMS-DG,YO-MMS-DG,100,exact,All three fields match
Macrame Yoga Mat Straps,Macrame Yoga Mat Straps,Navy Blue,Navy Blue,YO-MMS-NB,YO-MMS-NB,100,exact,All three fields match
Macrame Yoga Mat Straps,Macrame Yoga Mat Straps,Rose,Rose,YO-MMS-R,YO-MMS-R,100,exact,All three fields match
Macrame Yoga Mat Straps,Macrame Yoga Mat Straps,Rouge Pink,Rouge Pink,YO-MMS-RP,YO-MMS-RP,100,exact,All three fields match
Macrame Yoga Mat Straps,Macrame Yoga Mat Straps,Sage,Sage,YO-MMS-S,YO-MMS-S,100,exact,All three fields match
Round Yoga Bolster,Round Yoga Bolster,Dark Grey,Dark Grey,YO-BR-RD-DG,YO-BR-RD-DG,100,exact,All three fields match
Round Yoga Bolster,Round Yoga Bolster,Grey,Grey,YO-BR-RD-GY,YO-BR-RD-GY,100,exact,All three fields match
Round Yoga Bolster,Round Yoga Bolster,Maroon,Maroon,YO-BR-RD-M,YO-BR-RD-M,100,exact,All three fields match
Round Yoga Bolster,Round Yoga Bolster,Navy Blue,Navy Blue,YO-BR-RD-NB,YO-BR-RD-NB,100,exact,All three fields match
Round Yoga Bolster,Round Yoga Bolster,Orange,Orange,YO-BR-RD-O,YO-BR-RD-O,100,exact,All three fields match
Round Yoga Bolster,Round Yoga Bolster,Rose,Rose,YO-BR-RD-R,YO-BR-RD-R,100,exact,All three fields match
Round Yoga Bolster,Round Yoga Bolster,sage,Sage,YO-BR-RD-S,YO-BR-RD-S,100,exact,All three fields match
Rectangular Yoga Bolster,Rectangular Yoga Bolster,Dark Grey,Dark Grey,YO-BR-RT-DG,YO-BR-RT-DG,100,exact,All three fields match
Rectangular Yoga Bolster,Rectangular Yoga Bolster,Grey,Grey,YO-BR-RT-GY,YO-BR-RT-GY,100,exact,All three fields match
Rectangular Yoga Bolster,Rectangular Yoga Bolster,Maroon,Maroon,YO-BR-RT-M,YO-BR-RT-M,100,exact,All three fields match
Rectangular Yoga Bolster,Rectangular Yoga Bolster,Navy Blue,Navy Blue,YO-BR-RT-NB,YO-BR-RT-NB,100,exact,All three fields match
Rectangular Yoga Bolster,Rectangular Yoga Bolster,Rose,Rose,YO-BR-RT-R,YO-BR-RT-R,100,exact,All three fields match
Rectangular Yoga Bolster,Rectangular Yoga Bolster,Rouge Pink,Rouge Pink,YO-BR-RT-RP,YO-BR-RT-RP,100,exact,All three fields match
Eye Shaped - Eye Pillows,Eye Shaped - Eye Pillows,Rose,Rose,YO-EP-R,YO-EP-R,100,exact,All three fields match
Eye Shaped - Eye Pillows,Eye Shaped - Eye Pillows,Dark Grey,Dark Grey,YO-EP-DG,YO-EP-DG,100,exact,All three fields match
Eye Shaped - Eye Pillows,Eye Shaped - Eye Pillows,Grey,Grey,YO-EP-GY,YO-EP-GY,100,exact,All three fields match
Eye Shaped - Eye Pillows,Eye Shaped - Eye Pillows,Navy Blue,Navy Blue,YO-EP-NB,YO-EP-NB,100,exact,All three fields match
Eye Shaped - Eye Pillows,Eye Shaped - Eye Pillows,Sage,Sage,YO-EP-S,YO-EP-S,100,exact,All three fields match
Yoga Belt/Strap,Yoga Belt/Strap,Sky Blue,Sky Blue,YO-BL-SB,YO-BL-SB,100,exact,All three fields match
Yoga Belt/Strap,Yoga Belt/Strap,Beige,Beige,YO-BL-BE,YO-BL-BE,100,exact,All three fields match
Yoga Belt/Strap,Yoga Belt/Strap,Green,Green,YO-BL-G,YO-BL-G,100,exact,All three fields match
Yoga Belt/Strap,Yoga Belt/Strap,Navy Blue,Navy Blue,YO-BL-NB,YO-BL-NB,100,exact,All three fields match
Yoga Belt/Strap,Yoga Belt/Strap,Rose,Rose,YO-BL-R,YO-BL-R,100,exact,All three fields match
Yoga Blanket,Yoga Blanket,Magenta,Magenta,YO-BT-MG,YO-BT-MG,100,exact,All three fields match
Yoga Blanket,Yoga Blanket,Brown,Brown,YO-BT-BR,YO-BT-BR,100,exact,All three fields match
Yoga Blanket,Yoga Blanket,Natural White,Natural White,YO-BT-W,YO-BT-W,100,exact,All three fields match
Zafu Meditation Cushion - Plain,Zafu Meditation Cushion - Plain,Dark Grey,Dark Grey,ME-Z-DG,ME-Z-DG,100,exact,All three fields match
Zafu Meditation Cushion - Plain,Zafu Meditation Cushion - Plain,Navy Blue,Navy Blue,ME-Z-NB,ME-Z-NB,100,exact,All three fields match
Zafu Meditation Cushion - Plain,Zafu Meditation Cushion - Plain,Orange,Orange,ME-Z-O,ME-Z-O,100,exact,All three fields match
Zafu Meditation Cushion - Plain,Zafu Meditation Cushion - Plain,Rose,Rose,ME-Z-R,ME-Z-R,100,exact,All three fields match
Zafu Meditation Cushion - Plain,Zafu Meditation Cushion - Plain,Sage,Sage,ME-Z-S,ME-Z-S,100,exact,All three fields match
Zafu Meditation Cushion - Plain,Zafu Meditation Cushion - Plain,Light Grey,Light Grey,ME-Z-LG,ME-Z-LG,100,exact,All three fields match
Zafu Meditation Cushion - Plain,Zafu Meditation Cushion - Plain,Lavender,Lavender,ME-Z-LR,ME-Z-LR,100,exact,All three fields match
Zafu Meditation Cushion - Plain,Zafu Meditation Cushion - Plain,Misty Blue,Misty Blue,ME-Z-MB,ME-Z-MB,100,exact,All three fields match
Zafu Meditation Cushion - Plain,Zafu Meditation Cushion - Plain,Magenta,Magenta,ME-Z-MG,ME-Z-MG,100,exact,All three fields match
Zafu Meditation Cushion - Lotus Embroidery,Zafu Meditation Cushion - Lotus Embroidery,Rose,Rose,ME-Z-EM-L-R,ME-Z-EM-L-R,100,exact,All three fields match
Zafu Meditation Cushion - Lotus Embroidery,Zafu Meditation Cushion - Lotus Embroidery,Light Grey,Light Grey,ME-Z-EM-L-LG,ME-Z-EM-L-LG,100,exact,All three fields match
Zafu Meditation Cushion - Lotus Embroidery,Zafu Meditation Cushion - Lotus Embroidery,Lavender,Lavender,ME-Z-EM-L-LV,ME-Z-EM-L-LV,100,exact,All three fields match
Zafu Meditation Cushion - Lotus Embroidery,Zafu Meditation Cushion - Lotus Embroidery,Misty Blue,Misty Blue,ME-Z-EM-L-MB,ME-Z-EM-L-MB,100,exact,All three fields match
Zafu Meditation Cushion - Lotus Embroidery,Zafu Meditation Cushion - Lotus Embroidery,Sage,Sage,ME-Z-EM-L-S,ME-Z-EM-L-S,100,exact,All three fields match
Zabuton Cushion,Zabuton Cushion,Navy Blue,Navy Blue,ME-Zn-NB,ME-Zn-NB,100,exact,All three fields match
Zabuton Cushion,Zabuton Cushion,Grey,Grey,ME-Zn-GY,ME-Zn-GY,100,exact,All three fields match
Zabuton Cushion,Zabuton Cushion,Light Grey,Light Grey,ME-Zn-LG,ME-Zn-LG,100,exact,All three fields match
Zabuton Cushion,Zabuton Cushion,Lavender,Lavender,ME-Zn-LV,ME-Zn-LV,100,exact,All three fields match
Zabuton Cushion,Zabuton Cushion,Misty Blue,Misty Blue,ME-Zn-MB,ME-Zn-MB,100,exact,All three fields match
Zafu & Zabuton Combo - Plain,Zafu & Zabuton Combo - Plain,Light Grey,Light Grey,ME-Z-Zn-LG,ME-Z-Zn-LG,100,exact,All three fields match
Zafu & Zabuton Combo - Plain,Zafu & Zabuton Combo - Plain,Lavender,Lavender,ME-Z-Zn-LV,ME-Z-Zn-LV,100,exact,All three fields match
Zafu & Zabuton Combo - Plain,Zafu & Zabuton Combo - Plain,Misty Blue,Misty Blue,ME-Z-Zn-MB,ME-Z-Zn-MB,100,exact,All three fields match
Zafu & Zabuton Combo - Plain,Zafu & Zabuton Combo - Plain,Navy Blue,Navy Blue,ME-Z-Zn-NB,ME-Z-Zn-NB,100,exact,All three fields match
Zafu & Zabuton Combo - Lotus Embroidery,Zafu & Zabuton Combo - Lotus Embroidery,Light Grey,Light Grey,ME-Z-Zn-EM-L-LG,ME-Z-Zn-EM-L-LG,100,exact,All three fields match
Zafu & Zabuton Combo - Lotus Embroidery,Zafu & Zabuton Combo - Lotus Embroidery,Lavender,Lavender,ME-Z-Zn-EM-L-LV,ME-Z-Zn-EM-L-LV,100,exact,All three fields match
Zafu & Zabuton Combo - Lotus Embroidery,Zafu & Zabuton Combo - Lotus Embroidery,Misty Blue,Misty Blue,ME-Z-Zn-EM-L-MB,ME-Z-Zn-EM-L-MB,100,exact,All three fields match
Hi-Zafu Meditation Cushion - Embroidered with Lotus,Hi-Zafu Meditation Cushion - Embroidered with Lotus,Sage,Sage,ME-HZ-EM-L-S,ME-HZ-EM-L-S,100,exact,All three fields match
Hi-Zafu Meditation Cushion - Embroidered with Lotus,Hi-Zafu Meditation Cushion - Embroidered with Lotus,Lavender,Lavender,ME-HZ-EM-L-LV,ME-HZ-EM-L-LV,100,exact,All three fields match
Hi-Zafu Meditation Cushion - Embroidered with Lotus,Hi-Zafu Meditation Cushion - Embroidered with Lotus,Light Grey,Light Grey,ME-HZ-EM-L-LG,ME-HZ-EM-L-LG,100,exact,All three fields match
Hi-Zafu Meditation Cushion - Embroidered with Lotus,Hi-Zafu Meditation Cushion - Embroidered with Lotus,Misty Blue,Misty Blue,ME-HZ-EM-L-MB,ME-HZ-EM-L-MB,100,exact,All three fields match
Hi-Zafu Meditation Cushion - Embroidered with Lotus,Hi-Zafu Meditation Cushion - Embroidered with Lotus,Rose,Rose,ME-HZ-EM-L-R,ME-HZ-EM-L-R,100,exact,All three fields match
Hi-Zafu Meditation Cushion - Filled with Buckwheat,Hi-Zafu Meditation Cushion - Filled with Buckwheat,Royal Blue,Royal Blue,ME-HZ-RB,ME-HZ-RB,100,exact,All three fields match
Hi-Zafu Meditation Cushion - Filled with Buckwheat,Hi-Zafu Meditation Cushion - Filled with Buckwheat,Dark Grey,Dark Grey,ME-HZ-DG,ME-HZ-DG,100,exact,All three fields match
Hi-Zafu Meditation Cushion - Filled with Buckwheat,Hi-Zafu Meditation Cushion - Filled with Buckwheat,Grey,Grey,ME-HZ-GY,ME-HZ-GY,100,exact,All three fields match
Hi-Zafu Meditation Cushion - Filled with Buckwheat,Hi-Zafu Meditation Cushion - Filled with Buckwheat,Ivory,Ivory,ME-HZ-I,ME-HZ-I,100,exact,All three fields match
Hi-Zafu Meditation Cushion - Filled with Buckwheat,Hi-Zafu Meditation Cushion - Filled with Buckwheat,Light Grey,Light Grey,ME-HZ-LG,ME-HZ-LG,100,exact,All three fields match
Hi-Zafu Meditation Cushion - Filled with Buckwheat,Hi-Zafu Meditation Cushion - Filled with Buckwheat,Lavender,Lavender,ME-HZ-LV,ME-HZ-LV,100,exact,All three fields match
Hi-Zafu Meditation Cushion - Filled with Buckwheat,Hi-Zafu Meditation Cushion - Filled with Buckwheat,Maroon,Maroon,ME-HZ-M,ME-HZ-M,100,exact,All three fields match
Hi-Zafu Meditation Cushion - Filled with Buckwheat,Hi-Zafu Meditation Cushion - Filled with Buckwheat,Misty Blue,Misty Blue,ME-HZ-MB,ME-HZ-MB,100,exact,All three fields match
Hi-Zafu Meditation Cushion - Filled with Buckwheat,Hi-Zafu Meditation Cushion - Filled with Buckwheat,Navy Blue,Navy Blue,ME-HZ-NB,ME-HZ-NB,100,exact,All three fields match
Hi-Zafu Meditation Cushion - Filled with Buckwheat,Hi-Zafu Meditation Cushion - Filled with Buckwheat,Rose,Rose,ME-HZ-R,ME-HZ-R,100,exact,All three fields match
Hi-Zafu Meditation Cushion - Filled with Buckwheat,Hi-Zafu Meditation Cushion - Filled with Buckwheat,Red,Red,ME-HZ-RD,ME-HZ-RD,100,exact,All three fields match
Hi-Zafu Meditation Cushion - Filled with Buckwheat,Hi-Zafu Meditation Cushion - Filled with Buckwheat,Sage,Sage,ME-HZ-S,ME-HZ-S,100,exact,All three fields match
Crescent Zafu Cushion - Compact -Buck wheat,Crescent Zafu Cushion - Compact -Buck wheat,Dark Grey,Dark Grey,ME-CZ-C-DG,ME-CZ-C-DG,100,exact,All three fields match
Crescent Zafu Cushion - Compact -Buck wheat,Crescent Zafu Cushion - Compact -Buck wheat,Misty Blue,Misty Blue,ME-CZ-C-MB,ME-CZ-C-MB,100,exact,All three fields match
Crescent Zafu Cushion - Compact -Buck wheat,Crescent Zafu Cushion - Compact -Buck wheat,Lavender,Lavender,ME-CZ-C-LV,ME-CZ-C-LV,100,exact,All three fields match
Crescent Zafu Cushion - Compact -Buck wheat,Crescent Zafu Cushion - Compact -Buck wheat,Sage,Sage,ME-CZ-C-S,ME-CZ-C-S,100,exact,All three fields match
Crescent Zafu Cushion - Compact -Buck wheat,Crescent Zafu Cushion - Compact -Buck wheat,Rose,Rose,ME-CZ-C-R,ME-CZ-C-R,100,exact,All three fields match
Crescent Zafu Cushion - Wide -Cotton,Crescent Zafu Cushion - Wide -Cotton,Rouge Pink,Rouge Pink / Rouge Pink,ME-CZ-W-RP,ME-CZ-W-RP,100,exact,All three fields match
Crescent Zafu Cushion - Wide -Cotton,Crescent Zafu Cushion - Wide -Cotton,Lavender,Lavender / Lavender,ME-CZ-W-LV,ME-CZ-W-LV,100,exact,All three fields match
Crescent Zafu Cushion - Wide -Cotton,Crescent Zafu Cushion - Wide -Cotton,Misty Blue,Misty Blue / Misty Blue,ME-CZ-W-MB,ME-CZ-W-MB,100,exact,All three fields match
Zen Meditation Bench,Zen Meditation Bench,Small,Small,ME-ZMB-S,ME-ZMB-S,100,exact,All three fields match
Zen Meditation Bench,Zen Meditation Bench,Medium,Medium,ME-ZMB-M,ME-ZMB-M,100,exact,All three fields match
Zen Meditation Bench,Zen Meditation Bench,Large,Large,ME-ZMB-L,ME-ZMB-L,100,exact,All three fields match
11 Note Tongue Drum,11 Note Tongue Drum,6 inches / White,White / 6 inches,MI-TD-11N-W-6,MI-TD-11N-W-6,100,exact,All three fields match
11 Note Tongue Drum,11 Note Tongue Drum,6 inches / Blue,Blue / 6 inches,MI-TD-11N-B-6,MI-TD-11N-B-6,100,exact,All three fields match
11 Note Tongue Drum,11 Note Tongue Drum,8 inches / White,White / 8 inches,MI-TD-11N-W-8,MI-TD-11N-W-8,100,exact,All three fields match
11 Note Tongue Drum,11 Note Tongue Drum,8 inches / Blue,Blue / 8 inches,MI-TD-11N-B-8,MI-TD-11N-B-8,100,exact,All three fields match
11 Note Tongue Drum,11 Note Tongue Drum,10 inches / White,White / 10 inches,MI-TD-11N-W-10,MI-TD-11N-W-10,100,exact,All three fields match
11 Note Tongue Drum,11 Note Tongue Drum,10 inches / Blue,Blue / 10 inches,MI-TD-11N-B-10,MI-TD-11N-B-10,100,exact,All three fields match
11 Note Tongue Drum,11 Note Tongue Drum,12 inches / White,White / 12 inches,MI-TD-11N-W-12,MI-TD-11N-W-12,100,exact,All three fields match
11 Note Tongue Drum,11 Note Tongue Drum,12 inches / Blue,Blue / 12 inches,MI-TD-11N-B-12,MI-TD-11N-B-12,100,exact,All three fields match
Handpan,Handpan,D Celtic Minor 9,D Celtic Minor 9,MI-HP-DC-9,MI-HP-DC-9,100,exact,All three fields match
Handpan,Handpan,D Kurd 10,D Kurd 10,MI-HP-DK-10,MI-HP-DK-10,100,exact,All three fields match
Handpan Stand,Handpan Stand,,,MI-HP-S,MI-HP-S,100,exact,All three fields match
8 Keys Metallophone,8 Keys Metallophone,1 inch,1 inch,MI-XY-MT-8-1,MI-XY-MT-8-1,100,exact,All three fields match
8 Keys Metallophone,8 Keys Metallophone,1.5 inch,1.5 inch,MI-XY-MT-8-1.5,MI-XY-MT-8-1.5,100,exact,All three fields match
8 Keys Wooden Xylophone,8 Keys Wooden Xylophone,,,MI-XY-W-8,MI-XY-W-8,100,exact,All three fields match
Teak Wood - Stainless Steel Xylophone,Teak Wood - Stainless Steel Xylophone,8 Keys,8 Keys,MI-XY-TW-8,MI-XY-TW-8,100,exact,All three fields match
Teak Wood - Stainless Steel Xylophone,Teak Wood - Stainless Steel Xylophone,15 Keys,15 Keys,MI-XY-TW-15,MI-XY-TW-15,100,exact,All three fields match
Bird Flute,Bird Flute,Brown / Single,Brown / Single,MI-BF-BN-S,MI-BF-BN-S,100,exact,All three fields match
Bird Flute,Bird Flute,Brown / Pair,Brown / Pair,MI-BF-BN-P,MI-BF-BN-P,100,exact,All three fields match
7-Key Kalimba Made from Coconut Shell,7-Key Kalimba Made from Coconut Shell,Plain Etched,Plain Etched,MI-KCS-PE,MI-KCS-PE,100,exact,All three fields match
7-Key Kalimba Made from Coconut Shell,7-Key Kalimba Made from Coconut Shell,Dot Painted,Dot Painted,MI-KCS-DP,MI-KCS-DP,100,exact,All three fields match
Asalato / Kashaka Shaker,Asalato / Kashaka Shaker,Plain / Single,Single / Plain,MI-AS,MI-AS,100,exact,All three fields match
Asalato / Kashaka Shaker,Asalato / Kashaka Shaker,Plain / Pair,Pair / Plain,MI-AS-2,MI-AS-2,100,exact,All three fields match
Asalato / Kashaka Shaker,Asalato / Kashaka Shaker,Painted / Single,Single / Painted,MI-AS-P,MI-AS-P,100,exact,All three fields match
Asalato / Kashaka Shaker,Asalato / Kashaka Shaker,Painted / Pair,Pair / Painted,MI-AS-P-2,MI-AS-P-2,100,exact,All three fields match
Bamboo Castanet,Bamboo Castanet,Standard,Standard,MI-CN,MI-CN,100,exact,All three fields match
Bamboo Rainstick Wide-80cm,Bamboo Rainstick Wide-80cm,Wide 80cm,Wide 80cm,MI-RS-W-80,MI-RS-W-80,100,exact,All three fields match
Caxixi,Caxixi,Standard,Standard,MI-CX,MI-CX,100,exact,All three fields match
Coconut Maracas Shakers,Coconut Maracas Shakers,Plain,Plain,MI-CMS,MI-CMS,100,exact,All three fields match
Coconut Maracas Shakers,Coconut Maracas Shakers,Dot Painted,Dot Painted,MI-CMS-DP,MI-CMS-DP,100,exact,All three fields match
Wooden Maracas Shakers | Plain & Dot Painted,Wooden Maracas Shakers | Plain & Dot Painted,Plain,Plain,MI-WMS,MI-WMS,100,exact,All three fields match
Wooden Maracas Shakers | Plain & Dot Painted,Wooden Maracas Shakers | Plain & Dot Painted,Dot Painted,Dot Painted,MI-WMS-DP,MI-WMS-DP,100,exact,All three fields match
Egg Shaker with Handle,Egg Shaker with Handle,,,MI-ES-H,MI-ES-H,100,exact,All three fields match
Painted Egg Shakers,Painted Egg Shakers,,,MI-ES,MI-ES,100,exact,All three fields match
Handheld Natural Coconut Shaker,Handheld Natural Coconut Shaker,,,MI-CS-HH,MI-CS-HH,100,exact,All three fields match
Mini Coconut Shakers - 3 Types,Mini Coconut Shakers - 3 Types,Round Shaped,Round Shaped,MI-CS-RS,MI-CS-RS,100,exact,All three fields match
Mini Coconut Shakers - 3 Types,Mini Coconut Shakers - 3 Types,Square Shaped,Square Shaped,MI-CS-SS,MI-CS-SS,100,exact,All three fields match
Mini Coconut Shakers - 3 Types,Mini Coconut Shakers - 3 Types,Eye Shaped,Eye Shaped,MI-CS-ES,MI-CS-ES,100,exact,All three fields match
Mini Coconut Shakers - 3 Types,Mini Coconut Shakers - 3 Types,Set of 3,Set of 3,MI-CS-SET3,MI-CS-SET3,100,exact,All three fields match
Dumru/Dumroo,Dumru/Dumroo,Plain,Plain,MI-DM,MI-DM,100,exact,All three fields match
Dumru/Dumroo,Dumru/Dumroo,Dot Painted,Dot Painted,MI-DM-DP,MI-DM-DP,100,exact,All three fields match
Spin/Twist Drum or Den Den Daiko,Spin/Twist Drum or Den Den Daiko,Large 3.5 in,Large 3.5 in,MI-SD-L,MI-SD-L,100,exact,All three fields match
Spin/Twist Drum or Den Den Daiko,Spin/Twist Drum or Den Den Daiko,Small 3 in,Small 3 in,MI-SD-S,MI-SD-S,100,exact,All three fields match
Wooden Tambourines,Wooden Tambourines,Half-Moon,Half-Moon,MI-WTM-HM,MI-WTM-HM,100,exact,All three fields match
Wooden Tambourines,Wooden Tambourines,Circular,Circular,MI-WTM-C,MI-WTM-C,100,exact,All three fields match
Djembe Drums,Djembe Drums,8in / Ivory,Ivory / 8in,MI-DJB-I-8,MI-DJB-I-8,100,exact,All three fields match
Djembe Drums,Djembe Drums,8in / Mahogany,Mahogany / 8in,MI-DJB-M-8,MI-DJB-M-8,100,exact,All three fields match
Djembe Drums,Djembe Drums,10in / Ivory,Ivory / 10in,MI-DJB-I-10,MI-DJB-I-10,100,exact,All three fields match
Djembe Drums,Djembe Drums,10in / Mahogany,Mahogany / 10in,MI-DJB-M-10,MI-DJB-M-10,100,exact,All three fields match
Djembe Drums,Djembe Drums,12in / Ivory,Ivory / 12in,MI-DJB-I-12,MI-DJB-I-12,100,exact,All three fields match
Djembe Drums,Djembe Drums,12in / Mahogany,Mahogany / 12in,MI-DJB-M-12,MI-DJB-M-12,100,exact,All three fields match
Djembe Drums,Djembe Drums,14in / Ivory,Ivory / 14in,MI-DJB-I-14,MI-DJB-I-14,100,exact,All three fields match
Djembe Drums,Djembe Drums,14in / Mahogany,Mahogany / 14in,MI-DJB-M-14,MI-DJB-M-14,100,exact,All three fields match
Thunder Tube - Basic Edition,Thunder Tube - Basic Edition,20cms /Small,20cms /Small,MI-TT-S,MI-TT-S,100,exact,All three fields match
Thunder Tube - Basic Edition,Thunder Tube - Basic Edition,25cms /Medium,25cms /Medium,MI-TT-M,MI-TT-M,100,exact,All three fields match
Thunder Tube - Basic Edition,Thunder Tube - Basic Edition,30cms /Large,30cms /Large,MI-TT-L,MI-TT-L,100,exact,All three fields match
Coconut Rattle,Coconut Rattle,,,MI-CR,MI-CR,100,exact,All three fields match
Pangi Seed Shell Rattle,Pangi Seed Shell Rattle,Standard,Standard,MI-PS,MI-PS,100,exact,All three fields match
Kenari Shaker,Kenari Shaker,Standard,Standard,MI-KR-S,MI-KR-S,100,exact,All three fields match
Kenari Bracelet,Kenari Bracelet,Standard,Standard,MI-KR-BT,MI-KR-BT,100,exact,All three fields match
Kenari Chimes,Kenari Chimes,Small,Small,MI-KR-C-S,MI-KR-C-S,100,exact,All three fields match
Kenari Chimes,Kenari Chimes,Large,Large,MI-KR-C-L,MI-KR-C-L,100,exact,All three fields match
Bendo Shaker,Bendo Shaker,Small,Small,MI-BE-S,MI-BE-S,100,exact,All three fields match
Bendo Shaker,Bendo Shaker,Large,Large,MI-BE-L,MI-BE-L,100,exact,All three fields match
Bendo Chimes,Bendo Chimes,Standard,Standard,MI-BE-CH,MI-BE-CH,100,exact,All three fields match
Wooden Frog,Wooden Frog,Standard,Standard,MI-WF,MI-WF,100,exact,All three fields match
Ocean Drums,Ocean Drums,Plain / 30 cms,30 cms / Plain,MI-OD-P-30,MI-OD-P-30,100,exact,All three fields match
Ocean Drums,Ocean Drums,Plain / 35 cms,35 cms / Plain,MI-OD-P-35,MI-OD-P-35,100,exact,All three fields match
Ocean Drums,Ocean Drums,Plain / 40 cms,40 cms / Plain,MI-OD-P-40,MI-OD-P-40,100,exact,All three fields match
Ocean Drums,Ocean Drums,Dream Catcher / 30 cms,30 cms / Dream Catcher,MI-OD-D-30,MI-OD-D-30,100,exact,All three fields match
Ocean Drums,Ocean Drums,Dream Catcher / 35 cms,35 cms / Dream Catcher,MI-OD-D-35,MI-OD-D-35,100,exact,All three fields match
Ocean Drums,Ocean Drums,Dream Catcher / 40cm,40cm / Dream Catcher,MI-OD-D-40,MI-OD-D-40,100,exact,All three fields match
Ocean Drums,Ocean Drums,Flower of Life / 30 cms,30 cms / Flower of Life,MI-OD-F-30,MI-OD-F-30,100,exact,All three fields match
Ocean Drums,Ocean Drums,Flower of Life / 35 cms,35 cms / Flower of Life,MI-OD-F-35,MI-OD-F-35,100,exact,All three fields match
Ocean Drums,Ocean Drums,Flower of Life / 40cm,40cm / Flower of Life,MI-OD-F-40,MI-OD-F-40,100,exact,All three fields match
Shamanic Drum,Shamanic Drum,Plain / 30 cms,30 cms / Plain,MI-SD-P-30,MI-SD-P-30,100,exact,All three fields match
Shamanic Drum,Shamanic Drum,Plain / 40 cms,40 cms / Plain,MI-SD-P-40,MI-SD-P-40,100,exact,All three fields match
Shamanic Drum,Shamanic Drum,Plain / 45 cms,45 cms / Plain,MI-SD-P-45,MI-SD-P-45,100,exact,All three fields match
Shamanic Drum,Shamanic Drum,Butterfly / 30 cms,30 cms / Butterfly,MI-SD-B-30,MI-SD-B-30,100,exact,All three fields match
Shamanic Drum,Shamanic Drum,Butterfly / 40 cms,40 cms / Butterfly,MI-SD-B-40,MI-SD-B-40,100,exact,All three fields match
Shamanic Drum,Shamanic Drum,Butterfly / 45 cms,45 cms / Butterfly,MI-SD-B-45,MI-SD-B-45,100,exact,All three fields match
Shamanic Drum,Shamanic Drum,Tree of Life / 30 cms,30 cms / Tree of Life,MI-SD-T-30,MI-SD-T-30,100,exact,All three fields match
Shamanic Drum,Shamanic Drum,Tree of Life / 40cm,40cm / Tree of Life,MI-SD-T-40,MI-SD-T-40,100,exact,All three fields match
Shamanic Drum,Shamanic Drum,Tree of Life / 45cm,45cm / Tree of Life,MI-SD-T-45,MI-SD-T-45,100,exact,All three fields match
Shamanic Drum/Ocean Drum Bags,Shamanic Drum/Ocean Drum Bags,Small,Small,MI-BG-SD-S,MI-BG-SD-S,100,exact,All three fields match
Shamanic Drum/Ocean Drum Bags,Shamanic Drum/Ocean Drum Bags,Medium,Medium,MI-BG-SD-M,MI-BG-SD-M,100,exact,All three fields match
Shamanic Drum/Ocean Drum Bags,Shamanic Drum/Ocean Drum Bags,Large,Large,MI-BG-SD-L,MI-BG-SD-L,100,exact,All three fields match
Crystal Bowls - Frosted white,Crystal Bowls - Frosted white,6 in,6 in,MI-CB-W-6,MI-CB-W-6,100,exact,All three fields match
Crystal Bowls - Frosted white,Crystal Bowls - Frosted white,7 in,7 in,MI-CB-W-7,MI-CB-W-7,100,exact,All three fields match
Crystal Bowls - Frosted white,Crystal Bowls - Frosted white,8 in,8 in,MI-CB-W-8,MI-CB-W-8,100,exact,All three fields match
Crystal Bowls - Frosted white,Crystal Bowls - Frosted white,9 in,9 in,MI-CB-W-9,MI-CB-W-9,100,exact,All three fields match
Crystal Bowls - Frosted white,Crystal Bowls - Frosted white,10 in,10 in,MI-CB-W-10,MI-CB-W-10,100,exact,All three fields match
Crystal Bowls - Frosted white,Crystal Bowls - Frosted white,11 in,11 in,MI-CB-W-11,MI-CB-W-11,100,exact,All three fields match
Crystal Bowls - Frosted white,Crystal Bowls - Frosted white,12 in,12 in,MI-CB-W-12,MI-CB-W-12,100,exact,All three fields match
Crystal Bowls - Frosted white,Crystal Bowls - Frosted white,13 in,13 in,MI-CB-W-13,MI-CB-W-13,100,exact,All three fields match
Crystal Bowls - Frosted white,Crystal Bowls - Frosted white,14 in,14 in,MI-CB-W-14,MI-CB-W-14,100,exact,All three fields match
Crystal Bowls - Set of 7,Crystal Bowls - Set of 7,6-12-in-set / Frosted White,Frosted White / 6-12-in-set,MI-CB-W-6-12,MI-CB-W-6-12,100,exact,All three fields match
Crystal Bowls - Set of 7,Crystal Bowls - Set of 7,6-12-in-set / Coloured,Coloured / 6-12-in-set,MI-CB-CL-6-12,MI-CB-CL-6-12,100,exact,All three fields match
Crystal Bowls - Set of 7,Crystal Bowls - Set of 7,8-14-in-set / Frosted White,Frosted White / 8-14-in-set,MI-CB-W-8-14,MI-CB-W-8-14,100,exact,All three fields match
Crystal Bowls - Set of 7,Crystal Bowls - Set of 7,8-14-in-set / Coloured,Coloured / 8-14-in-set,MI-CB-CL-8-14,MI-CB-CL-8-14,100,exact,All three fields match
Triad Crystal Bowl Set,Triad Crystal Bowl Set,CEG,CEG,MI-CB-CEG,MI-CB-CEG,100,exact,All three fields match
Triad Crystal Bowl Set,Triad Crystal Bowl Set,DFA,DFA,MI-CB-DFA,MI-CB-DFA,100,exact,All three fields match
Triad Crystal Bowl Set,Triad Crystal Bowl Set,EGB,EGB,MI-CB-EGB,MI-CB-EGB,100,exact,All three fields match
Crystal Bowl Bag,Crystal Bowl Bag,Small,Small,MI-BG-CB-S,MI-BG-CB-S,100,exact,All three fields match
Crystal Bowl Bag,Crystal Bowl Bag,Medium,Medium,MI-BG-CB-M,MI-BG-CB-M,100,exact,All three fields match
Crystal Bowl Bag,Crystal Bowl Bag,Large,Large,MI-BG-CB-L,MI-BG-CB-L,100,exact,All three fields match
Crystal Bowl with Handle,Crystal Bowl with Handle,,,MI-CB-H,MI-CB-H,100,exact,All three fields match
Crystal Pyramid,Crystal Pyramid,6 in,6 in,MI-CP-6,MI-CP-6,100,exact,All three fields match
Crystal Pyramid,Crystal Pyramid,8 in,8 in,MI-CP-8,MI-CP-8,100,exact,All three fields match
Gong Plates/Shruti Plates -Plain,Gong Plates/Shruti Plates -Plain,B Plate,B Plate,MI-GP-B,MI-GP-B,100,exact,All three fields match
Gong Plates/Shruti Plates -Plain,Gong Plates/Shruti Plates -Plain,A Plate,A Plate,MI-GP-A,MI-GP-A,100,exact,All three fields match
Gong Plates/Shruti Plates -Plain,Gong Plates/Shruti Plates -Plain,G Plate,G Plate,MI-GP-G,MI-GP-G,100,exact,All three fields match
Gong Plates/Shruti Plates -Plain,Gong Plates/Shruti Plates -Plain,F Plate,F Plate,MI-GP-F,MI-GP-F,100,exact,All three fields match
Gong Plates/Shruti Plates -Plain,Gong Plates/Shruti Plates -Plain,E Plate,E Plate,MI-GP-E,MI-GP-E,100,exact,All three fields match
Gong Plates/Shruti Plates -Plain,Gong Plates/Shruti Plates -Plain,D Plate,D Plate,MI-GP-D,MI-GP-D,100,exact,All three fields match
Gong Plates/Shruti Plates -Plain,Gong Plates/Shruti Plates -Plain,C Plate,C Plate,MI-GP-C,MI-GP-C,100,exact,All three fields match
Gong Plates/Shruti Plates -Plain,Gong Plates/Shruti Plates -Plain,Full Set,Full Set,MI-GP-SET7,MI-GP-SET7,100,exact,All three fields match
Gong Plates/Shruti Plates Stand,Gong Plates/Shruti Plates Stand,Set Stand,Set Stand,MI-GP-ST,MI-GP-ST,100,exact,All three fields match
Chau Gongs,Chau Gongs,18 in,18 in,MI-GO-CH-18,MI-GO-CH-18,100,exact,All three fields match
Chau Gongs,Chau Gongs,20 in,20 in,MI-GO-CH-20,MI-GO-CH-20,100,exact,All three fields match
Chau Gongs,Chau Gongs,22 in,22 in,MI-GO-CH-22,MI-GO-CH-22,100,exact,All three fields match
Chau Gongs,Chau Gongs,24 in,24 in,MI-GO-CH-24,MI-GO-CH-24,100,exact,All three fields match
Chau Gongs,Chau Gongs,28 in,28 in,MI-GO-CH-28,MI-GO-CH-28,100,exact,All three fields match
Chau Gongs,Chau Gongs,32 in,32 in,MI-GO-CH-32,MI-GO-CH-32,100,exact,All three fields match
Chau Gongs,Chau Gongs,36 in,36 in,MI-GO-CH-36,MI-GO-CH-36,100,exact,All three fields match
Wind Gong - Plain,Wind Gong - Plain,14 INCh,14 INCh,MI-GO-WI-14,MI-GO-WI-14,100,exact,All three fields match
Wind Gong - Plain,Wind Gong - Plain,16INCH,16INCH,MI-GO-WI-16,MI-GO-WI-16,100,exact,All three fields match
Wind Gong - Plain,Wind Gong - Plain,18INCH,18INCH,MI-GO-WI-18,MI-GO-WI-18,100,exact,All three fields match
Wind Gong - Plain,Wind Gong - Plain,20INCH,20INCH,MI-GO-WI-20,MI-GO-WI-20,100,exact,All three fields match
Wind Gong - Plain,Wind Gong - Plain,22INCH,22INCH,MI-GO-WI-22,MI-GO-WI-22,100,exact,All three fields match
Wind Gong - Plain,Wind Gong - Plain,24INCH,24INCH,MI-GO-WI-24,MI-GO-WI-24,100,exact,All three fields match
Wind Gong - Plain,Wind Gong - Plain,26INCH,26INCH,MI-GO-WI-26,MI-GO-WI-26,100,exact,All three fields match
Wind Gong - Plain,Wind Gong - Plain,28INCH,28INCH,MI-GO-WI-28,MI-GO-WI-28,100,exact,All three fields match
Wind Gong - Etched,Wind Gong - Etched,7 Chakras / 14 in,14 in / 7 Chakras,MI-GO-WI-ET-7C-14,MI-GO-WI-ET-7C-14,100,exact,All three fields match
Wind Gong - Etched,Wind Gong - Etched,7 Chakras / 16 in,16 in / 7 Chakras,MI-GO-WI-ET-7C-16,MI-GO-WI-ET-7C-16,100,exact,All three fields match
Wind Gong - Etched,Wind Gong - Etched,7 Chakras/18 in,7 Chakras / 18 In,MI-GO-WI-ET-7C-18,MI-GO-WI-ET-7C-18,100,exact,All three fields match
Wind Gong - Etched,Wind Gong - Etched,7 Chakras / 20 in,20 in / 7 Chakras,MI-GO-WI-ET-7C-20,MI-GO-WI-ET-7C-20,100,exact,All three fields match
Wind Gong - Etched,Wind Gong - Etched,7 Chakras / 22 in,22 in / 7 Chakras,MI-GO-WI-ET-7C-22,MI-GO-WI-ET-7C-22,100,exact,All three fields match
Wind Gong - Etched,Wind Gong - Etched,7 Chakras / 24 in,24 in / 7 Chakras,MI-GO-WI-ET-7C-24,MI-GO-WI-ET-7C-24,100,exact,All three fields match
Wind Gong - Etched,Wind Gong - Etched,7 Chakras / 26 in,26 in / 7 Chakras,MI-GO-WI-ET-7C-26,MI-GO-WI-ET-7C-26,100,exact,All three fields match
Wind Gong - Etched,Wind Gong - Etched,7 Chakras / 28 in,28 in / 7 Chakras,MI-GO-WI-ET-7C-28,MI-GO-WI-ET-7C-28,100,exact,All three fields match
Wind Gong - Etched,Wind Gong - Etched,Flower of Life / 14 in,14 in / Flower of Life,MI-GO-WI-ET-FOL-14,MI-GO-WI-ET-FOL-14,100,exact,All three fields match
Wind Gong - Etched,Wind Gong - Etched,Flower of Life / 16 in,16 in / Flower of Life,MI-GO-WI-ET-FOL-16,MI-GO-WI-ET-FOL-16,100,exact,All three fields match
Wind Gong - Etched,Wind Gong - Etched,Flower of Life/18 In,Flower of Life / 18 In,MI-GO-WI-ET-FOL-18,MI-GO-WI-ET-FOL-18,100,exact,All three fields match
Wind Gong - Etched,Wind Gong - Etched,Flower of Life / 20 in,20 in / Flower of Life,MI-GO-WI-ET-FOL-20,MI-GO-WI-ET-FOL-20,100,exact,All three fields match
Wind Gong - Etched,Wind Gong - Etched,Flower of Life / 22 in,22 in / Flower of Life,MI-GO-WI-ET-FOL-22,MI-GO-WI-ET-FOL-22,100,exact,All three fields match
Wind Gong - Etched,Wind Gong - Etched,Flower of Life / 24 in,24 in / Flower of Life,MI-GO-WI-ET-FOL-24,MI-GO-WI-ET-FOL-24,100,exact,All three fields match
Wind Gong - Etched,Wind Gong - Etched,Flower of Life / 26 in,26 in / Flower of Life,MI-GO-WI-ET-FOL-26,MI-GO-WI-ET-FOL-26,100,exact,All three fields match
Wind Gong - Etched,Wind Gong - Etched,Flower of Life / 28 in,28 in / Flower of Life,MI-GO-WI-ET-FOL-28,MI-GO-WI-ET-FOL-28,100,exact,All three fields match
Wind Gong - Etched,Wind Gong - Etched,Om / 14in,Om / 14in,MI-GO-WI-ET-OM-14,MI-GO-WI-ET-OM-14,100,exact,All three fields match
Wind Gong - Etched,Wind Gong - Etched,Om / 16in,Om / 16in,MI-GO-WI-ET-OM-16,MI-GO-WI-ET-OM-16,100,exact,All three fields match
Wind Gong - Etched,Wind Gong - Etched,Om / 18 in,Om / 18 In,MI-GO-WI-ET-OM-18,MI-GO-WI-ET-OM-18,100,exact,All three fields match
Wind Gong - Etched,Wind Gong - Etched,Om / 20in,Om / 20in,MI-GO-WI-ET-OM-20,MI-GO-WI-ET-OM-20,100,exact,All three fields match
Wind Gong - Etched,Wind Gong - Etched,Om / 22in,Om / 22in,MI-GO-WI-ET-OM-22,MI-GO-WI-ET-OM-22,100,exact,All three fields match
Wind Gong - Etched,Wind Gong - Etched,Om / 24in,Om / 24in,MI-GO-WI-ET-OM-24,MI-GO-WI-ET-OM-24,100,exact,All three fields match
Wind Gong - Etched,Wind Gong - Etched,Om / 26in,Om / 26in,MI-GO-WI-ET-OM-26,MI-GO-WI-ET-OM-26,100,exact,All three fields match
Wind Gong - Etched,Wind Gong - Etched,Om / 28in,Om / 28in,MI-GO-WI-ET-OM-28,MI-GO-WI-ET-OM-28,100,exact,All three fields match
Wind Gong - Etched,Wind Gong - Etched,Mandala / 14 in,14 in / Mandala,MI-GO-WI-ET-MD-14,MI-GO-WI-ET-MD-14,100,exact,All three fields match
Wind Gong - Etched,Wind Gong - Etched,Mandala / 16 in,16 in / Mandala,MI-GO-WI-ET-MD-16,MI-GO-WI-ET-MD-16,100,exact,All three fields match
Wind Gong - Etched,Wind Gong - Etched,Mandala / 18in,Mandala / 18in,MI-GO-WI-ET-MD-18,MI-GO-WI-ET-MD-18,100,exact,All three fields match
Wind Gong - Etched,Wind Gong - Etched,Mandala / 20 in,20 in / Mandala,MI-GO-WI-ET-MD-20,MI-GO-WI-ET-MD-20,100,exact,All three fields match
Wind Gong - Etched,Wind Gong - Etched,Mandala / 22in,Mandala / 22in,MI-GO-WI-ET-MD-22,MI-GO-WI-ET-MD-22,100,exact,All three fields match
Wind Gong - Etched,Wind Gong - Etched,Mandala / 24in,Mandala / 24in,MI-GO-WI-ET-MD-24,MI-GO-WI-ET-MD-24,100,exact,All three fields match
Wind Gong - Etched,Wind Gong - Etched,Mandala / 26 in,26 in / Mandala,MI-GO-WI-ET-MD-26,MI-GO-WI-ET-MD-26,100,exact,All three fields match
Wind Gong - Etched,Wind Gong - Etched,Mandala / 28in,Mandala / 28in,MI-GO-WI-ET-MD-28,MI-GO-WI-ET-MD-28,100,exact,All three fields match
Wind Gong - Etched,Wind Gong - Etched,Shakti Chakra / 14 in,14 in / Shakti Chakra,MI-GO-WI-ET-SC-14,MI-GO-WI-ET-SC-14,100,exact,All three fields match
Wind Gong - Etched,Wind Gong - Etched,Shakti Chakra / 16 in,16 in / Shakti Chakra,MI-GO-WI-ET-SC-16,MI-GO-WI-ET-SC-16,100,exact,All three fields match
Wind Gong - Etched,Wind Gong - Etched,Shakti Chakra / 18in,Shakti Chakra / 18in,MI-GO-WI-ET-SC-18,MI-GO-WI-ET-SC-18,100,exact,All three fields match
Wind Gong - Etched,Wind Gong - Etched,Shakti Chakra / 20 in,20 in / Shakti Chakra,MI-GO-WI-ET-SC-20,MI-GO-WI-ET-SC-20,100,exact,All three fields match
Wind Gong - Etched,Wind Gong - Etched,Shakti Chakra / 22 in,22 in / Shakti Chakra,MI-GO-WI-ET-SC-22,MI-GO-WI-ET-SC-22,100,exact,All three fields match
Wind Gong - Etched,Wind Gong - Etched,Shakti Chakra / 24 in,24 in / Shakti Chakra,MI-GO-WI-ET-SC-24,MI-GO-WI-ET-SC-24,100,exact,All three fields match
Wind Gong - Etched,Wind Gong - Etched,Shakti Chakra / 26 in,26 in / Shakti Chakra,MI-GO-WI-ET-SC-26,MI-GO-WI-ET-SC-26,100,exact,All three fields match
Wind Gong - Etched,Wind Gong - Etched,Shakti Chakra / 28 in,28 in / Shakti Chakra,MI-GO-WI-ET-SC-28,MI-GO-WI-ET-SC-28,100,exact,All three fields match
Wind Gong - Etched,Wind Gong - Etched,Dorje / 14 in,14 in / Dorje,MI-GO-WI-ET-DJ-14,MI-GO-WI-ET-DJ-14,100,exact,All three fields match
Wind Gong - Etched,Wind Gong - Etched,Dorje / 16 in,16 in / Dorje,MI-GO-WI-ET-DJ-16,MI-GO-WI-ET-DJ-16,100,exact,All three fields match
Wind Gong - Etched,Wind Gong - Etched,Dorje / 18in,Dorje / 18in,MI-GO-WI-ET-DJ-18,MI-GO-WI-ET-DJ-18,100,exact,All three fields match
Wind Gong - Etched,Wind Gong - Etched,Dorje / 20 in,20 in / Dorje,MI-GO-WI-ET-DJ-20,MI-GO-WI-ET-DJ-20,100,exact,All three fields match
Wind Gong - Etched,Wind Gong - Etched,Dorje / 22 in,22 in / Dorje,MI-GO-WI-ET-DJ-22,MI-GO-WI-ET-DJ-22,100,exact,All three fields match
Wind Gong - Etched,Wind Gong - Etched,Dorje / 24 in,24 in / Dorje,MI-GO-WI-ET-DJ-24,MI-GO-WI-ET-DJ-24,100,exact,All three fields match
Wind Gong - Etched,Wind Gong - Etched,Dorje / 26 in,26 in / Dorje,MI-GO-WI-ET-DJ-26,MI-GO-WI-ET-DJ-26,100,exact,All three fields match
Wind Gong - Etched,Wind Gong - Etched,Dorje / 28 in,28 in / Dorje,MI-GO-WI-ET-DJ-28,MI-GO-WI-ET-DJ-28,100,exact,All three fields match
Wind Gong - Etched,Wind Gong - Etched,Tara / 14 in,14 in / Tara,MI-GO-WI-ET-TR-14,MI-GO-WI-ET-TR-14,100,exact,All three fields match
Wind Gong - Etched,Wind Gong - Etched,Tara / 16 in,16 in / Tara,MI-GO-WI-ET-TR-16,MI-GO-WI-ET-TR-16,100,exact,All three fields match
Wind Gong - Etched,Wind Gong - Etched,Tara / 18in,Tara / 18in,MI-GO-WI-ET-TR-18,MI-GO-WI-ET-TR-18,100,exact,All three fields match
Wind Gong - Etched,Wind Gong - Etched,Tara / 20 in,20 in / Tara,MI-GO-WI-ET-TR-20,MI-GO-WI-ET-TR-20,100,exact,All three fields match
Wind Gong - Etched,Wind Gong - Etched,Tara / 22 in,22 in / Tara,MI-GO-WI-ET-TR-22,MI-GO-WI-ET-TR-22,100,exact,All three fields match
Wind Gong - Etched,Wind Gong - Etched,Tara / 24 in,24 in / Tara,MI-GO-WI-ET-TR-24,MI-GO-WI-ET-TR-24,100,exact,All three fields match
Wind Gong - Etched,Wind Gong - Etched,Tara / 26 in,26 in / Tara,MI-GO-WI-ET-TR-26,MI-GO-WI-ET-TR-26,100,exact,All three fields match
Wind Gong - Etched,Wind Gong - Etched,Tara / 28 in,28 in / Tara,MI-GO-WI-ET-TR-28,MI-GO-WI-ET-TR-28,100,exact,All three fields match
Wind Gong - Etched,Wind Gong - Etched,Flower of Life-Center / 14in,Flower of Life-Center / 14in,MI-GO-WI-ET-FLC-14,MI-GO-WI-ET-FLC-14,100,exact,All three fields match
Wind Gong - Etched,Wind Gong - Etched,Flower of Life-Center / 16in,Flower of Life-Center / 16in,MI-GO-WI-ET-FLC-16,MI-GO-WI-ET-FLC-16,100,exact,All three fields match
Wind Gong - Etched,Wind Gong - Etched,Flower of Life-Center / 18in,Flower of Life-Center / 18in,MI-GO-WI-ET-FLC-18,MI-GO-WI-ET-FLC-18,100,exact,All three fields match
Wind Gong - Etched,Wind Gong - Etched,Flower of Life-Center / 20 in,20 in / Flower of Life-Center,MI-GO-WI-ET-FLC-20,MI-GO-WI-ET-FLC-20,100,exact,All three fields match
Wind Gong - Etched,Wind Gong - Etched,Flower of Life-Center / 22in,Flower of Life-Center / 22in,MI-GO-WI-ET-FLC-22,MI-GO-WI-ET-FLC-22,100,exact,All three fields match
Wind Gong - Etched,Wind Gong - Etched,Flower of Life-Center / 24in,Flower of Life-Center / 24in,MI-GO-WI-ET-FLC-24,MI-GO-WI-ET-FLC-24,100,exact,All three fields match
Wind Gong - Etched,Wind Gong - Etched,Flower of Life-Center / 26 in,26 in / Flower of Life-Center,MI-GO-WI-ET-FLC-26,MI-GO-WI-ET-FLC-26,100,exact,All three fields match
Wind Gong - Etched,Wind Gong - Etched,Flower of Life-Center / 28in,Flower of Life-Center / 28in,MI-GO-WI-ET-FLC-28,MI-GO-WI-ET-FLC-28,100,exact,All three fields match
Gong Bags,Gong Bags,Small,Small,MI-BG-GO-S,MI-BG-GO-S,100,exact,All three fields match
Gong Bags,Gong Bags,Medium,Medium,MI-BG-GO-M,MI-BG-GO-M,100,exact,All three fields match
Gong Bags,Gong Bags,Large,Large,MI-BG-GO-L,MI-BG-GO-L,100,exact,All three fields match
Gong Bags,Gong Bags,Extra Large,Extra Large,MI-BG-GO-XL,MI-BG-GO-XL,100,exact,All three fields match
Gong Stand,Gong Stand,Light / Small,Light / Small,MI-GO-ST-L-S,MI-GO-ST-L-S,100,exact,All three fields match
Gong Stand,Gong Stand,Light / Medium,Light / Medium,MI-GO-ST-L-M,MI-GO-ST-L-M,100,exact,All three fields match
Gong Stand,Gong Stand,Light / Large,Light / Large,MI-GO-ST-L-L,MI-GO-ST-L-L,100,exact,All three fields match
Gong Stand,Gong Stand,Light / Extra Large,Light / Extra Large,MI-GO-ST-L-XL,MI-GO-ST-L-XL,100,exact,All three fields match
Gong Stand,Gong Stand,Dark / Small,Dark / Small,MI-GO-ST-D-S,MI-GO-ST-D-S,100,exact,All three fields match
Gong Stand,Gong Stand,Dark / Medium,Dark / Medium,MI-GO-ST-D-M,MI-GO-ST-D-M,100,exact,All three fields match
Gong Stand,Gong Stand,Dark / Large,Dark / Large,MI-GO-ST-D-L,MI-GO-ST-D-L,100,exact,All three fields match
Gong Stand,Gong Stand,Dark / Extra Large,Dark / Extra Large,MI-GO-ST-D-XL,MI-GO-ST-D-XL,100,exact,All three fields match
Etched Handmade Singing Bowls,Etched Handmade Singing Bowls,Buddha / 6 in,6 in / Buddha,MI-SB-HM-ET-B-6,MI-SB-HM-ET-B-6,100,exact,All three fields match
Etched Handmade Singing Bowls,Etched Handmade Singing Bowls,Buddha / 7 in,7 in / Buddha,MI-SB-HM-ET-B-7,MI-SB-HM-ET-B-7,100,exact,All three fields match
Etched Handmade Singing Bowls,Etched Handmade Singing Bowls,Buddha / 9 in,9 in / Buddha,MI-SB-HM-ET-B-9,MI-SB-HM-ET-B-9,100,exact,All three fields match
Etched Handmade Singing Bowls,Etched Handmade Singing Bowls,Buddha / 10 in,10 in / Buddha,MI-SB-HM-ET-B-10,MI-SB-HM-ET-B-10,100,exact,All three fields match
Etched Handmade Singing Bowls,Etched Handmade Singing Bowls,Buddha / 11 in,11 in / Buddha,MI-SB-HM-ET-B-11,MI-SB-HM-ET-B-11,100,exact,All three fields match
Etched Handmade Singing Bowls,Etched Handmade Singing Bowls,Buddha / 12 in,12 in / Buddha,MI-SB-HM-ET-B-12,MI-SB-HM-ET-B-12,100,exact,All three fields match
Etched Handmade Singing Bowls,Etched Handmade Singing Bowls,Buddha / 13 in,13 in / Buddha,MI-SB-HM-ET-B-13,MI-SB-HM-ET-B-13,100,exact,All three fields match
Etched Handmade Singing Bowls,Etched Handmade Singing Bowls,Sacred Geometry / 6 in,6 in / Sacred Geometry,MI-SB-HM-ET-SG-6,MI-SB-HM-ET-SG-6,100,exact,All three fields match
Etched Handmade Singing Bowls,Etched Handmade Singing Bowls,Sacred Geometry / 7 in,7 in / Sacred Geometry,MI-SB-HM-ET-SG-7,MI-SB-HM-ET-SG-7,100,exact,All three fields match
Etched Handmade Singing Bowls,Etched Handmade Singing Bowls,Sacred Geometry / 9 in,9 in / Sacred Geometry,MI-SB-HM-ET-SG-9,MI-SB-HM-ET-SG-9,100,exact,All three fields match
Etched Handmade Singing Bowls,Etched Handmade Singing Bowls,Sacred Geometry / 10 in,10 in / Sacred Geometry,MI-SB-HM-ET-SG-10,MI-SB-HM-ET-SG-10,100,exact,All three fields match
Etched Handmade Singing Bowls,Etched Handmade Singing Bowls,Sacred Geometry / 11 in,11 in / Sacred Geometry,MI-SB-HM-ET-SG-11,MI-SB-HM-ET-SG-11,100,exact,All three fields match
Etched Handmade Singing Bowls,Etched Handmade Singing Bowls,Sacred Geometry / 12 in,12 in / Sacred Geometry,MI-SB-HM-ET-SG-12,MI-SB-HM-ET-SG-12,100,exact,All three fields match
Etched Handmade Singing Bowls,Etched Handmade Singing Bowls,Sacred Geometry / 13 in,13 in / Sacred Geometry,MI-SB-HM-ET-SG-13,MI-SB-HM-ET-SG-13,100,exact,All three fields match
Etched Handmade Singing Bowls,Etched Handmade Singing Bowls,Golden Feet / 6 in,6 in / Golden Feet,MI-SB-HM-ET-GF-6,MI-SB-HM-ET-GF-6,100,exact,All three fields match
Etched Handmade Singing Bowls,Etched Handmade Singing Bowls,Golden Feet / 7 in,7 in / Golden Feet,MI-SB-HM-ET-GF-7,MI-SB-HM-ET-GF-7,100,exact,All three fields match
Etched Handmade Singing Bowls,Etched Handmade Singing Bowls,Golden Feet / 9 in,9 in / Golden Feet,MI-SB-HM-ET-GF-9,MI-SB-HM-ET-GF-9,100,exact,All three fields match
Etched Handmade Singing Bowls,Etched Handmade Singing Bowls,Golden Feet / 10 in,10 in / Golden Feet,MI-SB-HM-ET-GF-10,MI-SB-HM-ET-GF-10,100,exact,All three fields match
Etched Handmade Singing Bowls,Etched Handmade Singing Bowls,Golden Feet / 11 in,11 in / Golden Feet,MI-SB-HM-ET-GF-11,MI-SB-HM-ET-GF-11,100,exact,All three fields match
Etched Handmade Singing Bowls,Etched Handmade Singing Bowls,Golden Feet / 12 in,12 in / Golden Feet,MI-SB-HM-ET-GF-12,MI-SB-HM-ET-GF-12,100,exact,All three fields match
Etched Handmade Singing Bowls,Etched Handmade Singing Bowls,Golden Feet / 13 in,13 in / Golden Feet,MI-SB-HM-ET-GF-13,MI-SB-HM-ET-GF-13,100,exact,All three fields match
Etched Handmade Singing Bowls,Etched Handmade Singing Bowls,Buddhas Eyes / 9 in,9 in / Buddhas Eyes,MI-SB-HM-ET-BE-9,MI-SB-HM-ET-BE-9,100,exact,All three fields match
Etched Handmade Singing Bowls,Etched Handmade Singing Bowls,Buddhas Eyes / 10 in,10 in / Buddhas Eyes,MI-SB-HM-ET-BE-10,MI-SB-HM-ET-BE-10,100,exact,All three fields match
Etched Handmade Singing Bowls,Etched Handmade Singing Bowls,Buddhas Eyes / 11 in,11 in / Buddhas Eyes,MI-SB-HM-ET-BE-11,MI-SB-HM-ET-BE-11,100,exact,All three fields match
Etched Handmade Singing Bowls,Etched Handmade Singing Bowls,Chakras / 11 in,11 in / Chakras,MI-SB-HM-ET-C-11,MI-SB-HM-ET-C-11,100,exact,All three fields match
Etched Handmade Singing Bowls,Etched Handmade Singing Bowls,Dorje / 6 in,6 in / Dorje,MI-SB-HM-ET-DJ-6,MI-SB-HM-ET-DJ-6,100,exact,All three fields match
Etched Handmade Singing Bowls,Etched Handmade Singing Bowls,Dorje / 7 in,7 in / Dorje,MI-SB-HM-ET-DJ-7,MI-SB-HM-ET-DJ-7,100,exact,All three fields match
Etched Handmade Singing Bowls,Etched Handmade Singing Bowls,Dorje / 9 in,9 in / Dorje,MI-SB-HM-ET-DJ-9,MI-SB-HM-ET-DJ-9,100,exact,All three fields match
Etched Handmade Singing Bowls,Etched Handmade Singing Bowls,Dorje / 10 in,10 in / Dorje,MI-SB-HM-ET-DJ-10,MI-SB-HM-ET-DJ-10,100,exact,All three fields match
Etched Handmade Singing Bowls,Etched Handmade Singing Bowls,Dorje / 11 in,11 in / Dorje,MI-SB-HM-ET-DJ-11,MI-SB-HM-ET-DJ-11,100,exact,All three fields match
Etched Handmade Singing Bowls,Etched Handmade Singing Bowls,Dorje / 12 in,12 in / Dorje,MI-SB-HM-ET-DJ-12,MI-SB-HM-ET-DJ-12,100,exact,All three fields match
Etched Handmade Singing Bowls,Etched Handmade Singing Bowls,Dorje / 13 in,13 in / Dorje,MI-SB-HM-ET-DJ-13,MI-SB-HM-ET-DJ-13,100,exact,All three fields match
Etched Handmade Singing Bowls,Etched Handmade Singing Bowls,Flower of Life / 6 in,6 in / Flower of Life,MI-SB-HM-ET-FL-6,MI-SB-HM-ET-FL-6,100,exact,All three fields match
Etched Handmade Singing Bowls,Etched Handmade Singing Bowls,Flower of Life / 7 in,7 in / Flower of Life,MI-SB-HM-ET-FL-7,MI-SB-HM-ET-FL-7,100,exact,All three fields match
Etched Handmade Singing Bowls,Etched Handmade Singing Bowls,Flower of Life / 9 in,9 in / Flower of Life,MI-SB-HM-ET-FL-9,MI-SB-HM-ET-FL-9,100,exact,All three fields match
Etched Handmade Singing Bowls,Etched Handmade Singing Bowls,Flower of Life / 10 in,10 in / Flower of Life,MI-SB-HM-ET-FL-10,MI-SB-HM-ET-FL-10,100,exact,All three fields match
Etched Handmade Singing Bowls,Etched Handmade Singing Bowls,Flower of Life / 11 in,11 in / Flower of Life,MI-SB-HM-ET-FL-11,MI-SB-HM-ET-FL-11,100,exact,All three fields match
Etched Handmade Singing Bowls,Etched Handmade Singing Bowls,Flower of Life / 12 in,12 in / Flower of Life,MI-SB-HM-ET-FL-12,MI-SB-HM-ET-FL-12,100,exact,All three fields match
Etched Handmade Singing Bowls,Etched Handmade Singing Bowls,Flower of Life / 13 in,13 in / Flower of Life,MI-SB-HM-ET-FL-13,MI-SB-HM-ET-FL-13,100,exact,All three fields match
Etched Handmade Singing Bowls,Etched Handmade Singing Bowls,Om / 11 in,11 in / Om,MI-SB-HM-ET-OM-11,MI-SB-HM-ET-OM-11,100,exact,All three fields match
Etched Handmade Singing Bowls,Etched Handmade Singing Bowls,Tara / 6 in,6 in / Tara,MI-SB-HM-ET-T-6,MI-SB-HM-ET-T-6,100,exact,All three fields match
Etched Handmade Singing Bowls,Etched Handmade Singing Bowls,Tara / 7 in,7 in / Tara,MI-SB-HM-ET-T-7,MI-SB-HM-ET-T-7,100,exact,All three fields match
Etched Handmade Singing Bowls,Etched Handmade Singing Bowls,Tara / 9 in,9 in / Tara,MI-SB-HM-ET-T-9,MI-SB-HM-ET-T-9,100,exact,All three fields match
Etched Handmade Singing Bowls,Etched Handmade Singing Bowls,Tara / 10 in,10 in / Tara,MI-SB-HM-ET-T-10,MI-SB-HM-ET-T-10,100,exact,All three fields match
Etched Handmade Singing Bowls,Etched Handmade Singing Bowls,Tara / 11 in,11 in / Tara,MI-SB-HM-ET-T-11,MI-SB-HM-ET-T-11,100,exact,All three fields match
Etched Handmade Singing Bowls,Etched Handmade Singing Bowls,Tara / 12 in,12 in / Tara,MI-SB-HM-ET-T-12,MI-SB-HM-ET-T-12,100,exact,All three fields match
Etched Handmade Singing Bowls,Etched Handmade Singing Bowls,Tara / 13 in,13 in / Tara,MI-SB-HM-ET-T-13,MI-SB-HM-ET-T-13,100,exact,All three fields match
Etched Handmade Singing Bowls,Etched Handmade Singing Bowls,Yin Yang / 6 in,6 in / Yin Yang,MI-SB-HM-ET-YY-6,MI-SB-HM-ET-YY-6,100,exact,All three fields match
Etched Handmade Singing Bowls,Etched Handmade Singing Bowls,Yin Yang / 7 in,7 in / Yin Yang,MI-SB-HM-ET-YY-7,MI-SB-HM-ET-YY-7,100,exact,All three fields match
Etched Handmade Singing Bowls,Etched Handmade Singing Bowls,Yin Yang / 9 in,9 in / Yin Yang,MI-SB-HM-ET-YY-9,MI-SB-HM-ET-YY-9,100,exact,All three fields match
Etched Handmade Singing Bowls,Etched Handmade Singing Bowls,Yin Yang / 10 in,10 in / Yin Yang,MI-SB-HM-ET-YY-10,MI-SB-HM-ET-YY-10,100,exact,All three fields match
Etched Handmade Singing Bowls,Etched Handmade Singing Bowls,Yin Yang / 11 in,11 in / Yin Yang,MI-SB-HM-ET-YY-11,MI-SB-HM-ET-YY-11,100,exact,All three fields match
Etched Handmade Singing Bowls,Etched Handmade Singing Bowls,Yin Yang / 12 in,12 in / Yin Yang,MI-SB-HM-ET-YY-12,MI-SB-HM-ET-YY-12,100,exact,All three fields match
Etched Handmade Singing Bowls,Etched Handmade Singing Bowls,Yin Yang / 13 in,13 in / Yin Yang,MI-SB-HM-ET-YY-13,MI-SB-HM-ET-YY-13,100,exact,All three fields match
Etched Handmade Singing Bowls,Etched Handmade Singing Bowls,Mantra / 11 in,11 in / Mantra,MI-SB-HM-ET-M-11,MI-SB-HM-ET-M-11,100,exact,All three fields match
Extra Large Meridian Singing Bowls,Extra Large Meridian Singing Bowls,Etched / 18 in,18 in / Etched,MI-SB-ME-ET-18,MI-SB-ME-ET-18,100,exact,All three fields match
Extra Large Meridian Singing Bowls,Extra Large Meridian Singing Bowls,Plain / 18 in,18 in / Plain,MI-SB-ME-18,MI-SB-ME-18,100,exact,All three fields match
Extra Large Meridian Singing Bowls,Extra Large Meridian Singing Bowls,Plain / 20 in,20 in / Plain,MI-SB-ME-20,MI-SB-ME-20,100,exact,All three fields match
Extra Large Meridian Singing Bowls,Extra Large Meridian Singing Bowls,Plain / 22 in,22 in / Plain,MI-SB-ME-22,MI-SB-ME-22,100,exact,All three fields match
Extra Large Meridian Singing Bowls,Extra Large Meridian Singing Bowls,Plain / 23 In,23 In / Plain,MI-SB-ME-23,MI-SB-ME-23,100,exact,All three fields match
Extra Large Meridian Singing Bowls,Extra Large Meridian Singing Bowls,Plain / 24 in,24 in / Plain,MI-SB-ME-24,MI-SB-ME-24,100,exact,All three fields match
Sacred Symbols Singing Bowls,Sacred Symbols Singing Bowls,Green / 3.5 in,Green / 3.5 in,MI-SB-SS-G-3.5,MI-SB-SS-G-3.5,100,exact,All three fields match
Sacred Symbols Singing Bowls,Sacred Symbols Singing Bowls,Blue / 3.5 in,Blue / 3.5 in,MI-SB-SS-B-3.5,MI-SB-SS-B-3.5,100,exact,All three fields match
Sacred Symbols Singing Bowls,Sacred Symbols Singing Bowls,Blue / 4 in,Blue / 4 in,MI-SB-SS-B-4,MI-SB-SS-B-4,100,exact,All three fields match
Sacred Symbols Singing Bowls,Sacred Symbols Singing Bowls,Blue / 5.5 in,Blue / 5.5 in,MI-SB-SS-B-5.5,MI-SB-SS-B-5.5,100,exact,All three fields match
Sacred Symbols Singing Bowls,Sacred Symbols Singing Bowls,Black / 3.5 in,Black / 3.5 in,MI-SB-SS-BK-3.5,MI-SB-SS-BK-3.5,100,exact,All three fields match
Sacred Symbols Singing Bowls,Sacred Symbols Singing Bowls,Black / 4 in,Black / 4 in,MI-SB-SS-BK-4,MI-SB-SS-BK-4,100,exact,All three fields match
Sacred Symbols Singing Bowls,Sacred Symbols Singing Bowls,Black / 5.5 in,Black / 5.5 in,MI-SB-SS-BK-5.5,MI-SB-SS-BK-5.5,100,exact,All three fields match
Sacred Symbols Singing Bowls,Sacred Symbols Singing Bowls,Red / 3.5 in,Red / 3.5 in,MI-SB-SS-R-3.5,MI-SB-SS-R-3.5,100,exact,All three fields match
Sacred Symbols Singing Bowls,Sacred Symbols Singing Bowls,Red / 4 in,Red / 4 in,MI-SB-SS-R-4,MI-SB-SS-R-4,100,exact,All three fields match
Sacred Symbols Singing Bowls,Sacred Symbols Singing Bowls,Red / 5.5 in,Red / 5.5 in,MI-SB-SS-R-5.5,MI-SB-SS-R-5.5,100,exact,All three fields match
Sacred Symbols Singing Bowls,Sacred Symbols Singing Bowls,Yellow / 3.5 in,Yellow / 3.5 in,MI-SB-SS-Y-3.5,MI-SB-SS-Y-3.5,100,exact,All three fields match
Sacred Symbols Singing Bowls,Sacred Symbols Singing Bowls,Yellow / 4 in,Yellow / 4 in,MI-SB-SS-Y-4,MI-SB-SS-Y-4,100,exact,All three fields match
Sacred Symbols Singing Bowls,Sacred Symbols Singing Bowls,Yellow / 5.5 in,Yellow / 5.5 in,MI-SB-SS-Y-5.5,MI-SB-SS-Y-5.5,100,exact,All three fields match
Singing Bowls with Sacred Mantra Printed,Singing Bowls with Sacred Mantra Printed,Blue / 3.5 Inches,Blue / 3.5 Inches,MI-SB-SM-B-3.5,MI-SB-SM-B-3.5,100,exact,All three fields match
Singing Bowls with Sacred Mantra Printed,Singing Bowls with Sacred Mantra Printed,Blue / 4 Inches,Blue / 4 Inches,MI-SB-SM-B-4,MI-SB-SM-B-4,100,exact,All three fields match
Singing Bowls with Sacred Mantra Printed,Singing Bowls with Sacred Mantra Printed,Blue / 5.5 Inches,Blue / 5.5 Inches,MI-SB-SM-B-5.5,MI-SB-SM-B-5.5,100,exact,All three fields match
Singing Bowls with Sacred Mantra Printed,Singing Bowls with Sacred Mantra Printed,Black / 3.5 Inches,Black / 3.5 Inches,MI-SB-SM-BK-3.5,MI-SB-SM-BK-3.5,100,exact,All three fields match
Singing Bowls with Sacred Mantra Printed,Singing Bowls with Sacred Mantra Printed,Black / 4 Inches,Black / 4 Inches,MI-SB-SM-BK-4,MI-SB-SM-BK-4,100,exact,All three fields match
Singing Bowls with Sacred Mantra Printed,Singing Bowls with Sacred Mantra Printed,Black / 5.5 Inches,Black / 5.5 Inches,MI-SB-SM-BK-5.5,MI-SB-SM-BK-5.5,100,exact,All three fields match
Singing Bowls with Sacred Mantra Printed,Singing Bowls with Sacred Mantra Printed,Black / 7 Inches,Black / 7 Inches,MI-SB-SM-BK-7,MI-SB-SM-BK-7,100,exact,All three fields match
Singing Bowls with Sacred Mantra Printed,Singing Bowls with Sacred Mantra Printed,Green / 3.5 Inches,Green / 3.5 Inches,MI-SB-SM-G-3.5,MI-SB-SM-G-3.5,100,exact,All three fields match
Singing Bowls with Sacred Mantra Printed,Singing Bowls with Sacred Mantra Printed,Green / 4 inches,Green / 4 Inches,MI-SB-SM-G-4,MI-SB-SM-G-4,100,exact,All three fields match
Singing Bowls with Sacred Mantra Printed,Singing Bowls with Sacred Mantra Printed,Green / 5.5 Inches,Green / 5.5 Inches,MI-SB-SM-G-5.5,MI-SB-SM-G-5.5,100,exact,All three fields match
Singing Bowls with Sacred Mantra Printed,Singing Bowls with Sacred Mantra Printed,Red / 3.5 inches,Red / 3.5 Inches,MI-SB-SM-R-3.5,MI-SB-SM-R-3.5,100,exact,All three fields match
Singing Bowls with Sacred Mantra Printed,Singing Bowls with Sacred Mantra Printed,Red / 4 Inches,Red / 4 Inches,MI-SB-SM-R-4,MI-SB-SM-R-4,100,exact,All three fields match
Singing Bowls with Sacred Mantra Printed,Singing Bowls with Sacred Mantra Printed,Red / 5.5 Inches,Red / 5.5 Inches,MI-SB-SM-R-5.5,MI-SB-SM-R-5.5,100,exact,All three fields match
Singing Bowls with Sacred Mantra Printed,Singing Bowls with Sacred Mantra Printed,Gold / 3.5 Inches,Gold / 3.5 Inches,MI-SB-SM-GO-3.5,MI-SB-SM-GO-3.5,100,exact,All three fields match
Singing Bowls with Sacred Mantra Printed,Singing Bowls with Sacred Mantra Printed,Gold / 4 Inches,Gold / 4 Inches,MI-SB-SM-GO-4,MI-SB-SM-GO-4,100,exact,All three fields match
Singing Bowls with Sacred Mantra Printed,Singing Bowls with Sacred Mantra Printed,Gold / 5.5 Inches,Gold / 5.5 Inches,MI-SB-SM-GO-5.5,MI-SB-SM-GO-5.5,100,exact,All three fields match
Singing Bowls with Sacred Mantra Printed,Singing Bowls with Sacred Mantra Printed,Gold / 7 Inches,Gold / 7 Inches,MI-SB-SM-GO-7,MI-SB-SM-GO-7,100,exact,All three fields match
Singing Bowls - Flower of Life with Sacred Symbols,Singing Bowls - Flower of Life with Sacred Symbols,Blue / 8 in,8 in / Blue,MI-SB-FL-B-8,MI-SB-FL-B-8,100,exact,All three fields match
Singing Bowls - Flower of Life with Sacred Symbols,Singing Bowls - Flower of Life with Sacred Symbols,Blue / 9 in,Blue / 9 in,MI-SB-FL-B-9,MI-SB-FL-B-9,100,exact,All three fields match
Singing Bowls - Flower of Life with Sacred Symbols,Singing Bowls - Flower of Life with Sacred Symbols,Blue / 10.5in,10.5in / Blue,MI-SB-FL-B-10.5,MI-SB-FL-B-10.5,100,exact,All three fields match
Singing Bowls - Flower of Life with Sacred Symbols,Singing Bowls - Flower of Life with Sacred Symbols,Brown / 8in,8in / Brown,MI-SB-FL-BR-8,MI-SB-FL-BR-8,100,exact,All three fields match
Singing Bowls - Flower of Life with Sacred Symbols,Singing Bowls - Flower of Life with Sacred Symbols,Brown / 9 in,Brown / 9 in,MI-SB-FL-BR-9,MI-SB-FL-BR-9,100,exact,All three fields match
Singing Bowls - Flower of Life with Sacred Symbols,Singing Bowls - Flower of Life with Sacred Symbols,Brown / 10.5,10.5 / Brown,MI-SB-FL-BR-10.5,MI-SB-FL-BR-10.5,100,exact,All three fields match
Singing Bowls - Flower of Life with Sacred Symbols,Singing Bowls - Flower of Life with Sacred Symbols,Green / 8in,8in / Green,MI-SB-FL-G-8,MI-SB-FL-G-8,100,exact,All three fields match
Singing Bowls - Flower of Life with Sacred Symbols,Singing Bowls - Flower of Life with Sacred Symbols,Green / 9in,9in / Green,MI-SB-FL-G-9,MI-SB-FL-G-9,100,exact,All three fields match
Singing Bowls - Flower of Life with Sacred Symbols,Singing Bowls - Flower of Life with Sacred Symbols,Green / 10.5 in,10.5 in / Green,MI-SB-FL-G-10.5,MI-SB-FL-G-10.5,100,exact,All three fields match
Singing Bowls - Flower of Life with Sacred Symbols,Singing Bowls - Flower of Life with Sacred Symbols,Olive green / 8in,8in / Olive green,MI-SB-FL-O-8,MI-SB-FL-O-8,100,exact,All three fields match
Singing Bowls - Flower of Life with Sacred Symbols,Singing Bowls - Flower of Life with Sacred Symbols,Olive green / 9 in,Olive green / 9 in,MI-SB-FL-O-9,MI-SB-FL-O-9,100,exact,All three fields match
Singing Bowls - Flower of Life with Sacred Symbols,Singing Bowls - Flower of Life with Sacred Symbols,Olive green / 10.5in,10.5in / Olive green,MI-SB-FL-O-10.5,MI-SB-FL-O-10.5,100,exact,All three fields match
Dotted Singing Bowl,Dotted Singing Bowl,4 inch,4 inch,MI-SB-DT-4,MI-SB-DT-4,100,exact,All three fields match
Dotted Singing Bowl,Dotted Singing Bowl,5.5 inch,5.5 inch,MI-SB-DT-5.5,MI-SB-DT-5.5,100,exact,All three fields match
Dotted Singing Bowl,Dotted Singing Bowl,7 inch,7 inch,MI-SB-DT-7,MI-SB-DT-7,100,exact,All three fields match
Singing Bowl with Mantra - Rustic Blue Colour,Singing Bowl with Mantra - Rustic Blue Colour,6 inches,6 inches,MI-SB-RB-6,MI-SB-RB-6,100,exact,All three fields match
Singing Bowl with Mantra - Rustic Blue Colour,Singing Bowl with Mantra - Rustic Blue Colour,7 Inches,7 Inches,MI-SB-RB-7,MI-SB-RB-7,100,exact,All three fields match
Handmade Singing Bowls - All Sizes,Handmade Singing Bowls - All Sizes,Matte / 5 in,5 in / Matte,MI-SB-HM-5,MI-SB-HM-5,100,exact,All three fields match
Handmade Singing Bowls - All Sizes,Handmade Singing Bowls - All Sizes,Matte / 6 in,6 in / Matte,MI-SB-HM-6,MI-SB-HM-6,100,exact,All three fields match
Handmade Singing Bowls - All Sizes,Handmade Singing Bowls - All Sizes,Matte / 7 in,7 in / Matte,MI-SB-HM-7,MI-SB-HM-7,100,exact,All three fields match
Handmade Singing Bowls - All Sizes,Handmade Singing Bowls - All Sizes,Matte / 9 in,9 in / Matte,MI-SB-HM-9,MI-SB-HM-9,100,exact,All three fields match
Handmade Singing Bowls - All Sizes,Handmade Singing Bowls - All Sizes,Matte / 10 in,10 in / Matte,MI-SB-HM-10,MI-SB-HM-10,100,exact,All three fields match
Handmade Singing Bowls - All Sizes,Handmade Singing Bowls - All Sizes,Matte / 11 in,11 in / Matte,MI-SB-HM-11,MI-SB-HM-11,100,exact,All three fields match
Handmade Singing Bowls - All Sizes,Handmade Singing Bowls - All Sizes,Matte / 12 in,12 in / Matte,MI-SB-HM-12,MI-SB-HM-12,100,exact,All three fields match
Full Moon Singing Bowls - All Sizes,Full Moon Singing Bowls - All Sizes,5 Inches,5 Inches,MI-SB-HM-FM-5,MI-SB-HM-FM-5,100,exact,All three fields match
Full Moon Singing Bowls - All Sizes,Full Moon Singing Bowls - All Sizes,6 inches,6 inches,MI-SB-HM-FM-6,MI-SB-HM-FM-6,100,exact,All three fields match
Full Moon Singing Bowls - All Sizes,Full Moon Singing Bowls - All Sizes,7 Inches,7 Inches,MI-SB-HM-FM-7,MI-SB-HM-FM-7,100,exact,All three fields match
Full Moon Singing Bowls - All Sizes,Full Moon Singing Bowls - All Sizes,8 inches,8 inches,MI-SB-HM-FM-8,MI-SB-HM-FM-8,100,exact,All three fields match
Full Moon Singing Bowls - All Sizes,Full Moon Singing Bowls - All Sizes,9 Inches,9 Inches,MI-SB-HM-FM-9,MI-SB-HM-FM-9,100,exact,All three fields match
Full Moon Singing Bowls - All Sizes,Full Moon Singing Bowls - All Sizes,10 inches,10 inches,MI-SB-HM-FM-10,MI-SB-HM-FM-10,100,exact,All three fields match
Full Moon Singing Bowls - All Sizes,Full Moon Singing Bowls - All Sizes,11 Inches,11 Inches,MI-SB-HM-FM-11,MI-SB-HM-FM-11,100,exact,All three fields match
Full Moon Singing Bowls - All Sizes,Full Moon Singing Bowls - All Sizes,12 inches,12 inches,MI-SB-HM-FM-12,MI-SB-HM-FM-12,100,exact,All three fields match
Full Moon Singing Bowls - All Sizes,Full Moon Singing Bowls - All Sizes,13 Inches,13 Inches,MI-SB-HM-FM-13,MI-SB-HM-FM-13,100,exact,All three fields match
Root Chakra Singing Bowl,Root Chakra Singing Bowl,,,MI-SB-RC,MI-SB-RC,100,exact,All three fields match
Heart Chakra Singing Bowl,Heart Chakra Singing Bowl,,,MI-SB-HC,MI-SB-HC,100,exact,All three fields match
Third Eye Chakra Singing Bowl,Third Eye Chakra Singing Bowl,,,MI-SB-TEC,MI-SB-TEC,100,exact,All three fields match
"The Three Bowl Set - Root, Heart and Third Eye","The Three Bowl Set - Root, Heart and Third Eye",,,MI-SB-RHT-SET3,MI-SB-RHT-SET3,100,exact,All three fields match
"The Four Bowl Set - Root, Heart, Third Eye and Universal","The Four Bowl Set - Root, Heart, Third Eye and Universal",,,MI-SB-RHTU-SET4,MI-SB-RHTU-SET4,100,exact,All three fields match
Handcrafted Set of 7 Bowls for Sound Therapy,Handcrafted Set of 7 Bowls for Sound Therapy,Standard-Octave 3 / Matte,Standard-Octave 3 / Matte,MI-SB-7C-O3-M-SET7,MI-SB-7C-O3-M-SET7,100,exact,All three fields match
Handcrafted Set of 7 Bowls for Sound Therapy,Handcrafted Set of 7 Bowls for Sound Therapy,Standard-Octave 3 / Chakra Etching,Standard-Octave 3 / Chakra Etching,MI-SB-7C-O3-ET-SET7,MI-SB-7C-O3-ET-SET7,100,exact,All three fields match
Handcrafted Set of 7 Bowls for Sound Therapy,Handcrafted Set of 7 Bowls for Sound Therapy,Standard-Octave 3 / Full Moon,Standard-Octave 3 / Full Moon,MI-SB-7C-O3-FM-SET7,MI-SB-7C-O3-FM-SET7,100,exact,All three fields match
Handcrafted Set of 7 Bowls for Sound Therapy,Handcrafted Set of 7 Bowls for Sound Therapy,Large-Octave 2 / Matte,Large-Octave 2 / Matte,MI-SB-7C-O2-M-SET7,MI-SB-7C-O2-M-SET7,100,exact,All three fields match
Handcrafted Set of 7 Bowls for Sound Therapy,Handcrafted Set of 7 Bowls for Sound Therapy,Large-Octave 2 / Chakra Etching,Large-Octave 2 / Chakra Etching,MI-SB-7C-O2-ET-SET7,MI-SB-7C-O2-ET-SET7,100,exact,All three fields match
Handcrafted Set of 7 Bowls for Sound Therapy,Handcrafted Set of 7 Bowls for Sound Therapy,Large-Octave 2 / Full Moon,Large-Octave 2 / Full Moon,MI-SB-7C-O2-FM-SET7,MI-SB-7C-O2-FM-SET7,100,exact,All three fields match
Universal Bowl,Universal Bowl,Standard,Standard,MI-SB-UB,MI-SB-UB,100,exact,All three fields match
Belly Bowls,Belly Bowls,Standard,Standard,MI-SB-BB,MI-SB-BB,100,exact,All three fields match
The Head Bowl,The Head Bowl,Standard,Standard,MI-SB-HB,MI-SB-HB,100,exact,All three fields match
"Vibroacoustic Therapy Bowls - Universal, Belly and Head","Vibroacoustic Therapy Bowls - Universal, Belly and Head",Set of 3,Set of 3,MI-SB-UBH-SET3,MI-SB-UBH-SET3,100,exact,All three fields match
Joint / Knee Cut Bowl,Joint / Knee Cut Bowl,8 in,8 in,MI-SB-J-8,MI-SB-J-8,100,exact,All three fields match
Joint / Knee Cut Bowl,Joint / Knee Cut Bowl,10in,10in,MI-SB-J-10,MI-SB-J-10,100,exact,All three fields match
Singing Bowl with Handle,Singing Bowl with Handle,Standard,Standard,MI-SB-H,MI-SB-H,100,exact,All three fields match
Hanging Bowls/Zen Drops,Hanging Bowls/Zen Drops,Set of 3,Set of 3,MI-SB-HB-3,MI-SB-HB-3,100,exact,All three fields match
Singing Bowl Bags,Singing Bowl Bags,Small,Small,MI-SB-BG-S,MI-SB-BG-S,100,exact,All three fields match
Singing Bowl Bags,Singing Bowl Bags,Medium,Medium,MI-SB-BG-M,MI-SB-BG-M,100,exact,All three fields match
Singing Bowl Bags,Singing Bowl Bags,Large,Large,MI-SB-BG-L,MI-SB-BG-L,100,exact,All three fields match
Singing Bowls Silk Ring Cushion Accessories,Singing Bowls Silk Ring Cushion Accessories,Green / 10 cms,10 cms / Green,MI-SBC-G-10,MI-SBC-G-10,100,exact,All three fields match
Singing Bowls Silk Ring Cushion Accessories,Singing Bowls Silk Ring Cushion Accessories,Blue / 10 cms,10 cms / Blue,MI-SBC-B-10,MI-SBC-B-10,100,exact,All three fields match
Singing Bowls Silk Ring Cushion Accessories,Singing Bowls Silk Ring Cushion Accessories,Navy Blue / 10cm,10cm / Navy Blue,MI-SBC-NB-10,MI-SBC-NB-10,100,exact,All three fields match
Singing Bowls Silk Ring Cushion Accessories,Singing Bowls Silk Ring Cushion Accessories,Black / 10cm,10cm / Black,MI-SBC-BK-10,MI-SBC-BK-10,100,exact,All three fields match
Singing Bowls Silk Ring Cushion Accessories,Singing Bowls Silk Ring Cushion Accessories,Red / 10cm,10cm / Red,MI-SBC-R-10,MI-SBC-R-10,100,exact,All three fields match
Singing Bowls Silk Ring Cushion Accessories,Singing Bowls Silk Ring Cushion Accessories,Brown / 10cm,10cm / Brown,MI-SBC-BR-10,MI-SBC-BR-10,100,exact,All three fields match
Singing Bowls Silk Ring Cushion Accessories,Singing Bowls Silk Ring Cushion Accessories,Orange / 10cm,10cm / Orange,MI-SBC-O-10,MI-SBC-O-10,100,exact,All three fields match
Singing Bowls Silk Ring Cushion Accessories,Singing Bowls Silk Ring Cushion Accessories,Yellow / 10cm,10cm / Yellow,MI-SBC-Y-10,MI-SBC-Y-10,100,exact,All three fields match
Singing Bowls Silk Ring Cushion Accessories,Singing Bowls Silk Ring Cushion Accessories,Pink / 10cm,10cm / Pink,MI-SBC-PK-10,MI-SBC-PK-10,100,exact,All three fields match
Singing Bowls Silk Ring Cushion Accessories,Singing Bowls Silk Ring Cushion Accessories,Green / 12cm,Green / 12cm,MI-SBC-G-12,MI-SBC-G-12,100,exact,All three fields match
Singing Bowls Silk Ring Cushion Accessories,Singing Bowls Silk Ring Cushion Accessories,Blue / 12 cms,12 cms / Blue,MI-SBC-B-12,MI-SBC-B-12,100,exact,All three fields match
Singing Bowls Silk Ring Cushion Accessories,Singing Bowls Silk Ring Cushion Accessories,Black / 12 cms,12 cms / Black,MI-SBC-BK-12,MI-SBC-BK-12,100,exact,All three fields match
Singing Bowls Silk Ring Cushion Accessories,Singing Bowls Silk Ring Cushion Accessories,Brown / 12 cms,12 cms / Brown,MI-SBC-BR-12,MI-SBC-BR-12,100,exact,All three fields match
Singing Bowls Silk Ring Cushion Accessories,Singing Bowls Silk Ring Cushion Accessories,Red / 12 cms,12 cms / Red,MI-SBC-R-12,MI-SBC-R-12,100,exact,All three fields match
Singing Bowls Silk Ring Cushion Accessories,Singing Bowls Silk Ring Cushion Accessories,Pink / 12 cms,12 cms / Pink,MI-SBC-PK-12,MI-SBC-PK-12,100,exact,All three fields match
Singing Bowls Silk Ring Cushion Accessories,Singing Bowls Silk Ring Cushion Accessories,Orange / 12 cms,12 cms / Orange,MI-SBC-O-12,MI-SBC-O-12,100,exact,All three fields match
Singing Bowls Silk Ring Cushion Accessories,Singing Bowls Silk Ring Cushion Accessories,Yellow / 12 cms,12 cms / Yellow,MI-SBC-Y-12,MI-SBC-Y-12,100,exact,All three fields match
Singing Bowls Silk Ring Cushion Accessories,Singing Bowls Silk Ring Cushion Accessories,Navy Blue / 12 cms,12 cms / Navy Blue,MI-SBC-NB-12,MI-SBC-NB-12,100,exact,All three fields match
Singing Bowls Silk Ring Cushion Accessories,Singing Bowls Silk Ring Cushion Accessories,Blue / 14 cms,14 cms / Blue,MI-SBC-B-14,MI-SBC-B-14,100,exact,All three fields match
Singing Bowls Silk Ring Cushion Accessories,Singing Bowls Silk Ring Cushion Accessories,Green / 14cm,14cm / Green,MI-SBC-G-14,MI-SBC-G-14,100,exact,All three fields match
Singing Bowls Silk Ring Cushion Accessories,Singing Bowls Silk Ring Cushion Accessories,Navy Blue / 14 cms,14 cms / Navy Blue,MI-SBC-NB-14,MI-SBC-NB-14,100,exact,All three fields match
Singing Bowls Silk Ring Cushion Accessories,Singing Bowls Silk Ring Cushion Accessories,Orange / 14 cms,14 cms / Orange,MI-SBC-O-14,MI-SBC-O-14,100,exact,All three fields match
Singing Bowls Silk Ring Cushion Accessories,Singing Bowls Silk Ring Cushion Accessories,Black / 14 cms,14 cms / Black,MI-SBC-BK-14,MI-SBC-BK-14,100,exact,All three fields match
Singing Bowls Silk Ring Cushion Accessories,Singing Bowls Silk Ring Cushion Accessories,Red / 14 cms,14 cms / Red,MI-SBC-R-14,MI-SBC-R-14,100,exact,All three fields match
Singing Bowls Silk Ring Cushion Accessories,Singing Bowls Silk Ring Cushion Accessories,Brown / 14 cms,14 cms / Brown,MI-SBC-BR-14,MI-SBC-BR-14,100,exact,All three fields match
Singing Bowls Silk Ring Cushion Accessories,Singing Bowls Silk Ring Cushion Accessories,Pink / 14 cms,14 cms / Pink,MI-SBC-PK-14,MI-SBC-PK-14,100,exact,All three fields match
Singing Bowls Silk Ring Cushion Accessories,Singing Bowls Silk Ring Cushion Accessories,Yellow / 14 cms,14 cms / Yellow,MI-SBC-Y-14,MI-SBC-Y-14,100,exact,All three fields match
Singing Bowls Silk Ring Cushion Accessories,Singing Bowls Silk Ring Cushion Accessories,16 cms / Blue,Blue / 16 cms,MI-SBC-B-16,MI-SBC-B-16,100,exact,All three fields match
Singing Bowls Silk Ring Cushion Accessories,Singing Bowls Silk Ring Cushion Accessories,Black / 16 cms,16 cms / Black,MI-SBC-BK-16,MI-SBC-BK-16,100,exact,All three fields match
Singing Bowls Silk Ring Cushion Accessories,Singing Bowls Silk Ring Cushion Accessories,Brown / 16 cms,16 cms / Brown,MI-SBC-BR-16,MI-SBC-BR-16,100,exact,All three fields match
Singing Bowls Silk Ring Cushion Accessories,Singing Bowls Silk Ring Cushion Accessories,Orange / 16 cms,16 cms / Orange,MI-SBC-O-16,MI-SBC-O-16,100,exact,All three fields match
Singing Bowls Silk Ring Cushion Accessories,Singing Bowls Silk Ring Cushion Accessories,Navy Blue / 16cms,16cms / Navy Blue,MI-SBC-NB-16,MI-SBC-NB-16,100,exact,All three fields match
Singing Bowls Silk Ring Cushion Accessories,Singing Bowls Silk Ring Cushion Accessories,Green /16cms,16cms / Green,MI-SBC-G-16,MI-SBC-G-16,100,exact,All three fields match
Singing Bowls Silk Ring Cushion Accessories,Singing Bowls Silk Ring Cushion Accessories,Red / 16 cms,16 cms / Red,MI-SBC-R-16,MI-SBC-R-16,100,exact,All three fields match
Singing Bowls Silk Ring Cushion Accessories,Singing Bowls Silk Ring Cushion Accessories,Yellow / 16 cms,16 cms / Yellow,MI-SBC-Y-16,MI-SBC-Y-16,100,exact,All three fields match
Singing Bowls Silk Ring Cushion Accessories,Singing Bowls Silk Ring Cushion Accessories,Pink / 16cms,16cms / Pink,MI-SBC-PK-16,MI-SBC-PK-16,100,exact,All three fields match
Singing Bowls Silk Ring Cushion Accessories,Singing Bowls Silk Ring Cushion Accessories,Blue / 18cms,18cms / Blue,MI-SBC-B-18,MI-SBC-B-18,100,exact,All three fields match
Singing Bowls Silk Ring Cushion Accessories,Singing Bowls Silk Ring Cushion Accessories,Black / 18 cms,18 cms / Black,MI-SBC-BK-18,MI-SBC-BK-18,100,exact,All three fields match
Singing Bowls Silk Ring Cushion Accessories,Singing Bowls Silk Ring Cushion Accessories,Green / 18cms,18cms / Green,MI-SBC-G-18,MI-SBC-G-18,100,exact,All three fields match
Singing Bowls Silk Ring Cushion Accessories,Singing Bowls Silk Ring Cushion Accessories,Brown / 18 cms,18 cms / Brown,MI-SBC-BR-18,MI-SBC-BR-18,100,exact,All three fields match
Singing Bowls Silk Ring Cushion Accessories,Singing Bowls Silk Ring Cushion Accessories,Navy Blue / 18cms,18cms / Navy Blue,MI-SBC-NB-18,MI-SBC-NB-18,100,exact,All three fields match
Singing Bowls Silk Ring Cushion Accessories,Singing Bowls Silk Ring Cushion Accessories,Yellow / 18 cms,18 cms / Yellow,MI-SBC-Y-18,MI-SBC-Y-18,100,exact,All three fields match
Singing Bowls Silk Ring Cushion Accessories,Singing Bowls Silk Ring Cushion Accessories,Pink / 18cms,18cms / Pink,MI-SBC-PK-18,MI-SBC-PK-18,100,exact,All three fields match
Singing Bowls Silk Ring Cushion Accessories,Singing Bowls Silk Ring Cushion Accessories,Red / 18 cms,18 cms / Red,MI-SBC-R-18,MI-SBC-R-18,100,exact,All three fields match
Singing Bowls Silk Ring Cushion Accessories,Singing Bowls Silk Ring Cushion Accessories,Orange / 18 cms,18 cms / Orange,MI-SBC-O-18,MI-SBC-O-18,100,exact,All three fields match
Singing Bowls Silk Ring Cushion Accessories,Singing Bowls Silk Ring Cushion Accessories,Brown / 20 cms,20 cms / Brown,MI-SBC-BR-20,MI-SBC-BR-20,100,exact,All three fields match
Singing Bowls Silk Ring Cushion Accessories,Singing Bowls Silk Ring Cushion Accessories,Navy Blue / 20 cms,20 cms / Navy Blue,MI-SBC-NB-20,MI-SBC-NB-20,100,exact,All three fields match
Singing Bowls Silk Ring Cushion Accessories,Singing Bowls Silk Ring Cushion Accessories,Black / 20 cms,20 cms / Black,MI-SBC-BK-20,MI-SBC-BK-20,100,exact,All three fields match
Singing Bowls Silk Ring Cushion Accessories,Singing Bowls Silk Ring Cushion Accessories,Orange / 20 cms,20 cms / Orange,MI-SBC-O-20,MI-SBC-O-20,100,exact,All three fields match
Singing Bowls Silk Ring Cushion Accessories,Singing Bowls Silk Ring Cushion Accessories,Yellow / 20 cms,20 cms / Yellow,MI-SBC-Y-20,MI-SBC-Y-20,100,exact,All three fields match
Singing Bowls Silk Ring Cushion Accessories,Singing Bowls Silk Ring Cushion Accessories,Green / 20 cms,20 cms / Green,MI-SBC-G-20,MI-SBC-G-20,100,exact,All three fields match
Singing Bowls Silk Ring Cushion Accessories,Singing Bowls Silk Ring Cushion Accessories,Red / 20 cms,20 cms / Red,MI-SBC-R-20,MI-SBC-R-20,100,exact,All three fields match
Singing Bowls Silk Ring Cushion Accessories,Singing Bowls Silk Ring Cushion Accessories,Pink / 20 cms,20 cms / Pink,MI-SBC-PK-20,MI-SBC-PK-20,100,exact,All three fields match
Singing Bowls Silk Ring Cushion Accessories,Singing Bowls Silk Ring Cushion Accessories,Blue / 22 cms,22 cms / Blue,MI-SBC-B-22,MI-SBC-B-22,100,exact,All three fields match
Singing Bowls Silk Ring Cushion Accessories,Singing Bowls Silk Ring Cushion Accessories,Black / 22 cms,22 cms / Black,MI-SBC-BK-22,MI-SBC-BK-22,100,exact,All three fields match
Singing Bowls Silk Ring Cushion Accessories,Singing Bowls Silk Ring Cushion Accessories,Brown / 22 cms,22 cms / Brown,MI-SBC-BR-22,MI-SBC-BR-22,100,exact,All three fields match
Singing Bowls Silk Ring Cushion Accessories,Singing Bowls Silk Ring Cushion Accessories,Green / 22 cms,22 cms / Green,MI-SBC-G-22,MI-SBC-G-22,100,exact,All three fields match
Singing Bowls Silk Ring Cushion Accessories,Singing Bowls Silk Ring Cushion Accessories,Navy Blue / 22 cms,22 cms / Navy Blue,MI-SBC-NB-22,MI-SBC-NB-22,100,exact,All three fields match
Singing Bowls Silk Ring Cushion Accessories,Singing Bowls Silk Ring Cushion Accessories,Orange / 22 cms,22 cms / Orange,MI-SBC-O-22,MI-SBC-O-22,100,exact,All three fields match
Singing Bowls Silk Ring Cushion Accessories,Singing Bowls Silk Ring Cushion Accessories,Pink / 22 cms,22 cms / Pink,MI-SBC-PK-22,MI-SBC-PK-22,100,exact,All three fields match
Singing Bowls Silk Ring Cushion Accessories,Singing Bowls Silk Ring Cushion Accessories,Red / 22 cms,22 cms / Red,MI-SBC-R-22,MI-SBC-R-22,100,exact,All three fields match
Singing Bowls Silk Ring Cushion Accessories,Singing Bowls Silk Ring Cushion Accessories,Yellow / 22 cms,22 cms / Yellow,MI-SBC-Y-22,MI-SBC-Y-22,100,exact,All three fields match
Singing Bowls Silk Ring Cushion Accessories,Singing Bowls Silk Ring Cushion Accessories,Combo of 3,Combo of 3,MI-SBC-SET3,MI-SBC-SET3,100,exact,All three fields match
Singing Bowls Silk Ring Cushion Accessories,Singing Bowls Silk Ring Cushion Accessories,Combo of 5,Combo of 5,MI-SBC-SET5,MI-SBC-SET5,100,exact,All three fields match
Singing Bowls Silk Ring Cushion Accessories,Singing Bowls Silk Ring Cushion Accessories,Combo of 7,Combo of 7,MI-SBC-SET7,MI-SBC-SET7,100,exact,All three fields match
Wooden Mallets for Singing Bowls,Wooden Mallets for Singing Bowls,Red / Long Firm-Standard Striker,Long Firm-Standard Striker / Red,MI-SBM-S-LF-ST-R,MI-SBM-S-LF-ST-R,100,exact,All three fields match
Wooden Mallets for Singing Bowls,Wooden Mallets for Singing Bowls,Red / Long Firm-Small Striker,Long Firm-Small Striker / Red,MI-SBM-S-LF-S-R,MI-SBM-S-LF-S-R,100,exact,All three fields match
Wooden Mallets for Singing Bowls,Wooden Mallets for Singing Bowls,White / Long Firm-Standard Striker,Long Firm-Standard Striker / White,MI-SBM-S-LF-ST-W,MI-SBM-S-LF-ST-W,100,exact,All three fields match
Wooden Mallets for Singing Bowls,Wooden Mallets for Singing Bowls,White / Long Firm-Small Striker,Long Firm-Small Striker / White,MI-SBM-S-LF-S-W,MI-SBM-S-LF-S-W,100,exact,All three fields match
Wooden Mallets for Singing Bowls,Wooden Mallets for Singing Bowls,"Red / Long Soft-13"" Striker","Long Soft-13"" Striker / Red",MI-SBM-S-LS-R-13,MI-SBM-S-LS-R-13,100,exact,All three fields match
Wooden Mallets for Singing Bowls,Wooden Mallets for Singing Bowls,"Red / Long Soft-11"" Striker","Long Soft-11"" Striker / Red",MI-SBM-S-LS-R-11,MI-SBM-S-LS-R-11,100,exact,All three fields match
Wooden Mallets for Singing Bowls,Wooden Mallets for Singing Bowls,"Red / Long Soft-9"" Striker","Long Soft-9"" Striker / Red",MI-SBM-S-LS-R-9,MI-SBM-S-LS-R-9,100,exact,All three fields match
Wooden Mallets for Singing Bowls,Wooden Mallets for Singing Bowls,"White / Long Soft-13"" Striker","Long Soft-13"" Striker / White",MI-SBM-S-LS-W-13,MI-SBM-S-LS-W-13,100,exact,All three fields match
Wooden Mallets for Singing Bowls,Wooden Mallets for Singing Bowls,"White / Long Soft-11"" Striker","Long Soft-11"" Striker / White",MI-SBM-S-LS-W-11,MI-SBM-S-LS-W-11,100,exact,All three fields match
Wooden Mallets for Singing Bowls,Wooden Mallets for Singing Bowls,"White / Long Soft-9"" Striker","Long Soft-9"" Striker / White",MI-SBM-S-LS-W-9,MI-SBM-S-LS-W-9,100,exact,All three fields match
Wooden Mallets for Singing Bowls,Wooden Mallets for Singing Bowls,Black / Curved Rimmer,Curved Rimmer / Black,MI-SBM-R-C-B,MI-SBM-R-C-B,100,exact,All three fields match
Wooden Mallets for Singing Bowls,Wooden Mallets for Singing Bowls,Black / Thick Wide Rimmer,Thick Wide Rimmer / Black,MI-SBM-R-TW-B,MI-SBM-R-TW-B,100,exact,All three fields match
Wooden Mallets for Singing Bowls,Wooden Mallets for Singing Bowls,Red / Thick Wide Rimmer,Thick Wide Rimmer / Red,MI-SBM-R-TW-R,MI-SBM-R-TW-R,100,exact,All three fields match
Wooden Mallets for Singing Bowls,Wooden Mallets for Singing Bowls,Black / Standard Wide Rimmer,Standard Wide Rimmer / Black,MI-SBM-R-SW-B,MI-SBM-R-SW-B,100,exact,All three fields match
Wooden Mallets for Singing Bowls,Wooden Mallets for Singing Bowls,Red / Standard Wide Rimmer,Standard Wide Rimmer / Red,MI-SBM-R-SW-R,MI-SBM-R-SW-R,100,exact,All three fields match
Wooden Mallets for Singing Bowls,Wooden Mallets for Singing Bowls,Black / Straight Rimmer,Straight Rimmer / Black,MI-SBM-R-ST-B,MI-SBM-R-ST-B,100,exact,All three fields match
Wooden Mallets for Singing Bowls,Wooden Mallets for Singing Bowls,Red / Straight Rimmer,Straight Rimmer / Red,MI-SBM-R-ST-R,MI-SBM-R-ST-R,100,exact,All three fields match
Tibetan Buddhist Bell,Tibetan Buddhist Bell,Small,Small,MI-BB-S,MI-BB-S,100,exact,All three fields match
Tibetan Buddhist Bell,Tibetan Buddhist Bell,Medium,Medium,MI-BB-M,MI-BB-M,100,exact,All three fields match
Tibetan Buddhist Bell,Tibetan Buddhist Bell,Large,Large,MI-BB-L,MI-BB-L,100,exact,All three fields match
Tibetan Buddhist Bell,Tibetan Buddhist Bell,Extra Large,Extra Large,MI-BB-XL,MI-BB-XL,100,exact,All three fields match
Tingsha Bell,Tingsha Bell,Plain / Small,Small / Plain,MI-TB-P-S,MI-TB-P-S,100,exact,All three fields match
Tingsha Bell,Tingsha Bell,Plain /Medium,Medium / Plain,MI-TB-P-M,MI-TB-P-M,100,exact,All three fields match
Tingsha Bell,Tingsha Bell,Plain /Large,Large / Plain,MI-TB-P-L,MI-TB-P-L,100,exact,All three fields match
Tingsha Bell,Tingsha Bell,Dark / Small,Small / Dark,MI-TB-D-S,MI-TB-D-S,100,exact,All three fields match
Tingsha Bell,Tingsha Bell,Dark / Medium,Medium / Dark,MI-TB-D-M,MI-TB-D-M,100,exact,All three fields match
Tingsha Bell,Tingsha Bell,Dark / Large,Large / Dark,MI-TB-D-L,MI-TB-D-L,100,exact,All three fields match
Tingsha Bell,Tingsha Bell,Etched /Small,Small / Etched,MI-TB-ET-S,MI-TB-ET-S,100,exact,All three fields match
Tingsha Bell,Tingsha Bell,Etched / Medium,Medium / Etched,MI-TB-ET-M,MI-TB-ET-M,100,exact,All three fields match
Tingsha Bell,Tingsha Bell,Etched / Large,Large / Etched,MI-TB-ET-L,MI-TB-ET-L,100,exact,All three fields match
Mayura Morchang Set,Mayura Morchang Set,Sharp,Sharp,MI-MO-MY-S,MI-MO-MY-S,100,exact,All three fields match
Mayura Morchang Set,Mayura Morchang Set,Middle,Middle,MI-MO-MY-M,MI-MO-MY-M,100,exact,All three fields match
Mayura Morchang Set,Mayura Morchang Set,Bass,Bass,MI-MO-MY-B,MI-MO-MY-B,100,exact,All three fields match
Mayura Morchang Set,Mayura Morchang Set,Full Set,Full Set,MI-MO-MY-SET3,MI-MO-MY-SET3,100,exact,All three fields match
Classic Morchang,Classic Morchang,Sharp,Sharp,MI-MO-CL-S,MI-MO-CL-S,100,exact,All three fields match
Classic Morchang,Classic Morchang,Middle,Middle,MI-MO-CL-M,MI-MO-CL-M,100,exact,All three fields match
Classic Morchang,Classic Morchang,Bass,Bass,MI-MO-CL-B,MI-MO-CL-B,100,exact,All three fields match
Classic Morchang,Classic Morchang,Full Set,Full Set,MI-MO-CL-SET3,MI-MO-CL-SET3,100,exact,All three fields match
7 Chakra Morchang,7 Chakra Morchang,C Tune,C Tune,MI-MO-7C-C,MI-MO-7C-C,100,exact,All three fields match
7 Chakra Morchang,7 Chakra Morchang,D Tune,D Tune,MI-MO-7C-D,MI-MO-7C-D,100,exact,All three fields match
7 Chakra Morchang,7 Chakra Morchang,E Tune,E Tune,MI-MO-7C-E,MI-MO-7C-E,100,exact,All three fields match
7 Chakra Morchang,7 Chakra Morchang,F Tune,F Tune,MI-MO-7C-F,MI-MO-7C-F,100,exact,All three fields match
7 Chakra Morchang,7 Chakra Morchang,G Tune,G Tune,MI-MO-7C-G,MI-MO-7C-G,100,exact,All three fields match
7 Chakra Morchang,7 Chakra Morchang,A Tune,A Tune,MI-MO-7C-A,MI-MO-7C-A,100,exact,All three fields match
7 Chakra Morchang,7 Chakra Morchang,B Tune,B Tune,MI-MO-7C-B,MI-MO-7C-B,100,exact,All three fields match
7 Chakra Morchang,7 Chakra Morchang,Full Set,Full Set,MI-MO-7C-SET7,MI-MO-7C-SET7,100,exact,All three fields match
Box Tanpura,Box Tanpura,,,MI-BT,MI-BT,100,exact,All three fields match
S-Shaped Didgeridoo,S-Shaped Didgeridoo,Green,Green,MI-DG-SS-G,MI-DG-SS-G,100,exact,All three fields match
S-Shaped Didgeridoo,S-Shaped Didgeridoo,Blue,Blue,MI-DG-SS-B,MI-DG-SS-B,100,exact,All three fields match
S-Shaped Didgeridoo,S-Shaped Didgeridoo,Red,Red,MI-DG-SS-R,MI-DG-SS-R,100,exact,All three fields match
Spiral/Snake Didgeridoo,Spiral/Snake Didgeridoo,Green,Green,MI-DG-SP-G,MI-DG-SP-G,100,exact,All three fields match
Spiral/Snake Didgeridoo,Spiral/Snake Didgeridoo,Red,Red,MI-DG-SP-R,MI-DG-SP-R,100,exact,All three fields match
Standard Shankh,Standard Shankh,Small,Small,MI-SK-ST-S,MI-SK-ST-S,100,exact,All three fields match
Standard Shankh,Standard Shankh,Medium,Medium,MI-SK-ST-M,MI-SK-ST-M,100,exact,All three fields match
Standard Shankh,Standard Shankh,Large,Large,MI-SK-ST-L,MI-SK-ST-L,100,exact,All three fields match
Sughosh Shankh,Sughosh Shankh,Sughosh,Sughosh,MI-SK-SG,MI-SK-SG,100,exact,All three fields match
Annapurna Shankh,Annapurna Shankh,Annapurna,Annapurna,MI-SK-AP,MI-SK-AP,100,exact,All three fields match
Gomukhi Shankh,Gomukhi Shankh,Gomukhi,Gomukhi,MI-SK-GM,MI-SK-GM,100,exact,All three fields match
Harmonium,Harmonium,Professional,Professional,MI-HA-P,MI-HA-P,100,exact,All three fields match
Harmonium,Harmonium,Compact,Compact,MI-HA-C,MI-HA-C,100,exact,All three fields match
Shruti Box,Shruti Box,1 Octave Standard,1 Octave Standard,MI-STB-O1,MI-STB-O1,100,exact,All three fields match
Shruti Box,Shruti Box,1 Octave Mini,1 Octave Mini,MI-STB-O1-M,MI-STB-O1-M,100,exact,All three fields match
Shruti Box,Shruti Box,2 Octaves,2 Octaves,MI-STB-O2,MI-STB-O2,100,exact,All three fields match
Shruti Box,Shruti Box,3 Octaves,3 Octaves,MI-STB-O3,MI-STB-O3,100,exact,All three fields match
Shruti Box Pedal,Shruti Box Pedal,Pedal,Pedal,MI-STB-P,MI-STB-P,100,exact,All three fields match
Pulse Tubes,Pulse Tubes,Large,Large,MI-PT-L,MI-PT-L,100,exact,All three fields match
Pulse Tubes,Pulse Tubes,Medium,Medium,MI-PT-M,MI-PT-M,100,exact,All three fields match
Pulse Tubes,Pulse Tubes,Small,Small,MI-PT-S,MI-PT-S,100,exact,All three fields match
Swinging Chimes,Swinging Chimes,6 Bars,6 Bars,MI-SC-6,MI-SC-6,100,exact,All three fields match
Swinging Chimes,Swinging Chimes,9 Bars,9 Bars,MI-SC-9,MI-SC-9,100,exact,All three fields match
Element Chimes,Element Chimes,,,MI-EC,MI-EC,100,exact,All three fields match
Wind chimes,Wind Chimes,Gold-Small,Gold / Small,MI-WC-GO-S,MI-WC-GO-S,100,exact,All three fields match
Wind chimes,Wind Chimes,Gold-Large,Gold / Large,MI-WC-GO-L,MI-WC-GO-L,100,exact,All three fields match
Wind chimes,Wind Chimes,Green-Small,Green / Small,MI-WC-GR-S,MI-WC-GR-S,100,exact,All three fields match
Wind chimes,Wind Chimes,Green-Large,Green / Large,MI-WC-GR-L,MI-WC-GR-L,100,exact,All three fields match
Wind chimes,Wind Chimes,Yellow-Small,Yellow / Small,MI-WC-YE-S,MI-WC-YE-S,100,exact,All three fields match
Wind chimes,Wind Chimes,Yellow-Large,Yellow / Large,MI-WC-YE-L,MI-WC-YE-L,100,exact,All three fields match
Wind chimes,Wind Chimes,Silver-Small,Silver / Small,MI-WC-SI-S,MI-WC-SI-S,100,exact,All three fields match
Wind chimes,Wind Chimes,Silver-Large,Silver / Large,MI-WC-SI-L,MI-WC-SI-L,100,exact,All three fields match
Wind chimes,Wind Chimes,Antique Copper-Small,Antique Copper / Small,MI-WC-AC-S,MI-WC-AC-S,100,exact,All three fields match
Wind chimes,Wind Chimes,Antique Copper-Large,Antique Copper / Large,MI-WC-AC-L,MI-WC-AC-L,100,exact,All three fields match
Tuned Pipes,Tuned Pipes,285 Hz,285 Hz,MI-TP-285,MI-TP-285,100,exact,All three fields match
Tuned Pipes,Tuned Pipes,432 Hz,432 Hz,MI-TP-432,MI-TP-432,100,exact,All three fields match
Tuning Fork - Single Weighted & Unweighted,Tuning Fork - Single Weighted & Unweighted,Weighted / 64 Hz,64 Hz / Weighted,MI-TF-W-64,MI-TF-W-64,100,exact,All three fields match
Tuning Fork - Single Weighted & Unweighted,Tuning Fork - Single Weighted & Unweighted,Weighted / 68.05 Hz,68.05 Hz / Weighted,MI-TF-W-6805,MI-TF-W-6805,100,exact,All three fields match
Tuning Fork - Single Weighted & Unweighted,Tuning Fork - Single Weighted & Unweighted,Weighted / 93.96 Hz,93.96 Hz / Weighted,MI-TF-W-9396,MI-TF-W-9396,100,exact,All three fields match
Tuning Fork - Single Weighted & Unweighted,Tuning Fork - Single Weighted & Unweighted,Weighted / 128 Hz,128 Hz / Weighted,MI-TF-W-128,MI-TF-W-128,100,exact,All three fields match
Tuning Fork - Single Weighted & Unweighted,Tuning Fork - Single Weighted & Unweighted,Weighted / 136.10 Hz,136.10 Hz / Weighted,MI-TF-W-13610,MI-TF-W-13610,100,exact,All three fields match
Tuning Fork - Single Weighted & Unweighted,Tuning Fork - Single Weighted & Unweighted,Weighted / 256 Hz,256 Hz / Weighted,MI-TF-W-256,MI-TF-W-256,100,exact,All three fields match
Tuning Fork - Single Weighted & Unweighted,Tuning Fork - Single Weighted & Unweighted,Weighted / 432 Hz,432 Hz / Weighted,MI-TF-W-432,MI-TF-W-432,100,exact,All three fields match
Tuning Fork - Single Weighted & Unweighted,Tuning Fork - Single Weighted & Unweighted,Weighted / 440 Hz,440 Hz / Weighted,MI-TF-W-440,MI-TF-W-440,100,exact,All three fields match
Tuning Fork - Single Weighted & Unweighted,Tuning Fork - Single Weighted & Unweighted,Weighted / 528 Hz,528 Hz / Weighted,MI-TF-W-528,MI-TF-W-528,100,exact,All three fields match
Tuning Fork - Single Weighted & Unweighted,Tuning Fork - Single Weighted & Unweighted,Unweighted / 64 Hz,64 Hz / Unweighted,MI-TF-UW-64,MI-TF-UW-64,100,exact,All three fields match
Tuning Fork - Single Weighted & Unweighted,Tuning Fork - Single Weighted & Unweighted,Unweighted / 68.05 Hz,68.05 Hz / Unweighted,MI-TF-UW-6805,MI-TF-UW-6805,100,exact,All three fields match
Tuning Fork - Single Weighted & Unweighted,Tuning Fork - Single Weighted & Unweighted,Unweighted / 93.96 Hz,93.96 Hz / Unweighted,MI-TF-UW-9396,MI-TF-UW-9396,100,exact,All three fields match
Tuning Fork - Single Weighted & Unweighted,Tuning Fork - Single Weighted & Unweighted,Unweighted / 128 Hz,128 Hz / Unweighted,MI-TF-UW-128,MI-TF-UW-128,100,exact,All three fields match
Tuning Fork - Single Weighted & Unweighted,Tuning Fork - Single Weighted & Unweighted,Unweighted / 136.10 Hz,136.10 Hz / Unweighted,MI-TF-UW-13610,MI-TF-UW-13610,100,exact,All three fields match
Tuning Fork - Single Weighted & Unweighted,Tuning Fork - Single Weighted & Unweighted,Unweighted / 256 Hz,256 Hz / Unweighted,MI-TF-UW-256,MI-TF-UW-256,100,exact,All three fields match
Tuning Fork - Single Weighted & Unweighted,Tuning Fork - Single Weighted & Unweighted,Unweighted / 432 Hz,432 Hz / Unweighted,MI-TF-UW-432,MI-TF-UW-432,100,exact,All three fields match
Tuning Fork - Single Weighted & Unweighted,Tuning Fork - Single Weighted & Unweighted,Unweighted /440Hz,440Hz / Unweighted,MI-TF-UW-440,MI-TF-UW-440,100,exact,All three fields match
Tuning Fork - Single Weighted & Unweighted,Tuning Fork - Single Weighted & Unweighted,Unweighted / 528 Hz,528 Hz / Unweighted,MI-TF-UW-528,MI-TF-UW-528,100,exact,All three fields match
Angel Tuning Forks,Angel Tuning Forks,4096 Hz,4096 Hz,MI-TF-AG-4096,MI-TF-AG-4096,100,exact,All three fields match
Angel Tuning Forks,Angel Tuning Forks,4160 Hz,4160 Hz,MI-TF-AG-4160,MI-TF-AG-4160,100,exact,All three fields match
Angel Tuning Forks,Angel Tuning Forks,4225 Hz,4225 Hz,MI-TF-AG-4225,MI-TF-AG-4225,100,exact,All three fields match
Angel Tuning Forks,Angel Tuning Forks,Set,Set,MI-TF-AG-SET3,MI-TF-AG-SET3,100,exact,All three fields match
C&G Tuning Forks,C&G Tuning Forks,Weighted,Weighted,MI-TF-W-CG,MI-TF-W-CG,100,exact,All three fields match
C&G Tuning Forks,C&G Tuning Forks,Unweighted,Unweighted,MI-TF-UW-CG,MI-TF-UW-CG,100,exact,All three fields match
Tuning Fork Activators,Tuning Fork Activators,Activator,Activator,MI-TF-A,MI-TF-A,100,exact,All three fields match
Tuning Fork Activators,Tuning Fork Activators,Mallet,Mallet,MI-TF-M,MI-TF-M,100,exact,All three fields match
Tuning Fork Activators,Tuning Fork Activators,Activator & Mallet,Activator & Mallet,MI-TF-AM,MI-TF-AM,100,exact,All three fields match
Tuning Fork Extensions,Tuning Fork Extensions,Extender,Extender,MI-TF-EX,MI-TF-EX,100,exact,All three fields match
Tuning Fork Extensions,Tuning Fork Extensions,Circuit Boot,Circuit Boot,MI-TF-CB,MI-TF-CB,100,exact,All three fields match
Tuning Fork Extensions,Tuning Fork Extensions,Massage Boot,Massage Boot,MI-TF-MB,MI-TF-MB,100,exact,All three fields match
Tuning Forks Gem Feet,Tuning Forks Gem Feet,Maroon,Maroon,MI-TF-GF-M,MI-TF-GF-M,100,exact,All three fields match
Tuning Forks Gem Feet,Tuning Forks Gem Feet,Yellow,Yellow,MI-TF-GF-Y,MI-TF-GF-Y,100,exact,All three fields match
Tuning Forks Gem Feet,Tuning Forks Gem Feet,Violet,Violet,MI-TF-GF-V,MI-TF-GF-V,100,exact,All three fields match
Tuning Forks Gem Feet,Tuning Forks Gem Feet,Blue,Blue,MI-TF-GF-B,MI-TF-GF-B,100,exact,All three fields match
Tuning Forks Gem Feet,Tuning Forks Gem Feet,Green,Green,MI-TF-GF-G,MI-TF-GF-G,100,exact,All three fields match
Tuning Forks Gem Feet,Tuning Forks Gem Feet,Dark Blue,Dark Blue,MI-TF-GF-DB,MI-TF-GF-DB,100,exact,All three fields match
Tuning Forks Gem Feet,Tuning Forks Gem Feet,Red,Red,MI-TF-GF-R,MI-TF-GF-R,100,exact,All three fields match
Tuning Forks Gem Feet,Tuning Forks Gem Feet,Full Set,Full Set,MI-TF-GF-SET7,MI-TF-GF-SET7,100,exact,All three fields match
Tuning Forks 7 Chakra Set,Tuning Forks 7 Chakra Set,Weighted / With Gem Foot,With Gem Foot / Weighted,MI-TF-7C-W-GF-SET7,MI-TF-7C-W-GF-SET7,100,exact,All three fields match
Tuning Forks 7 Chakra Set,Tuning Forks 7 Chakra Set,Weighted / Without Gem Foot,Without Gem Foot / Weighted,MI-TF-7C-W-SET7,MI-TF-7C-W-SET7,100,exact,All three fields match
Tuning Forks 7 Chakra Set,Tuning Forks 7 Chakra Set,Colour Weighted / With Gem Foot,With Gem Foot / Colour Weighted,MI-TF-7C-C-W-GF-SET7,MI-TF-7C-C-W-GF-SET7,100,exact,All three fields match
Tuning Forks 7 Chakra Set,Tuning Forks 7 Chakra Set,Colour Weighted / Without Gem Foot,Without Gem Foot / Colour Weighted,MI-TF-7C-C-W-SET7,MI-TF-7C-C-W-SET7,100,exact,All three fields match
Tuning Forks 7 Chakra Set,Tuning Forks 7 Chakra Set,Unweighted / With Gem Foot,With Gem Foot / Unweighted,MI-TF-7C-UW-GF-SET7,MI-TF-7C-UW-GF-SET7,100,exact,All three fields match
Tuning Forks 7 Chakra Set,Tuning Forks 7 Chakra Set,Unweighted / Without Gem Foot,Without Gem Foot / Unweighted,MI-TF-7C-UW-SET7,MI-TF-7C-UW-SET7,100,exact,All three fields match
Tuning Forks 7 Chakra Set,Tuning Forks 7 Chakra Set,Colour Unweighted / With Gem Foot,With Gem Foot / Colour Unweighted,MI-TF-7C-C-UW-GF-SET7,MI-TF-7C-C-UW-GF-SET7,100,exact,All three fields match
Tuning Forks 7 Chakra Set,Tuning Forks 7 Chakra Set,Colour Unweighted / Without Gem Foot,Without Gem Foot / Colour Unweighted,MI-TF-7C-C-UW-SET7,MI-TF-7C-C-UW-SET7,100,exact,All three fields match
Tuning Forks Solfeggio Set,Tuning Forks Solfeggio Set,Weighted,Weighted,MI-TF-SF-W-SET9,MI-TF-SF-W-SET9,100,exact,All three fields match
Tuning Forks Solfeggio Set,Tuning Forks Solfeggio Set,Unweighted,Unweighted,MI-TF-SF-UW-SET9,MI-TF-SF-UW-SET9,100,exact,All three fields match
Wooden Stand for Tuning Forks,Wooden Stand for Tuning Forks,Three,Three,MI-TF-WS-3,MI-TF-WS-3,100,exact,All three fields match
Wooden Stand for Tuning Forks,Wooden Stand for Tuning Forks,Five,Five,MI-TF-WS-5,MI-TF-WS-5,100,exact,All three fields match
Wooden Stand for Tuning Forks,Wooden Stand for Tuning Forks,Seven,Seven,MI-TF-WS-7,MI-TF-WS-7,100,exact,All three fields match
Wooden Stand for Tuning Forks,Wooden Stand for Tuning Forks,Nine,Nine,MI-TF-WS-9,MI-TF-WS-9,100,exact,All three fields match
Ankh,Ankh,,,MI-AH,MI-AH,100,exact,All three fields match
incense stick stand,Incense Stick Stand,,,MI-IS-ST,MI-IS-ST,100,exact,All three fields match
DNA Tuning Fork,DNA Tuning Fork,,,MI-TF-DNA,MI-TF-DNA,100,exact,All three fields match
Solar Bell,Solar Bell,,,MI-BL-SR,MI-BL-SR,100,exact,All three fields match
Wooden Finger Castanet,Wooden Finger Castanet,Black,Black,MI-FC-B,MI-FC-B,100,exact,All three fields match
Wooden Finger Castanet,Wooden Finger Castanet,White,White,MI-FC-W,MI-FC-W,100,exact,All three fields match
