order_id	order_date	status	item_name	parent_name	sku	qty	line_total	product_id	variation_id
5435	2022-05-15	wc-completed	Neem Toothbrush - pack of 4	Eco-Friendly Neem Wood Toothbrush		1.0000	7.5000	5037	5217
6003	2022-11-01	wc-completed	Ceramic Jala Neti Pot - Red	Jala Neti Pot - Ceramic 185 ml	NP-R-185	1.0000	6.6000	5769	5776
6308	2022-12-11	wc-completed	Ceramic Jala Neti Pot - Red	Jala Neti Pot - Ceramic 185 ml	NP-R-185	1.0000	245.0000	5769	5776
6346	2022-12-16	wc-completed	Engraved Copper Water Bottles	7 Chakras Copper Water Bottles		1.0000	1210.0000	6080	6261
6347	2022-12-18	wc-completed	Printed Copper Water Bottles	Artistically Designed Copper Bottles		1.0000	1110.0000	6007	6256
6374	2022-12-23	wc-completed	Engraved Copper Water Bottles	7 Chakras Copper Water Bottles		1.0000	1110.0000	6080	6262
6376	2022-12-30	wc-completed	Neem Wood Combs - Combo 3	Neem Wood Combs	CO-NWC-S-P-H	1.0000	382.5000	5038	5600
6553	2023-01-16	wc-completed	Dumru/Dumroo Indian Handmade Percussion Instrument - Large	Dumru/Dumroo Indian Handmade Percussion Instrument		1.0000	336.0000	5740	6067
6633	2023-01-22	wc-completed	Copper Tongue Cleaner - Pack of 1	Copper Tongue Cleaner	TC-R-1	1.0000	7.9900	5042	5601
6634	2023-01-22	wc-completed	Ceramic Jala Neti Pot - Green	Jala Neti Pot - Ceramic 185 ml		1.0000	220.5000	5769	5770
6798	2023-02-13	wc-completed	Printed Copper Water Bottles	Artistically Designed Copper Bottles		1.0000	1110.0000	6007	6256
7015	2023-03-01	wc-completed	Copper Bottle - 7 Chakras Vintage - With Brush	7 Chakras Vintage - Copper Bottle		1.0000	1399.0000	5682	5787
7119	2023-03-16	wc-completed	Ceramic Jala Neti Pot - Blue	Jala Neti Pot - Ceramic 185 ml	NP-B-185	1.0000	220.5000	5769	6918
7175	2023-03-22	wc-completed	Ceramic Jala Neti Pot - Blue	Jala Neti Pot - Ceramic 185 ml	NP-B-185	1.0000	220.5000	5769	6918
7175	2023-03-22	wc-completed	Ceramic Jala Neti Pot - Lemon Yellow	Jala Neti Pot - Ceramic 185 ml	NP-LY-185	1.0000	220.5000	5769	6335
7225	2023-04-02	wc-completed	Printed Copper Water Bottles	Artistically Designed Copper Bottles		1.0000	1149.0000	6007	6250
7237	2023-04-29	wc-completed	Yoga Blanket Made from Organic Cotton - Natural White	Yoga Blanket made from Organic Cotton	Yo-BT-C-NT	1.0000	1079.1000	6668	6688
7240	2023-05-01	wc-completed	Neem Wood Combs - Combo 3	Neem Wood Combs	CO-NWC-S-P-H	1.0000	11.6900	5038	5600
7240	2023-05-01	wc-completed	Copper Tongue Cleaner - Ring type pack of 4	Copper Tongue Cleaner	TC-R-1	1.0000	6.7000	5042	6324
7240	2023-05-01	wc-completed	Copper Tongue Cleaner - Pack of 2	Copper Tongue Cleaner	TC-R-1	1.0000	9.8900	5042	5602
7240	2023-05-01	wc-completed	Eco-Friendly Neem Wood Toothbrush - Pack of 4	Eco-Friendly Neem Wood Toothbrush	NTB-4	1.0000	10.7900	5037	5605
7240	2023-05-01	wc-completed	Grooved & Hammered Copper Water Bottles	Grooved, Hammered & Plain Copper Bottle		1.0000	17.0900	6071	6272
7240	2023-05-01	wc-completed	Grooved & Hammered Copper Water Bottles	Grooved, Hammered & Plain Copper Bottle		1.0000	17.0900	6071	6270
7240	2023-05-01	wc-completed	Grooved & Hammered Copper Water Bottles	Grooved, Hammered & Plain Copper Bottle		1.0000	17.0900	6071	6268
7240	2023-05-01	wc-completed	Ayurvedic Copper Bedroom Jar	Ayurvedic Copper Bedroom Jar	CB-BJ	1.0000	22.4900	6289	0
7256	2023-05-30	wc-completed	Engraved Copper Water Bottles	7 Chakras Copper Water Bottles		1.0000	1399.0000	6080	6259
7259	2023-06-01	wc-completed	Yoga Belt for Sturdy Grip - Navy Blue	Yoga Belt/Strap for Sturdy Grip	Yo-BL-D-NB	1.0000	329.0000	6530	6548
7259	2023-06-01	wc-completed	Natural Organic Cotton Yoga Mat			1.0000	1250.0000	6653	0
7272	2023-06-24	wc-completed	Ceramic Jala Neti Pot - Lemon Yellow	Jala Neti Pot - Ceramic 185 ml	NP-LY-185	2.0000	19.9800	5769	6335
7272	2023-06-24	wc-completed	Copper Tongue Cleaner - Pack of 1	Copper Tongue Cleaner	TC-R-1	2.0000	15.9800	5042	5601
7279	2023-07-15	wc-completed	Printed Copper Water Bottles	Artistically Designed Copper Bottles		1.0000	1149.0000	6007	6250
7281	2023-07-21	wc-completed	Zafu & Zabuton Meditation Cushion Combo - Navy Blue	Zafu & Zabuton Meditation Cushion Combo	CO-Me-Zf-Zn-C-NB	1.0000	1900.0000	7177	7186
7292	2023-08-02	wc-completed	Coconut Rattle	Coconut Rattle	MI-CR	1.0000	850.0000	5730	0
7724	2023-08-10	wc-completed	Stainless Steel Straws - Pack of 2	Stainless Steel Straws	SSS-2	6.0000	1134.0000	6505	6507
7725	2023-08-10	wc-completed	Yoga Blanket Made from Organic Cotton - Magenta	Yoga Blanket made from Organic Cotton	Yo-BT-C-MG	1.0000	1299.0000	6668	6686
7725	2023-08-10	wc-completed	Yoga Belt for Sturdy Grip - Rose	Yoga Belt/Strap for Sturdy Grip	Yo-BL-D-RE	1.0000	329.0000	6530	6549
7726	2023-08-10	wc-completed	Neem Wood Combs - Comb with Handle	Neem Wood Combs	NWC-H	1.0000	200.0000	5038	5596
7726	2023-08-10	wc-completed	Eco-Friendly Neem Wood Toothbrush - Pack of 2	Eco-Friendly Neem Wood Toothbrush	NTB-2	1.0000	225.0000	5037	5604
7726	2023-08-10	wc-completed	Yoga Blanket Made from Organic Cotton - Brown	Yoga Blanket made from Organic Cotton	Yo-BT-C-BW	1.0000	1299.0000	6668	6687
7726	2023-08-10	wc-completed	Yoga Belt for Sturdy Grip - Beige	Yoga Belt/Strap for Sturdy Grip	Yo-BL-D-BE	1.0000	329.0000	6530	6547
7727	2023-08-10	wc-completed	Yoga Blanket Made from Organic Cotton - Magenta	Yoga Blanket made from Organic Cotton	Yo-BT-C-MG	1.0000	1299.0000	6668	6686
7760	2023-08-10	wc-completed	Yoga Blanket Made from Organic Cotton - Magenta	Yoga Blanket made from Organic Cotton	Yo-BT-C-MG	1.0000	1169.1000	6668	6686
7800	2023-08-10	wc-completed	Yoga Blanket Made from Organic Cotton - Magenta	Yoga Blanket made from Organic Cotton	Yo-BT-C-MG	1.0000	1299.0000	6668	6686
7830	2023-08-14	wc-completed	Bamboo Rainstick	Bamboo Rainstick	MI-RS	1.0000	1650.0000	7484	0
7837	2023-08-17	wc-completed	Crescent Zafu Meditation Cushion - Grey	Crescent Zafu Meditation Cushion		1.0000	917.1000	6734	7562
7853	2023-08-20	wc-completed	Pangi Seed Shell Rattle	Pangi Seed Shell Rattle	MI-PS	1.0000	1708.0000	7356	0
7861	2023-08-21	wc-completed	7-Key Kalimba Made from Coconut Shell - Painted - Tortoise	7-Key Kalimba Made from Coconut Shell - Painted & Plain		1.0000	958.0000	7661	7664
7876	2023-08-24	wc-completed	Singing Bowls Silk Ring Cushion Accessories - 12cms, Brown	Singing Bowls Silk Ring Cushion Accessories	MI-SB-C-Bn-12	1.0000	202.5000	6988	7777
7876	2023-08-24	wc-completed	Wooden Mallets for Singing Bowls - Long Red	Wooden Mallets for Singing Bowls	MI-SB-M-R-Wd-4.5	1.0000	342.0000	6978	7527
7880	2023-08-30	wc-completed	Jala Neti Pot - Ceramic 185 ml - Mint Green	Jala Neti Pot - Ceramic 185 ml	NP-MG-185	1.0000	202.5000	5769	6336
7884	2023-09-01	wc-completed	Bamboo Rainstick	Bamboo Rainstick	MI-RS	1.0000	1550.0000	7484	0
7899	2023-09-08	wc-completed	Hi-Zafu Meditation Cushion filled with Buckwheat Hulls - Grey	Hi-Zafu Meditation Cushion - Filled with Buckwheat	Me-C-HZ-GY	1.0000	1040.0000	6755	6776
7899	2023-09-08	wc-completed	Yoga Blanket Made from Organic Cotton - Natural White	Yoga Blanket made from Organic Cotton	Yo-BT-C-NT	1.0000	1495.0000	6668	6688
7900	2023-09-08	wc-completed	Bamboo Rainstick	Bamboo Rainstick	MI-RS	1.0000	1550.0000	7484	0
7900	2023-09-08	wc-completed	Mini Bamboo and Aluminium Bar Chime	Mini Bamboo and Aluminium Bar Chime	MI-BCH-S-10	1.0000	950.0000	7450	0
7902	2023-09-09	wc-completed	Copper Bottle - Black Color with 7 Chakras Vintage - Without Brush	7 Chakras Vintage - Copper Bottle		1.0000	1245.0000	5682	5786
7912	2023-09-14	wc-completed	Jala Neti Pot - Ceramic 185 ml - Blue	Jala Neti Pot - Ceramic 185 ml	NP-B-185	1.0000	225.0000	5769	6918
7913	2023-09-14	wc-completed	Jala Neti Pot - Ceramic 185 ml - White	Jala Neti Pot - Ceramic 185 ml	NP-W-185	1.0000	225.0000	5769	5826
7915	2023-09-14	wc-completed	Singing Bowls Set with 7 Chakra Healing from Sound Therapy – Handcrafted - E-18	Handcrafted Set of 7 Bowls for Sound Therapy		1.0000	7461.0000	7887	7892
7923	2023-09-16	wc-completed	Copper Tongue Cleaner - Pack of 1, Straight	Copper Tongue Cleaner	TC-R-1	1.0000	139.5000	5042	7808
7923	2023-09-16	wc-completed	Copper Water Bottle with 2 Glasses Set with 7 Chakra Design - Vintage	Copper Bottle Gift Set - 7 Chakra		1.0000	1575.0000	6638	6648
7923	2023-09-16	wc-completed	Full Moon Singing Bowls - 6 Inches	Full Moon Singing Bowls - All Sizes	MI-SB-H-FM-6	1.0000	4815.0000	7607	7609
7923	2023-09-16	wc-completed	Eco-Friendly Neem Wood Toothbrush - Pack of 2	Eco-Friendly Neem Wood Toothbrush	NTB-2	1.0000	157.5000	5037	5604
7923	2023-09-16	wc-completed	Wooden Mallets for Singing Bowls - Long White	Wooden Mallets for Singing Bowls	MI-SB-M-R-Wd-4.5	1.0000	342.0000	6978	7526
7924	2023-09-17	wc-completed	Jala Neti Pot - Ceramic 185 ml - White	Jala Neti Pot - Ceramic 185 ml	NP-W-185	1.0000	225.0000	5769	5826
7927	2023-09-17	wc-completed	Handheld Shaker with Handle - Kenari Seed Shell Design	Kenari Seed Shell Shaker with Handle	MI-KS-H	1.0000	877.5000	7349	0
7927	2023-09-17	wc-completed	Bamboo Rainstick	Bamboo Rainstick	MI-RS	1.0000	1395.0000	7484	0
7931	2023-09-18	wc-completed	Jala Neti Pot - Ceramic 185 ml - White	Jala Neti Pot - Ceramic 185 ml	NP-W-185	1.0000	225.0000	5769	5826
7931	2023-09-18	wc-completed	Jala Neti Pot - Ceramic 185 ml - Blue	Jala Neti Pot - Ceramic 185 ml	NP-B-185	1.0000	225.0000	5769	6918
7931	2023-09-18	wc-completed	Jala Neti Pot - Ceramic 185 ml - Lemon Yellow	Jala Neti Pot - Ceramic 185 ml	NP-LY-185	1.0000	225.0000	5769	6335
7931	2023-09-18	wc-completed	Jala Neti Pot - Ceramic 185 ml - Mint Green	Jala Neti Pot - Ceramic 185 ml	NP-MG-185	2.0000	450.0000	5769	6336
7936	2023-09-19	wc-completed	Jala Neti Pot - Ceramic 185 ml - Mint Green	Jala Neti Pot - Ceramic 185 ml	NP-MG-185	1.0000	225.0000	5769	6336
7947	2023-09-20	wc-completed	Dumru/Dumroo Indian Handmade Percussion Instrument - 10cms, Dark Brown	Dumru/Dumroo Indian Handmade Percussion Instrument		1.0000	435.0000	5740	6910
7950	2023-09-21	wc-completed	Engraved Copper Water Bottles	7 Chakras Copper Water Bottles		1.0000	1365.0000	6080	6261
7952	2023-09-22	wc-completed	Singing Bowls Silk Ring Cushion Accessories - 10cms, Red	Singing Bowls Silk Ring Cushion Accessories	MI-SB-C-R-10	1.0000	180.0000	6988	7771
7960	2023-09-22	wc-completed	Wooden Mallets for Singing Bowls - Red Wide	Wooden Mallets for Singing Bowls	MI-SB-M-R-Wd-4.5	1.0000	250.0000	6978	7522
7960	2023-09-22	wc-completed	Yoga Belt/Strap for Sturdy Grip - Rose	Yoga Belt/Strap for Sturdy Grip	Yo-BL-D-RE	1.0000	349.0000	6530	6549
7962	2023-09-23	wc-completed	Engraved Copper Water Bottles	7 Chakras Copper Water Bottles		1.0000	1120.5000	6080	6262
7963	2023-09-24	wc-completed	Singing Bowls Set with 7 Chakra Healing from Sound Therapy – Handcrafted	Handcrafted Set of 7 Bowls for Sound Therapy		1.0000	31499.1000	7887	0
7966	2023-09-25	wc-completed	Shamanic Drum with Butterfly Artwork	Shamanic Drum	MI-SD-B	1.0000	4499.1000	7293	0
8014	2023-10-02	wc-completed	Copper Water Bottle with 2 Glasses Set with 7 Chakra Design - Vintage	Copper Bottle Gift Set - 7 Chakra		1.0000	1575.0000	6638	6648
8039	2023-10-05	wc-completed	Zafu & Zabuton Meditation Cushion Combo - Navy Blue	Zafu & Zabuton Meditation Cushion Combo	CO-Me-Zf-Zn-C-NB	1.0000	2110.5000	7177	7186
8055	2023-10-08	wc-completed	Copper Bottle with Brush – Tattvamasi - Without Brush	Tattvamasi-I am Infinite		1.0000	1245.0000	5466	5633
8088	2023-10-11	wc-completed	Asalato/Aslatau or Kashaka Shaker	Asalato/Aslatau or Kashaka Shaker	MI-AS	1.0000	1095.0000	7300	0
8095	2023-10-13	wc-completed	Kenari Seed Shell Shakers - Large	Kenari Seed Shell Shakers	MI-KR-S-L	1.0000	1699.0000	7472	7511
8112	2023-10-27	wc-completed	Wooden Mallets for Singing Bowls - Long White	Wooden Mallets for Singing Bowls	MI-SB-M-R-Wd-4.5	1.0000	380.0000	6978	7526
8112	2023-10-27	wc-completed	Singing Bowls Silk Ring Cushion Accessories - 18 cms, Brown	Singing Bowls Silk Ring Cushion Accessories	MI-SB-C-Bn-18	1.0000	345.0000	6988	7798
8114	2023-10-30	wc-completed	Natural Cotton Yoga Mat with Natural Rubber Grip - Lotus - Orange			1.0000	2995.0000	7642	7646
8117	2023-10-31	wc-completed	Zafu Meditation Cushion - Sage	Zafu Meditation Cushion Plain Filled with Cotton	Me-Z-R-C-SE	1.0000	985.0000	6711	6733
8126	2023-11-04	wc-completed	Pangi Seed Shell Rattle	Pangi Seed Shell Rattle	MI-PS	1.0000	1699.0000	7356	0
8126	2023-11-04	wc-completed	Kenari Seed Shell Shakers - Large	Kenari Seed Shell Shakers	MI-KR-S-L	1.0000	1699.0000	7472	7511
8127	2023-11-04	wc-completed	7 Chakras Mystical Incense Sticks Set - 7 Chakara	7 Chakras Mystical Incense Sticks Set	IS-7C	1.0000	490.0000	7687	7688
8129	2023-11-05	wc-completed	Yoga Bolster made from Organic Cotton - Navy Blue	Round Yoga Bolster	Yo-BR-R-NB	1.0000	1275.0000	6689	6693
8137	2023-11-08	wc-completed	Printed Copper Water Bottles	Artistically Designed Copper Bottles		1.0000	1245.0000	6007	6254
8203	2023-11-13	wc-completed	Jala Neti Pot - Ceramic 185 ml - Blue	Jala Neti Pot - Ceramic 185 ml	NP-B-185	1.0000	225.0000	5769	6918
8248	2023-11-13	wc-completed	Jala Neti Pot - Ceramic 185 ml - Mint Green	Jala Neti Pot - Ceramic 185 ml	NP-MG-185	2.0000	450.0000	5769	6336
8251	2023-11-18	wc-completed	Printed Copper Water Bottles	Artistically Designed Copper Bottles		1.0000	1245.0000	6007	6250
8252	2023-11-19	wc-completed	Tingsha Bell - Mantra, 7cms	Tingsha Bell		2.0000	3300.0000	5763	6961
8306	2023-11-25	wc-completed	Bamboo Rainstick	Bamboo Rainstick	MI-RS	1.0000	1550.0000	7484	0
8306	2023-11-25	wc-completed	Pangi Seed Shell Rattle	Pangi Seed Shell Rattle	MI-PS	1.0000	1699.0000	7356	0
8306	2023-11-25	wc-completed	Wooden Maracas Shaker - Dot Painted			1.0000	995.0000	7548	0
8312	2023-11-27	wc-completed	Copper Tongue Cleaner - Pack of 4, Straight	Copper Tongue Cleaner	TC-R-1	3.0000	1185.0000	5042	7812
8313	2023-11-27	wc-completed	Copper Tongue Cleaner - Pack of 1, Straight	Copper Tongue Cleaner	TC-R-1	1.0000	155.0000	5042	7808
8313	2023-11-27	wc-completed	Stainless Steel Straws - Pack of 2	Stainless Steel Straws	SSS-2	1.0000	175.0000	6505	6507
8458	2023-12-02	wc-completed	Yoga Bolster made from Organic Cotton - Rose	Round Yoga Bolster	Yo-BR-R-RE	1.0000	1275.0000	6689	6694
8460	2023-12-03	wc-completed	Copper Bottle - Black Color with 7 Chakras Vintage - With Brush	7 Chakras Vintage - Copper Bottle		1.0000	1365.0000	5682	5787
8469	2023-12-04	wc-completed	Asalato/Aslatau or Kashaka Shaker	Asalato/Aslatau or Kashaka Shaker	MI-AS	1.0000	1095.0000	7300	0
8472	2023-12-06	wc-completed	Crescent Zafu Meditation Cushion - Cotton Texture 1	Crescent Zafu Meditation Cushion		1.0000	1095.0000	6734	6752
8507	2023-12-08	wc-completed	Asalato/Aslatau or Kashaka Shaker	Asalato/Aslatau or Kashaka Shaker	MI-AS	1.0000	1095.0000	7300	0
8616	2023-12-08	wc-completed	Tingsha Bell - Mantra, 7cms	Tingsha Bell		1.0000	1650.0000	5763	6961
8626	2023-12-13	wc-completed	Yoga Bolster made from Organic Cotton - Navy Blue	Round Yoga Bolster	Yo-BR-R-NB	1.0000	1275.0000	6689	6693
8640	2023-12-13	wc-completed	Wooden Mallets for Singing Bowls - Long White	Wooden Mallets for Singing Bowls	MI-SB-M-R-Wd-4.5	1.0000	380.0000	6978	7526
8640	2023-12-13	wc-completed	Wooden Mallets for Singing Bowls - Long Red	Wooden Mallets for Singing Bowls	MI-SB-M-R-Wd-4.5	1.0000	480.0000	6978	7527
8709	2023-12-15	wc-completed	Tibetan Dumroo - Round 8cm			1.0000	2000.0000	7213	7221
8709	2023-12-15	wc-completed	Neem Wood Combs - Combo 3	Neem Wood Combs	CO-NWC-S-P-H	1.0000	375.0000	5038	5600
8709	2023-12-15	wc-completed	7 Chakras Mystical Incense Sticks Set - 7 Chakara	7 Chakras Mystical Incense Sticks Set	IS-7C	1.0000	490.0000	7687	7688
8710	2023-12-15	wc-completed	Zafu & Zabuton Meditation Cushion Combo - Navy Blue	Zafu & Zabuton Meditation Cushion Combo	CO-Me-Zf-Zn-C-NB	1.0000	2345.0000	7177	7186
8711	2023-12-16	wc-completed	Engraved Copper Water Bottles	7 Chakras Copper Water Bottles		1.0000	1295.0000	6080	8324
8712	2023-12-18	wc-completed	Kenari Seed Shell Shakers - Small	Kenari Seed Shell Shakers	MI-KR-S-S	1.0000	785.0000	7472	7510
8712	2023-12-18	wc-completed	Thunder Tube	Thunder Tube - Basic Edition	MI-TT-20	1.0000	950.0000	7317	0
8713	2023-12-19	wc-completed	Bamboo Rainstick	Bamboo Rainstick	MI-RS	1.0000	1550.0000	7484	0
8714	2023-12-19	wc-completed	Hammered Singing Bowl - 10cms	Dotted Singing Bowl	MI-SB-H-4	1.0000	1590.0000	6892	6901
8756	2023-12-21	wc-completed	Handmade Polished Singing Bowls for Sound Therapy - 22cms(Heart Bowl)	Handmade Singing Bowls - All Sizes		1.0000	5950.0000	6884	8034
8759	2023-12-24	wc-completed	Jala Neti Pot - Ceramic 185 ml - White	Jala Neti Pot - Ceramic 185 ml	NP-W-185	2.0000	450.0000	5769	5826
8760	2023-12-25	wc-completed	Hi-Zafu Meditation Cushion filled with Buckwheat Hulls - Sage	Hi-Zafu Meditation Cushion - Filled with Buckwheat	Me-C-HZ-SE	1.0000	1040.0000	6755	6778
8780	2024-01-02	wc-completed	Wooden Maracas Shaker	Wooden Maracas Shakers | Plain & Dot Painted	MI-WM	1.0000	895.0000	7542	0
8780	2024-01-02	wc-completed	Bamboo Rainstick - 40cms	Bamboo Rainstick	MI-RS-B-40	1.0000	1350.0000	7484	8762
8780	2024-01-02	wc-completed	Thunder Tube	Thunder Tube - Basic Edition	MI-TT-20	1.0000	950.0000	7317	0
8780	2024-01-02	wc-completed	Mini Coconut Shakers - 3 Types - Eye Shaped	Mini Coconut Shakers - 3 Types	MI-CS-E	1.0000	699.0000	6062	6065
8780	2024-01-02	wc-completed	Mini Coconut Shaker - Round shape			1.0000	699.0000	5725	0
8780	2024-01-02	wc-completed	Mini Bamboo and Aluminium Bar Chime	Mini Bamboo and Aluminium Bar Chime	MI-BCH-S-10	1.0000	950.0000	7450	0
8780	2024-01-02	wc-completed	Dumru/Dumroo Indian Handmade Percussion Instrument - 6cms, Dark Brown	Dumru/Dumroo Indian Handmade Percussion Instrument		1.0000	265.0000	5740	6097
8780	2024-01-02	wc-completed	Dumru/Dumroo Indian Handmade Percussion Instrument - 8cms, Multicolour	Dumru/Dumroo Indian Handmade Percussion Instrument		1.0000	345.0000	5740	6905
8780	2024-01-02	wc-completed	Natural Bamboo Xylophone with 5 Keys	Natural Bamboo Xylophone with 5 Keys	MI-XP-B-5	1.0000	2650.0000	7435	0
8780	2024-01-02	wc-completed	7-Key Kalimba Made from Coconut Shell - Painted - Flower	7-Key Kalimba Made from Coconut Shell - Painted & Plain		1.0000	1090.0000	7661	7663
8780	2024-01-02	wc-completed	Kenari Seed Shell Shakers - Large	Kenari Seed Shell Shakers	MI-KR-S-L	1.0000	1699.0000	7472	7511
8780	2024-01-02	wc-completed	Singing Bowls Silk Ring Cushion Accessories - 10cms, Purple	Singing Bowls Silk Ring Cushion Accessories		1.0000	180.0000	6988	7769
8780	2024-01-02	wc-completed	Singing Bowls Silk Ring Cushion Accessories - 12cms, Purple	Singing Bowls Silk Ring Cushion Accessories		1.0000	225.0000	6988	7776
8780	2024-01-02	wc-completed	Singing Bowls Silk Ring Cushion Accessories - 14cms, Purple	Singing Bowls Silk Ring Cushion Accessories		1.0000	265.0000	6988	7783
8780	2024-01-02	wc-completed	Singing Bowls Silk Ring Cushion Accessories - 16 cms, Purple	Singing Bowls Silk Ring Cushion Accessories		1.0000	300.0000	6988	7790
8780	2024-01-02	wc-completed	Singing Bowls Silk Ring Cushion Accessories - 18 cms, Purple	Singing Bowls Silk Ring Cushion Accessories		1.0000	345.0000	6988	7797
8784	2024-01-04	wc-completed	Hi-Zafu Meditation Cushion filled with Buckwheat Hulls - Sage	Hi-Zafu Meditation Cushion - Filled with Buckwheat	Me-C-HZ-SE	1.0000	1040.0000	6755	6778
8911	2024-01-10	wc-completed	Asalato/Aslatau or Kashaka Shaker	Asalato/Aslatau or Kashaka Shaker	MI-AS	1.0000	1095.0000	7300	0
8921	2024-01-10	wc-completed	Kenari Seed Shell Shakers - Large	Kenari Seed Shell Shakers	MI-KR-S-L	1.0000	1699.0000	7472	7511
8921	2024-01-10	wc-completed	Hammered Singing Bowl - 14cms	Dotted Singing Bowl	MI-SB-H-5.5	1.0000	2150.0000	6892	6902
8922	2024-01-11	wc-completed	Bamboo Rainstick - 60cms	Bamboo Rainstick	MI-RS-B-60	1.0000	1750.0000	7484	8763
8931	2024-01-12	wc-completed	Tingsha Bell - Symbol, 7cms	Tingsha Bell		1.0000	1650.0000	5763	6959
8932	2024-01-14	wc-completed	Handmade Universal Bowl for Sound Healing	Handmade Universal Bowl for Sound Healing	MI-SB-HM-UN	1.0000	7650.0000	8143	0
8933	2024-01-15	wc-completed	Wooden Mallets for Singing Bowls - Long White	Wooden Mallets for Singing Bowls	MI-SB-M-R-Wd-4.5	1.0000	380.0000	6978	7526
8934	2024-01-15	wc-completed	Thunder Tube	Thunder Tube - Basic Edition	MI-TT-20	1.0000	950.0000	7317	0
8934	2024-01-15	wc-completed	S-Shaped Didgeridoo - Red	S-Shaped Didgeridoo	MI-DG-S-R	1.0000	7750.0000	7307	7315
8947	2024-01-17	wc-completed	Jala Neti Pot - Ceramic 185 ml - Lemon Yellow	Jala Neti Pot - Ceramic 185 ml	NP-LY-185	1.0000	225.0000	5769	6335
8951	2024-01-18	wc-completed	Tingsha Bell - Symbol, 6.5cms	Tingsha Bell		3.0000	4650.0000	5763	7841
8951	2024-01-18	wc-completed	Tingsha Bell - Mantra, 6.5cms	Tingsha Bell		3.0000	4650.0000	5763	7722
8952	2024-01-19	wc-completed	Jala Neti Pot - Ceramic 185 ml - Mint Green	Jala Neti Pot - Ceramic 185 ml	NP-MG-185	1.0000	225.0000	5769	6336
8954	2024-01-19	wc-completed	Wooden Mallets for Singing Bowls - Long White	Wooden Mallets for Singing Bowls	MI-SB-M-R-Wd-4.5	1.0000	380.0000	6978	7526
8954	2024-01-19	wc-completed	Wooden Mallets for Singing Bowls - Black Wide	Wooden Mallets for Singing Bowls	MI-SB-M-R-Wd-4.5	1.0000	250.0000	6978	7524
8954	2024-01-19	wc-completed	Egg Shaker with Handle	Egg Shaker with Handle	MI-ES-H	1.0000	785.0000	7396	0
8954	2024-01-19	wc-completed	Handheld Natural Coconut Shaker	Handheld Natural Coconut Shaker	MI-CS-H	1.0000	879.0000	5713	0
8954	2024-01-19	wc-completed	Singing Bowls Silk Ring Cushion Accessories - 14cms, Green	Singing Bowls Silk Ring Cushion Accessories	MI-SB-C-G-14	1.0000	265.0000	6988	7779
8954	2024-01-19	wc-completed	Singing Bowls Silk Ring Cushion Accessories - 14cms, Blue	Singing Bowls Silk Ring Cushion Accessories	MI-SB-C-B-14	1.0000	265.0000	6988	7780
8955	2024-01-20	wc-completed	Singing Bowls with Sacred Mantra Printed - Gold, 5.5 Inches	Singing Bowls with Sacred Mantra Printed	MI-SB-P-W-5.5	1.0000	2350.0000	6807	7290
8960	2024-01-22	wc-completed	Copper Bottle - Be here now with 7 chakras plain - With Brush	7 Chakras Gold - Copper Bottle		1.0000	1365.0000	5675	5785
8980	2024-01-24	wc-completed	Asalato/Aslatau or Kashaka Shaker	Asalato/Aslatau or Kashaka Shaker	MI-AS	2.0000	2190.0000	7300	0
8991	2024-01-26	wc-completed	Singing Bowls Silk Ring Cushion Accessories - 18 cms, Brown	Singing Bowls Silk Ring Cushion Accessories	MI-SB-C-Bn-18	1.0000	345.0000	6988	7798
8992	2024-01-27	wc-completed	Jala Neti Pot - Ceramic 185 ml - Green	Jala Neti Pot - Ceramic 185 ml		1.0000	225.0000	5769	7971
8997	2024-01-28	wc-completed	Bamboo Rainstick - 1m	Bamboo Rainstick	MI-RS-B-1M	1.0000	2950.0000	7484	8764
8997	2024-01-28	wc-completed	Thunder Tube	Thunder Tube - Basic Edition	MI-TT-20	1.0000	950.0000	7317	0
8997	2024-01-28	wc-completed	7 Chakras Mystical Incense Sticks Set - Pure Lavender	7 Chakras Mystical Incense Sticks Set		1.0000	80.0000	7687	7692
8997	2024-01-28	wc-completed	7-Key Kalimba Made from Coconut Shell - Painted - Tortoise	7-Key Kalimba Made from Coconut Shell - Painted & Plain		1.0000	1090.0000	7661	7664
9014	2024-02-02	wc-completed	Pangi Seed Shell Rattle	Pangi Seed Shell Rattle	MI-PS	5.0000	8495.0000	7356	0
9018	2024-02-04	wc-completed	Wooden Mallets for Singing Bowls - Long White	Wooden Mallets for Singing Bowls	MI-SB-M-R-Wd-4.5	1.0000	342.0000	6978	7526
9018	2024-02-04	wc-completed	Copper Water Bottle with 2 Glasses Set with 7 Chakra Design - Vintage	Copper Bottle Gift Set - 7 Chakra		1.0000	1575.0000	6638	6648
9018	2024-02-04	wc-completed	Jala Neti Pot - Ceramic 185 ml - Red	Jala Neti Pot - Ceramic 185 ml	NP-R-185	1.0000	202.5000	5769	5776
9018	2024-02-04	wc-completed	Singing Bowls Silk Ring Cushion Accessories - 14cms, Orange	Singing Bowls Silk Ring Cushion Accessories	MI-SB-C-O-14	1.0000	238.5000	6988	7782
9020	2024-02-05	wc-completed	Copper Bottle with Brush – Tattvamasi - Without Brush	Tattvamasi-I am Infinite		1.0000	17.9100	5466	5633
9020	2024-02-05	wc-completed	Copper Bottle with Brush - True Happiness Lies Within - Without Brush	Happiness is Inside		1.0000	17.9100	5459	5635
9026	2024-02-06	wc-completed	Singing Bowls with Sacred Mantra Printed - Gold, 3.5 Inches	Singing Bowls with Sacred Mantra Printed	MI-SB-P-W-3.5	1.0000	945.0000	6807	7955
9027	2024-02-06	wc-completed	Painted Egg Shakers - Artistically Designed	Painted Egg Shakers	MI-ES-P-A	1.0000	787.5000	7404	7416
9028	2024-02-06	wc-completed	Engraved Copper Water Bottles	7 Chakras Copper Water Bottles		1.0000	1273.5000	6080	8317
9029	2024-02-06	wc-completed	Singing Bowl with Mantra - Rustic Blue Colour - 7 Inches	Singing Bowl with Mantra - Rustic Blue Colour	MI-SB-RB-7	1.0000	1615.5000	6861	7287
9030	2024-02-07	wc-completed	Bamboo Rainstick - 60cms	Bamboo Rainstick	MI-RS-B-60	1.0000	1750.0000	7484	8763
9031	2024-02-07	wc-completed	Wooden Mallets for Singing Bowls - Red Wide	Wooden Mallets for Singing Bowls	MI-SB-M-R-Wd-4.5	1.0000	225.0000	6978	7522
9032	2024-02-07	wc-completed	Yoga Belt/Strap for Sturdy Grip - Rose	Yoga Belt/Strap for Sturdy Grip	Yo-BL-D-RE	1.0000	314.1000	6530	6549
9036	2024-02-09	wc-completed	Handmade Universal Bowl for Sound Healing	Handmade Universal Bowl for Sound Healing	MI-SB-HM-UN	1.0000	7650.0000	8143	0
9040	2024-02-10	wc-completed	Pangi Seed Shell Rattle	Pangi Seed Shell Rattle	MI-PS	1.0000	1699.0000	7356	0
9040	2024-02-10	wc-completed	Bamboo Rainstick - 1m	Bamboo Rainstick	MI-RS-B-1M	1.0000	2950.0000	7484	8764
9040	2024-02-10	wc-completed	Kenari Seed Shell Shakers - Large	Kenari Seed Shell Shakers	MI-KR-S-L	1.0000	1699.0000	7472	7511
9040	2024-02-10	wc-completed	Kenari Seed Shell Shakers - Small	Kenari Seed Shell Shakers	MI-KR-S-S	1.0000	785.0000	7472	7510
9040	2024-02-10	wc-completed	Musical Wooden Frog	Musical Wooden Frog	MI-WF	1.0000	950.0000	7456	0
9040	2024-02-10	wc-completed	Dumru/Dumroo Indian Handmade Percussion Instrument - 9cms, Dark Brown	Dumru/Dumroo Indian Handmade Percussion Instrument		1.0000	385.0000	5740	6907
9040	2024-02-10	wc-completed	Bamboo Castanet	Bamboo Castanet	MI-CN-B	1.0000	745.0000	7329	0
9040	2024-02-10	wc-completed	Dumru/Dumroo Indian Handmade Percussion Instrument - 6cms, Dark Brown	Dumru/Dumroo Indian Handmade Percussion Instrument		1.0000	265.0000	5740	6097
9041	2024-02-10	wc-completed	Singing Bowl with Mantra - Rustic Blue Colour - 7 Inches	Singing Bowl with Mantra - Rustic Blue Colour	MI-SB-RB-7	1.0000	1795.0000	6861	7287
9041	2024-02-10	wc-completed	Wooden Mallets for Singing Bowls - Red Wide	Wooden Mallets for Singing Bowls	MI-SB-M-R-Wd-4.5	1.0000	250.0000	6978	7522
9041	2024-02-10	wc-completed	Wooden Mallets for Singing Bowls - Red Straight	Wooden Mallets for Singing Bowls	MI-SB-M-R-Wd-4.5	1.0000	135.0000	6978	7523
9041	2024-02-10	wc-completed	Wooden Mallets for Singing Bowls - Black Wide	Wooden Mallets for Singing Bowls	MI-SB-M-R-Wd-4.5	1.0000	250.0000	6978	7524
9041	2024-02-10	wc-completed	Wooden Mallets for Singing Bowls - Black Straight	Wooden Mallets for Singing Bowls	MI-SB-M-R-Wd-4.5	1.0000	135.0000	6978	7525
9041	2024-02-10	wc-completed	Wooden Mallets for Singing Bowls - Long White	Wooden Mallets for Singing Bowls	MI-SB-M-R-Wd-4.5	1.0000	380.0000	6978	7526
9041	2024-02-10	wc-completed	Wooden Mallets for Singing Bowls - Long Red	Wooden Mallets for Singing Bowls	MI-SB-M-R-Wd-4.5	1.0000	480.0000	6978	7527
9042	2024-02-11	wc-completed	7-Key Kalimba Made from Coconut Shell - Painted - Tortoise	7-Key Kalimba Made from Coconut Shell - Painted & Plain		1.0000	1090.0000	7661	7664
9042	2024-02-11	wc-completed	Ayurvedic Copper Bedroom Jar	Ayurvedic Copper Bedroom Jar	CB-BJ	1.0000	1650.0000	6289	0
9043	2024-02-12	wc-completed	Wooden Mallets for Singing Bowls - Long White	Wooden Mallets for Singing Bowls	MI-SB-M-R-Wd-4.5	1.0000	380.0000	6978	7526
9044	2024-02-12	wc-completed	Kenari Seed Shell Shakers - Large	Kenari Seed Shell Shakers	MI-KR-S-L	1.0000	1699.0000	7472	7511
9044	2024-02-12	wc-completed	Handmade Universal Bowl for Sound Healing	Handmade Universal Bowl for Sound Healing	MI-SB-HM-UN	1.0000	7650.0000	8143	0
9045	2024-02-13	wc-completed	Dumru/Dumroo Indian Handmade Percussion Instrument - 10cms, Red	Dumru/Dumroo Indian Handmade Percussion Instrument		1.0000	435.0000	5740	6909
9045	2024-02-13	wc-completed	Dumru/Dumroo Indian Handmade Percussion Instrument - 9cms, Red	Dumru/Dumroo Indian Handmade Percussion Instrument		1.0000	385.0000	5740	6906
9045	2024-02-13	wc-completed	Dumru/Dumroo Indian Handmade Percussion Instrument - 6cms, Red	Dumru/Dumroo Indian Handmade Percussion Instrument		1.0000	265.0000	5740	6096
9045	2024-02-13	wc-completed	Tibetan Dumroo - Round 8cm			1.0000	2000.0000	7213	7221
9045	2024-02-13	wc-completed	Painted Egg Shakers - Artistically Designed	Painted Egg Shakers	MI-ES-P-A	1.0000	875.0000	7404	7416
9048	2024-02-13	wc-completed	Zafu Meditation Cushion - Sage	Zafu Meditation Cushion Plain Filled with Cotton	Me-Z-R-C-SE	1.0000	985.0000	6711	6733
9049	2024-02-13	wc-completed	Copper Bottle - Black Color with 7 Chakras Vintage - Without Brush	7 Chakras Vintage - Copper Bottle		1.0000	1120.5000	5682	5786
9050	2024-02-14	wc-completed	Zafu Meditation Cushion - Rose	Zafu Meditation Cushion Plain Filled with Cotton	Me-Z-R-C-RE	1.0000	985.0000	6711	6732
9052	2024-02-15	wc-completed	Pangi Seed Shell Rattle	Pangi Seed Shell Rattle	MI-PS	3.0000	5097.0000	7356	0
9053	2024-02-15	wc-completed	Copper Water Bottle with 2 Glasses Set with 7 Chakra Design - Vintage	Copper Bottle Gift Set - 7 Chakra		1.0000	29.9000	6638	6648
9060	2024-02-17	wc-completed	Grooved ,Hammered and Plain Copper Water Bottles	Grooved, Hammered & Plain Copper Bottle		1.0000	1185.0000	6071	6269
9061	2024-02-18	wc-completed	Eco-Friendly Neem Wood Toothbrush - Pack of 4	Eco-Friendly Neem Wood Toothbrush	NTB-4	1.0000	265.5000	5037	5605
9063	2024-02-19	wc-completed	Jala Neti Pot - Ceramic 185 ml - Yellow	Jala Neti Pot - Ceramic 185 ml		1.0000	225.0000	5769	7972
9065	2024-02-20	wc-completed	Wooden Mallets for Singing Bowls - Long Red	Wooden Mallets for Singing Bowls	MI-SB-M-R-Wd-4.5	1.0000	480.0000	6978	7527
9066	2024-02-21	wc-completed	Printed Copper Water Bottles	Artistically Designed Copper Bottles		1.0000	1365.0000	6007	6251
9067	2024-02-22	wc-completed	Singing Bowls Silk Ring Cushion Accessories - 10cms, Orange	Singing Bowls Silk Ring Cushion Accessories	MI-SB-C-O-10	1.0000	180.0000	6988	7768
9070	2024-02-25	wc-completed	Crescent Zafu Meditation Cushion - Grey	Crescent Zafu Meditation Cushion		1.0000	1095.0000	6734	7562
9071	2024-02-25	wc-completed	Jala Neti Pot - Ceramic 185 ml - White	Jala Neti Pot - Ceramic 185 ml	NP-W-185	1.0000	225.0000	5769	5826
9073	2024-02-25	wc-completed	Asalato/Aslatau or Kashaka Shaker	Asalato/Aslatau or Kashaka Shaker	MI-AS	1.0000	1095.0000	7300	0
9073	2024-02-25	wc-completed	Musical Wooden Frog	Musical Wooden Frog	MI-WF	1.0000	950.0000	7456	0
9076	2024-02-27	wc-completed	Bamboo Rainstick - 1m	Bamboo Rainstick	MI-RS-B-1M	1.0000	2655.0000	7484	8764
9077	2024-02-27	wc-completed	Bamboo Rainstick - 1m	Bamboo Rainstick	MI-RS-B-1M	1.0000	2950.0000	7484	8764
9078	2024-02-27	wc-completed	Zafu Meditation Cushion - Rose	Zafu Meditation Cushion Plain Filled with Cotton	Me-Z-R-C-RE	1.0000	985.0000	6711	6732
9079	2024-02-28	wc-completed	Bamboo Rainstick - 1m	Bamboo Rainstick	MI-RS-B-1M	1.0000	2950.0000	7484	8764
9079	2024-02-28	wc-completed	Bamboo Rainstick - 40cms	Bamboo Rainstick	MI-RS-B-40	1.0000	1350.0000	7484	8762
9079	2024-02-28	wc-completed	Mini Bamboo and Aluminium Bar Chime	Mini Bamboo and Aluminium Bar Chime	MI-BCH-S-10	1.0000	950.0000	7450	0
9079	2024-02-28	wc-completed	Teak Wood - Stainless Steel Xylophone - 8 Keys	Teak Wood - Stainless Steel Xylophone	MI-XP-W-8	1.0000	2350.0000	7443	8774
9079	2024-02-28	wc-completed	Bamboo Castanet	Bamboo Castanet	MI-CN-B	1.0000	745.0000	7329	0
9079	2024-02-28	wc-completed	Coconut Maracas Shakers - Painted - Dolphin			1.0000	1199.0000	7377	7379
9079	2024-02-28	wc-completed	Shamanic Drum with Butterfly Artwork	Shamanic Drum	MI-SD-B	1.0000	4999.0000	7293	0
9080	2024-02-28	wc-completed	Yoga Bolster made from Organic Cotton - Sage	Round Yoga Bolster	Yo-BR-R-SE	2.0000	2295.0000	6689	6692
9081	2024-02-29	wc-completed	Handmade Universal Bowl for Sound Healing	Handmade Universal Bowl for Sound Healing	MI-SB-HM-UN	1.0000	7650.0000	8143	0
9082	2024-03-01	wc-completed	Zafu & Zabuton Meditation Cushion Combo - Grey	Zafu & Zabuton Meditation Cushion Combo	CO-Me-Zf-Zn-C-GY	1.0000	2345.0000	7177	7185
9083	2024-03-01	wc-completed	Engraved Copper Water Bottles	7 Chakras Copper Water Bottles		1.0000	1165.5000	6080	8324
9084	2024-03-01	wc-completed	Wooden Mallets for Singing Bowls - Long White	Wooden Mallets for Singing Bowls	MI-SB-M-R-Wd-4.5	1.0000	380.0000	6978	7526
9086	2024-03-02	wc-completed	Copper Water Bottle with 2 Glasses Set with 7 Chakra Design - Vintage	Copper Bottle Gift Set - 7 Chakra		1.0000	1750.0000	6638	6648
9087	2024-03-02	wc-completed	Copper Water Bottle with 2 Glasses Set with 7 Chakra Design - Vintage	Copper Bottle Gift Set - 7 Chakra		1.0000	1750.0000	6638	6648
9088	2024-03-02	wc-completed	Jala Neti Pot - Ceramic 185 ml - Blue	Jala Neti Pot - Ceramic 185 ml	NP-B-185	1.0000	202.5000	5769	6918
9089	2024-03-03	wc-completed	Engraved Copper Water Bottles	7 Chakras Copper Water Bottles		1.0000	1245.0000	6080	6262
9090	2024-03-03	wc-completed	Printed Copper Water Bottles	Artistically Designed Copper Bottles		2.0000	2730.0000	6007	6251
9091	2024-03-04	wc-completed	Hammered Singing Bowl - 14cms	Dotted Singing Bowl	MI-SB-H-5.5	1.0000	1935.0000	6892	6902
9091	2024-03-04	wc-completed	Tuned Singing Bowls for Meditation & Healing - Handmade - Zen - 26cms			1.0000	5579.1000	6867	6869
9091	2024-03-04	wc-completed	Singing Bowls Silk Ring Cushion Accessories - 18 cms, Pink	Singing Bowls Silk Ring Cushion Accessories	MI-SB-C-PK-18	1.0000	310.5000	6988	9025
9091	2024-03-04	wc-completed	Tingsha Bell - Symbol, 6cms	Tingsha Bell		1.0000	1305.0000	5763	6958
9091	2024-03-04	wc-completed	Handmade Polished Singing Bowls for Sound Therapy - 18cms	Handmade Singing Bowls - All Sizes		1.0000	3825.0000	6884	8031
9091	2024-03-04	wc-completed	Singing Bowls Silk Ring Cushion Accessories - 18 cms, Blue	Singing Bowls Silk Ring Cushion Accessories	MI-SB-C-B-18	1.0000	310.5000	6988	7794
9091	2024-03-04	wc-completed	Hammered Singing Bowl - 10cms	Dotted Singing Bowl	MI-SB-H-4	2.0000	2862.0000	6892	6901
9094	2024-03-07	wc-completed	Singing Bowls with Sacred Mantra Printed - Red, 3.5 Inches	Singing Bowls with Sacred Mantra Printed	MI-SB-P-R-3.5	1.0000	945.0000	6807	7953
9095	2024-03-07	wc-completed	Wooden Mallets for Singing Bowls - Long White	Wooden Mallets for Singing Bowls	MI-SB-M-R-Wd-4.5	1.0000	380.0000	6978	7526
9095	2024-03-07	wc-completed	Wooden Mallets for Singing Bowls - Red Wide	Wooden Mallets for Singing Bowls	MI-SB-M-R-Wd-4.5	2.0000	500.0000	6978	7522
9096	2024-03-07	wc-completed	Bamboo Rainstick - 40cms	Bamboo Rainstick	MI-RS-B-40	1.0000	1215.0000	7484	8762
9096	2024-03-07	wc-completed	Asalato/Aslatau or Kashaka Shaker	Asalato/Aslatau or Kashaka Shaker	MI-AS	1.0000	985.5000	7300	0
9096	2024-03-07	wc-completed	Coconut Maracas Shaker	Coconut Maracas Shakers	MI-CM	1.0000	989.1000	7370	0
9096	2024-03-07	wc-completed	Spin/Twist Drum or Den Den Daiko - Geometric	Spin/Twist Drum or Den Den Daiko		1.0000	854.1000	7417	7421
9096	2024-03-07	wc-completed	Egg Shaker with Handle	Egg Shaker with Handle	MI-ES-H	1.0000	706.5000	7396	0
9096	2024-03-07	wc-completed	Bamboo Castanet	Bamboo Castanet	MI-CN-B	1.0000	670.5000	7329	0
9096	2024-03-07	wc-completed	Coconut Rattle	Coconut Rattle	MI-CR	1.0000	981.0000	5730	0
9096	2024-03-07	wc-completed	Dumru/Dumroo Indian Handmade Percussion Instrument - 6cms, Dark Brown	Dumru/Dumroo Indian Handmade Percussion Instrument		1.0000	238.5000	5740	6097
9097	2024-03-07	wc-completed	Asalato/Aslatau or Kashaka Shaker	Asalato/Aslatau or Kashaka Shaker	MI-AS	2.0000	2190.0000	7300	0
9098	2024-03-08	wc-completed	Asalato/Aslatau or Kashaka Shaker	Asalato/Aslatau or Kashaka Shaker	MI-AS	2.0000	1971.0000	7300	0
9100	2024-03-09	wc-completed	Singing Bowls Silk Ring Cushion Accessories - 10cms, Red	Singing Bowls Silk Ring Cushion Accessories	MI-SB-C-R-10	1.0000	180.0000	6988	7771
9101	2024-03-09	wc-completed	Wooden Mallets for Singing Bowls - Black Wide	Wooden Mallets for Singing Bowls	MI-SB-M-R-Wd-4.5	1.0000	250.0000	6978	7524
9103	2024-03-10	wc-completed	Zafu Meditation Cushion - Navy Blue	Zafu Meditation Cushion Plain Filled with Cotton	Me-Z-R-C-NB	1.0000	985.0000	6711	6731
9105	2024-03-10	wc-completed	Handmade Universal Bowl for Sound Healing	Handmade Universal Bowl for Sound Healing	MI-SB-HM-UN	1.0000	7650.0000	8143	0
9106	2024-03-10	wc-completed	Yoga Bolster made from Organic Cotton - Navy Blue	Round Yoga Bolster	Yo-BR-R-NB	1.0000	1275.0000	6689	6693
9106	2024-03-10	wc-completed	Eco-Friendly Neem Wood Toothbrush - Pack of 2	Eco-Friendly Neem Wood Toothbrush	NTB-2	1.0000	175.0000	5037	5604
9106	2024-03-10	wc-completed	7 Chakras Mystical Incense Sticks Set - 7 Chakara	7 Chakras Mystical Incense Sticks Set	IS-7C	1.0000	490.0000	7687	7688
9106	2024-03-10	wc-completed	Zafu & Zabuton Meditation Cushion Combo - Navy Blue	Zafu & Zabuton Meditation Cushion Combo	CO-Me-Zf-Zn-C-NB	1.0000	2345.0000	7177	7186
9106	2024-03-10	wc-completed	Natural Lavender Scented Eye Pillows - Dark Grey	Natural Lavender Scented Eye Pillows	Yo-P-E-DG	1.0000	345.0000	6519	6528
9106	2024-03-10	wc-completed	Copper Tongue Cleaner - Pack of 2, Straight	Copper Tongue Cleaner	TC-R-1	1.0000	275.0000	5042	7810
9106	2024-03-10	wc-completed	Stainless Steel Straws - Pack of 2	Stainless Steel Straws	SSS-2	1.0000	175.0000	6505	6507
9106	2024-03-10	wc-completed	Natural Cotton Yoga Mat with Rubber Grip - Plain	Plain Moderate Grip Yoga Mat		1.0000	2600.0000	8379	8690
9110	2024-03-11	wc-completed	Zafu Meditation Cushion - Orange	Zafu Meditation Cushion Plain Filled with Cotton	Me-Z-R-C-O	1.0000	985.0000	6711	7565
9113	2024-03-13	wc-completed	Macrame Yoga Mat Straps - Green	Macrame Yoga Mat Straps	Yo-MC-MS-G	1.0000	659.0000	7568	7569
9114	2024-03-13	wc-completed	Yoga Belt/Strap for Sturdy Grip - Rose	Yoga Belt/Strap for Sturdy Grip	Yo-BL-D-RE	1.0000	349.0000	6530	6549
9116	2024-03-15	wc-completed	Sacred Tibetan Buddhist Bell - 15cms*8cms	Tibetan Buddhist Bell		2.0000	2500.0000	6973	6977
9117	2024-03-16	wc-completed	Wooden Mallets for Singing Bowls - Red Wide	Wooden Mallets for Singing Bowls	MI-SB-M-R-Wd-4.5	1.0000	250.0000	6978	7522
9118	2024-03-17	wc-completed	Copper Bottle - Black Color with 7 Chakras Vintage - With Brush	7 Chakras Vintage - Copper Bottle		1.0000	1365.0000	5682	5787
9119	2024-03-18	wc-completed	Bamboo Rainstick - 40cms	Bamboo Rainstick	MI-RS-B-40	1.0000	1350.0000	7484	8762
9120	2024-03-19	wc-completed	Singing Bowls Silk Ring Cushion Accessories - 18 cms, Blue	Singing Bowls Silk Ring Cushion Accessories	MI-SB-C-B-18	1.0000	345.0000	6988	7794
9121	2024-03-19	wc-completed	Bamboo Rainstick - 40cms	Bamboo Rainstick	MI-RS-B-40	1.0000	1350.0000	7484	8762
9124	2024-03-21	wc-completed	Bamboo Rainstick - 40cms	Bamboo Rainstick	MI-RS-B-40	1.0000	1350.0000	7484	8762
9125	2024-03-21	wc-completed	Macrame Yoga Mat Straps - Orange	Macrame Yoga Mat Straps	Yo-MC-MS-O	1.0000	659.0000	7568	7571
9127	2024-03-23	wc-completed	Hammered Singing Bowl - 10cms	Dotted Singing Bowl	MI-SB-H-4	1.0000	1590.0000	6892	6901
9128	2024-03-23	wc-completed	Zafu Meditation Cushion - Navy Blue	Zafu Meditation Cushion Plain Filled with Cotton	Me-Z-R-C-NB	1.0000	985.0000	6711	6731
9129	2024-03-25	wc-completed	Hammered Singing Bowl - 14cms	Dotted Singing Bowl	MI-SB-H-5.5	1.0000	2150.0000	6892	6902
9130	2024-03-25	wc-completed	Hi-Zafu Meditation Cushion filled with Buckwheat Hulls - Sage	Hi-Zafu Meditation Cushion - Filled with Buckwheat	Me-C-HZ-SE	1.0000	1040.0000	6755	6778
9131	2024-03-26	wc-completed	Bamboo Rainstick - 40cms	Bamboo Rainstick	MI-RS-B-40	1.0000	1350.0000	7484	8762
9132	2024-03-26	wc-completed	Singing Bowls Silk Ring Cushion Accessories - 10cms, Brown	Singing Bowls Silk Ring Cushion Accessories	MI-SB-C-Bn-10	1.0000	180.0000	6988	7770
9133	2024-03-26	wc-completed	Singing Bowls Silk Ring Cushion Accessories - 12cms, Navy Blue	Singing Bowls Silk Ring Cushion Accessories	MI-SB-C-NB-12	1.0000	225.0000	6988	7774
9134	2024-03-27	wc-completed	Mini Bamboo and Aluminium Bar Chime	Mini Bamboo and Aluminium Bar Chime	MI-BCH-S-10	1.0000	950.0000	7450	0
9135	2024-03-27	wc-completed	Handmade Polished Singing Bowls for Sound Therapy - 22cms(Heart Bowl)	Handmade Singing Bowls - All Sizes		1.0000	5355.0000	6884	8034
9135	2024-03-27	wc-completed	Handmade Polished Singing Bowls for Sound Therapy - 28.5(Belly Bowl)	Handmade Singing Bowls - All Sizes		1.0000	10575.0000	6884	8153
9136	2024-03-27	wc-completed	Wooden Mallets for Singing Bowls - Red Wide	Wooden Mallets for Singing Bowls	MI-SB-M-R-Wd-4.5	1.0000	250.0000	6978	7522
9136	2024-03-27	wc-completed	Jala Neti Pot - Ceramic 185 ml - Mint Green	Jala Neti Pot - Ceramic 185 ml	NP-MG-185	1.0000	225.0000	5769	6336
9136	2024-03-27	wc-completed	Bamboo Rainstick - 40cms	Bamboo Rainstick	MI-RS-B-40	1.0000	1350.0000	7484	8762
9136	2024-03-27	wc-completed	Musical Wooden Frog	Musical Wooden Frog	MI-WF	1.0000	950.0000	7456	0
9137	2024-03-28	wc-completed	Engraved Copper Water Bottles	7 Chakras Copper Water Bottles		1.0000	1415.0000	6080	8323
9138	2024-03-28	wc-completed	Wooden Mallets for Singing Bowls - Long Red	Wooden Mallets for Singing Bowls	MI-SB-M-R-Wd-4.5	1.0000	480.0000	6978	7527
9139	2024-03-29	wc-completed	Bamboo Rainstick - 1m	Bamboo Rainstick	MI-RS-B-1M	1.0000	2950.0000	7484	8764
9141	2024-03-30	wc-completed	Natural Lavender Scented Eye Pillows - Rose	Natural Lavender Scented Eye Pillows	Yo-P-E-RE	1.0000	345.0000	6519	6525
9141	2024-03-30	wc-completed	Natural Lavender Scented Eye Pillows - Sage	Natural Lavender Scented Eye Pillows	Yo-P-E-SE	1.0000	345.0000	6519	6529
9143	2024-03-30	wc-completed	Bamboo Rainstick - 40cms	Bamboo Rainstick	MI-RS-B-40	1.0000	1215.0000	7484	8762
9144	2024-03-30	wc-completed	Engraved Copper Water Bottles	7 Chakras Copper Water Bottles		2.0000	2241.0000	6080	6262
9148	2024-04-01	wc-completed	Asalato/Aslatau or Kashaka Shaker - Pair	Asalato/Aslatau or Kashaka Shaker	MI-AS	1.0000	1975.0000	7300	9112
9148	2024-04-01	wc-completed	Mini Bamboo and Aluminium Bar Chime	Mini Bamboo and Aluminium Bar Chime	MI-BCH-S-10	1.0000	950.0000	7450	0
9149	2024-04-01	wc-completed	Zafu Meditation Cushion - Sage	Zafu Meditation Cushion Plain Filled with Cotton	Me-Z-R-C-SE	4.0000	3546.0000	6711	6733
9149	2024-04-01	wc-completed	Zafu Meditation Cushion - Rose	Zafu Meditation Cushion Plain Filled with Cotton	Me-Z-R-C-RE	4.0000	3546.0000	6711	6732
9149	2024-04-01	wc-completed	Zafu Meditation Cushion - Orange	Zafu Meditation Cushion Plain Filled with Cotton	Me-Z-R-C-O	1.0000	886.5000	6711	7565
9150	2024-04-01	wc-completed	Wooden Mallets for Singing Bowls - Long White	Wooden Mallets for Singing Bowls	MI-SB-M-R-Wd-4.5	1.0000	380.0000	6978	7526
9151	2024-04-01	wc-completed	Copper Water Bottle with 2 Glasses Set with 7 Chakra Design - Vintage	Copper Bottle Gift Set - 7 Chakra		1.0000	1750.0000	6638	6648
9155	2024-04-02	wc-completed	Engraved Flat/Wind/Tibetan Gong for Meditation & Sound Therapy - Om, 24 in	Etched Wind Gong		1.0000	26000.0000	8846	8881
9155	2024-04-02	wc-completed	Musical Wooden Frog	Musical Wooden Frog	MI-WF	1.0000	950.0000	7456	0
9159	2024-04-04	wc-completed	Natural Lavender Scented Eye Pillows - Sage	Natural Lavender Scented Eye Pillows	Yo-P-E-SE	1.0000	345.0000	6519	6529
9160	2024-04-04	wc-completed	Jala Neti Pot - Ceramic 185 ml - White	Jala Neti Pot - Ceramic 185 ml	NP-W-185	1.0000	225.0000	5769	5826
9165	2024-04-07	wc-completed	Bamboo Rainstick - 1m	Bamboo Rainstick	MI-RS-B-1M	1.0000	2950.0000	7484	8764
9165	2024-04-07	wc-completed	Mini Bamboo and Aluminium Bar Chime	Mini Bamboo and Aluminium Bar Chime	MI-BCH-S-10	1.0000	950.0000	7450	0
9166	2024-04-07	wc-completed	Bamboo Rainstick - 1m	Bamboo Rainstick	MI-RS-B-1M	1.0000	2655.0000	7484	8764
9169	2024-04-08	wc-completed	Crescent Zafu Meditation Cushion - Rouge Pink	Crescent Zafu Meditation Cushion		1.0000	1095.0000	6734	6751
9171	2024-04-08	wc-completed	Singing Bowl - Handmade with Yin & Yang - 7 Inches			1.0000	6950.0000	7584	7586
9172	2024-04-09	wc-completed	Natural Bamboo Xylophone with 5 Keys	Natural Bamboo Xylophone with 5 Keys	MI-XP-B-5	1.0000	2650.0000	7435	0
9173	2024-04-09	wc-completed	Mini Bamboo and Aluminium Bar Chime	Mini Bamboo and Aluminium Bar Chime	MI-BCH-S-10	1.0000	855.0000	7450	0
9174	2024-04-09	wc-completed	Bamboo Rainstick - 1m	Bamboo Rainstick	MI-RS-B-1M	1.0000	2655.0000	7484	8764
9176	2024-04-10	wc-completed	Artistically Handcrafted Anahata Tongue Drums - D Shanti (D minor), OM Mandala			1.0000	15750.0000	5385	6244
9177	2024-04-10	wc-completed	Asalato/Aslatau or Kashaka Shaker - Pair	Asalato/Aslatau or Kashaka Shaker	MI-AS	1.0000	1777.5000	7300	9112
9177	2024-04-10	wc-completed	Natural Lavender Scented Eye Pillows - Rose	Natural Lavender Scented Eye Pillows	Yo-P-E-RE	1.0000	310.5000	6519	6525
9177	2024-04-10	wc-completed	Natural Lavender Scented Eye Pillows - Grey	Natural Lavender Scented Eye Pillows	Yo-P-E-GY	1.0000	310.5000	6519	6526
9178	2024-04-10	wc-completed	Zafu & Zabuton Meditation Cushion Combo - Navy Blue	Zafu & Zabuton Meditation Cushion Combo	CO-Me-Zf-Zn-C-NB	1.0000	2961.0000	7177	7186
9182	2024-04-12	wc-completed	Yoga Bolster made from Organic Cotton - Grey	Round Yoga Bolster	Yo-BR-R-GY	1.0000	1275.0000	6689	6695
9184	2024-04-13	wc-completed	Natural Cotton Yoga Mat with Rubber Grip – Lotus Embroidered	Lotus Moderate Grip Yoga Mat		1.0000	2190.0000	8401	8402
9184	2024-04-13	wc-completed	Natural Cotton Yoga Mat with Rubber Grip – Lotus Embroidered	Lotus Moderate Grip Yoga Mat		1.0000	2190.0000	8401	8419
9184	2024-04-13	wc-completed	Natural Cotton Yoga Mat with Rubber Grip – 7 Chakras Embroidered	7 Chakras Moderate Grip Yoga Mat		1.0000	2240.0000	8422	8436
9184	2024-04-13	wc-completed	Natural Cotton Yoga Mat with Rubber Grip – 7 Chakras Embroidered	7 Chakras Moderate Grip Yoga Mat		1.0000	2240.0000	8422	8439
9184	2024-04-13	wc-completed	Yoga Belt/Strap for Sturdy Grip - Sky Blue	Yoga Belt/Strap for Sturdy Grip	Yo-BL-D-SB	1.0000	349.0000	6530	6545
9184	2024-04-13	wc-completed	Yoga Belt/Strap for Sturdy Grip - Beige	Yoga Belt/Strap for Sturdy Grip	Yo-BL-D-BE	1.0000	349.0000	6530	6547
9184	2024-04-13	wc-completed	Copper Water Bottle with 2 Glasses Set with 7 Chakra Design - Vintage	Copper Bottle Gift Set - 7 Chakra		1.0000	1750.0000	6638	6648
9186	2024-04-14	wc-completed	Singing Bowls with Sacred Mantra Printed - Green, 3.5 Inches	Singing Bowls with Sacred Mantra Printed	MI-SB-P-G-3.5	1.0000	945.0000	6807	7956
9187	2024-04-14	wc-completed	Handmade Universal Bowl for Sound Healing	Handmade Universal Bowl for Sound Healing	MI-SB-HM-UN	1.0000	7650.0000	8143	0
9188	2024-04-14	wc-completed	Wooden Mallets for Singing Bowls - Long Red	Wooden Mallets for Singing Bowls	MI-SB-M-R-Wd-4.5	1.0000	480.0000	6978	7527
9197	2024-04-14	wc-completed	Asalato/Aslatau or Kashaka Shaker - Pair	Asalato/Aslatau or Kashaka Shaker	MI-AS	1.0000	1975.0000	7300	9112
9202	2024-04-16	wc-completed	Yoga Bolster made from Organic Cotton - Navy Blue	Round Yoga Bolster	Yo-BR-R-NB	1.0000	1275.0000	6689	6693
9203	2024-04-18	wc-completed	Zafu Meditation Cushion - Rose	Zafu Meditation Cushion Plain Filled with Cotton	Me-Z-R-C-RE	1.0000	985.0000	6711	6732
9203	2024-04-18	wc-completed	Zafu Meditation Cushion - Grey	Zafu Meditation Cushion Plain Filled with Cotton	Me-Z-R-C-GY	1.0000	985.0000	6711	6730
9203	2024-04-18	wc-completed	Zafu Meditation Cushion - Orange	Zafu Meditation Cushion Plain Filled with Cotton	Me-Z-R-C-O	1.0000	985.0000	6711	7565
9203	2024-04-18	wc-completed	Zafu Meditation Cushion - Sage	Zafu Meditation Cushion Plain Filled with Cotton	Me-Z-R-C-SE	1.0000	985.0000	6711	6733
9206	2024-04-18	wc-completed	Zafu Meditation Cushion - Dark Grey	Zafu Meditation Cushion Plain Filled with Cotton	Me-Z-R-C-DG	1.0000	985.0000	6711	6729
9209	2024-04-19	wc-completed	Asalato/Aslatau or Kashaka Shaker - Pair	Asalato/Aslatau or Kashaka Shaker	MI-AS	1.0000	1975.0000	7300	9112
9212	2024-04-20	wc-completed	Natural Lavender Scented Eye Pillows - Rose	Natural Lavender Scented Eye Pillows	Yo-P-E-RE	1.0000	345.0000	6519	6525
9213	2024-04-21	wc-completed	Asalato/Aslatau or Kashaka Shaker - Single	Asalato/Aslatau or Kashaka Shaker	MI-AS	1.0000	1095.0000	7300	9111
9214	2024-04-21	wc-completed	Hi-Zafu Meditation Cushion filled with Buckwheat Hulls - Red	Hi-Zafu Meditation Cushion - Filled with Buckwheat	Me-C-HZ-RD	1.0000	1040.0000	6755	6779
9217	2024-04-24	wc-completed	Zafu Meditation Cushion - Dark Grey	Zafu Meditation Cushion Plain Filled with Cotton	Me-Z-R-C-DG	1.0000	985.0000	6711	6729
9217	2024-04-24	wc-completed	7 Chakras Mystical Incense Sticks Set - Pure Citronella	7 Chakras Mystical Incense Sticks Set		1.0000	80.0000	7687	7689
9217	2024-04-24	wc-completed	Natural Lavender Scented Eye Pillows - Rose	Natural Lavender Scented Eye Pillows	Yo-P-E-RE	1.0000	345.0000	6519	6525
9217	2024-04-24	wc-completed	Wooden Mallets for Singing Bowls - Red Straight	Wooden Mallets for Singing Bowls	MI-SB-M-R-Wd-4.5	1.0000	135.0000	6978	7523
9217	2024-04-24	wc-completed	Tibetan Buddhist Bell - Medium 3*5.5in	Tibetan Buddhist Bell	MI-BB-3	1.0000	1185.0000	6973	9199
9217	2024-04-24	wc-completed	Copper Tongue Cleaner - Pack of 1, Ring	Copper Tongue Cleaner	TC-R-1	1.0000	165.0000	5042	7807
9217	2024-04-24	wc-completed	Singing Bowls Silk Ring Cushion Accessories - 10cms, Green	Singing Bowls Silk Ring Cushion Accessories	MI-SB-C-G-10	1.0000	180.0000	6988	7765
9218	2024-04-24	wc-completed	Thunder Tube	Thunder Tube - Basic Edition	MI-TT-20	1.0000	950.0000	7317	0
9218	2024-04-24	wc-completed	Mini Bamboo and Aluminium Bar Chime	Mini Bamboo and Aluminium Bar Chime	MI-BCH-S-10	1.0000	950.0000	7450	0
9218	2024-04-24	wc-completed	Pangi Seed Shell Rattle	Pangi Seed Shell Rattle	MI-PS	1.0000	1699.0000	7356	0
9234	2024-04-24	wc-completed	Tingsha Bell - Mantra, 7cms	Tingsha Bell		1.0000	1650.0000	5763	6961
9371	2024-04-25	wc-completed	Singing Bowl Handmade - Flower of Life - 7 Inches			1.0000	6450.0000	7590	7596
9372	2024-04-25	wc-completed	Handmade Polished Singing Bowls for Sound Therapy - 12cms	Handmade Singing Bowls - All Sizes		1.0000	2115.0000	6884	8028
9373	2024-04-26	wc-completed	Handmade Polished Singing Bowls for Sound Therapy - 10cms	Handmade Singing Bowls - All Sizes		1.0000	1950.0000	6884	8027
9374	2024-04-27	wc-completed	Bamboo Rainstick - 1m	Bamboo Rainstick	MI-RS-B-1M	1.0000	2655.0000	7484	8764
9382	2024-04-28	wc-completed	Copper Bottle - Bedroom Jar - With Brush			1.0000	1650.0000	5694	5792
9384	2024-04-28	wc-completed	Engraved Copper Water Bottles	7 Chakras Copper Water Bottles		1.0000	1295.0000	6080	8322
9384	2024-04-28	wc-completed	Engraved Copper Water Bottles	7 Chakras Copper Water Bottles		1.0000	1295.0000	6080	8324
9452	2024-04-30	wc-completed	Singing Bowl Handmade - Flower of Life - 7 Inches			1.0000	89.5000	7590	7596
9453	2024-05-01	wc-completed	Asalato/Aslatau or Kashaka Shaker - Pair	Asalato/Aslatau or Kashaka Shaker	MI-AS	1.0000	1975.0000	7300	9112
9542	2024-05-05	wc-completed	Wooden Mallets for Singing Bowls - Long Red	Wooden Mallets for Singing Bowls	MI-SB-M-R-Wd-4.5	1.0000	480.0000	6978	7527
9542	2024-05-05	wc-completed	Wooden Mallets for Singing Bowls - Long White	Wooden Mallets for Singing Bowls	MI-SB-M-R-Wd-4.5	1.0000	380.0000	6978	7526
9674	2024-05-07	wc-completed	Pangi Seed Shell Rattle	Pangi Seed Shell Rattle	MI-PS	2.0000	3398.0000	7356	0
9793	2024-05-10	wc-completed	Shamanic Drum - Plain, 45 cms	Shamanic Drum	MI-SD-P-45	1.0000	5265.0000	7293	9590
9793	2024-05-10	wc-completed	Thunder Tube	Thunder Tube - Basic Edition	MI-TT-20	1.0000	855.0000	7317	0
9793	2024-05-10	wc-completed	Musical Wooden Frog	Musical Wooden Frog	MI-WF	1.0000	855.0000	7456	0
9794	2024-05-11	wc-completed	Hi-Zafu Meditation Cushion filled with Buckwheat and Embroidered with Lotus - Lavender	Hi-Zafu Meditation Cushion - Embroidered with Lotus	Me-C-HZ-L-E-L	1.0000	1345.0000	9291	9378
9794	2024-05-11	wc-completed	Rectangular Yoga Bolster made from Organic Cotton - Rose	Rectangular Yoga Bolster	Yo-BR-RE-RE	1.0000	1250.0000	9675	9680
9794	2024-05-11	wc-completed	Yoga Bolster made from Organic Cotton - Navy Blue	Round Yoga Bolster	Yo-BR-R-NB	1.0000	1350.0000	6689	6693
9929	2024-05-13	wc-completed	Wooden Tambourine-Circular			2.0000	2300.0000	7334	0
9985	2024-05-14	wc-completed	Jala Neti Pot - Ceramic 185 ml - Lemon Yellow	Jala Neti Pot - Ceramic 185 ml	NP-LY-185	1.0000	225.0000	5769	6335
9992	2024-05-14	wc-completed	Bamboo Rainstick - 1m	Bamboo Rainstick	MI-RS-B-1M	1.0000	2950.0000	7484	8764
9993	2024-05-14	wc-completed	Teak Wood - Stainless Steel Xylophone - 8 Keys	Teak Wood - Stainless Steel Xylophone	MI-XP-W-8	1.0000	2115.0000	7443	8774
9994	2024-05-14	wc-completed	Tingsha Bell - Symbol, 7cms	Tingsha Bell		1.0000	1650.0000	5763	6959
9994	2024-05-14	wc-completed	Tibetan Buddhist Bell - Large 3.5*7in	Tibetan Buddhist Bell	MI-BB-3.5	1.0000	1385.0000	6973	9200
10060	2024-05-16	wc-completed	Plain Flat/Wind/Tibetan Gong for Meditation & Sound Therapy - 24 in	Plain/Wind Tibetan Gong	MI-G-P-24	1.0000	16650.0000	8833	8851
10076	2024-05-17	wc-completed	Jala Neti Pot - Ceramic 185 ml - Blue	Jala Neti Pot - Ceramic 185 ml	NP-B-185	1.0000	225.0000	5769	6918
10076	2024-05-17	wc-completed	Kenari Seed Shell Shakers - Small	Kenari Seed Shell Shakers	MI-KR-S-S	1.0000	785.0000	7472	7510
10078	2024-05-18	wc-completed	Handmade Universal Bowl for Sound Healing	Handmade Universal Bowl for Sound Healing	MI-SB-HM-UN	1.0000	7650.0000	8143	0
10079	2024-05-18	wc-completed	Bamboo Rainstick - 1m	Bamboo Rainstick	MI-RS-B-1M	1.0000	2950.0000	7484	8764
10103	2024-05-21	wc-completed	Asalato/Aslatau or Kashaka Shaker - Pair	Asalato/Aslatau or Kashaka Shaker	MI-AS	1.0000	39.5000	7300	9112
10104	2024-05-21	wc-completed	Handcrafted Set of 7 Bowls for Sound Therapy - Medium Set, Standard Matte	Handcrafted Set of 7 Bowls for Sound Therapy	MI-SB-7C Set-S-M	1.0000	510.0000	7887	9193
10105	2024-05-22	wc-completed	Asalato/Aslatau or Kashaka Shaker - Pair	Asalato/Aslatau or Kashaka Shaker	MI-AS	1.0000	2450.0000	7300	9112
10125	2024-05-22	wc-completed	Yoga Bolster made from Organic Cotton - Rose	Round Yoga Bolster	Yo-BR-R-RE	1.0000	1350.0000	6689	6694
10126	2024-05-22	wc-completed	Singing Bowl with Mantra - Rustic Blue Colour - 7 Inches	Singing Bowl with Mantra - Rustic Blue Colour	MI-SB-RB-7	1.0000	1795.0000	6861	7287
10126	2024-05-22	wc-completed	Teak Wood - Stainless Steel Xylophone - 8 Keys	Teak Wood - Stainless Steel Xylophone	MI-XP-W-8	1.0000	2350.0000	7443	8774
10129	2024-05-22	wc-completed	Tingsha Bell - Mantra, 7cms	Tingsha Bell		1.0000	1650.0000	5763	6961
10130	2024-05-22	wc-completed	Jala Neti Pot - Ceramic 185 ml - Mint Green	Jala Neti Pot - Ceramic 185 ml	NP-MG-185	1.0000	225.0000	5769	6336
10132	2024-05-23	wc-completed	Asalato/Aslatau or Kashaka Shaker - Pair	Asalato/Aslatau or Kashaka Shaker	MI-AS	1.0000	2450.0000	7300	9112
10135	2024-05-24	wc-completed	Jala Neti Pot - Ceramic 185 ml - White	Jala Neti Pot - Ceramic 185 ml	NP-W-185	15.0000	3375.0000	5769	5826
10137	2024-05-25	wc-completed	Singing Bowls Silk Ring Cushion Accessories - 10cms, Brown	Singing Bowls Silk Ring Cushion Accessories	MI-SB-C-Bn-10	1.0000	180.0000	6988	7770
10139	2024-05-25	wc-completed	Yoga Bolster made from Organic Cotton - Dark Grey	Round Yoga Bolster	Yo-BR-R-DG	1.0000	1350.0000	6689	6691
10142	2024-05-25	wc-completed	Crescent Zafu Meditation Cushion - Rouge Pink Large	Crescent Zafu Meditation Cushion		1.0000	985.5000	6734	6751
10143	2024-05-26	wc-completed	Bamboo Rainstick - 60cms	Bamboo Rainstick	MI-RS-B-60	1.0000	1750.0000	7484	8763
10144	2024-05-26	wc-completed	Singing Bowls with Sacred Mantra Printed - Gold, 4 Inches	Singing Bowls with Sacred Mantra Printed	MI-SB-P-W-4	1.0000	1485.0000	6807	7289
10145	2024-05-26	wc-completed	Bamboo Rainstick - 1m	Bamboo Rainstick	MI-RS-B-1M	1.0000	2655.0000	7484	8764
10146	2024-05-26	wc-completed	Asalato/Aslatau or Kashaka Shaker - Pair	Asalato/Aslatau or Kashaka Shaker	MI-AS	1.0000	2450.0000	7300	9112
10146	2024-05-26	wc-completed	Kenari Seed Shell Shaker with Handle	Kenari Seed Shell Shaker with Handle	MI-KS-H	1.0000	975.0000	7349	0
10147	2024-05-26	wc-completed	Jala Neti Pot - Ceramic 185 ml - Blue	Jala Neti Pot - Ceramic 185 ml	NP-B-185	1.0000	225.0000	5769	6918
10150	2024-05-26	wc-completed	Coconut Maracas Shakers - Painted - Tortoise			1.0000	1199.0000	7377	7378
10150	2024-05-26	wc-completed	Sarveda Crystal Bowls - 6 in	Crystal Bowls	MI-CB-W-6	1.0000	8950.0000	9777	9778
10150	2024-05-26	wc-completed	Shamanic Drum - Butterfly, 40 cms	Shamanic Drum	MI-SD-B-40	1.0000	5550.0000	7293	9592
10151	2024-05-26	wc-completed	Asalato/Aslatau or Kashaka Shaker - Pair	Asalato/Aslatau or Kashaka Shaker	MI-AS	1.0000	2205.0000	7300	9112
10152	2024-05-27	wc-completed	Rectangular Yoga Bolster made from Organic Cotton - Dark Grey	Rectangular Yoga Bolster	Yo-BR-RE-DG	1.0000	1250.0000	9675	9677
10335	2024-05-28	wc-completed	Rectangular Yoga Bolster made from Organic Cotton - Navy Blue	Rectangular Yoga Bolster	Yo-BR-RE-NB	2.0000	2500.0000	9675	9679
10336	2024-05-28	wc-completed	Pangi Seed Shell Rattle	Pangi Seed Shell Rattle	MI-PS	2.0000	3398.0000	7356	0
10339	2024-05-28	wc-completed	Eye Shaped Natural Lavender Scented Eye Pillows - Grey	Eye Shaped Natural Lavender Scented Eye Pillows	Yo-P-E-GY-1	1.0000	395.0000	9220	9222
10340	2024-05-29	wc-completed	Kenari Seed Shell Shakers - Large	Kenari Seed Shell Shakers	MI-KR-S-L	1.0000	1699.0000	7472	7511
10340	2024-05-29	wc-completed	Pangi Seed Shell Rattle	Pangi Seed Shell Rattle	MI-PS	1.0000	1699.0000	7356	0
10341	2024-05-29	wc-completed	Natural Cotton Yoga Mat with Moderate Grip – 7 Chakras - 27.5in*76.5in	7 Chakras Moderate Grip Yoga Mat		1.0000	1890.0000	8422	8471
10342	2024-05-30	wc-completed	Copper Bottle - Bedroom Jar - Without Brush			1.0000	1245.0000	5694	5791
10342	2024-05-30	wc-completed	Eye Shaped Natural Lavender Scented Eye Pillows - Rose	Eye Shaped Natural Lavender Scented Eye Pillows	Yo-P-E-RE-1	1.0000	395.0000	9220	9221
10342	2024-05-30	wc-completed	Eco-Friendly Neem Wood Toothbrush - Pack of 2	Eco-Friendly Neem Wood Toothbrush	NTB-2	1.0000	225.0000	5037	5604
10343	2024-05-31	wc-completed	Hammered Singing Bowl - 10cms	Dotted Singing Bowl	MI-SB-H-4	1.0000	1431.0000	6892	6901
10354	2024-06-01	wc-completed	Crescent Zafu Meditation Cushion - Lavender	Crescent Zafu Meditation Cushion		1.0000	1095.0000	6734	9671
10356	2024-06-02	wc-completed	Mini Bamboo and Aluminium Bar Chime	Mini Bamboo and Aluminium Bar Chime	MI-BCH-S-10	1.0000	950.0000	7450	0
10356	2024-06-02	wc-completed	Thunder Tube	Thunder Tube - Basic Edition	MI-TT-20	1.0000	950.0000	7317	0
10356	2024-06-02	wc-completed	Bamboo Rainstick - 40cms	Bamboo Rainstick	MI-RS-B-40	1.0000	1350.0000	7484	8762
10357	2024-06-02	wc-completed	Ocean Drums - Plain, 40 cms	Ocean Drums	MI-OD-P-40	1.0000	3250.0000	9529	9534
10357	2024-06-02	wc-completed	Jala Neti Pot - Ceramic 185 ml - Red	Jala Neti Pot - Ceramic 185 ml	NP-R-185	1.0000	245.0000	5769	5776
10357	2024-06-02	wc-completed	Mini Bamboo and Aluminium Bar Chime	Mini Bamboo and Aluminium Bar Chime	MI-BCH-S-10	1.0000	950.0000	7450	0
10357	2024-06-02	wc-completed	Pangi Seed Shell Rattle	Pangi Seed Shell Rattle	MI-PS	1.0000	1699.0000	7356	0
10357	2024-06-02	wc-completed	Thunder Tube	Thunder Tube - Basic Edition	MI-TT-20	1.0000	950.0000	7317	0
10357	2024-06-02	wc-completed	Neem Wood Combs - Comb with Handle	Neem Wood Combs	NWC-H	4.0000	660.0000	5038	5596
10357	2024-06-02	wc-completed	Kenari Seed Shell Shakers - Large	Kenari Seed Shell Shakers	MI-KR-S-L	1.0000	1699.0000	7472	7511
10358	2024-06-02	wc-completed	Singing Bowl with Mantra - Rustic Blue Colour - 7 Inches	Singing Bowl with Mantra - Rustic Blue Colour	MI-SB-RB-7	1.0000	1795.0000	6861	7287
10359	2024-06-03	wc-completed	Yoga Blanket made from Organic Cotton - Brown	Yoga Blanket made from Organic Cotton	Yo-BT-C-BW	1.0000	1395.0000	6668	6687
10359	2024-06-03	wc-completed	Natural Lavender Scented Eye Pillows - Rose	Natural Lavender Scented Eye Pillows	Yo-P-E-RE	1.0000	395.0000	6519	6525
10359	2024-06-03	wc-completed	Natural Lavender Scented Eye Pillows - Sage	Natural Lavender Scented Eye Pillows	Yo-P-E-SE	1.0000	395.0000	6519	6529
10362	2024-06-03	wc-completed	Singing Bowl with Mantra - Rustic Blue Colour - 7 Inches	Singing Bowl with Mantra - Rustic Blue Colour	MI-SB-RB-7	1.0000	1615.5000	6861	7287
42237	2024-06-04	wc-completed	Asalato/Aslatau or Kashaka Shaker - Pair	Asalato/Aslatau or Kashaka Shaker	MI-AS	1.0000	2450.0000	7300	9112
42238	2024-06-04	wc-completed	Bamboo Rainstick - 60cms	Bamboo Rainstick	MI-RS-B-60	1.0000	1575.0000	7484	8763
42238	2024-06-04	wc-completed	Hi-Zafu Meditation Cushion filled with Buckwheat Hulls - Royal Blue	Hi-Zafu Meditation Cushion - Filled with Buckwheat	Me-C-HZ-RB	1.0000	1066.5000	6755	6775
42238	2024-06-04	wc-completed	Yoga Bolster made from Organic Cotton - Navy Blue	Round Yoga Bolster	Yo-BR-R-NB	1.0000	1215.0000	6689	6693
42240	2024-06-05	wc-completed	Ocean Drums - Plain, 35 cms	Ocean Drums	MI-OD-P-35	1.0000	2750.0000	9529	9533
42241	2024-06-05	wc-completed	Painted Egg Shakers - Artistically Designed	Painted Egg Shakers	MI-ES-P-A	1.0000	875.0000	7404	7416
42241	2024-06-05	wc-completed	Bamboo Rainstick - 40cms	Bamboo Rainstick	MI-RS-B-40	1.0000	1350.0000	7484	8762
42253	2024-06-06	wc-completed	Yoga Bolster made from Organic Cotton - Navy Blue	Round Yoga Bolster	Yo-BR-R-NB	1.0000	1350.0000	6689	6693
42276	2024-06-07	wc-completed	Wooden Mallets for Singing Bowls - Red Straight	Wooden Mallets for Singing Bowls	MI-SB-M-R-Wd-4.5	1.0000	200.0000	6978	7523
42277	2024-06-07	wc-completed	Wooden Mallets for Singing Bowls - Red Wide	Wooden Mallets for Singing Bowls	MI-SB-M-R-Wd-4.5	1.0000	229.5000	6978	7522
42277	2024-06-07	wc-completed	Wooden Mallets for Singing Bowls - Black Straight	Wooden Mallets for Singing Bowls	MI-SB-M-R-Wd-4.5	1.0000	180.0000	6978	7525
42277	2024-06-07	wc-completed	Wooden Mallets for Singing Bowls - Long White	Wooden Mallets for Singing Bowls	MI-SB-M-R-Wd-4.5	1.0000	580.5000	6978	7526
42278	2024-06-07	wc-completed	7 Chakras Mystical Incense Sticks Set - 7 Chakara	7 Chakras Mystical Incense Sticks Set	IS-7C	1.0000	432.0000	7687	7688
42280	2024-06-09	wc-completed	Bamboo Rainstick - 60cms	Bamboo Rainstick	MI-RS-B-60	1.0000	1995.0000	7484	8763
42281	2024-06-10	wc-completed	Mini Coconut Shakers - 3 Types - Round Shaped	Mini Coconut Shakers - 3 Types	MI-CS-R	1.0000	645.0000	6062	6064
42290	2024-06-11	wc-completed	Hi-Zafu Meditation Cushion filled with Buckwheat Hulls - Maroon	Hi-Zafu Meditation Cushion - Filled with Buckwheat	Me-C-HZ-M	1.0000	1185.0000	6755	7559
42290	2024-06-11	wc-completed	7 Chakras Mystical Incense Sticks Set - 7 Chakara	7 Chakras Mystical Incense Sticks Set	IS-7C	1.0000	480.0000	7687	7688
42314	2024-06-12	wc-completed	Rectangular Yoga Bolster made from Organic Cotton - Dark Grey	Rectangular Yoga Bolster	Yo-BR-RE-DG	1.0000	1250.0000	9675	9677
42330	2024-06-12	wc-completed	Singing Bowls with Sacred Mantra Printed - Red, 4 Inches	Singing Bowls with Sacred Mantra Printed	MI-SB-P-R-4	1.0000	1390.5000	6807	6828
42363	2024-06-13	wc-completed	Bamboo Rainstick - 60cms	Bamboo Rainstick	MI-RS-B-60	1.0000	1795.5000	7484	8763
42363	2024-06-13	wc-completed	Ayurvedic Copper Bedroom Jar	Ayurvedic Copper Bedroom Jar	CB-BJ	1.0000	1120.5000	6289	0
42364	2024-06-14	wc-completed	"Wooden Mallets for Singing Bowls - Long Soft Red-13"""	Wooden Mallets for Singing Bowls	MI-SB-M-R-Wd-4.5	1.0000	850.0000	6978	42306
42364	2024-06-14	wc-completed	Singing Bowls Silk Ring Cushion Accessories - 10cms, Green	Singing Bowls Silk Ring Cushion Accessories	MI-SB-C-G-10	1.0000	245.0000	6988	7765
42365	2024-06-16	wc-completed	Eco-Friendly Neem Wood Toothbrush - Pack of 4	Eco-Friendly Neem Wood Toothbrush	NTB-4	1.0000	365.0000	5037	5605
42367	2024-06-16	wc-completed	Ocean Drums - Design, 30 cms	Ocean Drums	MI-OD-D-30	1.0000	2295.0000	9529	9536
42370	2024-06-17	wc-completed	Zabuton Cushion for Meditation - Misty Blue	Zabuton Cushion for Meditation	Me-C-Zn-MB	1.0000	1850.0000	6780	9608
42370	2024-06-17	wc-completed	Natural Cotton Yoga Mat 24.5*72.5 inches with Superior Natural Rubber Grip			1.0000	2290.0000	9235	9467
42394	2024-06-18	wc-completed	Ocean Drums - Plain, 30 cms	Ocean Drums	MI-OD-P-30	1.0000	2205.0000	9529	9532
42396	2024-06-19	wc-completed	Bamboo Rainstick - 60cms	Bamboo Rainstick	MI-RS-B-60	1.0000	1795.5000	7484	8763
42397	2024-06-19	wc-completed	Singing Bowls Silk Ring Cushion Accessories - 18 cms, Navy Blue	Singing Bowls Silk Ring Cushion Accessories	MI-SB-C-NB-18	1.0000	345.0000	6988	7795
42409	2024-06-19	wc-completed	Dumru/Dumroo Indian Handmade Percussion Instrument - 10cms, Dark Brown	Dumru/Dumroo Indian Handmade Percussion Instrument		1.0000	325.0000	5740	6910
42418	2024-06-19	wc-completed	Pangi Seed Shell Rattle	Pangi Seed Shell Rattle	MI-PS	1.0000	32.5000	7356	0
42423	2024-06-20	wc-completed	Hi-Zafu Meditation Cushion filled with Buckwheat Hulls - Rose	Hi-Zafu Meditation Cushion - Filled with Buckwheat	Me-C-HZ-R	1.0000	1066.5000	6755	9657
42425	2024-06-21	wc-completed	Pangi Seed Shell Rattle	Pangi Seed Shell Rattle	MI-PS	2.0000	3900.0000	7356	0
42428	2024-06-21	wc-completed	Yoga Bolster made from Organic Cotton - Dark Grey	Round Yoga Bolster	Yo-BR-R-DG	4.0000	5400.0000	6689	6691
42429	2024-06-22	wc-completed	11 Note Tongue Drum	11 Note Tongue Drum		1.0000	7350.0000	42373	42410
42429	2024-06-22	wc-completed	Sarveda Flower of Life with Sacred Symbols Singing Bowls - Green, 10.5 in	Flower of Life with Sacred Symbols Singing Bowls	MI-SB-RFL-G-10.5	1.0000	2190.0000	10035	10056
42436	2024-06-23	wc-completed	Artistically Handcrafted Anahata Tongue Drums - D Shanti (D minor), OM Mandala			1.0000	189.0000	5385	6244
42437	2024-06-23	wc-completed	Bamboo Rainstick - 1m	Bamboo Rainstick	MI-RS-B-1M	1.0000	2495.0000	7484	8764
42437	2024-06-23	wc-completed	Swinging Chimes - 6 & 9 Bars - 9 Bars	Swinging Chimes	MI-SC-9	1.0000	7895.0000	10345	10347
42438	2024-06-23	wc-completed	Eye Shaped Natural Lavender Scented Eye Pillows - Rose	Eye Shaped Natural Lavender Scented Eye Pillows	Yo-P-E-RE-1	1.0000	395.0000	9220	9221
42442	2024-06-24	wc-completed	Dumru/Dumroo Indian Handmade Percussion Instrument - 10cms, Dark Brown	Dumru/Dumroo Indian Handmade Percussion Instrument		1.0000	292.5000	5740	6910
42445	2024-06-24	wc-completed	Bamboo Rainstick - 1m	Bamboo Rainstick	MI-RS-B-1M	1.0000	2495.0000	7484	8764
42445	2024-06-24	wc-completed	7-Key Kalimba Made from Coconut Shell - Painted - Butterfly	7-Key Kalimba Made from Coconut Shell - Painted & Plain		1.0000	950.0000	7661	7665
42445	2024-06-24	wc-completed	Wooden Maracas Shaker - Dot Painted			1.0000	1045.0000	7548	0
42445	2024-06-24	wc-completed	Tingsha Bell - Mantra, 3 in	Tingsha Bell		1.0000	1850.0000	5763	42356
42445	2024-06-24	wc-completed	Sarveda Joint Bowl or Bowl with a Hole - 8 in	Joint Bowl or Knee Cut Bowl	MI-SB-JB	1.0000	7650.0000	9978	9984
42448	2024-06-25	wc-completed	Teak Wood - Stainless Steel Xylophone - 8 Keys	Teak Wood - Stainless Steel Xylophone	MI-XP-W-8	1.0000	3950.0000	7443	8774
42448	2024-06-25	wc-completed	Bamboo Rainstick - 60cms	Bamboo Rainstick	MI-RS-B-60	1.0000	1995.0000	7484	8763
42448	2024-06-25	wc-completed	Coconut Maracas Shakers - Painted - Abstract			1.0000	1185.0000	7377	7380
42448	2024-06-25	wc-completed	Singing Bowls Silk Ring Cushion Accessories - 14cms, Pink	Singing Bowls Silk Ring Cushion Accessories	MI-SB-C-PK-14	2.0000	590.0000	6988	9023
42456	2024-06-25	wc-completed	Copper Water Bottle with 2 Glasses Set with 7 Chakra Design - Vintage	Copper Bottle Gift Set - 7 Chakra		1.0000	1750.0000	6638	6648
42456	2024-06-25	wc-completed	Neem Wood Combs - Combo 3	Neem Wood Combs	CO-NWC-S-P-H	1.0000	290.0000	5038	5600
42472	2024-06-25	wc-completed	Asalato/Aslatau or Kashaka Shaker - Pair	Asalato/Aslatau or Kashaka Shaker	MI-AS	2.0000	4900.0000	7300	9112
42474	2024-06-26	wc-completed	Jala Neti Pot - Ceramic 185 ml - Green	Jala Neti Pot - Ceramic 185 ml		1.0000	245.0000	5769	7971
42478	2024-06-26	wc-completed	Wooden Maracas Shaker - Dot Painted			1.0000	1045.0000	7548	0
42478	2024-06-26	wc-completed	Shamanic Drum - Plain, 40 cms	Shamanic Drum	MI-SD-P-40	1.0000	5250.0000	7293	9589
42478	2024-06-26	wc-completed	Coconut Maracas Shakers - Painted - Tortoise			1.0000	1185.0000	7377	7378
42479	2024-06-26	wc-completed	Copper Water Bottle with 2 Glasses Set with 7 Chakra Design - Vintage	Copper Bottle Gift Set - 7 Chakra		1.0000	1750.0000	6638	6648
42481	2024-06-26	wc-completed	Copper Bottle -  Curved Vintage Diamond Groove			1.0000	1199.0000	5501	5621
42482	2024-06-27	wc-completed	Yoga Belt/Strap for Sturdy Grip - Rose	Yoga Belt/Strap for Sturdy Grip	Yo-BL-D-RE	1.0000	310.5000	6530	6549
42482	2024-06-27	wc-completed	Yoga Belt/Strap for Sturdy Grip - Green	Yoga Belt/Strap for Sturdy Grip	Yo-BL-D-GR	1.0000	310.5000	6530	6550
42482	2024-06-27	wc-completed	Eye Shaped Natural Lavender Scented Eye Pillows - Rose	Eye Shaped Natural Lavender Scented Eye Pillows	Yo-P-E-RE-1	1.0000	355.5000	9220	9221
42482	2024-06-27	wc-completed	Eye Shaped Natural Lavender Scented Eye Pillows - Sage	Eye Shaped Natural Lavender Scented Eye Pillows	Yo-P-E-SE-1	1.0000	355.5000	9220	9225
42482	2024-06-27	wc-completed	Rectangular Yoga Bolster made from Organic Cotton - Rose	Rectangular Yoga Bolster	Yo-BR-RE-RE	1.0000	1125.0000	9675	9680
42482	2024-06-27	wc-completed	Rectangular Yoga Bolster made from Organic Cotton - Sage	Rectangular Yoga Bolster	Yo-BR-RE-SE	1.0000	1125.0000	9675	9678
42482	2024-06-27	wc-completed	Mini Bamboo and Aluminium Bar Chime	Mini Bamboo and Aluminium Bar Chime	MI-BCH-S-10	1.0000	855.0000	7450	0
42486	2024-06-27	wc-completed	Zabuton Cushion for Meditation - Navy Blue	Zabuton Cushion for Meditation	Me-C-Zn-NB	1.0000	1850.0000	6780	6794
42487	2024-06-28	wc-completed	Natural Cotton Yoga Mat with Moderate Grip – Lotus- 27.5in*76.5in	Lotus Moderate Grip Yoga Mat		1.0000	2090.0000	8401	8420
42490	2024-06-28	wc-completed	Shamanic Drum - Plain, 45 cms	Shamanic Drum	MI-SD-P-45	1.0000	5265.0000	7293	9590
42490	2024-06-28	wc-completed	Caxixi	Caxixi	Mi-CX-M-N	1.0000	1215.0000	42317	0
42490	2024-06-28	wc-completed	Crescent Zafu Meditation Cushion - Lavender	Crescent Zafu Meditation Cushion		1.0000	976.5000	6734	9671
42490	2024-06-28	wc-completed	Hi-Zafu Meditation Cushion filled with Buckwheat Hulls - Royal Blue	Hi-Zafu Meditation Cushion - Filled with Buckwheat	Me-C-HZ-RB	1.0000	1066.5000	6755	6775
42490	2024-06-28	wc-completed	Zafu Meditation Cushion filled with Cotton - Rose	Zafu Meditation Cushion Plain Filled with Cotton	Me-Z-R-C-RE	1.0000	976.5000	6711	6732
42492	2024-06-29	wc-completed	Rectangular Yoga Bolster made from Organic Cotton - Navy Blue	Rectangular Yoga Bolster	Yo-BR-RE-NB	1.0000	1250.0000	9675	9679
42492	2024-06-29	wc-completed	Yoga Bolster made from Organic Cotton - Navy Blue	Round Yoga Bolster	Yo-BR-R-NB	1.0000	1350.0000	6689	6693
42493	2024-06-29	wc-completed	Singing Bowls with Sacred Mantra Printed - Gold, 4 Inches	Singing Bowls with Sacred Mantra Printed	MI-SB-P-W-4	2.0000	3090.0000	6807	7289
42496	2024-06-29	wc-completed	Copper Tongue Cleaner - Pack of 2, Straight	Copper Tongue Cleaner	TC-R-1	1.0000	265.0000	5042	7810
42497	2024-06-30	wc-completed	Tibetan Buddhist Bell - Large 3.5*7in	Tibetan Buddhist Bell	MI-BB-3.5	1.0000	1850.0000	6973	9200
42497	2024-06-30	wc-completed	Ayurvedic Copper Bedroom Jar	Ayurvedic Copper Bedroom Jar	CB-BJ	1.0000	1245.0000	6289	0
42500	2024-06-30	wc-completed	Bamboo Rainstick - 40cms	Bamboo Rainstick	MI-RS-B-40	1.0000	1495.0000	7484	8762
42505	2024-07-01	wc-completed	Singing Bowls with Sacred Mantra Printed - Gold, 5.5 Inches	Singing Bowls with Sacred Mantra Printed	MI-SB-P-W-5.5	1.0000	1995.0000	6807	7290
42506	2024-07-01	wc-completed	Zabuton Cushion for Meditation - Misty Blue	Zabuton Cushion for Meditation	Me-C-Zn-MB	1.0000	1850.0000	6780	9608
42506	2024-07-01	wc-completed	Yoga Blanket made from Organic Cotton - Magenta	Yoga Blanket made from Organic Cotton	Yo-BT-C-MG	1.0000	1395.0000	6668	6686
42506	2024-07-01	wc-completed	Natural Cotton Yoga Mat 24.5*72.5 inches with Superior Natural Rubber Grip			1.0000	1890.0000	9235	9528
42506	2024-07-01	wc-completed	Copper Tongue Cleaner - Pack of 1, Ring	Copper Tongue Cleaner	TC-R-1	1.0000	145.0000	5042	7807
42507	2024-07-01	wc-completed	Wooden Mallets for Singing Bowls - Standard Wide-Red	Wooden Mallets for Singing Bowls	MI-SB-M-R-Wd-4.5	1.0000	229.5000	6978	42300
42512	2024-07-02	wc-completed	Coconut Maracas Shakers - Painted - Tortoise			2.0000	2370.0000	7377	7378
42513	2024-07-02	wc-completed	Singing Bowl Handmade - Flower of Life - 6 Inches			1.0000	5150.0000	7590	7595
42515	2024-07-02	wc-completed	Singing Bowls with Sacred Mantra Printed - Gold, 3.5 Inches	Singing Bowls with Sacred Mantra Printed	MI-SB-P-W-3.5	1.0000	1165.5000	6807	7955
42523	2024-07-03	wc-completed	Natural Cotton Yoga Mat with Moderate Grip – Lotus- 27.5in*76.5in	Lotus Moderate Grip Yoga Mat		1.0000	1881.0000	8401	8420
42526	2024-07-03	wc-completed	Natural Cotton Yoga Mat with Moderate Grip – Lotus- 27.5in*76.5in	Lotus Moderate Grip Yoga Mat		1.0000	1611.0000	8401	8477
42526	2024-07-03	wc-completed	7 Chakras Mystical Incense Sticks Set - Pure Sandalwood	7 Chakras Mystical Incense Sticks Set		1.0000	72.0000	7687	7695
42526	2024-07-03	wc-completed	Eye Shaped Natural Lavender Scented Eye Pillows - Rose	Eye Shaped Natural Lavender Scented Eye Pillows	Yo-P-E-RE-1	1.0000	355.5000	9220	9221
42526	2024-07-03	wc-completed	Eye Shaped Natural Lavender Scented Eye Pillows - Sage	Eye Shaped Natural Lavender Scented Eye Pillows	Yo-P-E-SE-1	1.0000	355.5000	9220	9225
42526	2024-07-03	wc-completed	Bamboo Rainstick - 40cms	Bamboo Rainstick	MI-RS-B-40	1.0000	1345.5000	7484	8762
42533	2024-07-04	wc-completed	Copper Bottle with Brush – Tattvamasi - Without Brush	Tattvamasi-I am Infinite		1.0000	17.5500	5466	5633
42535	2024-07-05	wc-completed	Yoga Bolster made from Organic Cotton - Orange	Round Yoga Bolster	Yo-BR-R-O	1.0000	1350.0000	6689	7905
42539	2024-07-05	wc-completed	Shamanic Drum - Plain, 45 cms	Shamanic Drum	MI-SD-P-45	1.0000	5265.0000	7293	9590
42541	2024-07-06	wc-completed	Singing Bowls Silk Ring Cushion Accessories - 16 cms, Blue	Singing Bowls Silk Ring Cushion Accessories	MI-SB-C-B-16	1.0000	325.0000	6988	7787
42542	2024-07-06	wc-completed	Asalato/Aslatau or Kashaka Shaker - Pair	Asalato/Aslatau or Kashaka Shaker	MI-AS	1.0000	2450.0000	7300	9112
42544	2024-07-06	wc-completed	Bamboo Rainstick - 1m	Bamboo Rainstick	MI-RS-B-1M	1.0000	2245.5000	7484	8764
42545	2024-07-06	wc-completed	Singing Bowls with Sacred Mantra Printed - Black, 3.5 Inches	Singing Bowls with Sacred Mantra Printed	MI-SB-P-BK-3.5	1.0000	1165.5000	6807	7957
42550	2024-07-09	wc-completed	Singing Bowl with Mantra - Rustic Blue Colour - 7 Inches	Singing Bowl with Mantra - Rustic Blue Colour	MI-SB-RB-7	1.0000	1745.0000	6861	7287
42551	2024-07-09	wc-completed	Handmade Universal Bowl for Sound Healing	Handmade Universal Bowl for Sound Healing	MI-SB-HM-UN	1.0000	7650.0000	8143	0
42551	2024-07-09	wc-completed	Bamboo Rainstick - 40cms	Bamboo Rainstick	MI-RS-B-40	1.0000	1495.0000	7484	8762
42552	2024-07-09	wc-completed	Yoga Bolster made from Organic Cotton - Navy Blue	Round Yoga Bolster	Yo-BR-R-NB	1.0000	1350.0000	6689	6693
42558	2024-07-09	wc-completed	Jala Neti Pot - Ceramic 185 ml - Blue	Jala Neti Pot - Ceramic 185 ml	NP-B-185	1.0000	245.0000	5769	6918
42581	2024-07-10	wc-completed	Jala Neti Pot - Ceramic 185 ml - Lemon Yellow	Jala Neti Pot - Ceramic 185 ml	NP-LY-185	1.0000	245.0000	5769	6335
42801	2024-07-10	wc-completed	Natural Lavender Scented Eye Pillows - Rose	Natural Lavender Scented Eye Pillows	Yo-P-E-RE	1.0000	395.0000	6519	6525
42802	2024-07-11	wc-completed	Copper Bottle - Black Color with 7 Chakras Vintage - With Brush	7 Chakras Vintage - Copper Bottle		1.0000	1345.0000	5682	5787
42809	2024-07-12	wc-completed	Bamboo Rainstick - 1m	Bamboo Rainstick	MI-RS-B-1M	1.0000	2495.0000	7484	8764
42813	2024-07-12	wc-completed	Zafu Meditation Cushion filled with Cotton - Sage	Zafu Meditation Cushion Plain Filled with Cotton	Me-Z-R-C-SE	1.0000	1085.0000	6711	6733
42814	2024-07-12	wc-completed	11 Note Tongue Drum	11 Note Tongue Drum		1.0000	7850.0000	42373	42411
42815	2024-07-12	wc-completed	Natural Lavender Scented Eye Pillows - Sage	Natural Lavender Scented Eye Pillows	Yo-P-E-SE	1.0000	395.0000	6519	6529
42844	2024-07-14	wc-completed	Yoga Bolster made from Organic Cotton - Rose	Round Yoga Bolster	Yo-BR-R-RE	2.0000	2700.0000	6689	6694
42845	2024-07-14	wc-completed	Jala Neti Pot - Ceramic 185 ml - Green	Jala Neti Pot - Ceramic 185 ml		1.0000	245.0000	5769	7971
42846	2024-07-14	wc-completed	Bamboo Rainstick - 1m	Bamboo Rainstick	MI-RS-B-1M	1.0000	2245.5000	7484	8764
42847	2024-07-14	wc-completed	Bamboo Rainstick - 40cms	Bamboo Rainstick	MI-RS-B-40	1.0000	1495.0000	7484	8762
42848	2024-07-14	wc-completed	Rectangular Yoga Bolster made from Organic Cotton - Rouge	Rectangular Yoga Bolster	Yo-BR-RE-RP	1.0000	1250.0000	9675	9690
42849	2024-07-15	wc-completed	Yoga Bolster made from Organic Cotton - Navy Blue	Round Yoga Bolster	Yo-BR-R-NB	1.0000	1350.0000	6689	6693
42850	2024-07-15	wc-completed	Handcrafted Set of 7 Bowls for Sound Therapy - Medium Set, Standard Matte	Handcrafted Set of 7 Bowls for Sound Therapy	MI-SB-7C Set-S-M	1.0000	44500.0000	7887	9193
42850	2024-07-15	wc-completed	Swinging Chimes - 6 Bars	Swinging Chimes	MI-SC-6	1.0000	5845.5000	10345	10346
42850	2024-07-15	wc-completed	Sarveda Tuning Forks - Weighted, 40	Tuning Fork - Single Weighted & Unweighted		1.0000	2151.0000	9713	9714
42851	2024-07-15	wc-completed	Egg Shaker with Handle	Egg Shaker with Handle	MI-ES-H	1.0000	895.0000	7396	0
42851	2024-07-15	wc-completed	Shamanic Drum - Plain, 45 cms	Shamanic Drum	MI-SD-P-45	1.0000	5850.0000	7293	9590
42852	2024-07-15	wc-completed	Swinging Chimes - 9 Bars	Swinging Chimes	MI-SC-9	1.0000	7895.0000	10345	10347
42853	2024-07-15	wc-completed	Engraved Copper Water Bottles	7 Chakras Copper Water Bottles		1.0000	1169.1000	6080	8324
42854	2024-07-15	wc-completed	7-Key Kalimba Made from Coconut Shell - Painted - Tortoise	7-Key Kalimba Made from Coconut Shell - Painted & Plain		1.0000	950.0000	7661	7664
42856	2024-07-15	wc-completed	Bamboo Rainstick - 1m	Bamboo Rainstick	MI-RS-B-1M	1.0000	2495.0000	7484	8764
42856	2024-07-15	wc-completed	Tibetan Buddhist Bell - Medium 3*5.5in	Tibetan Buddhist Bell	MI-BB-3	1.0000	1650.0000	6973	9199
42858	2024-07-15	wc-completed	Mini Coconut Shaker - Square shape			1.0000	580.5000	5707	0
42859	2024-07-15	wc-completed	Musical Wooden Frog	Musical Wooden Frog	MI-WF	1.0000	950.0000	7456	0
42862	2024-07-16	wc-completed	Zen Meditation Bench	Zen Meditation Bench	ME-Cu	1.0000	2850.0000	9763	0
42862	2024-07-16	wc-completed	32 Rods - Bar Chime	25 Rods - Bar Chime	MI-BCH-32	1.0000	5850.0000	42389	0
42864	2024-07-17	wc-completed	Yoga Blanket made from Organic Cotton - Brown	Yoga Blanket made from Organic Cotton	Yo-BT-C-BW	1.0000	1395.0000	6668	6687
42865	2024-07-17	wc-completed	Copper Bottle - Black Color with 7 Chakras Vintage - Without Brush	7 Chakras Vintage - Copper Bottle		1.0000	1245.0000	5682	5786
42910	2024-07-17	wc-completed	Singing Bowls Silk Ring Cushion Accessories - 12cms, Maroon	Singing Bowls Silk Ring Cushion Accessories		1.0000	275.0000	6988	7776
42910	2024-07-17	wc-completed	Singing Bowls Silk Ring Cushion Accessories - 14cms, Maroon	Singing Bowls Silk Ring Cushion Accessories		1.0000	295.0000	6988	7783
42910	2024-07-17	wc-completed	Singing Bowls Silk Ring Cushion Accessories - 16 cms, Maroon	Singing Bowls Silk Ring Cushion Accessories		1.0000	325.0000	6988	7790
42910	2024-07-17	wc-completed	Singing Bowls Silk Ring Cushion Accessories - 10cms, Maroon	Singing Bowls Silk Ring Cushion Accessories		1.0000	245.0000	6988	7769
42910	2024-07-17	wc-completed	Wooden Mallets for Singing Bowls - Long Firm White-Standard	Wooden Mallets for Singing Bowls	MI-SB-M-R-Wd-4.5	1.0000	645.0000	6978	42313
42910	2024-07-17	wc-completed	Kenari Seed Shell Shakers - Large	Kenari Seed Shell Shakers	MI-KR-S-L	1.0000	1950.0000	7472	7511
42920	2024-07-18	wc-completed	Sarveda Sacred Symbols Singing Bowls - Blue, 4 in	Sacred Symbols Singing Bowls	MI-SB-P-SS-B-4	1.0000	1545.0000	10008	10016
42920	2024-07-18	wc-completed	Sarveda Sacred Symbols Singing Bowls - Black, 4 in	Sacred Symbols Singing Bowls	MI-SB-P-SS-BK-4	1.0000	1545.0000	10008	10013
42921	2024-07-18	wc-completed	Yoga Bolster made from Organic Cotton - Maroon	Round Yoga Bolster	Yo-BR-R-M	1.0000	1215.0000	6689	9762
42922	2024-07-19	wc-completed	Bamboo Rainstick - 1m	Bamboo Rainstick	MI-RS-B-1M	1.0000	2495.0000	7484	8764
42933	2024-07-19	wc-completed	Singing Bowl with Mantra - Rustic Blue Colour - 7 Inches	Singing Bowl with Mantra - Rustic Blue Colour	MI-SB-RB-7	1.0000	1570.5000	6861	7287
42933	2024-07-19	wc-completed	Sarveda Crystal Bowls - 6 in	Crystal Bowls	MI-CB-W-6	1.0000	8055.0000	9777	9778
42933	2024-07-19	wc-completed	Wooden Tambourine-Half moon	Wooden Tambourines	MI-T-HM	1.0000	1125.0000	7478	0
42934	2024-07-19	wc-completed	Ocean Drums - Plain, 40 cms	Ocean Drums	MI-OD-P-40	2.0000	6500.0000	9529	9534
42938	2024-07-20	wc-completed	Copper Bottle – Vintage plain curved - With Brush	Curved Copper Bottles		1.0000	1199.0000	5489	5624
42941	2024-07-20	wc-completed	Yoga Bolster made from Organic Cotton - Rose	Round Yoga Bolster	Yo-BR-R-RE	4.0000	5400.0000	6689	6694
42942	2024-07-20	wc-completed	Stainless Steel Straws - Pack of 4	Stainless Steel Straws	SSS-4	1.0000	245.0000	6505	6508
42943	2024-07-20	wc-completed	11 Note Tongue Drum	11 Note Tongue Drum		1.0000	7350.0000	42373	42414
42944	2024-07-20	wc-completed	Zafu Meditation Cushion with Lotus Embroidery - Lavender	Zafu Meditation Cushion Lotus - Embroidery Filled with Cotton	Me-C-RZ-LR-E-L	1.0000	1285.0000	9278	9380
42945	2024-07-21	wc-completed	Musical Wooden Frog	Musical Wooden Frog	MI-WF	1.0000	950.0000	7456	0
42945	2024-07-21	wc-completed	Neem Wood Combs - Combo 3	Neem Wood Combs	CO-NWC-S-P-H	1.0000	290.0000	5038	5600
42947	2024-07-21	wc-completed	Wooden Mallets for Singing Bowls - Straight - Red	Wooden Mallets for Singing Bowls	MI-SB-M-R-Wd-4.5	1.0000	200.0000	6978	42298
42949	2024-07-21	wc-completed	Copper Bottle - Black Color with 7 Chakras Vintage - With Brush	7 Chakras Vintage - Copper Bottle		1.0000	1345.0000	5682	5787
42950	2024-07-21	wc-completed	Bamboo Rainstick - 40cms	Bamboo Rainstick	MI-RS-B-40	1.0000	1495.0000	7484	8762
42951	2024-07-22	wc-completed	Tibetan Buddhist Bell - Medium 3*5.5in	Tibetan Buddhist Bell	MI-BB-3	1.0000	1650.0000	6973	9199
42953	2024-07-22	wc-completed	Zafu Meditation Cushion filled with Cotton - Rose	Zafu Meditation Cushion Plain Filled with Cotton	Me-Z-R-C-RE	2.0000	1953.0000	6711	6732
42953	2024-07-22	wc-completed	Zafu Meditation Cushion filled with Cotton - Navy Blue	Zafu Meditation Cushion Plain Filled with Cotton	Me-Z-R-C-NB	1.0000	976.5000	6711	6731
42953	2024-07-22	wc-completed	Zafu Meditation Cushion filled with Cotton - Sage	Zafu Meditation Cushion Plain Filled with Cotton	Me-Z-R-C-SE	2.0000	1953.0000	6711	6733
42953	2024-07-22	wc-completed	Zafu Meditation Cushion filled with Cotton - Orange	Zafu Meditation Cushion Plain Filled with Cotton	Me-Z-R-C-O	2.0000	1953.0000	6711	7565
42953	2024-07-22	wc-completed	Hi-Zafu Meditation Cushion filled with Buckwheat Hulls - Dark Grey	Hi-Zafu Meditation Cushion - Filled with Buckwheat	Me-C-HZ-DG	2.0000	2133.0000	6755	6777
42953	2024-07-22	wc-completed	Hi-Zafu Meditation Cushion filled with Buckwheat Hulls - Sage	Hi-Zafu Meditation Cushion - Filled with Buckwheat	Me-C-HZ-SE	2.0000	2133.0000	6755	6778
42953	2024-07-22	wc-completed	Hi-Zafu Meditation Cushion filled with Buckwheat Hulls - Navy Blue	Hi-Zafu Meditation Cushion - Filled with Buckwheat	Me-C-HZ-NB	2.0000	2133.0000	6755	9656
42953	2024-07-22	wc-completed	Hi-Zafu Meditation Cushion filled with Buckwheat Hulls - Ivory	Hi-Zafu Meditation Cushion - Filled with Buckwheat	Me-C-HZ-I	2.0000	2133.0000	6755	9660
42954	2024-07-22	wc-completed	Natural Cotton Yoga Mat with Moderate Grip – Lotus- 27.5in*76.5in	Lotus Moderate Grip Yoga Mat		1.0000	2090.0000	8401	8416
42955	2024-07-22	wc-completed	Sarveda Tuning Forks - Weighted, 128	Tuning Fork - Single Weighted & Unweighted	MI-TF-W-128	1.0000	2690.0000	9713	9715
42955	2024-07-22	wc-completed	Sarveda Tuning Forks - Unweighted, 432	Tuning Fork - Single Weighted & Unweighted		1.0000	1690.0000	9713	9749
42956	2024-07-22	wc-completed	Engraved Copper Water Bottles	7 Chakras Copper Water Bottles		1.0000	1210.5000	6080	6259
42957	2024-07-22	wc-completed	Handmade Universal Bowl for Sound Healing	Handmade Universal Bowl for Sound Healing	MI-SB-HM-UN	1.0000	7650.0000	8143	0
42958	2024-07-23	wc-completed	Bamboo Rainstick - 60cms	Bamboo Rainstick	MI-RS-B-60	1.0000	1795.5000	7484	8763
42959	2024-07-24	wc-completed	Yoga Bolster made from Organic Cotton - Navy Blue	Round Yoga Bolster	Yo-BR-R-NB	1.0000	1350.0000	6689	6693
42960	2024-07-24	wc-completed	Pangi Seed Shell Rattle	Pangi Seed Shell Rattle	MI-PS	1.0000	1950.0000	7356	0
42968	2024-07-24	wc-completed	Singing Bowls with Sacred Mantra Printed - Gold, 5.5 Inches	Singing Bowls with Sacred Mantra Printed	MI-SB-P-W-5.5	1.0000	1995.0000	6807	7290
42969	2024-07-24	wc-completed	Jala Neti Pot - Ceramic 185 ml - Mint Green	Jala Neti Pot - Ceramic 185 ml	NP-MG-185	1.0000	220.5000	5769	6336
42970	2024-07-24	wc-completed	Copper Bottle - Plain Curved			1.0000	1099.0000	5478	5920
42970	2024-07-24	wc-completed	Copper Bottle - Hammered Copper set	Hammered Copper Bottle		2.0000	2198.0000	5688	5913
42970	2024-07-24	wc-completed	Copper Bottle -  Curved Copper Diamond Groove	Curved Diamond Groove Copper Bottle		1.0000	1099.0000	5934	5947
42988	2024-07-25	wc-completed	Hammered Singing Bowl - 4 inch	Dotted Singing Bowl	MI-SB-H-4	1.0000	1645.0000	6892	6901
42989	2024-07-26	wc-completed	Swinging Chimes - 6 Bars	Swinging Chimes	MI-SC-6	1.0000	6495.0000	10345	10346
42990	2024-07-26	wc-completed	Rectangular Yoga Bolster made from Organic Cotton - Dark Grey	Rectangular Yoga Bolster	Yo-BR-RE-DG	1.0000	1250.0000	9675	9677
42990	2024-07-26	wc-completed	Eye Shaped Natural Lavender Scented Eye Pillows - Dark Grey	Eye Shaped Natural Lavender Scented Eye Pillows	Yo-P-E-DG-1	1.0000	395.0000	9220	9224
42991	2024-07-27	wc-completed	Sarveda Antique finish Handmade Singing Bowls - 9 in	Antique finish Handmade Singing Bowls	MI-SB-H-AE-9	1.0000	10450.0000	9964	9973
42992	2024-07-27	wc-completed	Bamboo Rainstick - 1m	Bamboo Rainstick	MI-RS-B-1M	1.0000	2245.5000	7484	8764
42993	2024-07-27	wc-completed	Copper Water Bottle with 2 Glasses Set with 7 Chakra Design - Vintage	Copper Bottle Gift Set - 7 Chakra		1.0000	1750.0000	6638	6648
42995	2024-07-27	wc-completed	Wooden Mallets for Singing Bowls - Straight - Black	Wooden Mallets for Singing Bowls	MI-SB-M-R-Wd-4.5	2.0000	400.0000	6978	42299
42995	2024-07-27	wc-completed	Singing Bowls Silk Ring Cushion Accessories - 14cms, Brown	Singing Bowls Silk Ring Cushion Accessories	MI-SB-C-Bn-14	1.0000	295.0000	6988	7784
42995	2024-07-27	wc-completed	Sarveda Sacred Symbols Singing Bowls - Black, 5.5 in	Sacred Symbols Singing Bowls	MI-SB-P-SS-BK-5.5	1.0000	1995.0000	10008	10014
42995	2024-07-27	wc-completed	Wooden Mallets for Singing Bowls - Thick Wide - Black	Wooden Mallets for Singing Bowls	MI-SB-M-R-Wd-4.5	1.0000	285.0000	6978	42302
42996	2024-07-28	wc-completed	Yoga Belt/Strap for Sturdy Grip - Rose	Yoga Belt/Strap for Sturdy Grip	Yo-BL-D-RE	1.0000	310.5000	6530	6549
42997	2024-07-28	wc-completed	Full Moon Singing Bowls - 5 Inches	Full Moon Singing Bowls - All Sizes	MI-SB-H-FM-5	1.0000	6250.0000	7607	7608
42998	2024-07-28	wc-completed	Tingsha Bell - Symbol, 2 in	Tingsha Bell		2.0000	3300.0000	5763	42351
42998	2024-07-28	wc-completed	Swinging Chimes - 9 Bars	Swinging Chimes	MI-SC-9	1.0000	7895.0000	10345	10347
43008	2024-07-30	wc-completed	Bamboo Rainstick - 40cms	Bamboo Rainstick	MI-RS-B-40	1.0000	1495.0000	7484	8762
43009	2024-07-30	wc-completed	Zafu & Zabuton Meditation Cushion Combo with Lotus Embroidery - Lavender	Zafu & Zabuton Meditation Cushion Combo - Lotus Embroidery	Co-Me-C-Z-Zn-LR-E-L	1.0000	2850.0000	9312	9313
43010	2024-07-30	wc-completed	Copper Bottle -  Curved Copper Diamond Groove	Curved Diamond Groove Copper Bottle		1.0000	1079.1000	5934	5948
43026	2024-07-30	wc-completed	Swinging Chimes - 9 Bars	Swinging Chimes	MI-SC-9	1.0000	7105.5000	10345	10347
43026	2024-07-30	wc-completed	Bamboo Rainstick - 1m	Bamboo Rainstick	MI-RS-B-1M	1.0000	2245.5000	7484	8764
43026	2024-07-30	wc-completed	Kenari Seed Shell Shakers - Large	Kenari Seed Shell Shakers	MI-KR-S-L	1.0000	1755.0000	7472	7511
43026	2024-07-30	wc-completed	Pangi Seed Shell Rattle	Pangi Seed Shell Rattle	MI-PS	1.0000	1755.0000	7356	0
43026	2024-07-30	wc-completed	Singing Bowl with Mantra - Rustic Blue Colour - 7 Inches	Singing Bowl with Mantra - Rustic Blue Colour	MI-SB-RB-7	1.0000	1570.5000	6861	7287
43034	2024-07-31	wc-completed	"Wooden Mallets for Singing Bowls - Long Soft White-9"""	Wooden Mallets for Singing Bowls	MI-SB-M-R-Wd-4.5	1.0000	645.0000	6978	42307
43036	2024-07-31	wc-completed	Hammered Singing Bowl - Deep 5.5 Inch	Dotted Singing Bowl	MI-SB-D-7	1.0000	2146.5000	6892	42911
43036	2024-07-31	wc-completed	Singing Bowl with Mantra - Rustic Blue Colour - 7 Inches	Singing Bowl with Mantra - Rustic Blue Colour	MI-SB-RB-7	1.0000	1570.5000	6861	7287
43038	2024-07-31	wc-completed	Zen Meditation Bench	Zen Meditation Bench	ME-Cu	1.0000	2850.0000	9763	0
43042	2024-07-31	wc-completed	Ocean Drums - Plain, 40 cms	Ocean Drums	MI-OD-P-40	1.0000	2925.0000	9529	9534
43042	2024-07-31	wc-completed	Eye Shaped Natural Lavender Scented Eye Pillows - Rose	Eye Shaped Natural Lavender Scented Eye Pillows	Yo-P-E-RE-1	1.0000	355.5000	9220	9221
43042	2024-07-31	wc-completed	Pangi Seed Shell Rattle	Pangi Seed Shell Rattle	MI-PS	1.0000	1755.0000	7356	0
43045	2024-08-01	wc-completed	Bamboo Rainstick - 1m	Bamboo Rainstick	MI-RS-B-1M	1.0000	2495.0000	7484	8764
43050	2024-08-01	wc-completed	Hammered Singing Bowl - 5.5 inch	Dotted Singing Bowl	MI-SB-H-5.5	1.0000	1930.5000	6892	6902
43050	2024-08-01	wc-completed	Wooden Mallets for Singing Bowls - Standard Wide-Black	Wooden Mallets for Singing Bowls	MI-SB-M-R-Wd-4.5	1.0000	229.5000	6978	42315
43057	2024-08-02	wc-completed	Jala Neti Pot - Ceramic 185 ml - White	Jala Neti Pot - Ceramic 185 ml	NP-W-185	1.0000	220.5000	5769	5826
43058	2024-08-02	wc-completed	Bamboo Rainstick - 60cms	Bamboo Rainstick	MI-RS-B-60	1.0000	1995.0000	7484	8763
43058	2024-08-02	wc-completed	Musical Wooden Frog	Musical Wooden Frog	MI-WF	1.0000	950.0000	7456	0
43058	2024-08-02	wc-completed	Ocean Drums - Plain, 40 cms	Ocean Drums	MI-OD-P-40	1.0000	3250.0000	9529	9534
43058	2024-08-02	wc-completed	Mini Coconut Shakers - 3 Types - All 3	Mini Coconut Shakers - 3 Types	CO-MI-CS-SRE	1.0000	1495.0000	6062	10128
43058	2024-08-02	wc-completed	Handmade Singing Bowls for Sound Therapy - 10 in, Polished	Handmade Singing Bowls - All Sizes	Mi-SB-H-P-10	1.0000	11895.0000	6884	9704
43059	2024-08-02	wc-completed	"Wooden Mallets for Singing Bowls - Long Soft Red-13"""	Wooden Mallets for Singing Bowls	MI-SB-M-R-Wd-4.5	2.0000	1700.0000	6978	42306
43063	2024-08-02	wc-completed	Pangi Seed Shell Rattle	Pangi Seed Shell Rattle	MI-PS	1.0000	1755.0000	7356	0
43063	2024-08-02	wc-completed	Singing Bowl with Mantra - Rustic Blue Colour - 7 Inches	Singing Bowl with Mantra - Rustic Blue Colour	MI-SB-RB-7	1.0000	1570.5000	6861	7287
43069	2024-08-02	wc-completed	Yoga Bolster made from Organic Cotton - Rose	Round Yoga Bolster	Yo-BR-R-RE	1.0000	1215.0000	6689	6694
43069	2024-08-02	wc-completed	Rectangular Yoga Bolster made from Organic Cotton - Rose	Rectangular Yoga Bolster	Yo-BR-RE-RE	1.0000	1125.0000	9675	9680
43069	2024-08-02	wc-completed	Zafu Meditation Cushion filled with Cotton - Rose	Zafu Meditation Cushion Plain Filled with Cotton	Me-Z-R-C-RE	1.0000	976.5000	6711	6732
43069	2024-08-02	wc-completed	Yoga Blanket made from Organic Cotton - Natural White	Yoga Blanket made from Organic Cotton	Yo-BT-C-NT	1.0000	1165.5000	6668	6688
43069	2024-08-02	wc-completed	Yoga Belt/Strap for Sturdy Grip - Rose	Yoga Belt/Strap for Sturdy Grip	Yo-BL-D-RE	1.0000	310.5000	6530	6549
43069	2024-08-02	wc-completed	Copper Tongue Cleaner - Pack of 1, Straight	Copper Tongue Cleaner	TC-R-1	1.0000	148.5000	5042	7808
43070	2024-08-02	wc-completed	Mini Coconut Shakers - 3 Types - All 3	Mini Coconut Shakers - 3 Types	CO-MI-CS-SRE	1.0000	1345.5000	6062	10128
43070	2024-08-02	wc-completed	Stainless Steel Straws - Pack of 2	Stainless Steel Straws	SSS-2	1.0000	157.5000	6505	6507
43071	2024-08-02	wc-completed	Copper Water Bottle with 2 Glasses Set with 7 Chakra Design - Vintage	Copper Bottle Gift Set - 7 Chakra		1.0000	1575.0000	6638	6648
43072	2024-08-02	wc-completed	Copper Water Bottle with 2 Glasses Set with 7 Chakra Design - Vintage	Copper Bottle Gift Set - 7 Chakra		1.0000	1750.0000	6638	6648
43073	2024-08-03	wc-completed	Bamboo Rainstick - 40cms	Bamboo Rainstick	MI-RS-B-40	3.0000	4485.0000	7484	8762
43073	2024-08-03	wc-completed	Ocean Drums - Plain, 30 cms	Ocean Drums	MI-OD-P-30	1.0000	2450.0000	9529	9532
43073	2024-08-03	wc-completed	Caxixi	Caxixi	Mi-CX-M-N	1.0000	1350.0000	42317	0
43074	2024-08-03	wc-completed	Zafu & Zabuton Meditation Cushion Combo with Lotus Embroidery - Misty Blue	Zafu & Zabuton Meditation Cushion Combo - Lotus Embroidery	Co-Me-C-Z-Zn-MB-E-L	1.0000	2565.0000	9312	9314
43077	2024-08-03	wc-completed	Sarveda Sacred Symbols Singing Bowls - Red, 5.5 in	Sacred Symbols Singing Bowls	MI-SB-P-SS-R-5.5	1.0000	1995.0000	10008	10020
43078	2024-08-04	wc-completed	Jala Neti Pot - Ceramic 185 ml - Mint Green	Jala Neti Pot - Ceramic 185 ml	NP-MG-185	1.0000	245.0000	5769	6336
43079	2024-08-04	wc-completed	Copper Water Bottle with 2 Glasses Set with 7 Chakra Design - Vintage	Copper Bottle Gift Set - 7 Chakra		1.0000	1750.0000	6638	6648
43080	2024-08-04	wc-completed	Engraved Copper Water Bottles	7 Chakras Copper Water Bottles		1.0000	1245.0000	6080	6260
43081	2024-08-04	wc-completed	Hi-Zafu Meditation Cushion filled with Buckwheat and Embroidered with Lotus - Rose	Hi-Zafu Meditation Cushion - Embroidered with Lotus	Me-C-HZ-R-E-L	1.0000	1345.0000	9291	9376
43082	2024-08-04	wc-completed	Copper Water Bottle with 2 Glasses Set with 7 Chakra Design - Copper	Copper Bottle Gift Set - 7 Chakra		2.0000	3500.0000	6638	6647
43082	2024-08-04	wc-completed	Natural Cotton Yoga Mat with Superior Natural Rubber Grip 7 Chakras	7 Chakras Superior Grip Yoga Mats		1.0000	2390.0000	42674	42798
43082	2024-08-04	wc-completed	7 Chakras Mystical Incense Sticks Set - 7 Chakra Set	7 Chakras Mystical Incense Sticks Set	IS-7C	1.0000	480.0000	7687	7688
43083	2024-08-04	wc-completed	Hammered Singing Bowl - 5.5 inch	Dotted Singing Bowl	MI-SB-H-5.5	1.0000	2145.0000	6892	6902
43084	2024-08-04	wc-completed	Tibetan Buddhist Bell - Large 3.5*7in	Tibetan Buddhist Bell	MI-BB-3.5	1.0000	1665.0000	6973	9200
43084	2024-08-04	wc-completed	Wooden Mallets for Singing Bowls - Curved-Black	Wooden Mallets for Singing Bowls	MI-SB-M-R-Wd-4.5	2.0000	423.0000	6978	42303
43084	2024-08-04	wc-completed	Singing Bowl with Mantra - Rustic Blue Colour - 7 Inches	Singing Bowl with Mantra - Rustic Blue Colour	MI-SB-RB-7	1.0000	1570.5000	6861	7287
43084	2024-08-04	wc-completed	Wooden Mallets for Singing Bowls - Long Firm White-Standard	Wooden Mallets for Singing Bowls	MI-SB-M-R-Wd-4.5	1.0000	580.5000	6978	42313
43086	2024-08-05	wc-completed	Sarveda Handcrafted Zen Singing Bowl - 18cms	Vibroacoustic Therapy Bowls - Universal, Belly and Head	Mi-SB-Z-10	1.0000	5850.0000	8040	8046
43087	2024-08-05	wc-completed	"Wooden Mallets for Singing Bowls - Long Soft White-9"""	Wooden Mallets for Singing Bowls	MI-SB-M-R-Wd-4.5	1.0000	645.0000	6978	42307
43089	2024-08-05	wc-completed	Sarveda Sacred Symbols Singing Bowls - Black, 4 in	Sacred Symbols Singing Bowls	MI-SB-P-SS-BK-4	1.0000	1545.0000	10008	10013
43090	2024-08-05	wc-completed	Printed Copper Water Bottles	Artistically Designed Copper Bottles	CB-T-.5	1.0000	1120.5000	6007	42889
43090	2024-08-05	wc-completed	Jala Neti Pot - Ceramic 185 ml - Lemon Yellow	Jala Neti Pot - Ceramic 185 ml	NP-LY-185	1.0000	220.5000	5769	6335
43131	2024-08-06	wc-completed	Yoga Blanket made from Organic Cotton - Natural White	Yoga Blanket made from Organic Cotton	Yo-BT-C-NT	1.0000	1295.0000	6668	6688
43131	2024-08-06	wc-completed	Natural Lavender Scented Eye Pillows - Navy Blue	Natural Lavender Scented Eye Pillows	Yo-P-E-NB	1.0000	395.0000	6519	6527
43131	2024-08-06	wc-completed	Zabuton Cushion for Meditation - Navy Blue	Zabuton Cushion for Meditation	Me-C-Zn-NB	1.0000	1850.0000	6780	6794
43132	2024-08-06	wc-completed	Copper Water Bottle with 2 Glasses Set with 7 Chakra Design - Copper	Copper Bottle Gift Set - 7 Chakra		1.0000	1750.0000	6638	6647
43133	2024-08-06	wc-completed	Ocean Drums - Design, 30 cms	Ocean Drums	MI-OD-D-30	1.0000	2295.0000	9529	9536
43133	2024-08-06	wc-completed	Bamboo Rainstick - 1m	Bamboo Rainstick	MI-RS-B-1M	1.0000	2245.5000	7484	8764
43134	2024-08-07	wc-completed	Full Moon Singing Bowls - 8 Inches	Full Moon Singing Bowls - All Sizes	MI-SB-H-FM-8	1.0000	9450.0000	7607	7611
43155	2024-08-07	wc-completed	Bamboo Rainstick - 1m	Bamboo Rainstick	MI-RS-B-1M	1.0000	2495.0000	7484	8764
43175	2024-08-07	wc-completed	Engraved Copper Water Bottles	7 Chakras Copper Water Bottles		1.0000	925.0000	6080	42916
43175	2024-08-07	wc-completed	Engraved Copper Water Bottles	7 Chakras Copper Water Bottles		1.0000	1399.0000	6080	8323
43176	2024-08-08	wc-completed	Kenari Seed Shell Shakers - Large	Kenari Seed Shell Shakers	MI-KR-S-L	1.0000	1950.0000	7472	7511
43176	2024-08-08	wc-completed	Bamboo Rainstick - 40cms	Bamboo Rainstick	MI-RS-B-40	2.0000	2990.0000	7484	8762
43178	2024-08-08	wc-completed	Wooden Tambourine-Half moon	Wooden Tambourines	MI-T-HM	1.0000	1125.0000	7478	0
43191	2024-08-09	wc-completed	Wooden Maracas Shaker - Dot Painted			1.0000	1045.0000	7548	0
43193	2024-08-10	wc-completed	Swinging Chimes - 9 Bars	Swinging Chimes	MI-SC-9	1.0000	7895.0000	10345	10347
43195	2024-08-10	wc-completed	7-Key Kalimba Made from Coconut Shell - Painted - Dolphin	7-Key Kalimba Made from Coconut Shell - Painted & Plain	MI-KCS-PE	1.0000	950.0000	7661	7662
43195	2024-08-10	wc-completed	Bamboo Rainstick - 40cms	Bamboo Rainstick	MI-RS-B-40	1.0000	1495.0000	7484	8762
43198	2024-08-11	wc-completed	Tibetan Buddhist Bell - Large 3.5*7in	Tibetan Buddhist Bell	MI-BB-3.5	1.0000	1665.0000	6973	9200
43198	2024-08-11	wc-completed	Ayurvedic Copper Bedroom Jar	Ayurvedic Copper Bedroom Jar	CB-BJ	2.0000	2241.0000	6289	0
43199	2024-08-13	wc-completed	Sarveda Flower of Life with Sacred Symbols Singing Bowls - Blue, 10.5 in	Flower of Life with Sacred Symbols Singing Bowls	MI-SB-RFL-B-10.5	1.0000	2190.0000	10035	10050
43200	2024-08-14	wc-completed	Jala Neti Pot - Ceramic 185 ml - Yellow	Jala Neti Pot - Ceramic 185 ml		1.0000	245.0000	5769	7972
43201	2024-08-14	wc-completed	Sarveda Antique finish Handmade Singing Bowls - 7 in	Antique finish Handmade Singing Bowls	MI-SB-H-AE-7	1.0000	8350.0000	9964	9971
43202	2024-08-14	wc-completed	Hi-Zafu Meditation Cushion filled with Buckwheat and Embroidered with Lotus - Light Grey	Hi-Zafu Meditation Cushion - Embroidered with Lotus	Me-C-HZ-LG-E-L	1.0000	1345.0000	9291	9377
43209	2024-08-14	wc-completed	Bamboo Rainstick - 60cms	Bamboo Rainstick	MI-RS-B-60	1.0000	1995.0000	7484	8763
43235	2024-08-17	wc-completed	Hi-Zafu Meditation Cushion filled with Buckwheat and Embroidered with Lotus - Lavender	Hi-Zafu Meditation Cushion - Embroidered with Lotus	Me-C-HZ-L-E-L	1.0000	1345.0000	9291	9378
43235	2024-08-17	wc-completed	Hi-Zafu Meditation Cushion filled with Buckwheat and Embroidered with Lotus - Rose	Hi-Zafu Meditation Cushion - Embroidered with Lotus	Me-C-HZ-R-E-L	1.0000	1345.0000	9291	9376
43236	2024-08-17	wc-completed	Bamboo Rainstick - 40cms	Bamboo Rainstick	MI-RS-B-40	1.0000	1345.5000	7484	8762
43237	2024-08-17	wc-completed	7 Chakras Copper Water Bottles	7 Chakras Copper Water Bottles		1.0000	1345.0000	6080	6261
43238	2024-08-18	wc-completed	Copper Bottle - Black Color with 7 Chakras Vintage - Without Brush	7 Chakras Vintage - Copper Bottle		1.0000	1245.0000	5682	5786
43239	2024-08-18	wc-completed	Sarveda Sacred Symbols Singing Bowls - Blue, 5.5 in	Sacred Symbols Singing Bowls	MI-SB-P-SS-B-5.5	1.0000	1995.0000	10008	10017
43240	2024-08-18	wc-completed	Tingsha Bell - Symbol, 3 in	Tingsha Bell		1.0000	1850.0000	5763	42353
43240	2024-08-18	wc-completed	Jala Neti Pot - Ceramic 185 ml - Blue	Jala Neti Pot - Ceramic 185 ml	NP-B-185	1.0000	245.0000	5769	6918
43240	2024-08-18	wc-completed	Jala Neti Pot - Ceramic 185 ml - White	Jala Neti Pot - Ceramic 185 ml	NP-W-185	1.0000	245.0000	5769	5826
43240	2024-08-18	wc-completed	Coconut Maracas Shaker	Coconut Maracas Shakers	MI-CM	1.0000	990.0000	7370	0
43240	2024-08-18	wc-completed	11 Note Tongue Drum	11 Note Tongue Drum		1.0000	7350.0000	42373	42410
43240	2024-08-18	wc-completed	Eye Shaped Natural Lavender Scented Eye Pillows - Rose	Eye Shaped Natural Lavender Scented Eye Pillows	Yo-P-E-RE-1	12.0000	4740.0000	9220	9221
43240	2024-08-18	wc-completed	Natural Bamboo Xylophone with 5 Keys	Natural Bamboo Xylophone with 5 Keys	MI-XP-B-5	1.0000	2450.0000	7435	0
43240	2024-08-18	wc-completed	Kenari Seed Shell Shakers - Small	Kenari Seed Shell Shakers	MI-KR-S-S	1.0000	1350.0000	7472	7510
43240	2024-08-18	wc-completed	32 Rods - Bar Chime	25 Rods - Bar Chime	MI-BCH-32	1.0000	5850.0000	42389	0
43241	2024-08-18	wc-completed	Ocean Drums - Plain, 35 cms	Ocean Drums	MI-OD-P-35	1.0000	2750.0000	9529	9533
43241	2024-08-18	wc-completed	Sarveda Tuning Forks - Weighted, 128	Tuning Fork - Single Weighted & Unweighted	MI-TF-W-128	1.0000	2690.0000	9713	9715
43241	2024-08-18	wc-completed	Pangi Seed Shell Rattle	Pangi Seed Shell Rattle	MI-PS	1.0000	1950.0000	7356	0
43241	2024-08-18	wc-completed	Handmade Universal Bowl for Sound Healing	Handmade Universal Bowl for Sound Healing	MI-SB-HM-UN	1.0000	7650.0000	8143	0
43241	2024-08-18	wc-completed	Sarveda Tuning Forks - Weighted, 136.10	Tuning Fork - Single Weighted & Unweighted		1.0000	2690.0000	9713	9716
43241	2024-08-18	wc-completed	Eye Shaped Natural Lavender Scented Eye Pillows - Rose	Eye Shaped Natural Lavender Scented Eye Pillows	Yo-P-E-RE-1	1.0000	395.0000	9220	9221
43241	2024-08-18	wc-completed	Eye Shaped Natural Lavender Scented Eye Pillows - Grey	Eye Shaped Natural Lavender Scented Eye Pillows	Yo-P-E-GY-1	1.0000	395.0000	9220	9222
43241	2024-08-18	wc-completed	Eye Shaped Natural Lavender Scented Eye Pillows - Navy Blue	Eye Shaped Natural Lavender Scented Eye Pillows	Yo-P-E-NB-1	1.0000	395.0000	9220	9223
43241	2024-08-18	wc-completed	Eye Shaped Natural Lavender Scented Eye Pillows - Dark Grey	Eye Shaped Natural Lavender Scented Eye Pillows	Yo-P-E-DG-1	1.0000	395.0000	9220	9224
43241	2024-08-18	wc-completed	Eye Shaped Natural Lavender Scented Eye Pillows - Sage	Eye Shaped Natural Lavender Scented Eye Pillows	Yo-P-E-SE-1	1.0000	395.0000	9220	9225
43242	2024-08-18	wc-completed	Bamboo Rainstick - 60cms	Bamboo Rainstick	MI-RS-B-60	1.0000	1995.0000	7484	8763
43243	2024-08-18	wc-completed	Jala Neti Pot - Ceramic 185 ml - Green	Jala Neti Pot - Ceramic 185 ml		1.0000	245.0000	5769	7971
43244	2024-08-19	wc-completed	Sarveda Handcrafted Zen Singing Bowl - 22cms	Vibroacoustic Therapy Bowls - Universal, Belly and Head		1.0000	7650.0000	8040	8049
43245	2024-08-19	wc-completed	Sarveda Handcrafted Zen Singing Bowl - 24cms	Vibroacoustic Therapy Bowls - Universal, Belly and Head		1.0000	8250.0000	8040	8050
43254	2024-08-20	wc-completed	Ocean Drums - Plain, 40 cms	Ocean Drums	MI-OD-P-40	1.0000	2925.0000	9529	9534
43257	2024-08-21	wc-completed	Jala Neti Pot - Ceramic 185 ml - White	Jala Neti Pot - Ceramic 185 ml	NP-W-185	1.0000	245.0000	5769	5826
43262	2024-08-21	wc-completed	Bamboo Rainstick - 60cms	Bamboo Rainstick	MI-RS-B-60	1.0000	1995.0000	7484	8763
43262	2024-08-21	wc-completed	Hammered Singing Bowl - Deep 5.5 Inch	Dotted Singing Bowl	MI-SB-D-7	1.0000	2385.0000	6892	42911
43263	2024-08-21	wc-completed	7 Chakras Mystical Incense Sticks Set - 7 Chakra Set	7 Chakras Mystical Incense Sticks Set	IS-7C	1.0000	480.0000	7687	7688
43264	2024-08-21	wc-completed	Wooden Mallets for Singing Bowls - Straight - Red	Wooden Mallets for Singing Bowls	MI-SB-M-R-Wd-4.5	1.0000	200.0000	6978	42298
43265	2024-08-21	wc-completed	Bamboo Rainstick - 40cms	Bamboo Rainstick	MI-RS-B-40	1.0000	1495.0000	7484	8762
43266	2024-08-22	wc-completed	Bamboo Rainstick - 1m	Bamboo Rainstick	MI-RS-B-1M	1.0000	2495.0000	7484	8764
43267	2024-08-22	wc-completed	Sarveda Sacred Symbols Singing Bowls - Yellow, 4 in	Sacred Symbols Singing Bowls	MI-SB-P-SS-Y-4	1.0000	1545.0000	10008	10022
43268	2024-08-22	wc-completed	Jala Neti Pot - Ceramic 185 ml - Blue	Jala Neti Pot - Ceramic 185 ml	NP-B-185	1.0000	245.0000	5769	6918
43269	2024-08-22	wc-completed	Sarveda Sacred Symbols Singing Bowls - Black, 5.5 in	Sacred Symbols Singing Bowls	MI-SB-P-SS-BK-5.5	1.0000	1995.0000	10008	10014
43271	2024-08-22	wc-completed	Wooden Mallets for Singing Bowls - Standard Wide-Red	Wooden Mallets for Singing Bowls	MI-SB-M-R-Wd-4.5	1.0000	255.0000	6978	42300
43272	2024-08-22	wc-completed	Copper Bottle – Vintage plain curved - Without Brush	Curved Copper Bottles		1.0000	1099.0000	5489	5623
43272	2024-08-22	wc-completed	Copper Bottle - Curved Vintage Hammered	Curved Hammered Copper Bottles		1.0000	1099.0000	5495	5945
43273	2024-08-22	wc-completed	Hi-Zafu Meditation Cushion filled with Buckwheat Hulls - Misty Blue	Hi-Zafu Meditation Cushion - Filled with Buckwheat	Me-C-HZ-MB	1.0000	1185.0000	6755	9661
43274	2024-08-22	wc-completed	Eye Shaped Natural Lavender Scented Eye Pillows - Dark Grey	Eye Shaped Natural Lavender Scented Eye Pillows	Yo-P-E-DG-1	1.0000	395.0000	9220	9224
43274	2024-08-22	wc-completed	Zafu Meditation Cushion with Lotus Embroidery - Light Grey	Zafu Meditation Cushion Lotus - Embroidery Filled with Cotton	Me-C-RZ-LG-E-L	1.0000	1285.0000	9278	9381
43275	2024-08-22	wc-completed	Zafu Meditation Cushion filled with Cotton - Dark Grey	Zafu Meditation Cushion Plain Filled with Cotton	Me-Z-R-C-DG	1.0000	1085.0000	6711	6729
43277	2024-08-23	wc-completed	Musical Wooden Frog	Musical Wooden Frog	MI-WF	1.0000	950.0000	7456	0
43279	2024-08-23	wc-completed	Copper Bottle - Hammered Copper set	Hammered Copper Bottle		1.0000	1199.0000	5688	5914
43280	2024-08-23	wc-completed	Printed Copper Water Bottles	Artistically Designed Copper Bottles	CB-OL-.5	1.0000	19.5000	6007	42901
43280	2024-08-23	wc-completed	Yoga Blanket made from Organic Cotton - Magenta	Yoga Blanket made from Organic Cotton	Yo-BT-C-MG	1.0000	21.8000	6668	6686
43280	2024-08-23	wc-completed	Pangi Seed Shell Rattle	Pangi Seed Shell Rattle	MI-PS	1.0000	32.5000	7356	0
43280	2024-08-23	wc-completed	Kenari Seed Shell Shakers - Large	Kenari Seed Shell Shakers	MI-KR-S-L	1.0000	32.5000	7472	7511
43280	2024-08-23	wc-completed	Yoga Bolster made from Organic Cotton - Orange	Round Yoga Bolster	Yo-BR-R-O	1.0000	21.1000	6689	7905
43280	2024-08-23	wc-completed	Copper Bottle - Plain Curved			1.0000	18.8000	5478	5919
43280	2024-08-23	wc-completed	7 Chakras Copper Water Bottles	7 Chakras Copper Water Bottles		1.0000	20.3000	6080	8324
43281	2024-08-23	wc-completed	7 Chakras Mystical Incense Sticks Set - 7 Chakra Set	7 Chakras Mystical Incense Sticks Set	IS-7C	1.0000	480.0000	7687	7688
43282	2024-08-24	wc-completed	Bamboo Rainstick - 60cms	Bamboo Rainstick	MI-RS-B-60	1.0000	1995.0000	7484	8763
43284	2024-08-24	wc-completed	Copper Bottle - Black Color with 7 Chakras Vintage - With Brush	7 Chakras Vintage - Copper Bottle		1.0000	1345.0000	5682	5787
43285	2024-08-24	wc-completed	Copper Water Bottle with 2 Glasses Set with 7 Chakra Design - Copper	Copper Bottle Gift Set - 7 Chakra		1.0000	1575.0000	6638	6647
43285	2024-08-24	wc-completed	Printed Copper Water Bottles	Artistically Designed Copper Bottles	CB-PNT	1.0000	801.0000	6007	42907
43285	2024-08-24	wc-completed	Grooved ,Hammered and Plain Copper Water Bottles	Grooved, Hammered & Plain Copper Bottle		1.0000	989.1000	6071	7802
43285	2024-08-24	wc-completed	7 Chakras Copper Water Bottles	7 Chakras Copper Water Bottles		1.0000	832.5000	6080	42916
43287	2024-08-24	wc-completed	Pangi Seed Shell Rattle	Pangi Seed Shell Rattle	MI-PS	1.0000	1950.0000	7356	0
43288	2024-08-24	wc-completed	Singing Bowl with Mantra - Rustic Blue Colour - 7 Inches	Singing Bowl with Mantra - Rustic Blue Colour	MI-SB-RB-7	1.0000	1745.0000	6861	7287
43289	2024-08-25	wc-completed	Yoga Bolster made from Organic Cotton - Navy Blue	Round Yoga Bolster	Yo-BR-R-NB	1.0000	1350.0000	6689	6693
43290	2024-08-25	wc-completed	Kenari Seed Shell Shakers - Large	Kenari Seed Shell Shakers	MI-KR-S-L	1.0000	1950.0000	7472	7511
43290	2024-08-25	wc-completed	Mini Coconut Shaker - Round shape			1.0000	645.0000	5725	0
43291	2024-08-25	wc-completed	Kenari Seed Shell Shakers - Large	Kenari Seed Shell Shakers	MI-KR-S-L	1.0000	1950.0000	7472	7511
43291	2024-08-25	wc-completed	Mini Coconut Shaker - Round shape			1.0000	645.0000	5725	0
43297	2024-08-27	wc-completed	Copper Bottle with Brush – Tattvamasi - Without Brush	Tattvamasi-I am Infinite		1.0000	1245.0000	5466	5633
43298	2024-08-27	wc-completed	Wooden Mallets for Singing Bowls - Standard Wide-Red	Wooden Mallets for Singing Bowls	MI-SB-M-R-Wd-4.5	1.0000	255.0000	6978	42300
43298	2024-08-27	wc-completed	Singing Bowls Silk Ring Cushion Accessories - 10 cms, Navy Blue	Singing Bowls Silk Ring Cushion Accessories	MI-SB-C-NB-10	1.0000	245.0000	6988	7767
43299	2024-08-27	wc-completed	Wooden Tambourine-Circular			1.0000	1150.0000	7334	0
43300	2024-08-27	wc-completed	Singing Bowls with Sacred Mantra Printed - Gold, 5.5 Inches	Singing Bowls with Sacred Mantra Printed	MI-SB-P-W-5.5	1.0000	1995.0000	6807	7290
43303	2024-08-27	wc-completed	Copper Water Bottle with 2 Glasses Set with 7 Chakra Design - Vintage	Copper Bottle Gift Set - 7 Chakra		1.0000	1750.0000	6638	6648
43304	2024-08-28	wc-completed	Mini Bamboo and Aluminium Bar Chime	Mini Bamboo and Aluminium Bar Chime	MI-BCH-S-10	1.0000	950.0000	7450	0
43304	2024-08-28	wc-completed	Kenari Seed Shell Shaker with Handle	Kenari Seed Shell Shaker with Handle	MI-KS-H	1.0000	1450.0000	7349	0
43304	2024-08-28	wc-completed	Bamboo Rainstick - 40cms	Bamboo Rainstick	MI-RS-B-40	1.0000	1495.0000	7484	8762
43305	2024-08-28	wc-completed	7 Chakras Mystical Incense Sticks Set - 7 Chakra Set	7 Chakras Mystical Incense Sticks Set	IS-7C	1.0000	480.0000	7687	7688
43322	2024-08-28	wc-completed	Bamboo Rainstick - 40cms	Bamboo Rainstick	MI-RS-B-40	1.0000	1495.0000	7484	8762
43325	2024-08-28	wc-completed	Pangi Seed Shell Rattle	Pangi Seed Shell Rattle	MI-PS	1.0000	1950.0000	7356	0
43326	2024-08-28	wc-completed	Jala Neti Pot - Ceramic 185 ml - Yellow	Jala Neti Pot - Ceramic 185 ml		1.0000	245.0000	5769	7972
43327	2024-08-28	wc-completed	Copper Water Bottle with 2 Glasses Set with 7 Chakra Design - Vintage	Copper Bottle Gift Set - 7 Chakra		1.0000	1575.0000	6638	6648
43327	2024-08-28	wc-completed	Copper Tongue Cleaner - Pack of 2, Straight	Copper Tongue Cleaner	TC-R-1	1.0000	238.5000	5042	7810
43328	2024-08-28	wc-completed	Yoga Blanket made from Organic Cotton - Brown	Yoga Blanket made from Organic Cotton	Yo-BT-C-BW	1.0000	1255.5000	6668	6687
43328	2024-08-28	wc-completed	Zafu & Zabuton Meditation Cushion Combo - Misty Blue	Zafu & Zabuton Meditation Cushion Combo	Co-Me-C-Z-Zn-MB	1.0000	2385.0000	7177	9599
43339	2024-08-29	wc-completed	Copper Water Bottle with 2 Glasses Set with 7 Chakra Design - Vintage	Copper Bottle Gift Set - 7 Chakra		1.0000	1750.0000	6638	6648
43351	2024-08-30	wc-completed	Rectangular Yoga Bolster made from Organic Cotton - Rose	Rectangular Yoga Bolster	Yo-BR-RE-RE	1.0000	1125.0000	9675	9680
43353	2024-08-31	wc-completed	Singing Bowl with Mantra - Rustic Blue Colour - 7 Inches	Singing Bowl with Mantra - Rustic Blue Colour	MI-SB-RB-7	1.0000	1745.0000	6861	7287
43354	2024-08-31	wc-completed	Dumru/Dumroo Indian Handmade Percussion Instrument - 10cms, Dark Brown	Dumru/Dumroo Indian Handmade Percussion Instrument		1.0000	292.5000	5740	6910
43355	2024-08-31	wc-completed	Shamanic Drum - Butterfly, 30 cms	Shamanic Drum	MI-SD-B-30	1.0000	4950.0000	7293	9591
43359	2024-08-31	wc-completed	Wooden Maracas Shaker	Wooden Maracas Shakers | Plain & Dot Painted	MI-WM	1.0000	886.5000	7542	0
43359	2024-08-31	wc-completed	Wooden Maracas Shaker - Dot Painted			1.0000	940.5000	7548	0
43360	2024-09-01	wc-completed	7 Chakras Mystical Incense Sticks Set - 7 Chakra Set	7 Chakras Mystical Incense Sticks Set	IS-7C	1.0000	480.0000	7687	7688
43361	2024-09-01	wc-completed	Etched Handmade Singing Bowls - Om, 7 in	Etched Handmade Singing Bowls	MI-SB-H-ET-O-C-7	1.0000	9450.0000	9795	9874
43362	2024-09-01	wc-completed	Handmade Universal Bowl for Sound Healing	Handmade Universal Bowl for Sound Healing	MI-SB-HM-UN	1.0000	7650.0000	8143	0
43363	2024-09-01	wc-completed	Hammered Singing Bowl - 4 inch	Dotted Singing Bowl	MI-SB-H-4	1.0000	1645.0000	6892	6901
43363	2024-09-01	wc-completed	Ocean Drums - Plain, 25 cms	Ocean Drums		1.0000	2150.0000	9529	9531
43364	2024-09-02	wc-completed	Copper Water Bottle with 2 Glasses Set with 7 Chakra Design - Vintage	Copper Bottle Gift Set - 7 Chakra		1.0000	1575.0000	6638	6648
43365	2024-09-02	wc-completed	Coconut Maracas Shaker	Coconut Maracas Shakers	MI-CM	1.0000	15.5000	7370	0
43365	2024-09-02	wc-completed	Painted Egg Shakers - Red Dotted	Painted Egg Shakers	MI-ES-P-R	1.0000	14.5000	7404	7414
43365	2024-09-02	wc-completed	Kenari Seed Shell Shaker with Handle	Kenari Seed Shell Shaker with Handle	MI-KS-H	1.0000	23.5000	7349	0
43365	2024-09-02	wc-completed	Wooden Tambourine-Circular			1.0000	16.5000	7334	0
43373	2024-09-02	wc-completed	Shamanic Drum - Butterfly, 30 cms	Shamanic Drum	MI-SD-B-30	1.0000	4950.0000	7293	9591
43385	2024-09-02	wc-completed	Asalato/Aslatau or Kashaka Shaker - Pair	Asalato/Aslatau or Kashaka Shaker	MI-AS	1.0000	2205.0000	7300	9112
43387	2024-09-02	wc-completed	Bamboo Rainstick - 1m	Bamboo Rainstick	MI-RS-B-1M	1.0000	2495.0000	7484	8764
43388	2024-09-02	wc-completed	Jala Neti Pot - Ceramic 185 ml - Green	Jala Neti Pot - Ceramic 185 ml		1.0000	245.0000	5769	7971
43388	2024-09-02	wc-completed	Jala Neti Pot - Ceramic 185 ml - Lemon Yellow	Jala Neti Pot - Ceramic 185 ml	NP-LY-185	1.0000	245.0000	5769	6335
43388	2024-09-02	wc-completed	Ocean Drums - Plain, 25 cms	Ocean Drums		1.0000	2150.0000	9529	9531
43389	2024-09-02	wc-completed	Bamboo Rainstick - 60cms	Bamboo Rainstick	MI-RS-B-60	1.0000	1995.0000	7484	8763
43392	2024-09-03	wc-completed	Jala Neti Pot - Ceramic 185 ml - Green	Jala Neti Pot - Ceramic 185 ml		1.0000	245.0000	5769	7971
43401	2024-09-03	wc-completed	Wooden Mallets for Singing Bowls - Standard Wide, Black	Wooden Mallets for Singing Bowls	MI-SB-M-R-Wd-4.5	1.0000	255.0000	6978	43380
43401	2024-09-03	wc-completed	Bamboo Rainstick - 40cms	Bamboo Rainstick	MI-RS-B-40	1.0000	1495.0000	7484	8762
43402	2024-09-03	wc-completed	Copper Bottle - Hammered Copper set	Hammered Copper Bottle		1.0000	1079.1000	5688	5914
43406	2024-09-04	wc-completed	7 Chakras Mystical Incense Sticks Set - 7 Chakra Set	7 Chakras Mystical Incense Sticks Set	IS-7C	1.0000	480.0000	7687	7688
43418	2024-09-04	wc-completed	Dumru/Dumroo Indian Handmade Percussion Instrument - 10cms, Dark Brown	Dumru/Dumroo Indian Handmade Percussion Instrument		1.0000	325.0000	5740	6910
43419	2024-09-04	wc-completed	Wooden Mallets for Singing Bowls - Long Firm-Standard, Red	Wooden Mallets for Singing Bowls	MI-SB-M-R-Wd-4.5	1.0000	645.0000	6978	43367
43419	2024-09-04	wc-completed	Wooden Mallets for Singing Bowls - Standard Wide, Red	Wooden Mallets for Singing Bowls	MI-SB-M-R-Wd-4.5	1.0000	255.0000	6978	43381
43420	2024-09-05	wc-completed	7 Chakras Mystical Incense Sticks Set - 7 Chakra Set	7 Chakras Mystical Incense Sticks Set	IS-7C	1.0000	480.0000	7687	7688
43421	2024-09-05	wc-completed	Zafu & Zabuton Meditation Cushion Combo with Lotus Embroidery - Light Grey	Zafu & Zabuton Meditation Cushion Combo - Lotus Embroidery	Co-Me-C-Z-Zn-LG-E-L	1.0000	2565.0000	9312	9568
43423	2024-09-05	wc-completed	Jala Neti Pot - Ceramic 185 ml - Blue	Jala Neti Pot - Ceramic 185 ml	NP-B-185	1.0000	245.0000	5769	6918
43424	2024-09-05	wc-completed	Hammered Singing Bowl - Deep 5.5 Inch	Dotted Singing Bowl	MI-SB-D-7	1.0000	2146.5000	6892	42911
43429	2024-09-06	wc-completed	Swinging Chimes - 9 Bars	Swinging Chimes	MI-SC-9	1.0000	7895.0000	10345	10347
43430	2024-09-06	wc-completed	Copper Water Bottle with 2 Glasses Set with 7 Chakra Design - Vintage	Copper Bottle Gift Set - 7 Chakra		1.0000	1750.0000	6638	6648
43432	2024-09-06	wc-completed	Eco-Friendly Neem Wood Toothbrush - Pack of 4	Eco-Friendly Neem Wood Toothbrush	NTB-4	1.0000	365.0000	5037	5605
43432	2024-09-06	wc-completed	Copper Tongue Cleaner - Pack of 1, Ring	Copper Tongue Cleaner	TC-R-1	1.0000	145.0000	5042	7807
43433	2024-09-06	wc-completed	Ocean Drums - Plain, 40 cms	Ocean Drums	MI-OD-P-40	1.0000	3250.0000	9529	9534
43444	2024-09-06	wc-completed	7-Key Kalimba Made from Coconut Shell - Painted - Butterfly	7-Key Kalimba Made from Coconut Shell - Painted & Plain		1.0000	950.0000	7661	7665
43445	2024-09-07	wc-completed	Crescent Zafu Meditation Cushion - Lavender	Crescent Zafu Meditation Cushion		1.0000	1085.0000	6734	9671
43447	2024-09-07	wc-completed	7-Key Kalimba Made from Coconut Shell - Painted - Butterfly	7-Key Kalimba Made from Coconut Shell - Painted & Plain		1.0000	855.0000	7661	7665
43448	2024-09-07	wc-completed	Zafu & Zabuton Meditation Cushion Combo - Navy Blue	Zafu & Zabuton Meditation Cushion Combo	CO-Me-Zf-Zn-C-NB	1.0000	2650.0000	7177	7186
43449	2024-09-07	wc-completed	Copper Bottle Gift Set - 7 Chakra - Vintage	Copper Bottle Gift Set - 7 Chakra		1.0000	1750.0000	6638	6648
43451	2024-09-07	wc-completed	Asalato/Aslatau or Kashaka Shaker - Single	Asalato/Aslatau or Kashaka Shaker	MI-AS	1.0000	1345.0000	7300	9111
43453	2024-09-08	wc-completed	Asalato/Aslatau or Kashaka Shaker - Pair	Asalato/Aslatau or Kashaka Shaker	MI-AS	1.0000	2450.0000	7300	9112
43454	2024-09-08	wc-completed	Handcrafted Set of 7 Bowls for Sound Therapy - Medium Set, Chakra Etching	Handcrafted Set of 7 Bowls for Sound Therapy	MI-SB-7C Set-S-EC	1.0000	57500.0000	7887	9194
43455	2024-09-08	wc-completed	Grooved ,Hammered and Plain Copper Water Bottles	Grooved, Hammered & Plain Copper Bottle		1.0000	989.1000	6071	6267
43456	2024-09-08	wc-completed	Full Moon Singing Bowls - 7 Inches	Full Moon Singing Bowls - All Sizes	MI-SB-H-FM-7	1.0000	8350.0000	7607	7610
43457	2024-09-08	wc-completed	Printed Copper Water Bottles	Artistically Designed Copper Bottles	CB-T-.5	1.0000	1245.0000	6007	42889
43487	2024-09-09	wc-completed	Wooden Mallets for Singing Bowls - Standard Wide, Red	Wooden Mallets for Singing Bowls	MI-SB-M-R-Wd-4.5	1.0000	255.0000	6978	43381
43487	2024-09-09	wc-completed	Copper Bottle - Black Color with 7 Chakras Vintage - Without Brush	7 Chakras Vintage - Copper Bottle		1.0000	1245.0000	5682	5786
43490	2024-09-09	wc-completed	Mini Coconut Shakers - 3 Types - Round Shaped	Mini Coconut Shakers - 3 Types	MI-CS-R	1.0000	10.0000	6062	6064
43490	2024-09-09	wc-completed	Painted Egg Shakers - Blue Dotted	Painted Egg Shakers	MI-ES-P-B	1.0000	14.5000	7404	7415
43490	2024-09-09	wc-completed	Handheld Natural Coconut Shaker	Handheld Natural Coconut Shaker	MI-CS-H	1.0000	14.5000	5713	0
43495	2024-09-10	wc-completed	Shamanic Drum - Plain, 40 cms	Shamanic Drum	MI-SD-P-40	1.0000	4725.0000	7293	9589
43495	2024-09-10	wc-completed	7 Chakras Mystical Incense Sticks Set - 7 Chakra Set with Stand	7 Chakras Mystical Incense Sticks Set	IS-7C-S	1.0000	508.5000	7687	43292
43495	2024-09-10	wc-completed	Coconut Maracas Shaker	Coconut Maracas Shakers	MI-CM	1.0000	891.0000	7370	0
43500	2024-09-10	wc-completed	11 Note Tongue Drum	11 Note Tongue Drum		1.0000	7850.0000	42373	42411
43502	2024-09-10	wc-completed	7 Chakras Copper Water Bottles	7 Chakras Copper Water Bottles	CB-7CV-B	1.0000	1143.2500	6080	43440
43502	2024-09-10	wc-completed	Eye Shaped Natural Lavender Scented Eye Pillows - Sage	Eye Shaped Natural Lavender Scented Eye Pillows	Yo-P-E-SE-1	1.0000	335.7500	9220	9225
43502	2024-09-10	wc-completed	Eye Shaped Natural Lavender Scented Eye Pillows - Rose	Eye Shaped Natural Lavender Scented Eye Pillows	Yo-P-E-RE-1	1.0000	335.7500	9220	9221
43503	2024-09-10	wc-completed	Ocean Drums - Plain, 40 cms	Ocean Drums	MI-OD-P-40	2.0000	5850.0000	9529	9534
43504	2024-09-10	wc-completed	Handmade Universal Bowl for Sound Healing	Handmade Universal Bowl for Sound Healing	MI-SB-HM-UN	1.0000	6885.0000	8143	0
43506	2024-09-11	wc-completed	Singing Bowls Silk Ring Cushion Accessories - 16 cms, Red	Singing Bowls Silk Ring Cushion Accessories	MI-SB-C-R-16	1.0000	325.0000	6988	7792
43513	2024-09-11	wc-completed	Etched Handmade Singing Bowls - Buddha, 6 in	Etched Handmade Singing Bowls	MI-SB-H-ET-B-6	1.0000	9450.0000	9795	9859
43514	2024-09-12	wc-completed	7 Chakras Vintage - Copper Bottle	7 Chakras Vintage - Copper Bottle		1.0000	1245.0000	5682	5786
43515	2024-09-12	wc-completed	Sarveda Sacred Symbols Singing Bowls - Black, 3.5 in	Sacred Symbols Singing Bowls	MI-SB-P-SS-BK-3.5	1.0000	1295.0000	10008	10012
43516	2024-09-12	wc-completed	Artistically Designed Copper Bottles	Artistically Designed Copper Bottles	CB-HW	1.0000	1245.0000	6007	42895
43520	2024-09-12	wc-completed	Copper Tongue Cleaner - Pack of 1, Straight	Copper Tongue Cleaner	TC-R-1	1.0000	148.5000	5042	7808
43520	2024-09-12	wc-completed	Hammered Copper Bottle - Without Brush	Hammered Copper Bottle		1.0000	989.1000	5688	5913
43521	2024-09-12	wc-completed	8 Keys Metallophone - with 1” & 1.5” key-widths - 1.5 inch	8 Keys Metallophone - with 1” & 1.5” key-widths	MI-XP-SP-1.5-8	1.0000	112.9500	42332	42339
43521	2024-09-12	wc-completed	Hammered Copper Bottle - With Brush	Hammered Copper Bottle		1.0000	16.9200	5688	5914
43525	2024-09-13	wc-completed	Yoga Bolster made from Organic Cotton - Maroon	Round Yoga Bolster	Yo-BR-R-M	4.0000	5400.0000	6689	9762
43526	2024-09-13	wc-completed	Yoga Bolster made from Organic Cotton - Navy Blue	Round Yoga Bolster	Yo-BR-R-NB	8.0000	10800.0000	6689	6693
43528	2024-09-13	wc-completed	Plain Flat/Wind/Tibetan Gong for Meditation & Sound Therapy - 14 in	Plain/Wind Tibetan Gong	MI-G-P-14	1.0000	9900.0000	8833	8847
43528	2024-09-13	wc-completed	Tingsha Bell - Mantra, 2 in	Tingsha Bell		1.0000	1650.0000	5763	42354
43528	2024-09-13	wc-completed	Swinging Chimes - 6 Bars	Swinging Chimes	MI-SC-6	1.0000	6495.0000	10345	10346
43528	2024-09-13	wc-completed	"Wooden Mallets for Singing Bowls - Long Soft-9"", Red"	Wooden Mallets for Singing Bowls	MI-SB-M-L-R-9	1.0000	645.0000	6978	43376
43531	2024-09-13	wc-completed	Stainless Steel Straws - Pack of 4	Stainless Steel Straws	SSS-4	1.0000	245.0000	6505	6508
43533	2024-09-14	wc-completed	Full Moon Singing Bowls - 10 Inches	Full Moon Singing Bowls - All Sizes	MI-SB-H-FM-10	1.0000	11895.0000	7607	9034
43533	2024-09-14	wc-completed	Thunder Tube	Thunder Tube - Basic Edition	MI-TT-20	1.0000	1495.0000	7317	0
43534	2024-09-14	wc-completed	Wooden Mallets for Singing Bowls - Standard Wide, Black	Wooden Mallets for Singing Bowls	MI-SB-M-R-Wd-4.5	2.0000	510.0000	6978	43380
43535	2024-09-14	wc-completed	7 Chakras Vintage - Copper Bottle	7 Chakras Vintage - Copper Bottle		1.0000	1345.0000	5682	43492
43536	2024-09-14	wc-completed	Sarveda Sacred Symbols Singing Bowls - Yellow, 3.5 in	Sacred Symbols Singing Bowls	MI-SB-P-SS-Y-3.5	1.0000	1295.0000	10008	10021
43539	2024-09-16	wc-completed	7 Chakras Mystical Incense Sticks Set - 7 Chakra Set	7 Chakras Mystical Incense Sticks Set	IS-7C	2.0000	864.0000	7687	7688
43539	2024-09-16	wc-completed	Copper Tongue Cleaner - Pack of 1, Straight	Copper Tongue Cleaner	TC-R-1	7.0000	1039.5000	5042	7808
43539	2024-09-16	wc-completed	Eco-Friendly Neem Wood Toothbrush - Pack of 4	Eco-Friendly Neem Wood Toothbrush	NTB-4	2.0000	657.0000	5037	5605
43540	2024-09-16	wc-completed	Bamboo Rainstick - 1m	Bamboo Rainstick	MI-RS-B-1M	1.0000	2245.5000	7484	8764
43541	2024-09-16	wc-completed	7 Chakras Mystical Incense Sticks Set - 7 Chakra Set	7 Chakras Mystical Incense Sticks Set	IS-7C	1.0000	432.0000	7687	7688
43541	2024-09-16	wc-completed	Handmade Singing Bowls for Sound Therapy - 5 in, Matte	Handmade Singing Bowls - All Sizes	Mi-SB-H-M-5	1.0000	4905.0000	6884	9695
43548	2024-09-16	wc-completed	Zafu Meditation Cushion with Lotus Embroidery - Rose	Zafu Meditation Cushion Lotus - Embroidery Filled with Cotton	Me-C-RZ-R-E-L	1.0000	1156.5000	9278	9283
43548	2024-09-16	wc-completed	Handmade Singing Bowls for Sound Therapy - 9 in, Polished	Handmade Singing Bowls - All Sizes	Mi-SB-H-P-9	1.0000	8905.5000	6884	9702
43549	2024-09-17	wc-completed	7 Chakras Vintage - Copper Bottle	7 Chakras Vintage - Copper Bottle		1.0000	1245.0000	5682	5786
43552	2024-09-17	wc-completed	Singing Bowls with Sacred Mantra Printed - Red, 3.5 Inches	Singing Bowls with Sacred Mantra Printed	MI-SB-P-R-3.5	1.0000	1165.5000	6807	7953
43553	2024-09-17	wc-completed	Zafu & Zabuton Meditation Cushion Combo - Navy Blue	Zafu & Zabuton Meditation Cushion Combo	CO-Me-Zf-Zn-C-NB	1.0000	2650.0000	7177	7186
43555	2024-09-18	wc-completed	Natural Lavender Scented Eye Pillows - Grey	Natural Lavender Scented Eye Pillows	Yo-P-E-GY	1.0000	355.5000	6519	6526
43555	2024-09-18	wc-completed	Natural Lavender Scented Eye Pillows - Rose	Natural Lavender Scented Eye Pillows	Yo-P-E-RE	1.0000	355.5000	6519	6525
43557	2024-09-18	wc-completed	Jala Neti Pot - Ceramic 185 ml - White	Jala Neti Pot - Ceramic 185 ml	NP-W-185	1.0000	245.0000	5769	5826
43559	2024-09-19	wc-completed	Yoga Bolster made from Organic Cotton - Navy Blue	Round Yoga Bolster	Yo-BR-R-NB	1.0000	1215.0000	6689	6693
43559	2024-09-19	wc-completed	Yoga Blanket made from Organic Cotton - Brown	Yoga Blanket made from Organic Cotton	Yo-BT-C-BW	2.0000	2511.0000	6668	6687
43559	2024-09-19	wc-completed	Yoga Belt/Strap for Sturdy Grip - Navy Blue	Yoga Belt/Strap for Sturdy Grip	Yo-BL-D-NB	3.0000	931.5000	6530	6548
43559	2024-09-19	wc-completed	Yoga Bolster made from Organic Cotton - Orange	Round Yoga Bolster	Yo-BR-R-O	1.0000	1215.0000	6689	7905
43559	2024-09-19	wc-completed	Rectangular Yoga Bolster made from Organic Cotton - Sage	Rectangular Yoga Bolster	Yo-BR-RE-SE	1.0000	1125.0000	9675	9678
43560	2024-09-20	wc-completed	Bamboo Rainstick - 1m	Bamboo Rainstick	MI-RS-B-1M	1.0000	2245.5000	7484	8764
43560	2024-09-20	wc-completed	7 Chakras Mystical Incense Sticks Set - 7 Chakra Set	7 Chakras Mystical Incense Sticks Set	IS-7C	1.0000	432.0000	7687	7688
43560	2024-09-20	wc-completed	Thunder Tube	Thunder Tube - Basic Edition	MI-TT-20	1.0000	1345.5000	7317	0
43587	2024-09-20	wc-completed	7 Chakras Gold - Copper Bottle	7 Chakras Gold - Copper Bottle		1.0000	995.0000	5675	5785
43588	2024-09-20	wc-completed	Spiral/Snake Didgeridoo - Green	Spiral/Snake Didgeridoo	MI-DG-SP-G	1.0000	6650.0000	7324	7519
43610	2024-09-20	wc-completed	Macrame Yoga Mat Straps - Brown	Macrame Yoga Mat Straps	Yo-MC-MS-B	1.0000	585.0000	7568	7573
43610	2024-09-20	wc-completed	Yoga Blanket made from Organic Cotton - Brown	Yoga Blanket made from Organic Cotton	Yo-BT-C-BW	1.0000	1395.0000	6668	6687
43611	2024-09-21	wc-completed	32 Rods - Bar Chime	25 Rods - Bar Chime	MI-BCH-32	1.0000	5265.0000	42389	0
43611	2024-09-21	wc-completed	Bamboo Rainstick - 60cms	Bamboo Rainstick	MI-RS-B-60	1.0000	1795.5000	7484	8763
43611	2024-09-21	wc-completed	Ocean Drums - Design, 25 cms	Ocean Drums		1.0000	2115.0000	9529	9535
43612	2024-09-21	wc-completed	Handmade Universal Bowl for Sound Healing	Handmade Universal Bowl for Sound Healing	MI-SB-HM-UN	1.0000	7650.0000	8143	0
43612	2024-09-21	wc-completed	Rectangular Yoga Bolster made from Organic Cotton - Sage	Rectangular Yoga Bolster	Yo-BR-RE-SE	1.0000	1250.0000	9675	9678
43613	2024-09-21	wc-completed	Swinging Chimes - 6 Bars	Swinging Chimes	MI-SC-6	1.0000	6495.0000	10345	10346
43618	2024-09-21	wc-completed	Natural Lavender Scented Eye Pillows - Rose	Natural Lavender Scented Eye Pillows	Yo-P-E-RE	1.0000	355.5000	6519	6525
43618	2024-09-21	wc-completed	Yoga Bolster made from Organic Cotton - Rose	Round Yoga Bolster	Yo-BR-R-RE	1.0000	1215.0000	6689	6694
43618	2024-09-21	wc-completed	Yoga Blanket made from Organic Cotton - Brown	Yoga Blanket made from Organic Cotton	Yo-BT-C-BW	2.0000	2511.0000	6668	6687
43618	2024-09-21	wc-completed	Rectangular Yoga Bolster made from Organic Cotton - Rose	Rectangular Yoga Bolster	Yo-BR-RE-RE	1.0000	1125.0000	9675	9680
43619	2024-09-21	wc-completed	Artistically Designed Copper Bottles	Artistically Designed Copper Bottles	CB-T-B	1.0000	1345.0000	6007	42890
43717	2024-09-21	wc-completed	Sarveda Flower of Life with Sacred Symbols Singing Bowls - Blue, 10.5 in	Flower of Life with Sacred Symbols Singing Bowls	MI-SB-RFL-B-10.5	1.0000	1971.0000	10035	10050
43717	2024-09-21	wc-completed	Etched Flat/Wind/Tibetan Gong for Meditation & Sound Therapy - Mandala, 16 in	Etched Wind Gong	MI-G-ET-M-16	1.0000	14355.0000	8846	10262
43717	2024-09-21	wc-completed	Ocean Drums - Design, 40 cms	Ocean Drums	MI-OD-D-40	1.0000	3105.0000	9529	9538
43717	2024-09-21	wc-completed	Swinging Chimes - 9 Bars	Swinging Chimes	MI-SC-9	1.0000	7895.0000	10345	10347
43718	2024-09-22	wc-completed	Jala Neti Pot - Ceramic 185 ml - Mint Green	Jala Neti Pot - Ceramic 185 ml	NP-MG-185	1.0000	245.0000	5769	6336
43719	2024-09-22	wc-completed	Bamboo Rainstick - 40cms	Bamboo Rainstick	MI-RS-B-40	1.0000	1495.0000	7484	8762
43720	2024-09-23	wc-completed	Tuned Singing Bowls for Meditation & Healing - Handmade - Zen - 26cms			1.0000	7650.0000	6867	6869
43732	2024-09-23	wc-completed	Bamboo Rainstick - 60cms	Bamboo Rainstick	MI-RS-B-60	1.0000	1995.0000	7484	8763
43732	2024-09-23	wc-completed	Kenari Bracelet	Kenari Bracelet	MI-KR-BT	1.0000	1350.0000	42323	0
43732	2024-09-23	wc-completed	S-Shaped Didgeridoo - Green	S-Shaped Didgeridoo	MI-DG-S-G	1.0000	7750.0000	7307	7314
43732	2024-09-23	wc-completed	Sarveda Flower of Life with Sacred Symbols Singing Bowls - Olive green, 8 in	Flower of Life with Sacred Symbols Singing Bowls	MI-SB-RFL-O-8	1.0000	1550.0000	10035	10057
43732	2024-09-23	wc-completed	Jala Neti Pot - Ceramic 185 ml - Mint Green	Jala Neti Pot - Ceramic 185 ml	NP-MG-185	1.0000	245.0000	5769	6336
43732	2024-09-23	wc-completed	Shamanic Drum - Plain, 30 cms	Shamanic Drum	MI-SD-P-30	1.0000	4650.0000	7293	9588
43732	2024-09-23	wc-completed	Pangi Seed Shell Rattle	Pangi Seed Shell Rattle	MI-PS	1.0000	1950.0000	7356	0
43732	2024-09-23	wc-completed	Painted Egg Shakers - Artistically Designed	Painted Egg Shakers	MI-ES-P-A	1.0000	925.0000	7404	7416
43732	2024-09-23	wc-completed	Yoga Blanket made from Organic Cotton - Brown	Yoga Blanket made from Organic Cotton	Yo-BT-C-BW	2.0000	2790.0000	6668	6687
43732	2024-09-23	wc-completed	Ocean Drums - Design, 25 cms	Ocean Drums		1.0000	2350.0000	9529	9535
43732	2024-09-23	wc-completed	Yoga Belt/Strap for Sturdy Grip - Rose	Yoga Belt/Strap for Sturdy Grip	Yo-BL-D-RE	1.0000	345.0000	6530	6549
43732	2024-09-23	wc-completed	Crescent Zafu Meditation Cushion - Lavender	Crescent Zafu Meditation Cushion		1.0000	1085.0000	6734	9671
43732	2024-09-23	wc-completed	Zen Meditation Bench	Zen Meditation Bench	ME-Cu	1.0000	2850.0000	9763	0
43732	2024-09-23	wc-completed	Jala Neti Pot - Ceramic 185 ml - Lemon Yellow	Jala Neti Pot - Ceramic 185 ml	NP-LY-185	1.0000	245.0000	5769	6335
43732	2024-09-23	wc-completed	Ayurvedic Copper Bedroom Jar	Ayurvedic Copper Bedroom Jar	CB-BJ	1.0000	1245.0000	6289	0
43732	2024-09-23	wc-completed	7 Chakras Mystical Incense Sticks Set - 7 Chakra Set with Stand	7 Chakras Mystical Incense Sticks Set	IS-7C-S	1.0000	565.0000	7687	43292
43739	2024-09-24	wc-completed	Hi-Zafu Meditation Cushion filled with Buckwheat and Embroidered with Lotus - Light Grey	Hi-Zafu Meditation Cushion - Embroidered with Lotus	Me-C-HZ-LG-E-L	1.0000	1345.0000	9291	9377
43749	2024-09-24	wc-completed	Thunder Tube	Thunder Tube - Basic Edition	MI-TT-20	1.0000	1345.5000	7317	0
43749	2024-09-24	wc-completed	Pangi Seed Shell Rattle	Pangi Seed Shell Rattle	MI-PS	1.0000	1755.0000	7356	0
43749	2024-09-24	wc-completed	Wooden Mallets for Singing Bowls - Thick Wide, Red	Wooden Mallets for Singing Bowls	MI-SB-M-R-Wd-4.5	1.0000	256.5000	6978	43379
43750	2024-09-25	wc-completed	Rectangular Yoga Bolster made from Organic Cotton - Light Grey	Rectangular Yoga Bolster	Yo-BR-RE-LG	1.0000	1250.0000	9675	9676
43750	2024-09-25	wc-completed	Crescent Zafu Meditation Cushion - Rouge Pink Large	Crescent Zafu Meditation Cushion		1.0000	1085.0000	6734	6751
43751	2024-09-25	wc-completed	Tingsha Bell - Symbol, 3 in	Tingsha Bell		1.0000	1850.0000	5763	42353
43751	2024-09-25	wc-completed	Kenari Seed Shell Shaker with Handle	Kenari Seed Shell Shaker with Handle	MI-KS-H	1.0000	1450.0000	7349	0
43751	2024-09-25	wc-completed	Bamboo Rainstick - 60cms	Bamboo Rainstick	MI-RS-B-60	1.0000	1995.0000	7484	8763
43752	2024-09-25	wc-completed	Yoga Belt/Strap for Sturdy Grip - Green	Yoga Belt/Strap for Sturdy Grip	Yo-BL-D-GR	2.0000	690.0000	6530	6550
43763	2024-09-26	wc-completed	Copper Tongue Cleaner - Pack of 4, Straight	Copper Tongue Cleaner	TC-R-1	1.0000	395.0000	5042	7812
43785	2024-09-26	wc-completed	Wooden Mallets for Singing Bowls - Thick Wide, Black	Wooden Mallets for Singing Bowls	MI-SB-M-R-Wd-4.5	1.0000	285.0000	6978	43378
43803	2024-09-26	wc-completed	Yoga Bolster made from Organic Cotton - Navy Blue	Round Yoga Bolster	Yo-BR-R-NB	1.0000	1350.0000	6689	6693
43804	2024-09-26	wc-completed	Curved Diamond Groove Copper Bottle	Curved Diamond Groove Copper Bottle		1.0000	1099.0000	5934	5949
43805	2024-09-26	wc-completed	Sacred Symbols Singing Bowls - Black, 3.5 in	Sacred Symbols Singing Bowls	MI-SB-P-SS-BK-3.5	1.0000	1295.0000	10008	10012
43808	2024-09-27	wc-completed	Yoga Bolster made from Organic Cotton - Navy Blue	Round Yoga Bolster	Yo-BR-R-NB	2.0000	2700.0000	6689	6693
43809	2024-09-28	wc-completed	Bamboo Rainstick - 1m	Bamboo Rainstick	MI-RS-B-1M	1.0000	2495.0000	7484	8764
43810	2024-09-28	wc-completed	Singing Bowl with Mantra - Rustic Blue Colour - 7 Inches	Singing Bowl with Mantra - Rustic Blue Colour	MI-SB-RB-7	1.0000	1745.0000	6861	7287
43811	2024-09-28	wc-completed	Wooden Mallets for Singing Bowls - Long Firm-Standard, White	Wooden Mallets for Singing Bowls	MI-SB-M-R-Wd-4.5	1.0000	645.0000	6978	43384
43812	2024-09-28	wc-completed	Dumru/Dumroo Indian Handmade Percussion Instrument - 10cms, Dark Brown	Dumru/Dumroo Indian Handmade Percussion Instrument		1.0000	325.0000	5740	6910
43815	2024-09-28	wc-completed	Bamboo Rainstick - 1m	Bamboo Rainstick	MI-RS-B-1M	1.0000	2495.0000	7484	8764
43819	2024-09-29	wc-completed	Curved Hammered Copper Bottles	Curved Hammered Copper Bottles		1.0000	1199.0000	5495	5944
43820	2024-09-29	wc-completed	Zafu & Zabuton Meditation Cushion Combo - Lavender	Zafu & Zabuton Meditation Cushion Combo	Co-Me-C-Z-Zn-LR	1.0000	2650.0000	7177	9597
43821	2024-09-29	wc-completed	Bamboo Rainstick - 40cms	Bamboo Rainstick	MI-RS-B-40	1.0000	1345.5000	7484	8762
43822	2024-09-29	wc-completed	Bamboo Rainstick - 1m	Bamboo Rainstick	MI-RS-B-1M	1.0000	2495.0000	7484	8764
43823	2024-09-30	wc-completed	Kenari Bracelet	Kenari Bracelet	MI-KR-BT	1.0000	1350.0000	42323	0
43823	2024-09-30	wc-completed	Bamboo Rainstick - 1m	Bamboo Rainstick	MI-RS-B-1M	1.0000	2495.0000	7484	8764
43827	2024-09-30	wc-completed	Yoga Blanket made from Organic Cotton - Natural White	Yoga Blanket made from Organic Cotton	Yo-BT-C-NT	1.0000	1165.5000	6668	6688
43828	2024-09-30	wc-completed	Bamboo Rainstick - 60cms	Bamboo Rainstick	MI-RS-B-60	1.0000	1995.0000	7484	8763
43829	2024-10-01	wc-completed	Bamboo Rainstick - 1m	Bamboo Rainstick	MI-RS-B-1M	1.0000	2495.0000	7484	8764
43830	2024-10-01	wc-completed	7 Chakras Vintage - Copper Bottle	7 Chakras Vintage - Copper Bottle		2.0000	1990.0000	5682	5787
43832	2024-10-01	wc-completed	Eye Shaped Natural Lavender Scented Eye Pillows - Sage	Eye Shaped Natural Lavender Scented Eye Pillows	Yo-P-E-SE-1	1.0000	355.5000	9220	9225
43833	2024-10-02	wc-completed	Tingsha Bell - Symbol, 2.5 in	Tingsha Bell		1.0000	1575.0000	5763	42352
43833	2024-10-02	wc-completed	Kenari Seed Shell Shakers - Large	Kenari Seed Shell Shakers	MI-KR-S-L	1.0000	1755.0000	7472	7511
43833	2024-10-02	wc-completed	"Wooden Mallets for Singing Bowls - Long Soft-13"", Red"	Wooden Mallets for Singing Bowls	MI-SB-M-L-R-13	1.0000	765.0000	6978	43374
43835	2024-10-02	wc-completed	7 Chakras Vintage - Copper Bottle	7 Chakras Vintage - Copper Bottle		1.0000	995.0000	5682	5787
43836	2024-10-02	wc-completed	Zabuton Cushion for Meditation - Grey	Zabuton Cushion for Meditation	Me-C-Zn-GY	1.0000	1850.0000	6780	6795
43837	2024-10-03	wc-completed	Tuned Singing Bowls for Meditation & Healing - Handmade - Zen - 26cms			1.0000	8500.0000	6867	6869
43843	2024-10-03	wc-completed	Sarveda Handcrafted Zen Singing Bowl - 24cms	Vibroacoustic Therapy Bowls - Universal, Belly and Head		1.0000	8250.0000	8040	8050
43848	2024-10-04	wc-completed	Rectangular Yoga Bolster made from Organic Cotton - Sage	Rectangular Yoga Bolster	Yo-BR-RE-SE	1.0000	1250.0000	9675	9678
43849	2024-10-04	wc-completed	Tingsha Bell - Mantra, 2 in	Tingsha Bell		1.0000	1485.0000	5763	42354
43849	2024-10-04	wc-completed	Hammered Singing Bowl - 4 inch	Dotted Singing Bowl	MI-SB-H-4	1.0000	1480.5000	6892	6901
43850	2024-10-04	wc-completed	Ocean Drums - Design, 40 cms	Ocean Drums	MI-OD-D-40	1.0000	3105.0000	9529	9538
43852	2024-10-05	wc-completed	Copper Tongue Cleaner - Pack of 1, Ring	Copper Tongue Cleaner	TC-R-1	1.0000	145.0000	5042	7807
43858	2024-10-05	wc-completed	Wooden Mallets for Singing Bowls - Standard Wide, Red	Wooden Mallets for Singing Bowls	MI-SB-M-R-Wd-4.5	1.0000	255.0000	6978	43381
43859	2024-10-06	wc-completed	Shamanic Drum - Plain, 40 cms	Shamanic Drum	MI-SD-P-40	1.0000	4725.0000	7293	9589
43860	2024-10-07	wc-completed	Hammered Copper Bottle - Without Brush	Hammered Copper Bottle		1.0000	1099.0000	5688	5913
43862	2024-10-07	wc-completed	Curved Hammered Copper Bottles	Curved Hammered Copper Bottles		1.0000	1099.0000	5495	5943
43866	2024-10-07	wc-completed	Handmade Universal Bowl for Sound Healing	Handmade Universal Bowl for Sound Healing	MI-SB-HM-UN	1.0000	7650.0000	8143	0
43867	2024-10-07	wc-completed	Sacred Symbols Singing Bowls - Red, 5.5 in	Sacred Symbols Singing Bowls	MI-SB-P-SS-R-5.5	1.0000	1995.0000	10008	10020
43868	2024-10-08	wc-completed	Painted Egg Shakers - Artistically Designed	Painted Egg Shakers	MI-ES-P-A	1.0000	925.0000	7404	7416
43869	2024-10-08	wc-completed	Sarveda Crystal Bowls - 14 in	Crystal Bowls	MI-CB-W-14	1.0000	19750.0000	9777	9786
43876	2024-10-08	wc-completed	Zafu & Zabuton Meditation Cushion Combo with Lotus Embroidery - Misty Blue	Zafu & Zabuton Meditation Cushion Combo - Lotus Embroidery	Co-Me-C-Z-Zn-MB-E-L	1.0000	2850.0000	9312	9314
43877	2024-10-08	wc-completed	Ocean Drums - Plain, 35 cms	Ocean Drums	MI-OD-P-35	1.0000	2750.0000	9529	9533
43877	2024-10-08	wc-completed	Pangi Seed Shell Rattle	Pangi Seed Shell Rattle	MI-PS	1.0000	1950.0000	7356	0
43877	2024-10-08	wc-completed	Bamboo Rainstick - 1m	Bamboo Rainstick	MI-RS-B-1M	1.0000	2495.0000	7484	8764
43879	2024-10-08	wc-completed	7 Chakras Copper Water Bottles	7 Chakras Copper Water Bottles	CB-7CV-B	1.0000	1345.0000	6080	43440
43880	2024-10-08	wc-completed	Asalato/Aslatau or Kashaka Shaker - Single	Asalato/Aslatau or Kashaka Shaker	MI-AS	2.0000	2421.0000	7300	9111
43882	2024-10-09	wc-completed	Kenari Seed Shell Shakers - Large	Kenari Seed Shell Shakers	MI-KR-S-L	1.0000	1950.0000	7472	7511
43882	2024-10-09	wc-completed	Ocean Drums - Design, 35 cms	Ocean Drums	MI-OD-D-35	1.0000	2805.0000	9529	9537
43883	2024-10-09	wc-completed	Kenari Seed Shell Shakers - Large	Kenari Seed Shell Shakers	MI-KR-S-L	1.0000	1950.0000	7472	7511
43911	2024-10-09	wc-completed	Etched Flat/Wind/Tibetan Gong for Meditation & Sound Therapy - Shakti Chakra, 18 in	Etched Wind Gong	MI-G-ET-SC-18	1.0000	18950.0000	8846	10287
43914	2024-10-10	wc-completed	7 Chakras Copper Water Bottles	7 Chakras Copper Water Bottles	CB-7CV	1.0000	1245.0000	6080	43441
43915	2024-10-10	wc-completed	Jala Neti Pot - Ceramic 185 ml - Green	Jala Neti Pot - Ceramic 185 ml		1.0000	220.5000	5769	7971
43916	2024-10-10	wc-completed	Eye Shaped Natural Lavender Scented Eye Pillows - Navy Blue	Eye Shaped Natural Lavender Scented Eye Pillows	Yo-P-E-NB-1	2.0000	711.0000	9220	9223
43917	2024-10-10	wc-completed	Copper Tongue Cleaner - Pack of 2, Straight	Copper Tongue Cleaner	TC-R-1	1.0000	238.5000	5042	7810
43917	2024-10-10	wc-completed	Copper Bottle Gift Set - 7 Chakra - Gold	Copper Bottle Gift Set - 7 Chakra		1.0000	1575.0000	6638	6647
43917	2024-10-10	wc-completed	Neem Wood Combs - Small Comb	Neem Wood Combs	NWC-P	2.0000	243.0000	5038	5598
43935	2024-10-10	wc-completed	Sacred Symbols Singing Bowls - Black, 5.5 in	Sacred Symbols Singing Bowls	MI-SB-P-SS-BK-5.5	1.0000	1995.0000	10008	10014
43937	2024-10-10	wc-completed	Singing Bowls Silk Ring Cushion Accessories - 18 cms, Red	Singing Bowls Silk Ring Cushion Accessories	MI-SB-C-R-18	1.0000	345.0000	6988	7799
43941	2024-10-10	wc-completed	Natural Lavender Scented Eye Pillows - Grey	Natural Lavender Scented Eye Pillows	Yo-P-E-GY	1.0000	395.0000	6519	6526
43945	2024-10-11	wc-completed	Tibetan Buddhist Bell - Large 3.5*7in	Tibetan Buddhist Bell	MI-BB-3.5	1.0000	1665.0000	6973	9200
43948	2024-10-12	wc-completed	Copper Bottle Gift Set - 7 Chakra - Gold	Copper Bottle Gift Set - 7 Chakra		7.0000	12250.0000	6638	6647
43950	2024-10-12	wc-completed	Singing Bowl with Mantra - Rustic Blue Colour - 7 Inches	Singing Bowl with Mantra - Rustic Blue Colour	MI-SB-RB-7	1.0000	1570.5000	6861	7287
43951	2024-10-13	wc-completed	Hammered Singing Bowl - 5.5 inch	Dotted Singing Bowl	MI-SB-H-5.5	1.0000	2145.0000	6892	6902
43952	2024-10-13	wc-completed	Stainless Steel Straws - Pack of 2	Stainless Steel Straws	SSS-2	1.0000	157.5000	6505	6507
43952	2024-10-13	wc-completed	Asalato/Aslatau or Kashaka Shaker - Pair	Asalato/Aslatau or Kashaka Shaker	MI-AS	1.0000	2205.0000	7300	9112
43953	2024-10-13	wc-completed	Asalato/Aslatau or Kashaka Shaker - Single	Asalato/Aslatau or Kashaka Shaker	MI-AS	1.0000	1345.0000	7300	9111
43955	2024-10-13	wc-completed	Yoga Blanket made from Organic Cotton - Magenta	Yoga Blanket made from Organic Cotton	Yo-BT-C-MG	1.0000	1255.5000	6668	6686
43955	2024-10-13	wc-completed	11 Note Tongue Drum - White, 6 inches	11 Note Tongue Drum		1.0000	5265.0000	42373	42412
43956	2024-10-14	wc-completed	Wooden Maracas Shaker - Dot Painted			2.0000	2090.0000	7548	0
43961	2024-10-14	wc-completed	7 Chakras Copper Water Bottles	7 Chakras Copper Water Bottles	CB-7CV-B	1.0000	1210.5000	6080	43440
43962	2024-10-14	wc-completed	7-Key Kalimba Made from Coconut Shell - Painted - Dolphin	7-Key Kalimba Made from Coconut Shell - Painted & Plain	MI-KCS-PE	1.0000	950.0000	7661	7662
43963	2024-10-14	wc-completed	Bamboo Rainstick - 1m	Bamboo Rainstick	MI-RS-B-1M	1.0000	2245.5000	7484	8764
43971	2024-10-15	wc-completed	Jala Neti Pot - Ceramic 185 ml - Blue	Jala Neti Pot - Ceramic 185 ml	NP-B-185	1.0000	220.5000	5769	6918
43972	2024-10-15	wc-completed	Ocean Drums - Design, 40 cms	Ocean Drums	MI-OD-D-40	1.0000	3105.0000	9529	9538
43972	2024-10-15	wc-completed	Eye Shaped Natural Lavender Scented Eye Pillows - Navy Blue	Eye Shaped Natural Lavender Scented Eye Pillows	Yo-P-E-NB-1	1.0000	355.5000	9220	9223
43972	2024-10-15	wc-completed	Eye Shaped Natural Lavender Scented Eye Pillows - Rose	Eye Shaped Natural Lavender Scented Eye Pillows	Yo-P-E-RE-1	1.0000	355.5000	9220	9221
43972	2024-10-15	wc-completed	Yoga Blanket made from Organic Cotton - Brown	Yoga Blanket made from Organic Cotton	Yo-BT-C-BW	1.0000	1255.5000	6668	6687
43972	2024-10-15	wc-completed	Thunder Tube	Thunder Tube - Basic Edition	MI-TT-20	1.0000	1345.5000	7317	0
43979	2024-10-17	wc-completed	Yoga Bolster made from Organic Cotton - Rose	Round Yoga Bolster	Yo-BR-R-RE	1.0000	1350.0000	6689	6694
43983	2024-10-17	wc-completed	Ocean Drums - Plain, 35 cms	Ocean Drums	MI-OD-P-35	1.0000	2750.0000	9529	9533
43990	2024-10-18	wc-completed	Bamboo Rainstick - 1m	Bamboo Rainstick	MI-RS-B-1M	1.0000	2245.5000	7484	8764
43990	2024-10-18	wc-completed	7 Chakras Mystical Incense Sticks Set - Pure Lavender	7 Chakras Mystical Incense Sticks Set		1.0000	72.0000	7687	7692
43998	2024-10-19	wc-completed	Flower of Life with Sacred Symbols Singing Bowls - Brown, 10.5 in	Flower of Life with Sacred Symbols Singing Bowls	MI-SB-RFL-BR-10.5	1.0000	2190.0000	10035	10053
43998	2024-10-19	wc-completed	Flower of Life with Sacred Symbols Singing Bowls - Blue, 9 in	Flower of Life with Sacred Symbols Singing Bowls	MI-SB-RFL-B-9	1.0000	1750.0000	10035	10049
44000	2024-10-19	wc-completed	Copper Bottle Gift Set - 7 Chakra - Vintage	Copper Bottle Gift Set - 7 Chakra		2.0000	3500.0000	6638	6648
44001	2024-10-19	wc-completed	Natural Cotton Yoga Mats - Superior Grip - 7 Chakras	7 Chakras Superior Grip Yoga Mats	Yo-M-C-HG-O-MC-G	1.0000	2390.0000	42674	42759
44002	2024-10-20	wc-completed	Eco-Friendly Neem Wood Toothbrush - Pack of 4	Eco-Friendly Neem Wood Toothbrush	NTB-4	1.0000	365.0000	5037	5605
44003	2024-10-20	wc-completed	7 Chakras Copper Water Bottles	7 Chakras Copper Water Bottles	CB-7CV-B	1.0000	1210.5000	6080	43440
44004	2024-10-20	wc-completed	Dumru/Dumroo Indian Handmade Percussion Instrument - 8cms, Dark Brown	Dumru/Dumroo Indian Handmade Percussion Instrument		2.0000	590.0000	5740	6903
44005	2024-10-20	wc-completed	Eco-Friendly Neem Wood Toothbrush - Pack of 4	Eco-Friendly Neem Wood Toothbrush	NTB-4	1.0000	365.0000	5037	5605
44005	2024-10-20	wc-completed	Natural Cotton Yoga Mat - Superior Grip - Lotus	Lotus Superior Grip Yoga Mat	Yo-M-L-HG-O-MC-DG	1.0000	2390.0000	42648	42728
44006	2024-10-20	wc-completed	7-Key Kalimba Made from Coconut Shell - Painted - Tortoise	7-Key Kalimba Made from Coconut Shell - Painted & Plain		1.0000	950.0000	7661	7664
44008	2024-10-21	wc-completed	Jala Neti Pot - Ceramic 185 ml - Green	Jala Neti Pot - Ceramic 185 ml		1.0000	245.0000	5769	7971
44011	2024-10-21	wc-completed	32 Rods - Bar Chime	25 Rods - Bar Chime	MI-BCH-32	1.0000	5850.0000	42389	0
44016	2024-10-21	wc-completed	Zen Meditation Bench	Zen Meditation Bench	ME-Cu	1.0000	2565.0000	9763	0
44019	2024-10-21	wc-completed	7 Chakras Mystical Incense Sticks Set - 7 Chakra Set	7 Chakras Mystical Incense Sticks Set	IS-7C	1.0000	432.0000	7687	7688
44023	2024-10-21	wc-completed	Asalato/Aslatau or Kashaka Shaker - Pair	Asalato/Aslatau or Kashaka Shaker	MI-AS	1.0000	2205.0000	7300	9112
44024	2024-10-22	wc-completed	7 Chakras Gold - Copper Bottle	7 Chakras Gold - Copper Bottle		2.0000	1990.0000	5675	5785
44025	2024-10-23	wc-completed	Natural Lavender Scented Eye Pillows - Rose	Natural Lavender Scented Eye Pillows	Yo-P-E-RE	1.0000	355.5000	6519	6525
44026	2024-10-24	wc-completed	Flower of Life with Sacred Symbols Singing Bowls - Blue, 9 in	Flower of Life with Sacred Symbols Singing Bowls	MI-SB-RFL-B-9	1.0000	1575.0000	10035	10049
44027	2024-10-25	wc-completed	Artistically Designed Copper Bottles	Artistically Designed Copper Bottles	CB-OL-B	1.0000	18.9900	6007	42902
44027	2024-10-25	wc-completed	Copper Bottle Gift Set - 7 Chakra - Vintage	Copper Bottle Gift Set - 7 Chakra		1.0000	26.9100	6638	6648
44030	2024-10-25	wc-completed	Singing Bowls Silk Ring Cushion Accessories - 10 cms, Green	Singing Bowls Silk Ring Cushion Accessories	MI-SB-C-G-10	1.0000	245.0000	6988	7765
44030	2024-10-25	wc-completed	Singing Bowls Silk Ring Cushion Accessories - 12 cms, Orange	Singing Bowls Silk Ring Cushion Accessories	MI-SB-C-O-12	1.0000	275.0000	6988	7775
44030	2024-10-25	wc-completed	Singing Bowls Silk Ring Cushion Accessories - 16 cms, Green	Singing Bowls Silk Ring Cushion Accessories	MI-SB-C-G-16	1.0000	325.0000	6988	7786
44030	2024-10-25	wc-completed	Singing Bowls Silk Ring Cushion Accessories - 18 cms, Orange	Singing Bowls Silk Ring Cushion Accessories	MI-SB-C-O-18	1.0000	345.0000	6988	7796
44030	2024-10-25	wc-completed	Singing Bowls Silk Ring Cushion Accessories - 14 cms, Green	Singing Bowls Silk Ring Cushion Accessories	MI-SB-C-G-14	1.0000	295.0000	6988	7779
44030	2024-10-25	wc-completed	Swinging Chimes - 9 Bars	Swinging Chimes	MI-SC-9	1.0000	7895.0000	10345	10347
44031	2024-10-25	wc-completed	7 Chakras Gold - Copper Bottle	7 Chakras Gold - Copper Bottle		1.0000	1210.5000	5675	43494
44032	2024-10-26	wc-completed	Tibetan Buddhist Bell - Large 3.5*7in	Tibetan Buddhist Bell	MI-BB-3.5	1.0000	1850.0000	6973	9200
44034	2024-10-26	wc-completed	Jala Neti Pot - Ceramic 185 ml - Mint Green	Jala Neti Pot - Ceramic 185 ml	NP-MG-185	1.0000	220.5000	5769	6336
44035	2024-10-26	wc-completed	Copper Bottle Gift Set - 7 Chakra - Vintage	Copper Bottle Gift Set - 7 Chakra		2.0000	3150.0000	6638	6648
44036	2024-10-26	wc-completed	Yoga Blanket made from Organic Cotton - Natural White	Yoga Blanket made from Organic Cotton	Yo-BT-C-NT	1.0000	1295.0000	6668	6688
44037	2024-10-26	wc-completed	Yoga Blanket made from Organic Cotton - Natural White	Yoga Blanket made from Organic Cotton	Yo-BT-C-NT	1.0000	1165.5000	6668	6688
44038	2024-10-28	wc-completed	Asalato/Aslatau or Kashaka Shaker - Pair	Asalato/Aslatau or Kashaka Shaker	MI-AS	1.0000	2205.0000	7300	9112
44045	2024-10-29	wc-completed	Sacred Symbols Singing Bowls - Black, 5.5 in	Sacred Symbols Singing Bowls	MI-SB-P-SS-BK-5.5	1.0000	1795.5000	10008	10014
44052	2024-10-30	wc-completed	Bamboo Rainstick - 1m	Bamboo Rainstick	MI-RS-B-1M	1.0000	2245.5000	7484	8764
44052	2024-10-30	wc-completed	Ocean Drums - Design, 35 cms	Ocean Drums	MI-OD-D-35	1.0000	2524.5000	9529	9537
44052	2024-10-30	wc-completed	7 Chakras Mystical Incense Sticks Set - Pure Lavender	7 Chakras Mystical Incense Sticks Set		1.0000	72.0000	7687	7692
44053	2024-10-30	wc-completed	Singing Bowls with Sacred Mantra Printed - Gold, 5.5 Inches	Singing Bowls with Sacred Mantra Printed	MI-SB-P-W-5.5	1.0000	1995.0000	6807	7290
44055	2024-10-31	wc-completed	Asalato/Aslatau or Kashaka Shaker - Pair	Asalato/Aslatau or Kashaka Shaker	MI-AS	1.0000	2205.0000	7300	9112
44056	2024-10-31	wc-completed	Copper Bottle Gift Set - 7 Chakra - Vintage	Copper Bottle Gift Set - 7 Chakra		7.0000	11025.0000	6638	6648
44057	2024-10-31	wc-completed	7 Chakras Mystical Incense Sticks Set - 7 Chakra Set	7 Chakras Mystical Incense Sticks Set	IS-7C	1.0000	432.0000	7687	7688
44057	2024-10-31	wc-completed	Tibetan Buddhist Bell - Medium 3*5.5in	Tibetan Buddhist Bell	MI-BB-3	1.0000	1485.0000	6973	9199
44057	2024-10-31	wc-completed	"Wooden Mallets for Singing Bowls - Long Soft-13"", Red"	Wooden Mallets for Singing Bowls	MI-SB-M-L-R-13	1.0000	765.0000	6978	43374
44059	2024-10-31	wc-completed	Tibetan Buddhist Bell - Medium 3*5.5in	Tibetan Buddhist Bell	MI-BB-3	1.0000	1650.0000	6973	9199
44061	2024-11-01	wc-completed	Flower of Life with Sacred Symbols Singing Bowls - Brown, 8 in	Flower of Life with Sacred Symbols Singing Bowls	MI-SB-RFL-BR-8	1.0000	1550.0000	10035	10051
44062	2024-11-01	wc-completed	Singing Bowl Handmade - Flower of Life - 7 Inches			1.0000	5805.0000	7590	7596
44063	2024-11-02	wc-completed	Coconut Maracas Shaker	Coconut Maracas Shakers	MI-CM	1.0000	990.0000	7370	0
44064	2024-11-02	wc-completed	Sacred Symbols Singing Bowls - Black, 5.5 in	Sacred Symbols Singing Bowls	MI-SB-P-SS-BK-5.5	1.0000	1795.5000	10008	10014
44065	2024-11-02	wc-completed	Singing Bowl with Mantra - Rustic Blue Colour - 7 Inches	Singing Bowl with Mantra - Rustic Blue Colour	MI-SB-RB-7	1.0000	1745.0000	6861	7287
44066	2024-11-02	wc-completed	Copper Bottle Gift Set - 7 Chakra - Vintage	Copper Bottle Gift Set - 7 Chakra		1.0000	1750.0000	6638	6648
44068	2024-11-03	wc-completed	Copper Bottle Gift Set - 7 Chakra - Vintage	Copper Bottle Gift Set - 7 Chakra		1.0000	1575.0000	6638	6648
44069	2024-11-03	wc-completed	Hi-Zafu Meditation Cushion filled with Buckwheat and Embroidered with Lotus - Light Grey	Hi-Zafu Meditation Cushion - Embroidered with Lotus	Me-C-HZ-LG-E-L	1.0000	1345.0000	9291	9377
44070	2024-11-03	wc-completed	Zabuton Cushion for Meditation - Navy Blue	Zabuton Cushion for Meditation	Me-C-Zn-NB	1.0000	1665.0000	6780	6794
44070	2024-11-03	wc-completed	Zabuton Cushion for Meditation - Misty Blue	Zabuton Cushion for Meditation	Me-C-Zn-MB	1.0000	1665.0000	6780	9608
44071	2024-11-04	wc-completed	7 Chakras Mystical Incense Sticks Set - 7 Chakra Set	7 Chakras Mystical Incense Sticks Set	IS-7C	1.0000	432.0000	7687	7688
44072	2024-11-04	wc-completed	Copper Bottle Gift Set - 7 Chakra - Vintage	Copper Bottle Gift Set - 7 Chakra		1.0000	1575.0000	6638	6648
44073	2024-11-04	wc-completed	Copper Bottle Gift Set - 7 Chakra - Vintage	Copper Bottle Gift Set - 7 Chakra		1.0000	1575.0000	6638	6648
44073	2024-11-04	wc-completed	Copper Tongue Cleaner - Pack of 2, Straight	Copper Tongue Cleaner	TC-R-1	1.0000	238.5000	5042	7810
44073	2024-11-04	wc-completed	7 Chakras Gold - Copper Bottle	7 Chakras Gold - Copper Bottle		1.0000	1210.5000	5675	43494
44074	2024-11-04	wc-completed	Tingsha Bell - Plain Dark, 3 in	Tingsha Bell		1.0000	1615.5000	5763	42359
44075	2024-11-04	wc-completed	Copper Bottle Gift Set - 7 Chakra - Vintage	Copper Bottle Gift Set - 7 Chakra		1.0000	1575.0000	6638	6648
44075	2024-11-04	wc-completed	7 Chakras Copper Water Bottles	7 Chakras Copper Water Bottles	CB-7CV-B	1.0000	1210.5000	6080	43440
44080	2024-11-04	wc-completed	Yoga Blanket made from Organic Cotton - Brown	Yoga Blanket made from Organic Cotton	Yo-BT-C-BW	1.0000	1395.0000	6668	6687
44081	2024-11-04	wc-completed	Bamboo Rainstick - 40cms	Bamboo Rainstick	MI-RS-B-40	1.0000	1345.5000	7484	8762
44082	2024-11-04	wc-completed	Pangi Seed Shell Rattle	Pangi Seed Shell Rattle	MI-PS	1.0000	32.5000	7356	0
44083	2024-11-04	wc-completed	Bamboo Rainstick - 40cms	Bamboo Rainstick	MI-RS-B-40	1.0000	1495.0000	7484	8762
44086	2024-11-05	wc-completed	Jala Neti Pot - Ceramic 185 ml - Yellow	Jala Neti Pot - Ceramic 185 ml		1.0000	245.0000	5769	7972
44091	2024-11-05	wc-completed	Bamboo Rainstick - 1m	Bamboo Rainstick	MI-RS-B-1M	1.0000	2495.0000	7484	8764
44092	2024-11-05	wc-completed	Thunder Tube	Thunder Tube - Basic Edition	MI-TT-20	1.0000	1345.5000	7317	0
44092	2024-11-05	wc-completed	Wooden Mallets for Singing Bowls - Thick Wide, Red	Wooden Mallets for Singing Bowls	MI-SB-M-R-Wd-4.5	1.0000	256.5000	6978	43379
44092	2024-11-05	wc-completed	Tingsha Bell - Mantra, 3 in	Tingsha Bell		1.0000	1665.0000	5763	42356
44092	2024-11-05	wc-completed	Ocean Drums - Design, 35 cms	Ocean Drums	MI-OD-D-35	1.0000	2524.5000	9529	9537
44092	2024-11-05	wc-completed	"Wooden Mallets for Singing Bowls - Long Soft-13"", White"	Wooden Mallets for Singing Bowls	MI-SB-M-L-W-13	1.0000	765.0000	6978	43370
44096	2024-11-05	wc-completed	Swinging Chimes - 9 Bars	Swinging Chimes	MI-SC-9	1.0000	7895.0000	10345	10347
44097	2024-11-05	wc-completed	Bamboo Rainstick - 1m	Bamboo Rainstick	MI-RS-B-1M	1.0000	2245.5000	7484	8764
44098	2024-11-05	wc-completed	Hammered Singing Bowl - Deep 5.5 Inch	Dotted Singing Bowl	MI-SB-D-7	1.0000	2146.5000	6892	42911
44099	2024-11-07	wc-completed	Handcrafted Set of 7 Bowls for Sound Therapy - Standard Set, Chakra Etching	Handcrafted Set of 7 Bowls for Sound Therapy	MI-SB-7C Set-S-EC	1.0000	57500.0000	7887	9194
44100	2024-11-07	wc-completed	7 Chakras Gold - Copper Bottle	7 Chakras Gold - Copper Bottle		1.0000	1120.5000	5675	43493
44105	2024-11-07	wc-completed	Flower of Life with Sacred Symbols Singing Bowls - Olive green, 8 in	Flower of Life with Sacred Symbols Singing Bowls	MI-SB-RFL-O-8	1.0000	1395.0000	10035	10057
44106	2024-11-07	wc-completed	Sacred Symbols Singing Bowls - Yellow, 5.5 in	Sacred Symbols Singing Bowls	MI-SB-P-SS-Y-5.5	1.0000	1795.5000	10008	10023
44108	2024-11-08	wc-completed	"Wooden Mallets for Singing Bowls - Long Soft-13"", Red"	Wooden Mallets for Singing Bowls	MI-SB-M-L-R-13	1.0000	850.0000	6978	43374
44110	2024-11-09	wc-completed	7 Chakras Vintage - Copper Bottle	7 Chakras Vintage - Copper Bottle		1.0000	1345.0000	5682	43492
44111	2024-11-09	wc-completed	Bamboo Rainstick - 1m	Bamboo Rainstick	MI-RS-B-1M	1.0000	2495.0000	7484	8764
44111	2024-11-09	wc-completed	Ocean Drums - Design, 40 cms	Ocean Drums	MI-OD-D-40	1.0000	3450.0000	9529	9538
44112	2024-11-09	wc-completed	Asalato/Aslatau or Kashaka Shaker - Pair	Asalato/Aslatau or Kashaka Shaker	MI-AS	1.0000	2205.0000	7300	9112
44113	2024-11-09	wc-completed	Copper Bottle Gift Set - 7 Chakra - Vintage	Copper Bottle Gift Set - 7 Chakra		1.0000	1575.0000	6638	6648
44114	2024-11-09	wc-completed	Curved Copper Bottles	Curved Copper Bottles		1.0000	1079.1000	5489	43498
44115	2024-11-10	wc-completed	Sacred Symbols Singing Bowls - Red, 3.5 in	Sacred Symbols Singing Bowls	MI-SB-P-SS-R-3.5	1.0000	1295.0000	10008	10018
44116	2024-11-10	wc-completed	Flower of Life with Sacred Symbols Singing Bowls - Green, 8 in	Flower of Life with Sacred Symbols Singing Bowls	MI-SB-RFL-G-8	1.0000	1395.0000	10035	10054
44117	2024-11-10	wc-completed	Ishana/Black-Gold Bowl - 6 in	Ishana/Black-Gold Bowl	Mi-SB-H-I-B-G-6	1.0000	7350.0000	9949	9950
44118	2024-11-10	wc-completed	Full Moon Singing Bowls - 8 Inches	Full Moon Singing Bowls - All Sizes	MI-SB-H-FM-8	4.0000	34020.0000	7607	7611
44121	2024-11-11	wc-completed	Sacred Symbols Singing Bowls - Blue, 4 in	Sacred Symbols Singing Bowls	MI-SB-P-SS-B-4	1.0000	1545.0000	10008	10016
44127	2024-11-13	wc-completed	Hammered Singing Bowl - 4 inch	Dotted Singing Bowl	MI-SB-H-4	1.0000	1645.0000	6892	6901
44128	2024-11-13	wc-completed	Singing Bowls Silk Ring Cushion Accessories - 12 cms, Navy Blue	Singing Bowls Silk Ring Cushion Accessories	MI-SB-C-NB-12	1.0000	247.5000	6988	7774
44129	2024-11-13	wc-completed	Jala Neti Pot - Ceramic 185 ml - White	Jala Neti Pot - Ceramic 185 ml	NP-W-185	1.0000	220.5000	5769	5826
44135	2024-11-13	wc-completed	7-Key Kalimba Made from Coconut Shell - Painted - Dolphin	7-Key Kalimba Made from Coconut Shell - Painted & Plain	MI-KCS-PE	1.0000	855.0000	7661	7662
44135	2024-11-13	wc-completed	7-Key Kalimba Made from Coconut Shell - Painted - Flower	7-Key Kalimba Made from Coconut Shell - Painted & Plain		1.0000	855.0000	7661	7663
44135	2024-11-13	wc-completed	7-Key Kalimba Made from Coconut Shell - Painted - Tortoise	7-Key Kalimba Made from Coconut Shell - Painted & Plain		1.0000	855.0000	7661	7664
44135	2024-11-13	wc-completed	7-Key Kalimba Made from Coconut Shell - Painted - Butterfly	7-Key Kalimba Made from Coconut Shell - Painted & Plain		2.0000	1710.0000	7661	7665
44135	2024-11-13	wc-completed	7-Key Kalimba Made from Coconut Shell - Painted - Iguana	7-Key Kalimba Made from Coconut Shell - Painted & Plain	MI-KCS-DP	1.0000	855.0000	7661	7994
44159	2024-11-15	wc-completed	Crystal Bowls - 9 in	Crystal Bowls	MI-CB-W-9	1.0000	11450.0000	9777	9781
44160	2024-11-15	wc-completed	Swinging Chimes - 6 Bars	Swinging Chimes	MI-SC-6	1.0000	6495.0000	10345	10346
44200	2024-11-15	wc-completed	7 Chakras Copper Water Bottles	7 Chakras Copper Water Bottles	CB-7CV-B	1.0000	1345.0000	6080	43440
44201	2024-11-16	wc-completed	Ocean Drums - Design, 30 cms	Ocean Drums	MI-OD-D-30	1.0000	2295.0000	9529	9536
44202	2024-11-16	wc-completed	Bamboo Rainstick - 60cms	Bamboo Rainstick	MI-RS-B-60	1.0000	1795.5000	7484	8763
44203	2024-11-17	wc-completed	Bamboo Rainstick - 40cms	Bamboo Rainstick	MI-RS-B-40	1.0000	1345.5000	7484	8762
44204	2024-11-17	wc-completed	Yoga Blanket made from Organic Cotton - Brown	Yoga Blanket made from Organic Cotton	Yo-BT-C-BW	1.0000	1395.0000	6668	6687
44208	2024-11-17	wc-completed	Curved Copper Bottles	Curved Copper Bottles		1.0000	1079.1000	5489	43498
44209	2024-11-18	wc-completed	Hammered Singing Bowl - 4 inch	Dotted Singing Bowl	MI-SB-H-4	1.0000	1480.5000	6892	6901
44210	2024-11-18	wc-completed	Asalato/Aslatau or Kashaka Shaker - Pair	Asalato/Aslatau or Kashaka Shaker	MI-AS	1.0000	2205.0000	7300	9112
44211	2024-11-18	wc-completed	Wooden Mallets for Singing Bowls - Straight, Red	Wooden Mallets for Singing Bowls	MI-SB-M-R-S	1.0000	200.0000	6978	43369
44212	2024-11-18	wc-completed	Zafu & Zabuton Meditation Cushion Combo - Navy Blue	Zafu & Zabuton Meditation Cushion Combo	CO-Me-Zf-Zn-C-NB	1.0000	2385.0000	7177	7186
44217	2024-11-19	wc-completed	Swinging Chimes - 9 Bars	Swinging Chimes	MI-SC-9	1.0000	7895.0000	10345	10347
44218	2024-11-20	wc-completed	Eye Shaped Natural Lavender Scented Eye Pillows - Rose	Eye Shaped Natural Lavender Scented Eye Pillows	Yo-P-E-RE-1	1.0000	355.5000	9220	9221
44218	2024-11-20	wc-completed	Yoga Blanket made from Organic Cotton - Natural White	Yoga Blanket made from Organic Cotton	Yo-BT-C-NT	1.0000	1165.5000	6668	6688
44222	2024-11-20	wc-completed	7 Chakras Vintage - Copper Bottle	7 Chakras Vintage - Copper Bottle		1.0000	895.5000	5682	5787
44223	2024-11-20	wc-completed	Asalato/Aslatau or Kashaka Shaker - Single	Asalato/Aslatau or Kashaka Shaker	MI-AS	1.0000	1210.5000	7300	9111
44225	2024-11-20	wc-completed	Copper Bottle Gift Set - 7 Chakra - Vintage	Copper Bottle Gift Set - 7 Chakra		1.0000	1575.0000	6638	6648
44226	2024-11-20	wc-completed	Yoga Blanket made from Organic Cotton - Brown	Yoga Blanket made from Organic Cotton	Yo-BT-C-BW	1.0000	1395.0000	6668	6687
44227	2024-11-20	wc-completed	11 Note Tongue Drum - White, 10 inches	11 Note Tongue Drum		1.0000	6615.0000	42373	42410
44233	2024-11-21	wc-completed	Ocean Drums - Design, 40 cms	Ocean Drums	MI-OD-D-40	1.0000	3450.0000	9529	9538
44235	2024-11-21	wc-completed	Natural Lavender Scented Eye Pillows - Dark Grey	Natural Lavender Scented Eye Pillows	Yo-P-E-DG	1.0000	395.0000	6519	6528
44236	2024-11-21	wc-completed	Bamboo Rainstick - 1m	Bamboo Rainstick	MI-RS-B-1M	1.0000	2245.5000	7484	8764
44237	2024-11-21	wc-completed	Sacred Symbols Singing Bowls - Blue, 3.5 in	Sacred Symbols Singing Bowls	MI-SB-P-SS-B-3.5	1.0000	1165.5000	10008	10015
44238	2024-11-21	wc-completed	Swinging Chimes - 9 Bars	Swinging Chimes	MI-SC-9	1.0000	7895.0000	10345	10347
44240	2024-11-22	wc-completed	Handmade Universal Bowl for Sound Healing	Handmade Universal Bowl for Sound Healing	MI-SB-HM-UN	1.0000	7650.0000	8143	0
44244	2024-11-23	wc-completed	Yoga Bolster made from Organic Cotton - Rose	Round Yoga Bolster	Yo-BR-R-RE	1.0000	1215.0000	6689	6694
44244	2024-11-23	wc-completed	Eye Shaped Natural Lavender Scented Eye Pillows - Rose	Eye Shaped Natural Lavender Scented Eye Pillows	Yo-P-E-RE-1	1.0000	355.5000	9220	9221
44247	2024-11-23	wc-completed	Singing Bowls with Sacred Mantra Printed - Black, 5.5 Inches	Singing Bowls with Sacred Mantra Printed	MI-SB-P-BK-5.5	1.0000	1795.5000	6807	7288
44248	2024-11-23	wc-completed	Yoga Belt/Strap for Sturdy Grip - Beige	Yoga Belt/Strap for Sturdy Grip	Yo-BL-D-BE	2.0000	621.0000	6530	6547
44248	2024-11-23	wc-completed	7 Chakras Copper Water Bottles	7 Chakras Copper Water Bottles	CB-7CV	1.0000	1120.5000	6080	43441
44249	2024-11-23	wc-completed	7-Key Kalimba Made from Coconut Shell - Painted & Plain - Dot Painted	7-Key Kalimba Made from Coconut Shell - Painted & Plain	MI-KCS-DP	1.0000	855.0000	7661	7994
44250	2024-11-23	wc-completed	Spin/Twist Drum or Den Den Daiko - Large 3.5 in	Spin/Twist Drum or Den Den Daiko	MI-TD-YY	2.0000	28.0000	7417	7418
44251	2024-11-23	wc-completed	Handmade Universal Bowl for Sound Healing	Handmade Universal Bowl for Sound Healing	MI-SB-HM-UN	1.0000	7650.0000	8143	0
44252	2024-11-23	wc-completed	Sacred Symbols Singing Bowls - Green, 3.5 in	Sacred Symbols Singing Bowls	MI-SB-P-SS-G-3.5	1.0000	1165.5000	10008	10009
44252	2024-11-23	wc-completed	Bamboo Rainstick - 60cms	Bamboo Rainstick	MI-RS-B-60	1.0000	1795.5000	7484	8763
44253	2024-11-23	wc-completed	Asalato/Aslatau or Kashaka Shaker - Single	Asalato/Aslatau or Kashaka Shaker	MI-AS	1.0000	1210.5000	7300	9111
44254	2024-11-23	wc-completed	Singing Bowls with Sacred Mantra Printed - Black, 5.5 Inches	Singing Bowls with Sacred Mantra Printed	MI-SB-P-BK-5.5	1.0000	1795.5000	6807	7288
44256	2024-11-24	wc-completed	Copper Bottle Gift Set - 7 Chakra - Vintage	Copper Bottle Gift Set - 7 Chakra		1.0000	1575.0000	6638	6648
44257	2024-11-25	wc-completed	"Wooden Mallets for Singing Bowls - Long Soft-11"", Red"	Wooden Mallets for Singing Bowls	MI-SB-M-L-R-11	1.0000	580.5000	6978	43375
44258	2024-11-25	wc-completed	Yoga Bolster made from Organic Cotton - Dark Grey	Round Yoga Bolster	Yo-BR-R-DG	2.0000	2700.0000	6689	6691
44258	2024-11-25	wc-completed	Yoga Bolster made from Organic Cotton - Navy Blue	Round Yoga Bolster	Yo-BR-R-NB	2.0000	2700.0000	6689	6693
44259	2024-11-25	wc-completed	7 Chakras Gold - Copper Bottle	7 Chakras Gold - Copper Bottle		1.0000	995.0000	5675	5785
44260	2024-11-25	wc-completed	Asalato/Aslatau or Kashaka Shaker - Pair	Asalato/Aslatau or Kashaka Shaker	MI-AS	1.0000	2205.0000	7300	9112
44262	2024-11-26	wc-completed	Hammered Singing Bowl - 4 inch	Dotted Singing Bowl	MI-SB-H-4	1.0000	1645.0000	6892	6901
44263	2024-11-26	wc-completed	Hammered Singing Bowl - 5.5 inch	Dotted Singing Bowl	MI-SB-H-5.5	1.0000	2145.0000	6892	6902
44267	2024-11-26	wc-completed	Swinging Chimes - 9 Bars	Swinging Chimes	MI-SC-9	1.0000	7895.0000	10345	10347
44268	2024-11-26	wc-completed	Hammered Singing Bowl - Deep 5.5 Inch	Dotted Singing Bowl	MI-SB-D-7	1.0000	2385.0000	6892	42911
44270	2024-11-27	wc-completed	Swinging Chimes - 9 Bars	Swinging Chimes	MI-SC-9	1.0000	7895.0000	10345	10347
44270	2024-11-27	wc-completed	Pangi Seed Shell Rattle	Pangi Seed Shell Rattle	MI-PS	1.0000	1755.0000	7356	0
44270	2024-11-27	wc-completed	Etched Flat/Wind/Tibetan Gong for Meditation & Sound Therapy - Shakti Chakra, 18 in	Etched Wind Gong	MI-G-ET-SC-18	1.0000	17055.0000	8846	10287
44270	2024-11-27	wc-completed	Dumru/Dumroo Indian Handmade Percussion Instrument - 9cms, Dark Brown	Dumru/Dumroo Indian Handmade Percussion Instrument		1.0000	292.5000	5740	6907
44271	2024-11-27	wc-completed	Zabuton Cushion for Meditation - Grey	Zabuton Cushion for Meditation	Me-C-Zn-GY	1.0000	1665.0000	6780	6795
44272	2024-11-27	wc-completed	Yoga Blanket made from Organic Cotton - Natural White	Yoga Blanket made from Organic Cotton	Yo-BT-C-NT	2.0000	2331.0000	6668	6688
44274	2024-11-27	wc-completed	Pangi Seed Shell Rattle	Pangi Seed Shell Rattle	MI-PS	1.0000	32.5000	7356	0
44275	2024-11-27	wc-completed	Hammered Singing Bowl - Deep 5.5 Inch	Dotted Singing Bowl	MI-SB-D-7	1.0000	2146.5000	6892	42911
44276	2024-11-27	wc-completed	7 Chakras Mystical Incense Sticks Set - 7 Chakra Set	7 Chakras Mystical Incense Sticks Set	IS-7C	1.0000	432.0000	7687	7688
44276	2024-11-27	wc-completed	Eye Shaped Natural Lavender Scented Eye Pillows - Rose	Eye Shaped Natural Lavender Scented Eye Pillows	Yo-P-E-RE-1	1.0000	355.5000	9220	9221
44276	2024-11-27	wc-completed	Eye Shaped Natural Lavender Scented Eye Pillows - Sage	Eye Shaped Natural Lavender Scented Eye Pillows	Yo-P-E-SE-1	2.0000	711.0000	9220	9225
44276	2024-11-27	wc-completed	Eye Shaped Natural Lavender Scented Eye Pillows - Grey	Eye Shaped Natural Lavender Scented Eye Pillows	Yo-P-E-GY-1	1.0000	355.5000	9220	9222
44283	2024-11-28	wc-completed	Eye Shaped Natural Lavender Scented Eye Pillows - Sage	Eye Shaped Natural Lavender Scented Eye Pillows	Yo-P-E-SE-1	4.0000	1580.0000	9220	9225
44285	2024-11-28	wc-completed	Hammered Singing Bowl - 4 inch	Dotted Singing Bowl	MI-SB-H-4	1.0000	1480.5000	6892	6901
44286	2024-11-28	wc-completed	Bamboo Rainstick - 1m	Bamboo Rainstick	MI-RS-B-1M	1.0000	2245.5000	7484	8764
44286	2024-11-28	wc-completed	Ocean Drums - Design, 40 cms	Ocean Drums	MI-OD-D-40	1.0000	3105.0000	9529	9538
44286	2024-11-28	wc-completed	Thunder Tube	Thunder Tube - Basic Edition	MI-TT-20	1.0000	1345.5000	7317	0
44286	2024-11-28	wc-completed	Kenari Seed Shell Shaker with Handle	Kenari Seed Shell Shaker with Handle	MI-KS-H	1.0000	1305.0000	7349	0
44286	2024-11-28	wc-completed	Wooden Mallets for Singing Bowls - Long Firm-Small, White	Wooden Mallets for Singing Bowls	MI-SB-M-R-Wd-4.5	1.0000	490.5000	6978	43383
44286	2024-11-28	wc-completed	Wooden Mallets for Singing Bowls - Thick Wide, Black	Wooden Mallets for Singing Bowls	MI-SB-M-R-Wd-4.5	1.0000	256.5000	6978	43378
44288	2024-11-28	wc-completed	Natural Lavender Scented Eye Pillows - Sage	Natural Lavender Scented Eye Pillows	Yo-P-E-SE	2.0000	711.0000	6519	6529
44289	2024-11-28	wc-completed	Ocean Drums - Design, 30 cms	Ocean Drums	MI-OD-D-30	1.0000	2295.0000	9529	9536
44292	2024-11-28	wc-completed	Natural Lavender Scented Eye Pillows - Rose	Natural Lavender Scented Eye Pillows	Yo-P-E-RE	2.0000	790.0000	6519	6525
44292	2024-11-28	wc-completed	Natural Lavender Scented Eye Pillows - Sage	Natural Lavender Scented Eye Pillows	Yo-P-E-SE	1.0000	395.0000	6519	6529
44294	2024-11-28	wc-completed	Artistically Designed Copper Bottles	Artistically Designed Copper Bottles	CB-T	1.0000	1120.5000	6007	42891
44295	2024-11-28	wc-completed	Hammered Singing Bowl - 5.5 inch	Dotted Singing Bowl	MI-SB-H-5.5	1.0000	1930.5000	6892	6902
44296	2024-11-28	wc-completed	Etched Handmade Singing Bowls - Buddha, 7 in	Etched Handmade Singing Bowls	MI-SB-H-ET-B-7	1.0000	170.1000	9795	9860
44298	2024-11-29	wc-completed	7 Chakras Copper Water Bottles	7 Chakras Copper Water Bottles	CB-7CV-B	1.0000	1210.5000	6080	43440
44299	2024-11-30	wc-completed	Asalato/Aslatau or Kashaka Shaker - Pair	Asalato/Aslatau or Kashaka Shaker	MI-AS	1.0000	2205.0000	7300	9112
44302	2024-12-02	wc-completed	Ocean Drums - Design, 40 cms	Ocean Drums	MI-OD-D-40	1.0000	3450.0000	9529	9538
44302	2024-12-02	wc-completed	Swinging Chimes - 9 Bars	Swinging Chimes	MI-SC-9	1.0000	7895.0000	10345	10347
44305	2024-12-02	wc-completed	Sacred Symbols Singing Bowls - Black, 5.5 in	Sacred Symbols Singing Bowls	MI-SB-P-SS-BK-5.5	1.0000	1795.5000	10008	10014
44306	2024-12-02	wc-completed	Copper Bottle Gift Set - 7 Chakra - Vintage	Copper Bottle Gift Set - 7 Chakra		1.0000	1575.0000	6638	6648
44307	2024-12-03	wc-completed	Rectangular Yoga Bolster made from Organic Cotton - Navy Blue	Rectangular Yoga Bolster	Yo-BR-RE-NB	1.0000	1250.0000	9675	9679
44308	2024-12-03	wc-completed	Shamanic Drum - Plain, 40 cms	Shamanic Drum	MI-SD-P-40	1.0000	4725.0000	7293	9589
44310	2024-12-04	wc-completed	Bamboo Rainstick - 1m	Bamboo Rainstick	MI-RS-B-1M	1.0000	2245.5000	7484	8764
44310	2024-12-04	wc-completed	Pangi Seed Shell Rattle	Pangi Seed Shell Rattle	MI-PS	1.0000	1755.0000	7356	0
44311	2024-12-04	wc-completed	Bamboo Rainstick - 60cms	Bamboo Rainstick	MI-RS-B-60	1.0000	1795.5000	7484	8763
44311	2024-12-04	wc-completed	Kenari Seed Shell Shakers - Large	Kenari Seed Shell Shakers	MI-KR-S-L	1.0000	1755.0000	7472	7511
44311	2024-12-04	wc-completed	S-Shaped Didgeridoo - Blue	S-Shaped Didgeridoo	MI-DG-S-B	1.0000	6975.0000	7307	7316
44313	2024-12-04	wc-completed	Crystal Bowls - 11 in	Crystal Bowls	MI-CB-W-11	1.0000	13250.0000	9777	9783
44314	2024-12-04	wc-completed	Natural Cotton Yoga Mat - Moderate Grip – Lotus	Lotus Moderate Grip Yoga Mat		1.0000	1611.0000	8401	8477
44316	2024-12-05	wc-completed	Asalato/Aslatau or Kashaka Shaker - Pair	Asalato/Aslatau or Kashaka Shaker	MI-AS	1.0000	2205.0000	7300	9112
44317	2024-12-05	wc-completed	7 Chakras Vintage - Copper Bottle	7 Chakras Vintage - Copper Bottle		1.0000	895.5000	5682	5787
44318	2024-12-05	wc-completed	Eco-Friendly Neem Wood Toothbrush - Pack of 4	Eco-Friendly Neem Wood Toothbrush	NTB-4	1.0000	328.5000	5037	5605
44318	2024-12-05	wc-completed	Jala Neti Pot - Ceramic 185 ml - White	Jala Neti Pot - Ceramic 185 ml	NP-W-185	1.0000	220.5000	5769	5826
44319	2024-12-05	wc-completed	Yoga Bolster made from Organic Cotton - Dark Grey	Round Yoga Bolster	Yo-BR-R-DG	1.0000	1350.0000	6689	6691
44321	2024-12-06	wc-completed	Bamboo Rainstick - 60cms	Bamboo Rainstick	MI-RS-B-60	1.0000	1795.5000	7484	8763
44321	2024-12-06	wc-completed	Tingsha Bell - Mantra, 2.5 in	Tingsha Bell		1.0000	1575.0000	5763	42355
44322	2024-12-06	wc-completed	Eco-Friendly Neem Wood Toothbrush - Pack of 2	Eco-Friendly Neem Wood Toothbrush	NTB-2	1.0000	225.0000	5037	5604
44323	2024-12-07	wc-completed	7 Chakras Mystical Incense Sticks Set - 7 Chakra Set with Stand	7 Chakras Mystical Incense Sticks Set	IS-7C-S	1.0000	565.0000	7687	43292
44324	2024-12-07	wc-completed	7-Key Kalimba Made from Coconut Shell - Painted & Plain - Dot Painted	7-Key Kalimba Made from Coconut Shell - Painted & Plain	MI-KCS-DP	1.0000	855.0000	7661	7994
44326	2024-12-08	wc-completed	Handmade Singing Bowls for Sound Therapy - 5 in, Matte	Handmade Singing Bowls - All Sizes	Mi-SB-H-M-5	1.0000	4365.0000	6884	9695
44326	2024-12-08	wc-completed	Bamboo Rainstick - 60cms	Bamboo Rainstick	MI-RS-B-60	1.0000	1795.5000	7484	8763
44326	2024-12-08	wc-completed	Pangi Seed Shell Rattle	Pangi Seed Shell Rattle	MI-PS	1.0000	1755.0000	7356	0
44328	2024-12-08	wc-completed	Bamboo Rainstick - 60cms	Bamboo Rainstick	MI-RS-B-60	1.0000	1995.0000	7484	8763
44329	2024-12-08	wc-completed	Dumru/Dumroo Indian Handmade Percussion Instrument - 7cms, Multicolour	Dumru/Dumroo Indian Handmade Percussion Instrument		1.0000	225.0000	5740	6095
44330	2024-12-09	wc-completed	Rectangular Yoga Bolster made from Organic Cotton - Dark Grey	Rectangular Yoga Bolster	Yo-BR-RE-DG	1.0000	1125.0000	9675	9677
44331	2024-12-09	wc-completed	Yoga Blanket made from Organic Cotton - Magenta	Yoga Blanket made from Organic Cotton	Yo-BT-C-MG	1.0000	1255.5000	6668	6686
44332	2024-12-10	wc-completed	Bamboo Rainstick - 1m	Bamboo Rainstick	MI-RS-B-1M	1.0000	2495.0000	7484	8764
44383	2024-12-11	wc-completed	Kenari Seed Shell Shakers - Large	Kenari Seed Shell Shakers	MI-KR-S-L	1.0000	1950.0000	7472	7511
44384	2024-12-11	wc-completed	Natural Lavender Scented Eye Pillows - Sage	Natural Lavender Scented Eye Pillows	Yo-P-E-SE	1.0000	395.0000	6519	6529
44385	2024-12-11	wc-completed	Bamboo Rainstick - 40cms	Bamboo Rainstick	MI-RS-B-40	1.0000	1495.0000	7484	8762
44386	2024-12-12	wc-completed	Thunder Tube	Thunder Tube - Basic Edition	MI-TT-20	1.0000	1345.5000	7317	0
44386	2024-12-12	wc-completed	Bamboo Rainstick - 1m	Bamboo Rainstick	MI-RS-B-1M	1.0000	2245.5000	7484	8764
44390	2024-12-12	wc-completed	Tingsha Bell - Symbol, 2 in	Tingsha Bell		1.0000	1485.0000	5763	42351
44397	2024-12-12	wc-completed	7 Chakras Gold - Copper Bottle	7 Chakras Gold - Copper Bottle		1.0000	1120.5000	5675	43493
44400	2024-12-13	wc-completed	Singing Bowls with Sacred Mantra Printed - Red, 4 Inches	Singing Bowls with Sacred Mantra Printed	MI-SB-P-R-4	1.0000	1390.5000	6807	6828
44401	2024-12-13	wc-completed	Rectangular Yoga Bolster made from Organic Cotton - Navy Blue	Rectangular Yoga Bolster	Yo-BR-RE-NB	1.0000	1250.0000	9675	9679
44402	2024-12-14	wc-completed	Tibetan Buddhist Bell - Small 2*4.5in	Tibetan Buddhist Bell	MI-BB-2	1.0000	1215.0000	6973	9198
44403	2024-12-14	wc-completed	Wooden Tambourine-Half moon	Wooden Tambourines	MI-T-HM	1.0000	17.5000	7478	0
44404	2024-12-14	wc-completed	Natural Lavender Scented Eye Pillows - Rose	Natural Lavender Scented Eye Pillows	Yo-P-E-RE	2.0000	790.0000	6519	6525
44406	2024-12-15	wc-completed	Jala Neti Pot - Ceramic 185 ml - Mint Green	Jala Neti Pot - Ceramic 185 ml	NP-MG-185	1.0000	245.0000	5769	6336
44407	2024-12-15	wc-completed	Singing Bowl with Mantra - Rustic Blue Colour - 7 Inches	Singing Bowl with Mantra - Rustic Blue Colour	MI-SB-RB-7	1.0000	1570.5000	6861	7287
44408	2024-12-15	wc-completed	Jala Neti Pot - Ceramic 185 ml - Mint Green	Jala Neti Pot - Ceramic 185 ml	NP-MG-185	1.0000	220.5000	5769	6336
44409	2024-12-16	wc-completed	8 Keys Metallophone - with 1” & 1.5” key-widths - 1.5 inch	8 Keys Metallophone - with 1” & 1.5” key-widths	MI-XP-SP-1.5-8	1.0000	9350.0000	42332	42339
44410	2024-12-16	wc-completed	Bamboo Rainstick - 60cms	Bamboo Rainstick	MI-RS-B-60	1.0000	1995.0000	7484	8763
44428	2024-12-16	wc-completed	Hammered Singing Bowl - 4 inch	Dotted Singing Bowl	MI-SB-H-4	1.0000	1480.5000	6892	6901
44429	2024-12-17	wc-completed	Copper Bottle Gift Set - 7 Chakra - Vintage	Copper Bottle Gift Set - 7 Chakra		1.0000	1575.0000	6638	6648
44430	2024-12-17	wc-completed	Etched Flat/Wind/Tibetan Gong for Meditation & Sound Therapy - 7 Chakras, 18 in	Etched Wind Gong	MI-G-ET-7C-18	1.0000	18950.0000	8846	10295
44431	2024-12-17	wc-completed	Hammered Singing Bowl - 5.5 inch	Dotted Singing Bowl	MI-SB-H-5.5	1.0000	2145.0000	6892	6902
44432	2024-12-18	wc-completed	Copper Bottle Gift Set - 7 Chakra - Vintage	Copper Bottle Gift Set - 7 Chakra		1.0000	1750.0000	6638	6648
44433	2024-12-18	wc-completed	Joint Bowl or Bowl with a Hole - 8 in	Joint Bowl or Knee Cut Bowl	MI-SB-JB	1.0000	7650.0000	9978	9984
44434	2024-12-18	wc-completed	Wooden Mallets for Singing Bowls - Straight, Red	Wooden Mallets for Singing Bowls	MI-SB-M-R-S	1.0000	200.0000	6978	43369
44434	2024-12-18	wc-completed	Singing Bowls Silk Ring Cushion Accessories - 10 cms, Green	Singing Bowls Silk Ring Cushion Accessories	MI-SB-C-G-10	1.0000	245.0000	6988	7765
44434	2024-12-18	wc-completed	Singing Bowls Silk Ring Cushion Accessories - 12 cms, Black	Singing Bowls Silk Ring Cushion Accessories	MI-SB-C-BK-12	1.0000	220.0000	6988	44194
44434	2024-12-18	wc-completed	Singing Bowls Silk Ring Cushion Accessories - 14 cms, Orange	Singing Bowls Silk Ring Cushion Accessories	MI-SB-C-O-14	1.0000	295.0000	6988	7782
44434	2024-12-18	wc-completed	Singing Bowls Silk Ring Cushion Accessories - 16 cms, Navy Blue	Singing Bowls Silk Ring Cushion Accessories	MI-SB-C-NB-16	1.0000	325.0000	6988	7788
44434	2024-12-18	wc-completed	Singing Bowls Silk Ring Cushion Accessories - 18 cms, Pink	Singing Bowls Silk Ring Cushion Accessories	MI-SB-C-PK-18	1.0000	345.0000	6988	9025
44434	2024-12-18	wc-completed	Singing Bowls Silk Ring Cushion Accessories - 20 cms, Blue	Singing Bowls Silk Ring Cushion Accessories	MI-SB-C-B-20	1.0000	495.0000	6988	44182
44434	2024-12-18	wc-completed	Singing Bowls Silk Ring Cushion Accessories - 22 cms, Red	Singing Bowls Silk Ring Cushion Accessories	MI-SB-C-R-22	1.0000	595.0000	6988	44175
44435	2024-12-18	wc-completed	7 Chakras Vintage - Copper Bottle	7 Chakras Vintage - Copper Bottle		1.0000	1210.5000	5682	43492
44436	2024-12-19	wc-completed	Tibetan Buddhist Bell - Small 2*4.5in	Tibetan Buddhist Bell	MI-BB-2	1.0000	1215.0000	6973	9198
44437	2024-12-19	wc-completed	Singing Bowls with Sacred Mantra Printed - Gold, 3.5 Inches	Singing Bowls with Sacred Mantra Printed	MI-SB-P-W-3.5	1.0000	1165.5000	6807	7955
44438	2024-12-19	wc-completed	Flower of Life with Sacred Symbols Singing Bowls - Blue, 8 in	Flower of Life with Sacred Symbols Singing Bowls	MI-SB-RFL-B-8	1.0000	1395.0000	10035	10048
44438	2024-12-19	wc-completed	Sacred Symbols Singing Bowls - Green, 4 in	Sacred Symbols Singing Bowls	MI-SB-P-SS-G-4	1.0000	1390.5000	10008	10010
44438	2024-12-19	wc-completed	Singing Bowl with Mantra - Rustic Blue Colour - 7 Inches	Singing Bowl with Mantra - Rustic Blue Colour	MI-SB-RB-7	1.0000	1570.5000	6861	7287
44438	2024-12-19	wc-completed	Sacred Symbols Singing Bowls - Green, 5.5 in	Sacred Symbols Singing Bowls	MI-SB-P-SS-G-5.5	1.0000	1795.5000	10008	10011
44440	2024-12-19	wc-completed	Asalato/Aslatau or Kashaka Shaker - Pair	Asalato/Aslatau or Kashaka Shaker	MI-AS	1.0000	2205.0000	7300	9112
44442	2024-12-20	wc-completed	Handcrafted Set of 7 Bowls for Sound Therapy - Standard Set, Matte	Handcrafted Set of 7 Bowls for Sound Therapy	MI-SB-7C Set-S-M	1.0000	47500.0000	7887	9193
44443	2024-12-20	wc-completed	Singing Bowl with Mantra - Rustic Blue Colour - 7 Inches	Singing Bowl with Mantra - Rustic Blue Colour	MI-SB-RB-7	1.0000	1570.5000	6861	7287
44446	2024-12-21	wc-completed	Bamboo Rainstick - 40cms	Bamboo Rainstick	MI-RS-B-40	1.0000	1345.5000	7484	8762
44447	2024-12-21	wc-completed	7 Chakras Vintage - Copper Bottle	7 Chakras Vintage - Copper Bottle		1.0000	1120.5000	5682	5786
44448	2024-12-21	wc-completed	Ocean Drums - Plain, 30 cms	Ocean Drums	MI-OD-P-30	1.0000	2450.0000	9529	9532
44448	2024-12-21	wc-completed	Bamboo Rainstick - 40cms	Bamboo Rainstick	MI-RS-B-40	1.0000	1495.0000	7484	8762
44448	2024-12-21	wc-completed	7 Chakras Mystical Incense Sticks Set - 7 Chakra Set	7 Chakras Mystical Incense Sticks Set	IS-7C	1.0000	480.0000	7687	7688
44448	2024-12-21	wc-completed	Pangi Seed Shell Rattle	Pangi Seed Shell Rattle	MI-PS	1.0000	1950.0000	7356	0
44449	2024-12-21	wc-completed	Hammered Singing Bowl - Deep 5.5 Inch	Dotted Singing Bowl	MI-SB-D-7	2.0000	4293.0000	6892	42911
44451	2024-12-22	wc-completed	Artistically Designed Copper Bottles	Artistically Designed Copper Bottles	CB-OL-.5	1.0000	760.5000	6007	42901
44452	2024-12-22	wc-completed	Bamboo Rainstick - 40cms	Bamboo Rainstick	MI-RS-B-40	1.0000	1495.0000	7484	8762
44453	2024-12-22	wc-completed	7 Chakras Gold - Copper Bottle	7 Chakras Gold - Copper Bottle		1.0000	895.5000	5675	5785
44454	2024-12-23	wc-completed	7 Chakras Mystical Incense Sticks Set - 7 Chakra Set	7 Chakras Mystical Incense Sticks Set	IS-7C	1.0000	480.0000	7687	7688
44455	2024-12-23	wc-completed	Jala Neti Pot - Ceramic 185 ml - Yellow	Jala Neti Pot - Ceramic 185 ml		1.0000	245.0000	5769	7972
44456	2024-12-24	wc-completed	Yoga Bolster made from Organic Cotton - Grey	Round Yoga Bolster	Yo-BR-R-GY	1.0000	1350.0000	6689	6695
44458	2024-12-24	wc-completed	Bamboo Rainstick - 1m	Bamboo Rainstick	MI-RS-B-1M	2.0000	4491.0000	7484	8764
44459	2024-12-24	wc-completed	Asalato/Aslatau or Kashaka Shaker - Pair	Asalato/Aslatau or Kashaka Shaker	MI-AS	1.0000	2205.0000	7300	9112
44462	2024-12-24	wc-completed	Copper Bottle Gift Set - 7 Chakra - Gold	Copper Bottle Gift Set - 7 Chakra		1.0000	26.9100	6638	6647
44465	2024-12-24	wc-completed	Bamboo Rainstick - 1m	Bamboo Rainstick	MI-RS-B-1M	1.0000	2245.5000	7484	8764
44466	2024-12-24	wc-completed	Hammered Singing Bowl - Deep 5.5 Inch	Dotted Singing Bowl	MI-SB-D-7	1.0000	2146.5000	6892	42911
44466	2024-12-24	wc-completed	Hammered Singing Bowl - 4 inch	Dotted Singing Bowl	MI-SB-H-4	1.0000	1480.5000	6892	6901
44467	2024-12-24	wc-completed	Hammered Singing Bowl - Deep 5.5 Inch	Dotted Singing Bowl	MI-SB-D-7	1.0000	2146.5000	6892	42911
44468	2024-12-25	wc-completed	Bamboo Rainstick - 1m	Bamboo Rainstick	MI-RS-B-1M	1.0000	2245.5000	7484	8764
44469	2024-12-26	wc-completed	Tibetan Buddhist Bell - Large 3.5*7in	Tibetan Buddhist Bell	MI-BB-3.5	1.0000	1665.0000	6973	9200
44471	2024-12-26	wc-completed	Asalato/Aslatau or Kashaka Shaker - Pair	Asalato/Aslatau or Kashaka Shaker	MI-AS	1.0000	2205.0000	7300	9112
44472	2024-12-27	wc-completed	Hammered Singing Bowl - 4 inch	Dotted Singing Bowl	MI-SB-H-4	1.0000	1480.5000	6892	6901
44474	2024-12-28	wc-completed	Joint Bowl or Bowl with a Hole - 8 in	Joint Bowl or Knee Cut Bowl	MI-SB-JB	1.0000	6885.0000	9978	9984
44476	2024-12-28	wc-completed	Copper Bottle Gift Set - 7 Chakra - Vintage	Copper Bottle Gift Set - 7 Chakra		1.0000	1575.0000	6638	6648
44478	2024-12-29	wc-completed	Asalato/Aslatau or Kashaka Shaker - Pair	Asalato/Aslatau or Kashaka Shaker	MI-AS	1.0000	2205.0000	7300	9112
44481	2024-12-29	wc-completed	Crescent Zafu Meditation Cushion - Grey Large	Crescent Zafu Meditation Cushion		1.0000	976.5000	6734	7562
44485	2024-12-30	wc-completed	Ocean Drums - Design, 25 cms	Ocean Drums		1.0000	2115.0000	9529	9535
44485	2024-12-30	wc-completed	Etched Flat/Wind/Tibetan Gong for Meditation & Sound Therapy - Shakti Chakra, 20 in	Etched Wind Gong	MI-G-ET-SC-20	1.0000	20925.0000	8846	10288
44485	2024-12-30	wc-completed	Bamboo Rainstick - 40cms	Bamboo Rainstick	MI-RS-B-40	1.0000	1345.5000	7484	8762
44486	2024-12-30	wc-completed	Wooden Mallets for Singing Bowls - Long Firm-Standard, White	Wooden Mallets for Singing Bowls	MI-SB-M-R-Wd-4.5	1.0000	580.5000	6978	43384
44486	2024-12-30	wc-completed	Wooden Mallets for Singing Bowls - Long Firm-Small, White	Wooden Mallets for Singing Bowls	MI-SB-M-R-Wd-4.5	1.0000	490.5000	6978	43383
44487	2024-12-30	wc-completed	Asalato/Aslatau or Kashaka Shaker - Single	Asalato/Aslatau or Kashaka Shaker	MI-AS	1.0000	21.5000	7300	9111
44489	2025-01-02	wc-completed	Asalato/Aslatau or Kashaka Shaker - Pair	Asalato/Aslatau or Kashaka Shaker	MI-AS	1.0000	2205.0000	7300	9112
44490	2025-01-02	wc-completed	Rectangular Yoga Bolster made from Organic Cotton - Rose	Rectangular Yoga Bolster	Yo-BR-RE-RE	1.0000	1125.0000	9675	9680
44490	2025-01-02	wc-completed	Handmade Universal Bowl for Sound Healing	Handmade Universal Bowl for Sound Healing	MI-SB-HM-UN	1.0000	6885.0000	8143	0
44490	2025-01-02	wc-completed	Joint Bowl or Bowl with a Hole - 8 in	Joint Bowl or Knee Cut Bowl	MI-SB-JB	1.0000	6885.0000	9978	9984
44490	2025-01-02	wc-completed	Wooden Mallets for Singing Bowls - Long Firm-Standard, Red	Wooden Mallets for Singing Bowls	MI-SB-M-R-Wd-4.5	1.0000	580.5000	6978	43367
44490	2025-01-02	wc-completed	Tingsha Bell - Mantra, 2 in	Tingsha Bell		1.0000	1485.0000	5763	42354
44490	2025-01-02	wc-completed	Handmade Singing Bowls for Sound Therapy - 5 in, Matte	Handmade Singing Bowls - All Sizes	Mi-SB-H-M-5	1.0000	4365.0000	6884	9695
44490	2025-01-02	wc-completed	Handmade Singing Bowls for Sound Therapy - 10 in, Matte	Handmade Singing Bowls - All Sizes	Mi-SB-H-M-10	1.0000	8545.5000	6884	9705
44490	2025-01-02	wc-completed	Swinging Chimes - 6 Bars	Swinging Chimes	MI-SC-6	1.0000	6495.0000	10345	10346
44492	2025-01-02	wc-completed	Hammered Singing Bowl - 5.5 inch	Dotted Singing Bowl	MI-SB-H-5.5	1.0000	1930.5000	6892	6902
44494	2025-01-03	wc-completed	Bamboo Rainstick - 40cms	Bamboo Rainstick	MI-RS-B-40	1.0000	1345.5000	7484	8762
44495	2025-01-04	wc-completed	Asalato/Aslatau or Kashaka Shaker - Single	Asalato/Aslatau or Kashaka Shaker	MI-AS	1.0000	1210.5000	7300	9111
44496	2025-01-04	wc-completed	Bamboo Rainstick - 1m	Bamboo Rainstick	MI-RS-B-1M	1.0000	2495.0000	7484	8764
44497	2025-01-04	wc-completed	Bamboo Rainstick - 1m	Bamboo Rainstick	MI-RS-B-1M	1.0000	2495.0000	7484	8764
44498	2025-01-04	wc-completed	Tibetan Buddhist Bell - Large 3.5*7in	Tibetan Buddhist Bell	MI-BB-3.5	1.0000	1665.0000	6973	9200
44499	2025-01-05	wc-completed	Bamboo Rainstick - 40cms	Bamboo Rainstick	MI-RS-B-40	1.0000	1345.5000	7484	8762
44499	2025-01-05	wc-completed	Thunder Tube	Thunder Tube - Basic Edition	MI-TT-20	1.0000	1345.5000	7317	0
44499	2025-01-05	wc-completed	Shamanic Drum - Butterfly, 30 cms	Shamanic Drum	MI-SD-B-30	1.0000	4455.0000	7293	9591
44499	2025-01-05	wc-completed	Joint Bowl or Bowl with a Hole - 8 in	Joint Bowl or Knee Cut Bowl	MI-SB-JB	1.0000	6885.0000	9978	9984
44501	2025-01-06	wc-completed	Asalato/Aslatau or Kashaka Shaker - Pair	Asalato/Aslatau or Kashaka Shaker	MI-AS	1.0000	2205.0000	7300	9112
44512	2025-01-08	wc-completed	Dumru/Dumroo Indian Handmade Percussion Instrument - 8cms, Dark Brown	Dumru/Dumroo Indian Handmade Percussion Instrument		1.0000	295.0000	5740	6903
44513	2025-01-08	wc-completed	Wooden Mallets for Singing Bowls - Long Firm-Standard, Red	Wooden Mallets for Singing Bowls	MI-SB-M-R-Wd-4.5	1.0000	580.5000	6978	43367
44520	2025-01-08	wc-completed	Hammered Singing Bowl - 4 inch	Dotted Singing Bowl	MI-SB-H-4	1.0000	1480.5000	6892	6901
44521	2025-01-09	wc-completed	Gong for Meditation & Sound Therapy : Tam-Tam/Chau Gong - 20 in	Tam-Tam/Chau Gong		1.0000	29500.0000	8802	8838
44538	2025-01-09	wc-completed	Thunder Tube	Thunder Tube - Basic Edition	MI-TT-20	1.0000	1345.5000	7317	0
44538	2025-01-09	wc-completed	Natural Lavender Scented Eye Pillows - Sage	Natural Lavender Scented Eye Pillows	Yo-P-E-SE	1.0000	355.5000	6519	6529
44538	2025-01-09	wc-completed	Natural Lavender Scented Eye Pillows - Rose	Natural Lavender Scented Eye Pillows	Yo-P-E-RE	1.0000	355.5000	6519	6525
44538	2025-01-09	wc-completed	7 Chakras Mystical Incense Sticks Set - 7 Chakra Set with Stand	7 Chakras Mystical Incense Sticks Set	IS-7C-S	1.0000	508.5000	7687	43292
44539	2025-01-09	wc-completed	Coconut Maracas Shaker	Coconut Maracas Shakers	MI-CM	1.0000	891.0000	7370	0
44539	2025-01-09	wc-completed	Kenari Bracelet	Kenari Bracelet	MI-KR-BT	1.0000	1215.0000	42323	0
44540	2025-01-09	wc-completed	Asalato/Aslatau or Kashaka Shaker - Pair	Asalato/Aslatau or Kashaka Shaker	MI-AS	1.0000	2205.0000	7300	9112
44542	2025-01-09	wc-completed	Sacred Symbols Singing Bowls - Green, 5.5 in	Sacred Symbols Singing Bowls	MI-SB-P-SS-G-5.5	1.0000	1795.5000	10008	10011
44543	2025-01-10	wc-completed	Asalato/Aslatau or Kashaka Shaker - Single	Asalato/Aslatau or Kashaka Shaker	MI-AS	1.0000	1210.5000	7300	9111
44544	2025-01-10	wc-completed	Singing Bowls with Sacred Mantra Printed - Gold, 3.5 Inches	Singing Bowls with Sacred Mantra Printed	MI-SB-P-W-3.5	1.0000	1165.5000	6807	7955
44545	2025-01-10	wc-completed	Yoga Blanket made from Organic Cotton - Brown	Yoga Blanket made from Organic Cotton	Yo-BT-C-BW	1.0000	1395.0000	6668	6687
44546	2025-01-11	wc-completed	Hammered Singing Bowl - 5.5 inch	Dotted Singing Bowl	MI-SB-H-5.5	1.0000	2145.0000	6892	6902
44547	2025-01-11	wc-completed	Ocean Drums - Plain, 35 cms	Ocean Drums	MI-OD-P-35	1.0000	2475.0000	9529	9533
44548	2025-01-11	wc-completed	Shamanic Drum - Plain, 40 cms	Shamanic Drum	MI-SD-P-40	1.0000	5250.0000	7293	9589
44549	2025-01-12	wc-completed	Shamanic Drum - Plain, 30 cms	Shamanic Drum	MI-SD-P-30	1.0000	4185.0000	7293	9588
44550	2025-01-12	wc-completed	Sacred Symbols Singing Bowls - Black, 5.5 in	Sacred Symbols Singing Bowls	MI-SB-P-SS-BK-5.5	1.0000	1795.5000	10008	10014
44552	2025-01-12	wc-completed	Asalato/Aslatau or Kashaka Shaker - Pair	Asalato/Aslatau or Kashaka Shaker	MI-AS	1.0000	2205.0000	7300	9112
44554	2025-01-13	wc-completed	Crystal Bowls - 6 in	Crystal Bowls	MI-CB-W-6	1.0000	7584.7458	9777	9778
44555	2025-01-13	wc-completed	Thunder Tube	Thunder Tube - Basic Edition	MI-TT-20	1.0000	1201.3393	7317	0
44555	2025-01-13	wc-completed	Natural Lavender Scented Eye Pillows - Sage	Natural Lavender Scented Eye Pillows	Yo-P-E-SE	2.0000	602.5424	6519	6529
44557	2025-01-13	wc-completed	Tibetan Buddhist Bell - Medium 3*5.5in	Tibetan Buddhist Bell	MI-BB-3	1.0000	22.7679	6973	9199
44558	2025-01-14	wc-completed	Zafu Meditation Cushion filled with Cotton - Navy Blue	Zafu Meditation Cushion Plain Filled with Cotton	Me-Z-R-C-NB	1.0000	827.5424	6711	6731
44559	2025-01-14	wc-completed	Asalato/Aslatau or Kashaka Shaker - Single	Asalato/Aslatau or Kashaka Shaker	MI-AS	1.0000	1080.8036	7300	9111
44562	2025-01-14	wc-completed	Asalato/Aslatau or Kashaka Shaker - Single	Asalato/Aslatau or Kashaka Shaker	MI-AS	1.0000	1080.8036	7300	9111
44565	2025-01-14	wc-completed	Zafu & Zabuton Meditation Cushion Combo - Navy Blue	Zafu & Zabuton Meditation Cushion Combo	CO-Me-Zf-Zn-C-NB	1.0000	2021.1864	7177	7186
44566	2025-01-15	wc-completed	Yoga Bolster made from Organic Cotton - Sage	Round Yoga Bolster	Yo-BR-R-SE	1.0000	1029.6610	6689	6692
44568	2025-01-15	wc-completed	Asalato/Aslatau or Kashaka Shaker - Pair	Asalato/Aslatau or Kashaka Shaker	MI-AS	1.0000	30.5386	7300	9112
44569	2025-01-15	wc-completed	Kenari Seed Shell Shakers - Small	Kenari Seed Shell Shakers	MI-KR-S-S	1.0000	1084.8214	7472	7510
44569	2025-01-15	wc-completed	Bamboo Castanet	Bamboo Castanet	MI-CN-B	1.0000	598.6607	7329	0
44570	2025-01-15	wc-completed	Hammered Singing Bowl - Deep 5.5 Inch	Dotted Singing Bowl	MI-SB-D-7	1.0000	1916.5179	6892	42911
44571	2025-01-15	wc-completed	Hammered Singing Bowl - 4 inch	Dotted Singing Bowl	MI-SB-H-4	1.0000	1321.8750	6892	6901
44576	2025-01-15	wc-completed	Swinging Chimes - 9 Bars	Swinging Chimes	MI-SC-9	1.0000	7895.0000	10345	10347
44576	2025-01-15	wc-completed	Pangi Seed Shell Rattle	Pangi Seed Shell Rattle	MI-PS	1.0000	1741.0714	7356	0
44577	2025-01-15	wc-completed	Copper Bottle Gift Set - 7 Chakra - Gold	Copper Bottle Gift Set - 7 Chakra		1.0000	24.0264	6638	6647
44578	2025-01-16	wc-completed	Ocean Drums - Plain, 25 cms	Ocean Drums		1.0000	1639.8305	9529	9531
44581	2025-01-16	wc-completed	Mini Bamboo and Aluminium Bar Chime	Mini Bamboo and Aluminium Bar Chime	MI-BCH-S-10	1.0000	724.5763	7450	0
44588	2025-01-16	wc-completed	Ocean Drums - Plain, 40 cms	Ocean Drums	MI-OD-P-40	1.0000	2754.2373	9529	9534
44591	2025-01-16	wc-completed	Asalato/Aslatau or Kashaka Shaker - Pair	Asalato/Aslatau or Kashaka Shaker	MI-AS	1.0000	1968.7500	7300	9112
44592	2025-01-16	wc-completed	Asalato/Aslatau or Kashaka Shaker - Pair	Asalato/Aslatau or Kashaka Shaker	MI-AS	1.0000	1968.7500	7300	9112
44593	2025-01-16	wc-completed	Artistically Designed Copper Bottles	Artistically Designed Copper Bottles	CB-BM	1.0000	1000.4464	6007	42899
44594	2025-01-16	wc-completed	Hi-Zafu Meditation Cushion filled with Buckwheat and Embroidered with Lotus - Lavender	Hi-Zafu Meditation Cushion - Embroidered with Lotus	Me-C-HZ-L-E-L	1.0000	1139.8305	9291	9378
44594	2025-01-16	wc-completed	Yoga Blanket made from Organic Cotton - Natural White	Yoga Blanket made from Organic Cotton	Yo-BT-C-NT	2.0000	2466.6667	6668	6688
44594	2025-01-16	wc-completed	"Wooden Mallets for Singing Bowls - Long Soft-9"", Red"	Wooden Mallets for Singing Bowls	MI-SB-M-L-R-9	1.0000	575.8929	6978	43376
44594	2025-01-16	wc-completed	32 Rods - Bar Chime	25 Rods - Bar Chime	MI-BCH-32	1.0000	4957.6271	42389	0
44594	2025-01-16	wc-completed	7 Chakras Mystical Incense Sticks Set - 7 Chakra Set with Stand	7 Chakras Mystical Incense Sticks Set	IS-7C-S	1.0000	538.0952	7687	43292
44598	2025-01-17	wc-completed	Dumru/Dumroo Indian Handmade Percussion Instrument - 9cms, Red	Dumru/Dumroo Indian Handmade Percussion Instrument		1.0000	309.5238	5740	6906
44603	2025-01-17	wc-completed	Wooden Maracas Shakers | Plain & Dot Painted - Dot Painted	Wooden Maracas Shakers | Plain & Dot Painted	MI-WM	1.0000	839.7321	7542	44154
44613	2025-01-17	wc-completed	Singing Bowl with Mantra - Rustic Blue Colour - 7 Inches	Singing Bowl with Mantra - Rustic Blue Colour	MI-SB-RB-7	1.0000	1402.2321	6861	7287
44616	2025-01-17	wc-completed	Neem Wood Combs - Combo 3	Neem Wood Combs	CO-NWC-S-P-H	1.0000	233.0357	5038	5600
44616	2025-01-17	wc-completed	Copper Tongue Cleaner - Pack of 4, Straight	Copper Tongue Cleaner	TC-R-1	1.0000	301.2712	5042	7812
44616	2025-01-17	wc-completed	Eco-Friendly Neem Wood Toothbrush - Pack of 4	Eco-Friendly Neem Wood Toothbrush	NTB-4	1.0000	278.3898	5037	5605
44617	2025-01-17	wc-completed	7 Chakras Mystical Incense Sticks Set - 7 Chakra Set	7 Chakras Mystical Incense Sticks Set	IS-7C	1.0000	457.1429	7687	7688
44618	2025-01-18	wc-completed	Rectangular Yoga Bolster made from Organic Cotton - Navy Blue	Rectangular Yoga Bolster	Yo-BR-RE-NB	1.0000	953.3898	9675	9679
44618	2025-01-18	wc-completed	Macrame Yoga Mat Straps - Dark Grey	Macrame Yoga Mat Straps	Yo-MC-MS-DG	1.0000	501.4286	7568	7570
44618	2025-01-18	wc-completed	Yoga Bolster made from Organic Cotton - Navy Blue	Round Yoga Bolster	Yo-BR-R-NB	1.0000	1029.6610	6689	6693
44619	2025-01-18	wc-completed	Mini Bamboo and Aluminium Bar Chime	Mini Bamboo and Aluminium Bar Chime	MI-BCH-S-10	1.0000	805.0847	7450	0
44620	2025-01-18	wc-completed	Bamboo Rainstick - 1m	Bamboo Rainstick	MI-RS-B-1M	1.0000	2004.9107	7484	8764
44621	2025-01-18	wc-completed	Asalato/Aslatau or Kashaka Shaker - Pair	Asalato/Aslatau or Kashaka Shaker	MI-AS	1.0000	1968.7500	7300	9112
44622	2025-01-19	wc-completed	Shamanic Drum - Plain, 45 cms	Shamanic Drum	MI-SD-P-45	1.0000	4461.8644	7293	9590
44623	2025-01-19	wc-completed	Singing Bowl with Mantra - Rustic Blue Colour - 7 Inches	Singing Bowl with Mantra - Rustic Blue Colour	MI-SB-RB-7	1.0000	1402.2321	6861	7287
44624	2025-01-19	wc-completed	Asalato/Aslatau or Kashaka Shaker - Pair	Asalato/Aslatau or Kashaka Shaker	MI-AS	1.0000	2187.5000	7300	9112
44625	2025-01-20	wc-completed	Handmade Universal Bowl for Sound Healing	Handmade Universal Bowl for Sound Healing	MI-SB-HM-UN	1.0000	6830.3571	8143	0
44625	2025-01-20	wc-completed	Crystal Bowls - 6 in	Crystal Bowls	MI-CB-W-6	1.0000	7584.7458	9777	9778
44625	2025-01-20	wc-completed	Swinging Chimes - 6 Bars	Swinging Chimes	MI-SC-6	1.0000	6495.0000	10345	10346
44637	2025-01-20	wc-completed	Bamboo Rainstick - 80cms	Bamboo Rainstick	MI-RS-B-80	1.0000	1844.1964	7484	44586
44637	2025-01-20	wc-completed	Ocean Drums - Plain, 25 cms	Ocean Drums		1.0000	1639.8305	9529	9531
44639	2025-01-20	wc-completed	Etched Flat/Wind/Tibetan Gong for Meditation & Sound Therapy - Mandala, 18 in	Etched Wind Gong	MI-G-ET-M-18	1.0000	15227.6786	8846	10263
44640	2025-01-21	wc-completed	Yoga Bolster made from Organic Cotton - Orange	Round Yoga Bolster	Yo-BR-R-O	1.0000	1144.0678	6689	7905
44641	2025-01-21	wc-completed	Mini Tongue Drum - Green	Mini Tongue Drum	MI-TD-6.3-G	1.0000	3977.6786	7491	7494
44641	2025-01-21	wc-completed	Musical Wooden Frog - Small	Musical Wooden Frog	MI-WF	1.0000	763.3929	7456	44632
44641	2025-01-21	wc-completed	Wooden Tambourine-Circular			1.0000	924.1071	7334	0
44641	2025-01-21	wc-completed	Singing Bowls with Sacred Mantra Printed - Gold, 3.5 Inches	Singing Bowls with Sacred Mantra Printed	MI-SB-P-W-3.5	1.0000	1040.6250	6807	7955
44641	2025-01-21	wc-completed	Mini Coconut Shakers - 3 Types - All 3	Mini Coconut Shakers - 3 Types	CO-MI-CS-SRE	1.0000	1201.3393	6062	10128
44641	2025-01-21	wc-completed	Hi-Zafu Meditation Cushion filled with Buckwheat and Embroidered with Lotus - Lavender	Hi-Zafu Meditation Cushion - Embroidered with Lotus	Me-C-HZ-L-E-L	1.0000	1025.8475	9291	9378
44643	2025-01-21	wc-completed	Pangi Seed Shell Rattle	Pangi Seed Shell Rattle	MI-PS	1.0000	1741.0714	7356	0
44644	2025-01-22	wc-completed	Ocean Drums - Design, 35 cms	Ocean Drums	MI-OD-D-35	1.0000	2139.4068	9529	9537
44644	2025-01-22	wc-completed	Bamboo Rainstick - 80cms	Bamboo Rainstick	MI-RS-B-80	1.0000	1844.1964	7484	44586
44646	2025-01-22	wc-completed	7 Chakras Copper Water Bottles with Handle	7 Chakras Copper Water Bottles with Handle	CB-7CV-B-1	1.0000	1080.8036	44503	44510
44647	2025-01-22	wc-completed	Bamboo Rainstick - 80cms	Bamboo Rainstick	MI-RS-B-80	1.0000	2049.1071	7484	44586
44647	2025-01-22	wc-completed	Ocean Drums - Plain, 40 cms	Ocean Drums	MI-OD-P-40	1.0000	2754.2373	9529	9534
44647	2025-01-22	wc-completed	Pangi Seed Shell Rattle	Pangi Seed Shell Rattle	MI-PS	1.0000	1741.0714	7356	0
44647	2025-01-22	wc-completed	Mini Bamboo and Aluminium Bar Chime	Mini Bamboo and Aluminium Bar Chime	MI-BCH-S-10	1.0000	805.0847	7450	0
44649	2025-01-22	wc-completed	Yoga Blanket made from Organic Cotton - Brown	Yoga Blanket made from Organic Cotton	Yo-BT-C-BW	1.0000	1195.7143	6668	6687
44659	2025-01-22	wc-completed	Handmade Extra Large Meridian Singing Bowls - Plain, 22 In	Extra Large Meridian Singing Bowls	Mi-SB-MD-P-22	1.0000	754.4643	43286	43308
44659	2025-01-22	wc-completed	"Wooden Mallets for Singing Bowls - Long Soft-13"", Red"	Wooden Mallets for Singing Bowls	MI-SB-M-L-R-13	1.0000	20.0893	6978	43374
44660	2025-01-22	wc-completed	Bamboo Rainstick - 80cms	Bamboo Rainstick	MI-RS-B-80	1.0000	1844.1964	7484	44586
44661	2025-01-23	wc-completed	Pangi Seed Shell Rattle	Pangi Seed Shell Rattle	MI-PS	1.0000	1741.0714	7356	0
44663	2025-01-23	wc-completed	Thunder Tube	Thunder Tube - Basic Edition	MI-TT-20	1.0000	1201.3393	7317	0
44663	2025-01-23	wc-completed	Bamboo Rainstick - 80cms	Bamboo Rainstick	MI-RS-B-80	1.0000	1844.1964	7484	44586
44664	2025-01-23	wc-completed	Artistically Designed Copper Bottles	Artistically Designed Copper Bottles	CB-OL-.5	1.0000	679.0179	6007	42901
44665	2025-01-23	wc-completed	Crescent Zafu Meditation Cushion - Lavender	Crescent Zafu Meditation Cushion		1.0000	827.5424	6734	9671
44665	2025-01-23	wc-completed	Eye Shaped Natural Lavender Scented Eye Pillows - Rose	Eye Shaped Natural Lavender Scented Eye Pillows	Yo-P-E-RE-1	1.0000	301.2712	9220	9221
44666	2025-01-24	wc-completed	"Wooden Mallets for Singing Bowls - Long Soft-13"", Red"	Wooden Mallets for Singing Bowls	MI-SB-M-L-R-13	1.0000	683.0357	6978	43374
44667	2025-01-24	wc-completed	Flower of Life with Sacred Symbols Singing Bowls - Blue, 9 in	Flower of Life with Sacred Symbols Singing Bowls	MI-SB-RFL-B-9	1.0000	1562.5000	10035	10049
44668	2025-01-24	wc-completed	Singing Bowl with Mantra - Rustic Blue Colour - 7 Inches	Singing Bowl with Mantra - Rustic Blue Colour	MI-SB-RB-7	1.0000	1402.2321	6861	7287
44669	2025-01-25	wc-completed	Bamboo Rainstick - 40cms	Bamboo Rainstick	MI-RS-B-40	1.0000	1334.8214	7484	8762
44669	2025-01-25	wc-completed	Mini Bamboo and Aluminium Bar Chime	Mini Bamboo and Aluminium Bar Chime	MI-BCH-S-10	1.0000	805.0847	7450	0
44670	2025-01-25	wc-completed	Handmade Singing Bowls for Sound Therapy - 8 in, Matte	Handmade Singing Bowls - All Sizes	Mi-SB-H-M-8	1.0000	5584.8214	6884	9701
44671	2025-01-25	wc-completed	Hi-Zafu Meditation Cushion filled with Buckwheat Hulls - Maroon	Hi-Zafu Meditation Cushion - Filled with Buckwheat	Me-C-HZ-M	1.0000	903.8136	6755	7559
44673	2025-01-26	wc-completed	Hammered Singing Bowl - 4 inch	Dotted Singing Bowl	MI-SB-H-4	1.0000	1468.7500	6892	6901
44674	2025-01-26	wc-completed	Musical Wooden Frog - Small	Musical Wooden Frog	MI-WF	1.0000	763.3929	7456	44632
44678	2025-01-28	wc-completed	Hammered Singing Bowl - 5.5 inch	Dotted Singing Bowl	MI-SB-H-5.5	1.0000	1723.6607	6892	6902
44680	2025-01-28	wc-completed	8 Keys Metallophone - with 1” & 1.5” key-widths - 1 inch	8 Keys Metallophone - with 1” & 1.5” key-widths	MI-XP-SP-1-8	1.0000	5834.7458	42332	42338
44680	2025-01-28	wc-completed	Tingsha Bell - Mantra, 3 in	Tingsha Bell		1.0000	1486.6071	5763	42356
44681	2025-01-29	wc-completed	Bamboo Rainstick - 80cms	Bamboo Rainstick	MI-RS-B-80	1.0000	1844.1964	7484	44586
44682	2025-01-29	wc-completed	Bamboo Rainstick - 80cms	Bamboo Rainstick	MI-RS-B-80	1.0000	1844.1964	7484	44586
44683	2025-01-29	wc-completed	Crystal Bowls - 10 in	Crystal Bowls	MI-CB-W-10	1.0000	10381.3559	9777	9782
44684	2025-01-29	wc-completed	Copper Bottle Gift Set - 7 Chakra - Vintage	Copper Bottle Gift Set - 7 Chakra		1.0000	24.0268	6638	6648
44685	2025-01-29	wc-completed	Mini Tongue Drum - Green	Mini Tongue Drum	MI-TD-6.3-G	1.0000	3977.6786	7491	7494
44687	2025-01-30	wc-completed	Thunder Tube	Thunder Tube - Basic Edition	MI-TT-20	1.0000	1201.3393	7317	0
44696	2025-01-31	wc-completed	Bamboo Rainstick - 80cms	Bamboo Rainstick	MI-RS-B-80	1.0000	2049.1071	7484	44586
44698	2025-01-31	wc-completed	Handcrafted Set of 7 Bowls for Sound Therapy - Standard Set, Matte	Handcrafted Set of 7 Bowls for Sound Therapy	MI-SB-7C Set-S-M	1.0000	44196.4286	7887	9193
44700	2025-01-31	wc-completed	"Wooden Mallets for Singing Bowls - Long Soft-9"", Red"	Wooden Mallets for Singing Bowls	MI-SB-M-L-R-9	1.0000	518.3036	6978	43376
44700	2025-01-31	wc-completed	Wooden Mallets for Singing Bowls - Standard Wide, Red	Wooden Mallets for Singing Bowls	MI-SB-M-R-Wd-4.5	1.0000	204.9107	6978	43381
44701	2025-01-31	wc-completed	Artistically Designed Copper Bottles	Artistically Designed Copper Bottles	CB-OL	1.0000	15.6696	6007	42903
44701	2025-01-31	wc-completed	Artistically Designed Copper Bottles	Artistically Designed Copper Bottles	CB-T	1.0000	15.6696	6007	42891
44702	2025-01-31	wc-completed	Ocean Drums - Dream Catcher, 30 cms	Ocean Drums	MI-OD-D-30	1.0000	1944.9153	9529	9536
44702	2025-01-31	wc-completed	Wooden Maracas Shakers | Plain & Dot Painted - Plain	Wooden Maracas Shakers | Plain & Dot Painted	MI-WM	1.0000	791.5179	7542	44153
44702	2025-01-31	wc-completed	Musical Wooden Frog - Large	Musical Wooden Frog	MI-WF	1.0000	1084.8214	7456	44633
44702	2025-01-31	wc-completed	Egg Shaker with Handle	Egg Shaker with Handle	MI-ES-H	1.0000	719.1964	7396	0
44703	2025-01-31	wc-completed	7 Chakras Vintage - Copper Bottle	7 Chakras Vintage - Copper Bottle		1.0000	1080.8036	5682	43492
44704	2025-02-01	wc-completed	Copper Tongue Cleaner - Pack of 2, Straight	Copper Tongue Cleaner	TC-R-1	1.0000	202.1186	5042	7810
44704	2025-02-01	wc-completed	Eco-Friendly Neem Wood Toothbrush - Pack of 2	Eco-Friendly Neem Wood Toothbrush	NTB-2	1.0000	171.6102	5037	5604
44704	2025-02-01	wc-completed	7 Chakras Copper Water Bottles	7 Chakras Copper Water Bottles	CB-7CV-B-.5	1.0000	799.5536	6080	43438
44713	2025-02-01	wc-completed	Neem Wood Combs - Small Comb	Neem Wood Combs	NWC-P	1.0000	120.5357	5038	5598
44715	2025-02-01	wc-completed	Bamboo Rainstick - 40cms	Bamboo Rainstick	MI-RS-B-40	1.0000	1201.3393	7484	8762
44715	2025-02-01	wc-completed	Thunder Tube	Thunder Tube - Basic Edition	MI-TT-20	1.0000	1201.3393	7317	0
44716	2025-02-01	wc-completed	7 Chakras Gold - Copper Bottle	7 Chakras Gold - Copper Bottle		1.0000	888.3929	5675	5785
44717	2025-02-01	wc-completed	7 Chakras Copper Water Bottles with Handle	7 Chakras Copper Water Bottles with Handle	CB-7CV-B-1	1.0000	1080.8036	44503	44510
44718	2025-02-02	wc-completed	Singing Bowls with Sacred Mantra Printed - Gold, 3.5 Inches	Singing Bowls with Sacred Mantra Printed	MI-SB-P-W-3.5	1.0000	1156.2500	6807	7955
44719	2025-02-02	wc-completed	Mini Bamboo and Aluminium Bar Chime	Mini Bamboo and Aluminium Bar Chime	MI-BCH-S-10	1.0000	724.5763	7450	0
44720	2025-02-02	wc-completed	Artistically Designed Copper Bottles	Artistically Designed Copper Bottles	CB-BM-B-.5	1.0000	791.5179	6007	42896
44721	2025-02-02	wc-completed	Bamboo Rainstick - 80cms	Bamboo Rainstick	MI-RS-B-80	1.0000	2049.1071	7484	44586
44721	2025-02-02	wc-completed	Singing Bowl with Mantra - Rustic Blue Colour - 7 Inches	Singing Bowl with Mantra - Rustic Blue Colour	MI-SB-RB-7	1.0000	1558.0357	6861	7287
44722	2025-02-03	wc-completed	Joint Bowl or Bowl with a Hole - 8 in	Joint Bowl or Knee Cut Bowl	MI-SB-JB	1.0000	6830.3571	9978	9984
44723	2025-02-03	wc-completed	Jala Neti Pot - Ceramic 185 ml - Lemon Yellow	Jala Neti Pot - Ceramic 185 ml	NP-LY-185	1.0000	186.8644	5769	6335
44724	2025-02-03	wc-completed	Copper Bottle Gift Set - 7 Chakra - Vintage	Copper Bottle Gift Set - 7 Chakra		1.0000	1406.2500	6638	6648
44724	2025-02-03	wc-completed	Bamboo Rainstick - 80cms	Bamboo Rainstick	MI-RS-B-80	1.0000	1844.1964	7484	44586
44724	2025-02-03	wc-completed	Pangi Seed Shell Rattle	Pangi Seed Shell Rattle	MI-PS	1.0000	1566.9643	7356	0
44724	2025-02-03	wc-completed	Ocean Drums - Flower of Life, 30 cms	Ocean Drums		1.0000	1944.9153	9529	44651
44731	2025-02-03	wc-completed	Zafu & Zabuton Meditation Cushion Combo - Navy Blue	Zafu & Zabuton Meditation Cushion Combo	CO-Me-Zf-Zn-C-NB	1.0000	2021.1864	7177	7186
44733	2025-02-03	wc-completed	Handcrafted Set of 7 Bowls for Sound Therapy - Standard Set, Matte	Handcrafted Set of 7 Bowls for Sound Therapy	MI-SB-7C Set-S-M	1.0000	624.1071	7887	9193
44733	2025-02-03	wc-completed	Tingsha Bell - Plain Dark, 2.5 in	Tingsha Bell		1.0000	21.2946	5763	42358
44733	2025-02-03	wc-completed	Eye Shaped Natural Lavender Scented Eye Pillows - Grey	Eye Shaped Natural Lavender Scented Eye Pillows	Yo-P-E-GY-1	1.0000	4.7288	9220	9222
44733	2025-02-03	wc-completed	Eye Shaped Natural Lavender Scented Eye Pillows - Beige	Eye Shaped Natural Lavender Scented Eye Pillows		1.0000	4.7288	9220	44614
44733	2025-02-03	wc-completed	Eye Shaped Natural Lavender Scented Eye Pillows - Dark Grey	Eye Shaped Natural Lavender Scented Eye Pillows	Yo-P-E-DG-1	1.0000	4.7288	9220	9224
44736	2025-02-03	wc-completed	Musical Wooden Frog - Small	Musical Wooden Frog	MI-WF	1.0000	763.3929	7456	44632
44736	2025-02-03	wc-completed	Ocean Drums - Flower of Life, 30 cms	Ocean Drums		1.0000	1944.9153	9529	44651
44739	2025-02-03	wc-completed	Bamboo Rainstick - 80cms	Bamboo Rainstick	MI-RS-B-80	1.0000	1844.1964	7484	44586
44739	2025-02-03	wc-completed	7 Chakras Mystical Incense Sticks Set - 7 Chakra Set with Stand	7 Chakras Mystical Incense Sticks Set	IS-7C-S	1.0000	484.2857	7687	43292
44740	2025-02-03	wc-completed	7 Chakras Copper Water Bottles with Handle	7 Chakras Copper Water Bottles with Handle	CB-7CV-1	1.0000	1000.4464	44503	44511
44745	2025-02-03	wc-completed	Mini Bamboo and Aluminium Bar Chime	Mini Bamboo and Aluminium Bar Chime	MI-BCH-S-10	1.0000	724.5763	7450	0
44745	2025-02-03	wc-completed	Gong for Meditation & Sound Therapy : Tam-Tam/Chau Gong - 20 in	Tam-Tam/Chau Gong		1.0000	22901.7857	8802	8838
44746	2025-02-03	wc-completed	Yoga Bolster made from Organic Cotton - Rose	Round Yoga Bolster	Yo-BR-R-RE	1.0000	1029.6610	6689	6694
44750	2025-02-04	wc-completed	Happiness Copper Bottle	Happiness is Inside		1.0000	791.5179	5459	44018
44751	2025-02-04	wc-completed	Hammered Singing Bowl - 5.5 inch	Dotted Singing Bowl	MI-SB-H-5.5	1.0000	1723.6607	6892	6902
44753	2025-02-05	wc-completed	7 Chakras Copper Water Bottles	7 Chakras Copper Water Bottles	CB-7CV	1.0000	1111.6071	6080	43441
44754	2025-02-05	wc-completed	Shamanic Drum - Butterfly, 45 cms	Shamanic Drum	MI-SD-B-45	1.0000	4766.9492	7293	9593
44754	2025-02-05	wc-completed	Ocean Drums - Flower of Life, 40 cms	Ocean Drums		1.0000	2631.3559	9529	44653
44755	2025-02-06	wc-completed	Handmade Universal Bowl for Sound Healing	Handmade Universal Bowl for Sound Healing	MI-SB-HM-UN	1.0000	6147.3214	8143	0
44756	2025-02-06	wc-completed	Yoga Belt/Strap for Sturdy Grip - Green	Yoga Belt/Strap for Sturdy Grip	Yo-BL-D-GR	1.0000	328.5714	6530	6550
44757	2025-02-06	wc-completed	Hammered Singing Bowl - 4 inch	Dotted Singing Bowl	MI-SB-H-4	1.0000	1321.8750	6892	6901
44758	2025-02-06	wc-completed	Handcrafted Set of 7 Bowls for Sound Therapy - Standard Set, Full Moon	Handcrafted Set of 7 Bowls for Sound Therapy	MI-SB-7C Set-S-FM	1.0000	50446.4286	7887	9195
44759	2025-02-06	wc-completed	Spin/Twist Drum or Den Den Daiko - Large 3.5 in	Spin/Twist Drum or Den Den Daiko	MI-TD-YY	1.0000	719.1964	7417	7418
44762	2025-02-07	wc-completed	Tingsha Bell - Mantra, 3 in	Tingsha Bell		1.0000	1486.6071	5763	42356
44762	2025-02-07	wc-completed	Ocean Drums - Dream Catcher, 30 cms	Ocean Drums	MI-OD-D-30	1.0000	1944.9153	9529	9536
44762	2025-02-07	wc-completed	Coconut Rattle	Coconut Rattle	MI-CR	1.0000	839.7321	5730	0
44762	2025-02-07	wc-completed	Kenari Seed Shell Shakers - Small	Kenari Seed Shell Shakers	MI-KR-S-S	1.0000	1084.8214	7472	7510
44762	2025-02-07	wc-completed	Bamboo Rainstick - 80cms	Bamboo Rainstick	MI-RS-B-80	1.0000	1844.1964	7484	44586
44763	2025-02-07	wc-completed	Swinging Chimes - 9 Bars	Swinging Chimes	MI-SC-9	1.0000	7895.0000	10345	10347
44764	2025-02-08	wc-completed	Ocean Drums - Plain, 35 cms	Ocean Drums	MI-OD-P-35	1.0000	2097.4576	9529	9533
44764	2025-02-08	wc-completed	Bamboo Rainstick - 80cms	Bamboo Rainstick	MI-RS-B-80	1.0000	1844.1964	7484	44586
44765	2025-02-08	wc-completed	Sacred Symbols Singing Bowls - Blue, 4 in	Sacred Symbols Singing Bowls	MI-SB-P-SS-B-4	1.0000	1241.5179	10008	10016
44765	2025-02-08	wc-completed	Sacred Symbols Singing Bowls - Yellow, 4 in	Sacred Symbols Singing Bowls	MI-SB-P-SS-Y-4	1.0000	1241.5179	10008	10022
44766	2025-02-08	wc-completed	Pangi Seed Shell Rattle	Pangi Seed Shell Rattle	MI-PS	1.0000	1566.9643	7356	0
44766	2025-02-08	wc-completed	Mini Bamboo and Aluminium Bar Chime	Mini Bamboo and Aluminium Bar Chime	MI-BCH-S-10	1.0000	724.5763	7450	0
44766	2025-02-08	wc-completed	Thunder Tube	Thunder Tube - Basic Edition	MI-TT-20	1.0000	1201.3393	7317	0
44767	2025-02-09	wc-completed	Shamanic Drum - Plain, 40 cms	Shamanic Drum	MI-SD-P-40	1.0000	4449.1525	7293	9589
44768	2025-02-09	wc-completed	Joint Bowl or Bowl with a Hole - 8 in	Joint Bowl or Knee Cut Bowl	MI-SB-JB	1.0000	6830.3571	9978	9984
44769	2025-02-09	wc-completed	7 Chakras Vintage - Copper Bottle	7 Chakras Vintage - Copper Bottle		1.0000	1000.4464	5682	5786
44774	2025-02-10	wc-completed	Full Moon Singing Bowls - 6 Inches	Full Moon Singing Bowls - All Sizes	MI-SB-H-FM-6	1.0000	5906.2500	7607	7609
44775	2025-02-10	wc-completed	Singing Bowls with Sacred Mantra Printed - Red, 3.5 Inches	Singing Bowls with Sacred Mantra Printed	MI-SB-P-R-3.5	1.0000	1040.6250	6807	7953
44775	2025-02-10	wc-completed	Singing Bowls with Sacred Mantra Printed - Black, 4 Inches	Singing Bowls with Sacred Mantra Printed	MI-SB-P-BK-4	1.0000	1241.5179	6807	6831
44776	2025-02-11	wc-completed	Crescent Zafu Meditation Cushion - Cotton Texture 1 Large	Crescent Zafu Meditation Cushion		1.0000	827.5424	6734	6752
44777	2025-02-11	wc-completed	Macrame Yoga Mat Straps - White	Macrame Yoga Mat Straps		1.0000	557.1429	7568	7572
44778	2025-02-11	wc-completed	Stainless Steel Straws - Pack of 4	Stainless Steel Straws	SSS-4	1.0000	218.7500	6505	6508
44781	2025-02-12	wc-completed	7 Chakras Vintage - Copper Bottle	7 Chakras Vintage - Copper Bottle		1.0000	1080.8036	5682	43492
44782	2025-02-12	wc-completed	Copper Bottle Gift Set - 7 Chakra - Vintage	Copper Bottle Gift Set - 7 Chakra		1.0000	1406.2500	6638	6648
44783	2025-02-12	wc-completed	Bamboo Rainstick - 40cms	Bamboo Rainstick	MI-RS-B-40	1.0000	1201.3393	7484	8762
44784	2025-02-12	wc-completed	Mini Bamboo and Aluminium Bar Chime	Mini Bamboo and Aluminium Bar Chime	MI-BCH-S-10	1.0000	724.5763	7450	0
44784	2025-02-12	wc-completed	Ocean Drums - Plain, 30 cms	Ocean Drums	MI-OD-P-30	1.0000	1868.6441	9529	9532
44785	2025-02-12	wc-completed	Dotted Singing Bowl - Deep 5.5 Inch	Dotted Singing Bowl	MI-SB-D-7	1.0000	2129.4643	6892	42911
44786	2025-02-13	wc-completed	Pangi Seed Shell Rattle	Pangi Seed Shell Rattle	MI-PS	1.0000	1566.9643	7356	0
44786	2025-02-13	wc-completed	Thunder Tube	Thunder Tube - Basic Edition	MI-TT-20	1.0000	1201.3393	7317	0
44787	2025-02-13	wc-completed	Bamboo Rainstick - 80cms	Bamboo Rainstick	MI-RS-B-80	1.0000	1844.1964	7484	44586
44788	2025-02-13	wc-completed	Orange Meditation - Copper Bottle	Sunshine within Me		1.0000	791.5179	5669	44010
44789	2025-02-13	wc-completed	Handmade Singing Bowls for Sound Therapy - 6 in, Matte	Handmade Singing Bowls - All Sizes		1.0000	4299.1071	6884	9697
44790	2025-02-14	wc-completed	Handmade Universal Bowl for Sound Healing	Handmade Universal Bowl for Sound Healing	MI-SB-HM-UN	1.0000	6147.3214	8143	0
44790	2025-02-14	wc-completed	Dotted Singing Bowl - 5.5 inch	Dotted Singing Bowl	MI-SB-H-5.5	1.0000	1723.6607	6892	6902
44791	2025-02-14	wc-completed	7 Chakras Vintage - Copper Bottle	7 Chakras Vintage - Copper Bottle		1.0000	1200.8929	5682	43492
44793	2025-02-15	wc-completed	Sacred Symbols Singing Bowls - Black, 5.5 in	Sacred Symbols Singing Bowls	MI-SB-P-SS-BK-5.5	1.0000	1603.1250	10008	10014
44794	2025-02-15	wc-completed	Singing Bowl with Mantra - Rustic Blue Colour - 7 Inches	Singing Bowl with Mantra - Rustic Blue Colour	MI-SB-RB-7	1.0000	1402.2321	6861	7287
44796	2025-02-15	wc-completed	7 Chakras Mystical Incense Sticks Set - 7 Chakra Set	7 Chakras Mystical Incense Sticks Set	IS-7C	1.0000	411.4286	7687	7688
44797	2025-02-16	wc-completed	Zabuton Cushion for Meditation - Navy Blue	Zabuton Cushion for Meditation	Me-C-Zn-NB	1.0000	1411.0169	6780	6794
44798	2025-02-16	wc-completed	7 Chakras Vintage - Copper Bottle	7 Chakras Vintage - Copper Bottle		1.0000	1000.4464	5682	5786
44799	2025-02-16	wc-completed	Swinging Chimes - 9 Bars	Swinging Chimes	MI-SC-9	1.0000	119.5000	10345	10347
44801	2025-02-17	wc-completed	Tibetan Buddhist Bell - Large 3.5*7in	Tibetan Buddhist Bell	MI-BB-3.5	1.0000	1486.6071	6973	9200
44802	2025-02-17	wc-completed	Wooden Tambourine-Half moon	Wooden Tambourines	MI-T-HM	1.0000	15.6250	7478	0
44805	2025-02-17	wc-completed	Tingsha Bell - Symbol, 2 in	Tingsha Bell		1.0000	1325.8929	5763	42351
44806	2025-02-17	wc-completed	Artistically Designed Copper Bottles	Artistically Designed Copper Bottles	CB-BM	1.0000	1000.4464	6007	42899
44808	2025-02-17	wc-completed	Curved Diamond Groove Copper Bottle	Curved Diamond Groove Copper Bottle		1.0000	963.4821	5934	5948
44809	2025-02-18	wc-completed	Etched Flat/Wind/Tibetan Gong for Meditation & Sound Therapy - Mandala, 18 in	Etched Wind Gong	MI-G-ET-M-18	1.0000	16919.6429	8846	10263
44809	2025-02-18	wc-completed	Swinging Chimes - 9 Bars	Swinging Chimes	MI-SC-9	1.0000	7895.0000	10345	10347
44817	2025-02-19	wc-completed	Copper Bottle Gift Set - 7 Chakra - Vintage	Copper Bottle Gift Set - 7 Chakra		3.0000	4687.5000	6638	6648
44818	2025-02-19	wc-completed	Ocean Drums - Dream Catcher, 30 cms	Ocean Drums	MI-OD-D-30	1.0000	2161.0169	9529	9536
44818	2025-02-19	wc-completed	Ocean Drums - Plain, 35 cms	Ocean Drums	MI-OD-P-35	1.0000	2330.5085	9529	9533
44819	2025-02-19	wc-completed	Bamboo Rainstick - 40cms	Bamboo Rainstick	MI-RS-B-40	1.0000	1201.3393	7484	8762
44819	2025-02-19	wc-completed	Singing Bowls Silk Ring Cushion Accessories - 18 cms, Blue	Singing Bowls Silk Ring Cushion Accessories	MI-SB-C-B-18	1.0000	277.2321	6988	7794
44819	2025-02-19	wc-completed	Singing Bowls Silk Ring Cushion Accessories - 14 cms, Orange	Singing Bowls Silk Ring Cushion Accessories	MI-SB-C-O-14	1.0000	237.0536	6988	7782
44820	2025-02-19	wc-completed	7 Chakras Gold - Copper Bottle	7 Chakras Gold - Copper Bottle		1.0000	1000.4464	5675	43493
44821	2025-02-20	wc-completed	Singing Bowl with Mantra - Rustic Blue Colour - 7 Inches	Singing Bowl with Mantra - Rustic Blue Colour	MI-SB-RB-7	1.0000	1402.2321	6861	7287
44822	2025-02-20	wc-completed	Sacred Symbols Singing Bowls - Blue, 4 in	Sacred Symbols Singing Bowls	MI-SB-P-SS-B-4	1.0000	1379.4643	10008	10016
44823	2025-02-20	wc-completed	Natural Lavender Scented Eye Pillows - Rose	Natural Lavender Scented Eye Pillows	Yo-P-E-RE	1.0000	301.2712	6519	6525
44825	2025-02-20	wc-completed	Bamboo Rainstick - 80cms	Bamboo Rainstick	MI-RS-B-80	1.0000	1844.1964	7484	44586
44825	2025-02-20	wc-completed	Pangi Seed Shell Rattle	Pangi Seed Shell Rattle	MI-PS	1.0000	1566.9643	7356	0
44825	2025-02-20	wc-completed	Crystal Bowls - 8 in	Crystal Bowls	MI-CB-W-8	1.0000	8855.9322	9777	9780
44826	2025-02-21	wc-completed	Bamboo Rainstick - 40cms	Bamboo Rainstick	MI-RS-B-40	1.0000	1201.3393	7484	8762
44826	2025-02-21	wc-completed	Sacred Symbols Singing Bowls - Black, 4 in	Sacred Symbols Singing Bowls	MI-SB-P-SS-BK-4	1.0000	1241.5179	10008	10013
44828	2025-02-22	wc-completed	7 Chakras Vintage - Copper Bottle	7 Chakras Vintage - Copper Bottle		1.0000	1080.8036	5682	43492
44829	2025-02-23	wc-completed	7 Chakras Mystical Incense Sticks Set - 7 Chakra Set	7 Chakras Mystical Incense Sticks Set	IS-7C	1.0000	457.1429	7687	7688
44829	2025-02-23	wc-completed	Natural Lavender Scented Eye Pillows - Rose	Natural Lavender Scented Eye Pillows	Yo-P-E-RE	1.0000	334.7458	6519	6525
44829	2025-02-23	wc-completed	Neem Wood Combs - Small Comb	Neem Wood Combs	NWC-P	1.0000	120.5357	5038	5598
44830	2025-02-23	wc-completed	Bamboo Rainstick - 80cms	Bamboo Rainstick	MI-RS-B-80	1.0000	1844.1964	7484	44586
44831	2025-02-23	wc-completed	7 Chakras Copper Water Bottles with Handle	7 Chakras Copper Water Bottles with Handle	CB-7CV-1	1.0000	1000.4464	44503	44511
44832	2025-02-23	wc-completed	Kenari Seed Shell Shakers - Small	Kenari Seed Shell Shakers	MI-KR-S-S	1.0000	1084.8214	7472	7510
44832	2025-02-23	wc-completed	Thunder Tube	Thunder Tube - Basic Edition	MI-TT-20	1.0000	1201.3393	7317	0
44832	2025-02-23	wc-completed	Bamboo Rainstick - 80cms	Bamboo Rainstick	MI-RS-B-80	1.0000	1844.1964	7484	44586
44834	2025-02-24	wc-completed	Dotted Singing Bowl - 4 inch	Dotted Singing Bowl	MI-SB-H-4	3.0000	4406.2500	6892	6901
44835	2025-02-24	wc-completed	Bamboo Rainstick - 40cms	Bamboo Rainstick	MI-RS-B-40	1.0000	1201.3393	7484	8762
44837	2025-02-24	wc-completed	7 Chakras Gold - Copper Bottle	7 Chakras Gold - Copper Bottle		1.0000	743.3036	5675	5784
44838	2025-02-24	wc-completed	Tibetan Buddhist Bell - Large 3.5*7in	Tibetan Buddhist Bell	MI-BB-3.5	1.0000	1486.6071	6973	9200
44838	2025-02-24	wc-completed	Rectangular Yoga Bolster made from Organic Cotton - Dark Grey	Rectangular Yoga Bolster	Yo-BR-RE-DG	1.0000	953.3898	9675	9677
44838	2025-02-24	wc-completed	Joint Bowl or Bowl with a Hole - 8 in	Joint Bowl or Knee Cut Bowl	MI-SB-JB	2.0000	12294.6429	9978	9984
44838	2025-02-24	wc-completed	Tingsha Bell - Plain Dark, 3 in	Tingsha Bell		1.0000	1442.4107	5763	42359
44840	2025-02-25	wc-completed	Flower of Life with Sacred Symbols Singing Bowls - Blue, 8 in	Flower of Life with Sacred Symbols Singing Bowls	MI-SB-RFL-B-8	1.0000	1245.5357	10035	10048
44849	2025-02-25	wc-completed	7 Chakras Gold - Copper Bottle	7 Chakras Gold - Copper Bottle		1.0000	1000.4464	5675	43493
44850	2025-02-25	wc-completed	Pangi Seed Shell Rattle	Pangi Seed Shell Rattle	MI-PS	1.0000	1566.9643	7356	0
44851	2025-02-26	wc-completed	Bamboo Rainstick - 40cms	Bamboo Rainstick	MI-RS-B-40	1.0000	1201.3393	7484	8762
44852	2025-02-26	wc-completed	Eco-Friendly Neem Wood Toothbrush - Pack of 2	Eco-Friendly Neem Wood Toothbrush	NTB-2	1.0000	190.6780	5037	5604
44853	2025-02-26	wc-completed	Etched Flat/Wind/Tibetan Gong for Meditation & Sound Therapy - Mandala, 18 in	Etched Wind Gong	MI-G-ET-M-18	1.0000	15227.6786	8846	10263
44855	2025-02-26	wc-completed	7 Chakras Copper Water Bottles with Handle	7 Chakras Copper Water Bottles with Handle		1.0000	888.3929	44503	44508
44856	2025-02-26	wc-completed	Ocean Drums - Plain, 40 cms	Ocean Drums	MI-OD-P-40	1.0000	2478.8136	9529	9534
44857	2025-02-27	wc-completed	7 Chakras Copper Water Bottles with Handle	7 Chakras Copper Water Bottles with Handle	CB-7CP-B-1	1.0000	1080.8036	44503	44506
44858	2025-02-27	wc-completed	Flower of Life with Sacred Symbols Singing Bowls - Green, 8 in	Flower of Life with Sacred Symbols Singing Bowls	MI-SB-RFL-G-8	1.0000	1245.5357	10035	10054
44859	2025-02-28	wc-completed	Jala Neti Pot - Ceramic 185 ml - Red	Jala Neti Pot - Ceramic 185 ml	NP-R-185	1.0000	186.8644	5769	5776
44860	2025-02-28	wc-completed	Mini Coconut Shakers - 3 Types - All 3	Mini Coconut Shakers - 3 Types	CO-MI-CS-SRE	1.0000	1201.3393	6062	10128
44861	2025-03-01	wc-completed	Dotted Singing Bowl - Deep 5.5 Inch	Dotted Singing Bowl	MI-SB-D-7	1.0000	1916.5179	6892	42911
44862	2025-03-01	wc-completed	Crystal Bowls - Set of 7 - 8-14 in Set	Crystal Bowls - Set of 7		1.0000	75847.4576	43219	43232
44864	2025-03-01	wc-completed	Singing Bowl with Mantra - Rustic Blue Colour - 7 Inches	Singing Bowl with Mantra - Rustic Blue Colour	MI-SB-RB-7	1.0000	1558.0357	6861	7287
44866	2025-03-02	wc-completed	Copper Bottle Gift Set - 7 Chakra - Vintage	Copper Bottle Gift Set - 7 Chakra		2.0000	3125.0000	6638	6648
44867	2025-03-02	wc-completed	Crescent Zafu Meditation Cushion - Cotton Texture 1 Large	Crescent Zafu Meditation Cushion		1.0000	919.4915	6734	6752
44868	2025-03-02	wc-completed	Natural Cotton Yoga Mat - Moderate Grip - Plain	Plain Moderate Grip Yoga Mat		1.0000	1686.4407	8379	8684
44869	2025-03-03	wc-completed	Yoga Blanket made from Organic Cotton - Natural White	Yoga Blanket made from Organic Cotton	Yo-BT-C-NT	1.0000	17.4000	6668	6688
44869	2025-03-03	wc-completed	Copper Tongue Cleaner - Pack of 1, Straight	Copper Tongue Cleaner	TC-R-1	1.0000	1.9831	5042	7808
44869	2025-03-03	wc-completed	Stainless Steel Straws - Pack of 2	Stainless Steel Straws	SSS-2	1.0000	2.1696	6505	6507
44869	2025-03-03	wc-completed	Crescent Zafu Meditation Cushion - Lavender	Crescent Zafu Meditation Cushion		1.0000	12.9661	6734	9671
44869	2025-03-03	wc-completed	Eye Shaped Natural Lavender Scented Eye Pillows - Rose	Eye Shaped Natural Lavender Scented Eye Pillows	Yo-P-E-RE-1	2.0000	9.4576	9220	9221
44869	2025-03-03	wc-completed	Jala Neti Pot - Ceramic 185 ml - White	Jala Neti Pot - Ceramic 185 ml	NP-W-185	1.0000	4.9576	5769	5826
44870	2025-03-03	wc-completed	Handcrafted Set of 7 Bowls for Sound Therapy - Large Set, Matte	Handcrafted Set of 7 Bowls for Sound Therapy	MI-SB-7C Set-L-M	1.0000	64732.1429	7887	9196
44870	2025-03-03	wc-completed	Handmade Extra Large Meridian Singing Bowls - Plain, 22 In	Extra Large Meridian Singing Bowls	Mi-SB-MD-P-22	1.0000	52232.1429	43286	43308
44871	2025-03-03	wc-completed	Mini Tongue Drum - Blue	Mini Tongue Drum	MI-TD-6.3-B	1.0000	3977.6786	7491	7495
44871	2025-03-03	wc-completed	8 Keys Metallophone - with 1” & 1.5” key-widths - 1 inch	8 Keys Metallophone - with 1” & 1.5” key-widths	MI-XP-SP-1-8	1.0000	5834.7458	42332	42338
44875	2025-03-03	wc-completed	Singing Bowls Silk Ring Cushion Accessories - 10 cms, Green	Singing Bowls Silk Ring Cushion Accessories	MI-SB-C-G-10	1.0000	196.8750	6988	7765
44876	2025-03-03	wc-completed	7 Chakras Vintage - Copper Bottle	7 Chakras Vintage - Copper Bottle		1.0000	799.5536	5682	5787
44878	2025-03-04	wc-completed	Thunder Tube	Thunder Tube - Basic Edition	MI-TT-20	1.0000	1201.3393	7317	0
44878	2025-03-04	wc-completed	Eye Shaped Natural Lavender Scented Eye Pillows - Rose	Eye Shaped Natural Lavender Scented Eye Pillows	Yo-P-E-RE-1	2.0000	602.5424	9220	9221
44878	2025-03-04	wc-completed	Dumru/Dumroo Indian Handmade Percussion Instrument - 9cms, Dark Brown	Dumru/Dumroo Indian Handmade Percussion Instrument		1.0000	278.5714	5740	6907
44878	2025-03-04	wc-completed	Wooden Mallets for Singing Bowls - Long Firm-Standard, White	Wooden Mallets for Singing Bowls	MI-SB-M-R-Wd-4.5	1.0000	518.3036	6978	43384
44879	2025-03-04	wc-completed	Dotted Singing Bowl - 4 inch	Dotted Singing Bowl	MI-SB-H-4	1.0000	1321.8750	6892	6901
44880	2025-03-05	wc-completed	7 Chakras Gold - Copper Bottle	7 Chakras Gold - Copper Bottle		1.0000	743.3036	5675	5784
44881	2025-03-06	wc-completed	Ishana/Black-Gold Bowl - 7 in	Ishana/Black-Gold Bowl	Mi-SB-H-I-B-G-7	1.0000	7455.3571	9949	9951
44887	2025-03-07	wc-completed	32 Rods - Bar Chime	25 Rods - Bar Chime	MI-BCH-32	2.0000	8923.7288	42389	0
44887	2025-03-07	wc-completed	Swinging Chimes - 9 Bars	Swinging Chimes	MI-SC-9	1.0000	8250.0000	10345	10347
44887	2025-03-07	wc-completed	Neem Wood Combs - Long Comb	Neem Wood Combs	NWC-S	1.0000	132.5893	5038	5597
44889	2025-03-08	wc-completed	Handcrafted Set of 7 Bowls for Sound Therapy - Standard Set, Full Moon	Handcrafted Set of 7 Bowls for Sound Therapy	MI-SB-7C Set-S-FM	1.0000	50446.4286	7887	9195
44890	2025-03-08	wc-completed	Yoga Bolster made from Organic Cotton - Rose	Round Yoga Bolster	Yo-BR-R-RE	1.0000	1029.6610	6689	6694
44891	2025-03-08	wc-completed	Singing Bowls Silk Ring Cushion Accessories - 14 cms, Brown	Singing Bowls Silk Ring Cushion Accessories	MI-SB-C-Bn-14	1.0000	263.3929	6988	7784
44892	2025-03-08	wc-completed	Pangi Seed Shell Rattle	Pangi Seed Shell Rattle	MI-PS	1.0000	1566.9643	7356	0
44893	2025-03-08	wc-completed	Hi-Zafu Meditation Cushion filled with Buckwheat Hulls - Rose	Hi-Zafu Meditation Cushion - Filled with Buckwheat	Me-C-HZ-R	1.0000	903.8136	6755	9657
44895	2025-03-09	wc-completed	Yoga Blanket made from Organic Cotton - Magenta	Yoga Blanket made from Organic Cotton	Yo-BT-C-MG	1.0000	1195.7143	6668	6686
44896	2025-03-09	wc-completed	Singing Bowls with Sacred Mantra Printed - Gold, 5.5 Inches	Singing Bowls with Sacred Mantra Printed	MI-SB-P-W-5.5	1.0000	1603.1250	6807	7290
44897	2025-03-09	wc-completed	Coconut Maracas Shakers - Painted - Abstract			1.0000	1058.0357	7377	7380
44898	2025-03-09	wc-completed	Wooden Tambourine-Circular			1.0000	1026.7857	7334	0
44888	2025-03-07	wc-completed	7 Chakras Copper Water Bottles with Handle	7 Chakras Copper Water Bottles with Handle	CB-7CV-B-1	1.0000	1080.8036	44503	44510
44900	2025-03-10	wc-completed	Copper Bottle Gift Set - 7 Chakra - Vintage	Copper Bottle Gift Set - 7 Chakra		1.0000	1562.5000	6638	6648
44921	2025-03-11	wc-completed	Etched Handmade Singing Bowls - Tara, 8 in	Etched Handmade Singing Bowls	MI-SB-H-ET-T-8	1.0000	11651.7857	9795	9917
44921	2025-03-11	wc-completed	Wooden Mallets for Singing Bowls - Long Firm-Standard, White	Wooden Mallets for Singing Bowls	MI-SB-M-R-Wd-4.5	1.0000	518.3036	6978	43384
44923	2025-03-12	wc-completed	Yoga Bolster made from Organic Cotton - Rose	Round Yoga Bolster	Yo-BR-R-RE	1.0000	1144.0678	6689	6694
44924	2025-03-12	wc-completed	Singing Bowl with Mantra - Rustic Blue Colour - 7 Inches	Singing Bowl with Mantra - Rustic Blue Colour	MI-SB-RB-7	1.0000	1558.0357	6861	7287
44925	2025-03-12	wc-completed	Swinging Chimes - 6 Bars	Swinging Chimes	MI-SC-6	1.0000	6895.0000	10345	10346
44928	2025-03-12	wc-completed	Wooden Mallets for Singing Bowls - Straight, Red	Wooden Mallets for Singing Bowls	MI-SB-M-R-S	2.0000	357.1429	6978	43369
44928	2025-03-12	wc-completed	Wooden Mallets for Singing Bowls - Straight, Black	Wooden Mallets for Singing Bowls	MI-SB-M-B-S	2.0000	357.1429	6978	43382
44928	2025-03-12	wc-completed	Wooden Mallets for Singing Bowls - Thick Wide, Red	Wooden Mallets for Singing Bowls	MI-SB-M-R-Wd-4.5	2.0000	508.9286	6978	43379
44928	2025-03-12	wc-completed	"Wooden Mallets for Singing Bowls - Long Soft-11"", Red"	Wooden Mallets for Singing Bowls	MI-SB-M-L-R-11	1.0000	575.8929	6978	43375
44928	2025-03-12	wc-completed	"Wooden Mallets for Singing Bowls - Long Soft-11"", White"	Wooden Mallets for Singing Bowls	MI-SB-M-L-W-11	1.0000	620.5357	6978	43371
44928	2025-03-12	wc-completed	Wooden Mallets for Singing Bowls - Long Firm-Small, Red	Wooden Mallets for Singing Bowls	MI-SB-M-R-Wd-4.5	1.0000	486.6071	6978	43368
44928	2025-03-12	wc-completed	Wooden Mallets for Singing Bowls - Long Firm-Standard, White	Wooden Mallets for Singing Bowls	MI-SB-M-R-Wd-4.5	1.0000	575.8929	6978	43384
44929	2025-03-13	wc-completed	Copper Bottle Gift Set - 7 Chakra - Vintage	Copper Bottle Gift Set - 7 Chakra		1.0000	1562.5000	6638	6648
44930	2025-03-13	wc-completed	Singing Bowls with Sacred Mantra Printed - Gold, 5.5 Inches	Singing Bowls with Sacred Mantra Printed	MI-SB-P-W-5.5	1.0000	1781.2500	6807	7290
44955	2025-03-14	wc-completed	Swinging Chimes - 9 Bars	Swinging Chimes	MI-SC-9	1.0000	123.0000	10345	10347
44956	2025-03-15	wc-completed	Thunder Tube	Thunder Tube - Basic Edition	MI-TT-20	1.0000	1201.3393	7317	0
44958	2025-03-15	wc-completed	Ocean Drums - Plain, 30 cms	Ocean Drums	MI-OD-P-30	1.0000	1868.6441	9529	9532
44959	2025-03-15	wc-completed	Eye Shaped Natural Lavender Scented Eye Pillows - Navy Blue	Eye Shaped Natural Lavender Scented Eye Pillows	Yo-P-E-NB-1	1.0000	301.2712	9220	9223
44960	2025-03-16	wc-completed	Jala Neti Pot - Ceramic 185 ml - White	Jala Neti Pot - Ceramic 185 ml	NP-W-185	1.0000	186.8644	5769	5826
44961	2025-03-16	wc-completed	Tingsha Bell - Dark, Standard	Tingsha Bell		1.0000	1602.6786	5763	44935
44961	2025-03-16	wc-completed	Full Moon Singing Bowls - 5 Inches	Full Moon Singing Bowls - All Sizes	MI-SB-H-FM-5	1.0000	5580.3571	7607	7608
44962	2025-03-17	wc-completed	Swinging Chimes - 9 Bars	Swinging Chimes	MI-SC-9	1.0000	8250.0000	10345	10347
44963	2025-03-17	wc-completed	Singing Bowls Silk Ring Cushion Accessories - 10 cms, Black	Singing Bowls Silk Ring Cushion Accessories	MI-SB-C-BK-10	1.0000	152.6786	6988	44193
44964	2025-03-18	wc-completed	Eye Shaped Natural Lavender Scented Eye Pillows - Beige	Eye Shaped Natural Lavender Scented Eye Pillows		2.0000	669.4915	9220	44614
44964	2025-03-18	wc-completed	Yoga Blanket made from Organic Cotton - Brown	Yoga Blanket made from Organic Cotton	Yo-BT-C-BW	2.0000	2657.1429	6668	6687
44964	2025-03-18	wc-completed	Eye Shaped Natural Lavender Scented Eye Pillows - Rose	Eye Shaped Natural Lavender Scented Eye Pillows	Yo-P-E-RE-1	1.0000	334.7458	9220	9221
44967	2025-03-18	wc-completed	Ocean Drums - Plain, 40 cms	Ocean Drums	MI-OD-P-40	1.0000	2478.8136	9529	9534
44971	2025-03-18	wc-completed	Singing Bowl with Mantra - Rustic Blue Colour - 7 Inches	Singing Bowl with Mantra - Rustic Blue Colour	MI-SB-RB-7	1.0000	1402.2321	6861	7287
44973	2025-03-19	wc-completed	Copper Tongue Cleaner - Pack of 2, Straight	Copper Tongue Cleaner	TC-R-1	1.0000	202.1186	5042	7810
44973	2025-03-19	wc-completed	Curved Copper Bottles	Curved Copper Bottles		1.0000	883.1250	5489	43499
44987	2025-03-19	wc-completed	Copper Bottle Gift Set - 7 Chakra - Vintage	Copper Bottle Gift Set - 7 Chakra		1.0000	1406.2500	6638	6648
45000	2025-03-19	wc-completed	11 Note Tongue Drum - Blue, 12 inches	11 Note Tongue Drum		1.0000	7065.0000	42373	42415
45000	2025-03-19	wc-completed	11 Note Tongue Drum - White, 12 inches	11 Note Tongue Drum		1.0000	7065.0000	42373	42411
45002	2025-03-20	wc-completed	Yoga Bolster made from Organic Cotton - Navy Blue	Round Yoga Bolster	Yo-BR-R-NB	1.0000	1144.0678	6689	6693
45063	2025-03-20	wc-completed	Jala Neti Pot - Ceramic 185 ml - White	Jala Neti Pot - Ceramic 185 ml	NP-W-185	1.0000	186.8644	5769	5826
45065	2025-03-21	wc-completed	Musical Wooden Frog - Large	Musical Wooden Frog	MI-WF	2.0000	2049.1071	7456	44633
45065	2025-03-21	wc-completed	Full Moon Singing Bowls - 8 Inches	Full Moon Singing Bowls - All Sizes	MI-SB-H-FM-8	1.0000	7171.8750	7607	7611
45072	2025-03-22	wc-completed	Swinging Chimes - 6 Bars	Swinging Chimes	MI-SC-6	1.0000	6895.0000	10345	10346
45073	2025-03-23	wc-completed	Curved Hammered Copper Bottles	Curved Hammered Copper Bottles		1.0000	883.1250	5495	5945
45075	2025-03-23	wc-completed	7 Chakras Copper Water Bottles	7 Chakras Copper Water Bottles	CB-7CP	1.0000	1000.4464	6080	43437
45076	2025-03-23	wc-completed	Wooden Tambourine-Circular			1.0000	1026.7857	7334	0
45077	2025-03-23	wc-completed	Yoga Blanket made from Organic Cotton - Magenta	Yoga Blanket made from Organic Cotton	Yo-BT-C-MG	2.0000	2657.1429	6668	6686
45078	2025-03-23	wc-completed	Dotted Singing Bowl - 4 inch	Dotted Singing Bowl	MI-SB-H-4	1.0000	1321.8750	6892	6901
45079	2025-03-23	wc-completed	Thunder Tube	Thunder Tube - Basic Edition	MI-TT-20	1.0000	1334.8214	7317	0
45080	2025-03-23	wc-completed	Wooden Tambourine-Circular			1.0000	1026.7857	7334	0
45081	2025-03-23	wc-completed	Thunder Tube	Thunder Tube - Basic Edition	MI-TT-20	1.0000	1201.3393	7317	0
45082	2025-03-24	wc-completed	Singing Bowls Silk Ring Cushion Accessories - 22 cms, Pink	Singing Bowls Silk Ring Cushion Accessories	MI-SB-C-PK-22	1.0000	531.2500	6988	44173
45082	2025-03-24	wc-completed	Singing Bowls Silk Ring Cushion Accessories - 18 cms, Pink	Singing Bowls Silk Ring Cushion Accessories	MI-SB-C-PK-18	1.0000	308.0357	6988	9025
45082	2025-03-24	wc-completed	Singing Bowls Silk Ring Cushion Accessories - 14 cms, Navy Blue	Singing Bowls Silk Ring Cushion Accessories	MI-SB-C-NB-14	1.0000	263.3929	6988	7781
45082	2025-03-24	wc-completed	Singing Bowls Silk Ring Cushion Accessories - 16 cms, Brown	Singing Bowls Silk Ring Cushion Accessories	MI-SB-C-Bn-16	1.0000	290.1786	6988	7791
45082	2025-03-24	wc-completed	Singing Bowls Silk Ring Cushion Accessories - 20 cms, Orange	Singing Bowls Silk Ring Cushion Accessories	MI-SB-C-O-20	1.0000	441.9643	6988	44178
45105	2025-03-25	wc-completed	Ocean Drums - Plain, 30 cms	Ocean Drums	MI-OD-P-30	1.0000	1868.6441	9529	9532
45132	2025-03-25	wc-completed	Ocean Drums - Plain, 30 cms	Ocean Drums	MI-OD-P-30	1.0000	1868.6441	9529	9532
45132	2025-03-25	wc-completed	Kenari Seed Shell Shakers - Small	Kenari Seed Shell Shakers	MI-KR-S-S	1.0000	1084.8214	7472	7510
45169	2025-03-25	wc-completed	7 Chakras Copper Water Bottles	7 Chakras Copper Water Bottles	CB-7CP-B	1.0000	1200.8929	6080	43436
45170	2025-03-25	wc-completed	7 Chakras Copper Water Bottles	7 Chakras Copper Water Bottles	CB-7CV-B	1.0000	1080.8036	6080	43440
45171	2025-03-25	wc-completed	Dotted Singing Bowl - 4 inch	Dotted Singing Bowl	MI-SB-H-4	1.0000	1321.8750	6892	6901
45172	2025-03-26	wc-completed	7 Chakras Copper Water Bottles	7 Chakras Copper Water Bottles	CB-7CP-B	1.0000	1080.8036	6080	43436
45172	2025-03-26	wc-completed	7 Chakras Copper Water Bottles with Handle	7 Chakras Copper Water Bottles with Handle	CB-7CV-B-1	1.0000	1080.8036	44503	44510
45174	2025-03-28	wc-completed	Happiness Copper Bottle	Happiness is Inside		1.0000	1080.8036	5459	5634
45176	2025-03-28	wc-completed	Eco-Friendly Neem Wood Toothbrush - Pack of 2	Eco-Friendly Neem Wood Toothbrush	NTB-2	1.0000	171.6102	5037	5604
45176	2025-03-28	wc-completed	Tingsha Bell - Golden, Small	Tingsha Bell		1.0000	1325.8929	5763	44932
45200	2025-03-28	wc-completed	7 Chakras Copper Water Bottles with Handle	7 Chakras Copper Water Bottles with Handle	CB-7CV-1	1.0000	1000.4464	44503	44511
45202	2025-03-29	wc-completed	Ocean Drums - Plain, 30 cms	Ocean Drums	MI-OD-P-30	1.0000	1868.6441	9529	9532
45202	2025-03-29	wc-completed	Coconut Maracas Shaker	Coconut Maracas Shakers	MI-CM	1.0000	795.5357	7370	0
45203	2025-03-29	wc-completed	Kenari Bracelet	Kenari Bracelet	MI-KR-BT	1.0000	1084.8214	42323	0
45203	2025-03-29	wc-completed	Ocean Drums - Plain, 25 cms	Ocean Drums		1.0000	1639.8305	9529	9531
45203	2025-03-29	wc-completed	Singing Bowls Silk Ring Cushion Accessories - 10 cms, Green	Singing Bowls Silk Ring Cushion Accessories	MI-SB-C-G-10	1.0000	196.8750	6988	7765
45203	2025-03-29	wc-completed	Singing Bowls Silk Ring Cushion Accessories - 12 cms, Yellow	Singing Bowls Silk Ring Cushion Accessories	MI-SB-C-Y-12	1.0000	176.7857	6988	44187
45203	2025-03-29	wc-completed	Singing Bowls Silk Ring Cushion Accessories - 14 cms, Black	Singing Bowls Silk Ring Cushion Accessories	MI-SB-C-BK-14	1.0000	237.0536	6988	44195
45203	2025-03-29	wc-completed	Painted Egg Shakers - Red Dotted	Painted Egg Shakers	MI-ES-P-R	1.0000	743.3036	7404	7414
45204	2025-03-29	wc-completed	Shamanic Drum - Butterfly, 40 cms	Shamanic Drum	MI-SD-B-40	1.0000	4233.0508	7293	9592
45205	2025-03-30	wc-completed	Rectangular Yoga Bolster made from Organic Cotton - Sage	Rectangular Yoga Bolster	Yo-BR-RE-SE	1.0000	953.3898	9675	9678
45207	2025-03-31	wc-completed	7 Chakras Mystical Incense Sticks Set - 7 Chakra Set with Stand	7 Chakras Mystical Incense Sticks Set	IS-7C-S	1.0000	538.0952	7687	43292
45207	2025-03-31	wc-completed	Ocean Drums - Plain, 40 cms	Ocean Drums	MI-OD-P-40	1.0000	2754.2373	9529	9534
45207	2025-03-31	wc-completed	Painted Egg Shakers - Red Dotted	Painted Egg Shakers	MI-ES-P-R	1.0000	825.8929	7404	7414
45207	2025-03-31	wc-completed	Eye Shaped Natural Lavender Scented Eye Pillows - Rose	Eye Shaped Natural Lavender Scented Eye Pillows	Yo-P-E-RE-1	1.0000	334.7458	9220	9221
45215	2025-03-31	wc-completed	Thunder Tube	Thunder Tube - Basic Edition	MI-TT-20	1.0000	1334.8214	7317	0
45216	2025-03-31	wc-completed	Bamboo Castanet	Bamboo Castanet	MI-CN-B	1.0000	665.1786	7329	0
45228	2025-04-01	wc-completed	Ocean Drums - Dream Catcher, 30 cms	Ocean Drums	MI-OD-D-30	1.0000	2161.0169	9529	9536
45228	2025-04-01	wc-completed	Mini Bamboo and Aluminium Bar Chime	Mini Bamboo and Aluminium Bar Chime	MI-BCH-S-10	1.0000	805.0847	7450	0
45235	2025-04-01	wc-completed	Yoga Bolster made from Organic Cotton - Sage	Round Yoga Bolster	Yo-BR-R-SE	1.0000	1144.0678	6689	6692
45262	2025-04-03	wc-completed	Hanging Bowls/Zen Drops - Set of 3	Hanging Bowls/Zen Drops		1.0000	5044.6429	45113	45118
45262	2025-04-03	wc-completed	Mini Bamboo and Aluminium Bar Chime	Mini Bamboo and Aluminium Bar Chime	MI-BCH-S-10	1.0000	805.0847	7450	0
45263	2025-04-03	wc-completed	Spiral/Snake Didgeridoo - Green	Spiral/Snake Didgeridoo	MI-DG-SP-G	1.0000	5937.5000	7324	7519
45265	2025-04-04	wc-completed	Hanging Bowls/Zen Drops - Set of 3	Hanging Bowls/Zen Drops		1.0000	5044.6429	45113	45118
45265	2025-04-04	wc-completed	Koshi Chimes	Elemental Chimes	MI-Ch-KS	1.0000	3007.8125	45194	0
45266	2025-04-04	wc-completed	7 Chakras Copper Water Bottles with Handle	7 Chakras Copper Water Bottles with Handle	CB-7CV-1	1.0000	1000.4464	44503	44511
45282	2025-04-04	wc-completed	Ocean Drums - Dream Catcher, 30 cms	Ocean Drums	MI-OD-D-30	1.0000	1944.9153	9529	9536
45284	2025-04-05	wc-completed	Thunder Tube	Thunder Tube - Basic Edition	MI-TT-20	1.0000	1201.3393	7317	0
45285	2025-04-05	wc-completed	Ocean Drums - Dream Catcher, 30 cms	Ocean Drums	MI-OD-D-30	1.0000	1944.9153	9529	9536
45287	2025-04-06	wc-completed	Jala Neti Pot - Ceramic 185 ml - Blue	Jala Neti Pot - Ceramic 185 ml	NP-B-185	1.0000	207.6271	5769	6918
45287	2025-04-06	wc-completed	Jala Neti Pot - Ceramic 185 ml - Mint Green	Jala Neti Pot - Ceramic 185 ml	NP-MG-185	1.0000	207.6271	5769	6336
45288	2025-04-06	wc-completed	Thunder Tube	Thunder Tube - Basic Edition	MI-TT-20	1.0000	1201.3393	7317	0
45288	2025-04-06	wc-completed	Eye Shaped Natural Lavender Scented Eye Pillows - Rose	Eye Shaped Natural Lavender Scented Eye Pillows	Yo-P-E-RE-1	2.0000	602.5424	9220	9221
45302	2025-04-07	wc-completed	Handcrafted Set of 7 Bowls for Sound Therapy - Large-Octave 2, Matte	Handcrafted Set of 7 Bowls for Sound Therapy	MI-SB-7C Set-L-M	1.0000	883.0357	7887	9196
45306	2025-04-07	wc-completed	Koshi Chimes	Elemental Chimes	MI-Ch-KS	1.0000	3007.8125	45194	0
45306	2025-04-07	wc-completed	Ocean Drums - Dream Catcher, 25 cms	Ocean Drums		1.0000	1991.5254	9529	9535
45306	2025-04-07	wc-completed	Painted Egg Shakers - Artistically Designed	Painted Egg Shakers	MI-ES-P-A	2.0000	1651.7857	7404	7416
45306	2025-04-07	wc-completed	Hanging Bowls/Zen Drops - Set of 3	Hanging Bowls/Zen Drops		1.0000	5044.6429	45113	45118
45306	2025-04-07	wc-completed	Teak Wood - Stainless Steel Xylophone - 8 Keys	Teak Wood - Stainless Steel Xylophone	MI-XP-W-8	1.0000	3526.7857	7443	8774
45307	2025-04-08	wc-completed	Dotted Singing Bowl - 5.5 inch	Dotted Singing Bowl	MI-SB-H-5.5	1.0000	1723.6607	6892	6902
45307	2025-04-08	wc-completed	Dotted Singing Bowl - 4 inch	Dotted Singing Bowl	MI-SB-H-4	1.0000	1321.8750	6892	6901
45310	2025-04-08	wc-completed	Musical Wooden Frog - Large	Musical Wooden Frog	MI-WF	1.0000	1205.3571	7456	44633
45314	2025-04-08	wc-completed	"Wooden Mallets for Singing Bowls - Long Soft-13"", Red"	Wooden Mallets for Singing Bowls	MI-SB-M-L-R-13	1.0000	683.0357	6978	43374
45315	2025-04-08	wc-completed	Musical Wooden Frog - Large	Musical Wooden Frog	MI-WF	1.0000	1084.8214	7456	44633
45317	2025-04-09	wc-completed	7 Chakras Gold - Copper Bottle	7 Chakras Gold - Copper Bottle		1.0000	888.3929	5675	5785
45318	2025-04-09	wc-completed	Handmade Universal Bowl for Sound Healing	Handmade Universal Bowl for Sound Healing	MI-SB-HM-UN	1.0000	6830.3571	8143	0
45319	2025-04-09	wc-completed	Antique finish Handmade Singing Bowls - 10 in	Antique finish Handmade Singing Bowls	MI-SB-H-AE-10	1.0000	10620.5357	9964	9974
45319	2025-04-09	wc-completed	Wooden Mallets for Singing Bowls - Thick Wide, Red	Wooden Mallets for Singing Bowls	MI-SB-M-R-Wd-4.5	1.0000	254.4643	6978	43379
45319	2025-04-09	wc-completed	Copper Bottle Gift Set - 7 Chakra - Gold	Copper Bottle Gift Set - 7 Chakra		1.0000	1562.5000	6638	6647
45319	2025-04-09	wc-completed	Singing Bowl Bags - Large	Singing Bowl Bags	MI-SB-Bag-L	1.0000	2533.8983	45127	45140
45319	2025-04-09	wc-completed	Eye Shaped Natural Lavender Scented Eye Pillows - Beige	Eye Shaped Natural Lavender Scented Eye Pillows		1.0000	334.7458	9220	44614
45320	2025-04-09	wc-completed	Yoga Bolster made from Organic Cotton - Navy Blue	Round Yoga Bolster	Yo-BR-R-NB	1.0000	1144.0678	6689	6693
45321	2025-04-09	wc-completed	Yoga Bolster made from Organic Cotton - Orange	Round Yoga Bolster	Yo-BR-R-O	1.0000	1029.6610	6689	7905
45322	2025-04-09	wc-completed	Dumru/Dumroo Indian Handmade Percussion Instrument - 10cms, Dark Brown	Dumru/Dumroo Indian Handmade Percussion Instrument		1.0000	278.5714	5740	6910
45338	2025-04-10	wc-completed	Dotted Singing Bowl - 5.5 inch	Dotted Singing Bowl	MI-SB-H-5.5	1.0000	1915.1786	6892	6902
45338	2025-04-10	wc-completed	Dotted Singing Bowl - 4 inch	Dotted Singing Bowl	MI-SB-H-4	1.0000	1468.7500	6892	6901
45339	2025-04-11	wc-completed	7 Chakras Copper Water Bottles	7 Chakras Copper Water Bottles	CB-7CV-B	1.0000	1200.8929	6080	43440
45346	2025-04-12	wc-completed	Jala Neti Pot - Ceramic 185 ml - Mint Green	Jala Neti Pot - Ceramic 185 ml	NP-MG-185	1.0000	207.6271	5769	6336
45346	2025-04-12	wc-completed	Eye Shaped Natural Lavender Scented Eye Pillows - Rose	Eye Shaped Natural Lavender Scented Eye Pillows	Yo-P-E-RE-1	1.0000	334.7458	9220	9221
45346	2025-04-12	wc-completed	Rectangular Yoga Bolster made from Organic Cotton - Rouge	Rectangular Yoga Bolster	Yo-BR-RE-RP	1.0000	1059.3220	9675	9690
45348	2025-04-12	wc-completed	Jala Neti Pot - Ceramic 185 ml - Blue	Jala Neti Pot - Ceramic 185 ml	NP-B-185	1.0000	186.8644	5769	6918
45349	2025-04-12	wc-completed	Full Moon Singing Bowls - 7 Inches	Full Moon Singing Bowls - All Sizes	MI-SB-H-FM-7	1.0000	6709.8214	7607	7610
45349	2025-04-12	wc-completed	Ocean Drums - Plain, 40 cms	Ocean Drums	MI-OD-P-40	1.0000	2478.8136	9529	9534
45350	2025-04-12	wc-completed	Rectangular Yoga Bolster made from Organic Cotton - Rose	Rectangular Yoga Bolster	Yo-BR-RE-RE	2.0000	1906.7797	9675	9680
45350	2025-04-12	wc-completed	Yoga Blanket made from Organic Cotton - Brown	Yoga Blanket made from Organic Cotton	Yo-BT-C-BW	2.0000	2391.4286	6668	6687
45351	2025-04-13	wc-completed	Wooden Mallets for Singing Bowls - Thick Wide, Red	Wooden Mallets for Singing Bowls	MI-SB-M-R-Wd-4.5	1.0000	254.4643	6978	43379
45351	2025-04-13	wc-completed	Singing Bowls Silk Ring Cushion Accessories - 16 cms, Red	Singing Bowls Silk Ring Cushion Accessories	MI-SB-C-R-16	1.0000	290.1786	6988	7792
45352	2025-04-13	wc-completed	7 Chakras Gold - Copper Bottle	7 Chakras Gold - Copper Bottle		1.0000	1200.8929	5675	43494
45354	2025-04-14	wc-completed	Wooden Mallets for Singing Bowls - Thick Wide, Black	Wooden Mallets for Singing Bowls	MI-SB-M-R-Wd-4.5	1.0000	254.4643	6978	43378
45355	2025-04-14	wc-completed	Dotted Singing Bowl - Deep 5.5 Inch	Dotted Singing Bowl	MI-SB-D-7	1.0000	2129.4643	6892	42911
45356	2025-04-14	wc-completed	Hammered Copper Bottle - With Brush	Hammered Copper Bottle		1.0000	963.4821	5688	5914
45357	2025-04-14	wc-completed	Bamboo Castanet	Bamboo Castanet	MI-CN-B	1.0000	665.1786	7329	0
45360	2025-04-15	wc-completed	Tibetan Buddhist Bell - Standard	Tibetan Buddhist Bell	MI-BB-3	1.0000	1473.2143	6973	9199
45361	2025-04-15	wc-completed	Musical Wooden Frog - Large	Musical Wooden Frog	MI-WF	1.0000	1205.3571	7456	44633
45362	2025-04-15	wc-completed	Yoga Bolster made from Organic Cotton - Sage	Round Yoga Bolster	Yo-BR-R-SE	2.0000	2059.3220	6689	6692
45363	2025-04-16	wc-completed	Rectangular Yoga Bolster made from Organic Cotton - Dark Grey	Rectangular Yoga Bolster	Yo-BR-RE-DG	1.0000	953.3898	9675	9677
45365	2025-04-16	wc-completed	Tattvamasi Copper Bottle	Tattvamasi-I am Infinite		1.0000	1080.8036	5466	5632
45434	2025-04-17	wc-completed	Musical Wooden Frog - Large	Musical Wooden Frog	MI-WF	1.0000	1084.8214	7456	44633
45435	2025-04-17	wc-completed	Jala Neti Pot - Ceramic 185 ml - Red	Jala Neti Pot - Ceramic 185 ml	NP-R-185	1.0000	186.8644	5769	5776
45435	2025-04-17	wc-completed	Jala Neti Pot - Ceramic 185 ml - Mint Green	Jala Neti Pot - Ceramic 185 ml	NP-MG-185	1.0000	186.8644	5769	6336
45436	2025-04-18	wc-completed	Swinging Chimes - 6 Bars	Swinging Chimes	MI-SC-6	1.0000	6895.0000	10345	10346
45437	2025-04-18	wc-completed	Ocean Drums - Plain, 35 cms	Ocean Drums	MI-OD-P-35	1.0000	32.4153	9529	9533
45438	2025-04-19	wc-completed	Handmade Zen bowls for Grounding - 9 in	Vibroacoustic Therapy Bowls - Universal, Belly and Head	Mi-SB-Z-9	1.0000	6147.3214	8040	8045
45439	2025-04-20	wc-completed	Shamanic Drum Bags/Ocean Drum Bags - Large	Shamanic Drum Bags/Ocean Drum Bags		1.0000	1611.0000	45131	45134
45440	2025-04-20	wc-completed	Handcrafted Set of 7 Bowls for Sound Therapy - Standard-Octave 3, Full Moon	Handcrafted Set of 7 Bowls for Sound Therapy	MI-SB-7C Set-S-FM	1.0000	50446.4286	7887	9195
45441	2025-04-20	wc-completed	Jala Neti Pot - Ceramic 185 ml - Blue	Jala Neti Pot - Ceramic 185 ml	NP-B-185	1.0000	186.8644	5769	6918
45442	2025-04-20	wc-completed	Musical Wooden Frog - Large	Musical Wooden Frog	MI-WF	1.0000	1084.8214	7456	44633
45444	2025-04-21	wc-completed	Gong for Meditation & Sound Therapy : Tam-Tam/Chau Gong - 15 in	Tam-Tam/Chau Gong		1.0000	18080.3571	8802	8837
45444	2025-04-21	wc-completed	Gong Bags - Standard	Gong Bags		1.0000	2280.5085	45152	45153
45445	2025-04-21	wc-completed	7 Chakras Gold - Copper Bottle	7 Chakras Gold - Copper Bottle		1.0000	799.5536	5675	5785
45446	2025-04-21	wc-completed	7 Chakras Gold - Copper Bottle	7 Chakras Gold - Copper Bottle		1.0000	799.5536	5675	5785
45446	2025-04-21	wc-completed	Mini Bamboo and Aluminium Bar Chime	Mini Bamboo and Aluminium Bar Chime	MI-BCH-S-10	1.0000	724.5763	7450	0
45446	2025-04-21	wc-completed	Neem Wood Combs - Small Comb	Neem Wood Combs	NWC-P	1.0000	108.4821	5038	5598
45448	2025-04-22	wc-completed	Tibetan Buddhist Bell - Standard	Tibetan Buddhist Bell	MI-BB-3	1.0000	1473.2143	6973	9199
45453	2025-04-22	wc-completed	Singing Bowl with Mantra - Rustic Blue Colour - 7 Inches	Singing Bowl with Mantra - Rustic Blue Colour	MI-SB-RB-7	1.0000	1402.2321	6861	7287
45454	2025-04-22	wc-completed	Tingsha Bell - Dark, Standard	Tingsha Bell		1.0000	1442.4107	5763	44935
45483	2025-04-22	wc-completed	Singing Bowls with Sacred Mantra Printed - Blue, 4 Inches	Singing Bowls with Sacred Mantra Printed	MI-SB-P-B-4	1.0000	1379.4643	6807	6825
45484	2025-04-23	wc-completed	Singing Bowl with Mantra - Rustic Blue Colour - 7 Inches	Singing Bowl with Mantra - Rustic Blue Colour	MI-SB-RB-7	1.0000	1402.2321	6861	7287
45520	2025-04-24	wc-completed	Shamanic Drum - Plain, 40 cms	Shamanic Drum	MI-SD-P-40	1.0000	4449.1525	7293	9589
45521	2025-04-24	wc-completed	Hanging Bowls/Zen Drops - Set of 3	Hanging Bowls/Zen Drops		1.0000	5044.6429	45113	45118
45523	2025-04-24	wc-completed	Zabuton Cushion for Meditation - Navy Blue	Zabuton Cushion for Meditation	Me-C-Zn-NB	1.0000	1411.0169	6780	6794
45524	2025-04-24	wc-completed	Gong Stand - Dark, Large	Gong Stand		1.0000	7544.6429	45289	45299
45526	2025-04-24	wc-completed	Ocean Drums - Plain, 35 cms	Ocean Drums	MI-OD-P-35	2.0000	4661.0169	9529	9533
45526	2025-04-24	wc-completed	Ocean Drums - Dream Catcher, 25 cms	Ocean Drums		1.0000	1991.5254	9529	9535
45528	2025-04-24	wc-completed	Tibetan Buddhist Bell - Large	Tibetan Buddhist Bell	MI-BB-3.5	1.0000	1486.6071	6973	9200
45544	2025-04-25	wc-completed	The Three Bowl Set - Root, Heart and Third Eye	The Three Bowl Set - Root, Heart and Third Eye		1.0000	19687.5000	45327	0
45574	2025-04-26	wc-completed	Kenari Chimes	Kenari Chimes - Small & Large	MI-KR-CH-168	1.0000	3977.6786	45197	0
45575	2025-04-28	wc-completed	Dotted Singing Bowl - 5.5 inch	Dotted Singing Bowl	MI-SB-H-5.5	1.0000	1723.6607	6892	6902
45577	2025-04-28	wc-completed	Handmade Universal Bowl for Sound Healing	Handmade Universal Bowl for Sound Healing	MI-SB-HM-UN	1.0000	6830.3571	8143	0
45578	2025-04-28	wc-completed	Shruthi Thali/Gong Plates - C Plate	Shruthi Thali/Gong Plates		1.0000	10450.0000	45485	45492
45579	2025-04-29	wc-completed	Wooden Mallets for Singing Bowls - Long Firm-Standard, Red	Wooden Mallets for Singing Bowls	MI-SB-M-R-Wd-4.5	1.0000	518.3036	6978	43367
45579	2025-04-29	wc-completed	Singing Bowl Bags - Large	Singing Bowl Bags	MI-SB-Bag-L	1.0000	2280.5085	45127	45140
45583	2025-04-29	wc-completed	Singing Bowl Bags - Large	Singing Bowl Bags	MI-SB-Bag-L	1.0000	2533.8983	45127	45140
45584	2025-04-29	wc-completed	Kenari Chimes	Kenari Chimes - Small & Large	MI-KR-CH-168	1.0000	3977.6786	45197	0
45584	2025-04-29	wc-completed	Musical Wooden Frog - Large	Musical Wooden Frog	MI-WF	1.0000	1084.8214	7456	44633
45585	2025-04-29	wc-completed	Zen Meditation Bench - Medium	Zen Meditation Bench	ME-Cu	1.0000	2631.3559	9763	45268
45586	2025-04-29	wc-completed	Spiral/Snake Didgeridoo - Green	Spiral/Snake Didgeridoo	MI-DG-SP-G	1.0000	5343.7500	7324	7519
45591	2025-04-29	wc-completed	Tibetan Buddhist Bell - Large	Tibetan Buddhist Bell	MI-BB-3.5	1.0000	1486.6071	6973	9200
45591	2025-04-29	wc-completed	Hanging Bowls/Zen Drops - Set of 3	Hanging Bowls/Zen Drops		1.0000	4540.1786	45113	45118
45592	2025-04-29	wc-completed	Antique finish Handmade Singing Bowls - 7 in	Antique finish Handmade Singing Bowls	MI-SB-H-AE-7	1.0000	6709.8214	9964	9971
45593	2025-04-30	wc-completed	Jala Neti Pot - Ceramic 185 ml - Red	Jala Neti Pot - Ceramic 185 ml	NP-R-185	1.0000	207.6271	5769	5776
45595	2025-04-30	wc-completed	Dotted Singing Bowl - 4 inch	Dotted Singing Bowl	MI-SB-H-4	1.0000	1321.8750	6892	6901
45596	2025-04-30	wc-completed	7 Chakras Gold - Copper Bottle	7 Chakras Gold - Copper Bottle		1.0000	1080.8036	5675	43494
45597	2025-04-30	wc-completed	Wooden Tambourine-Half moon	Wooden Tambourines	MI-T-HM	1.0000	1116.0714	7478	0
45597	2025-04-30	wc-completed	Kenari Seed Shell Shakers - Small	Kenari Seed Shell Shakers	MI-KR-S-S	1.0000	1205.3571	7472	7510
45597	2025-04-30	wc-completed	Natural Cotton Yoga Mats - Superior Grip - 7 Chakras	7 Chakras Superior Grip Yoga Mats	Yo-M-C-HG-Y-MC-B	1.0000	2025.4237	42674	42717
45597	2025-04-30	wc-completed	Kenari Bracelet	Kenari Bracelet	MI-KR-BT	1.0000	1205.3571	42323	0
45597	2025-04-30	wc-completed	Coconut Maracas Shakers - Plain	Coconut Maracas Shakers	MI-CM	1.0000	883.9286	7370	45394
45597	2025-04-30	wc-completed	Mini Coconut Shaker - Round shape			1.0000	575.8929	5725	0
45598	2025-04-30	wc-completed	Etched Handmade Singing Bowls - Om, 6 in	Etched Handmade Singing Bowls	MI-SB-H-ET-O-C-6	1.0000	6830.3571	9795	9873
45599	2025-05-01	wc-completed	Mini Bamboo and Aluminium Bar Chime	Mini Bamboo and Aluminium Bar Chime	MI-BCH-S-10	1.0000	805.0847	7450	0
45604	2025-05-01	wc-completed	Ocean Drums - Plain, 40 cms	Ocean Drums	MI-OD-P-40	1.0000	2478.8136	9529	9534
45606	2025-05-01	wc-completed	Kenari Chimes	Kenari Chimes - Small & Large	MI-KR-CH-168	1.0000	4419.6429	45197	0
45615	2025-05-01	wc-completed	The Four Bowl Set - Root, Heart, Third Eye and Universal	The Four Bowl Set - Root, Heart, Third Eye and Universal		1.0000	24508.9286	45334	0
45615	2025-05-01	wc-completed	Hanging Bowls/Zen Drops - Set of 3	Hanging Bowls/Zen Drops		1.0000	4540.1786	45113	45118
45616	2025-05-01	wc-completed	Ocean Drums - Plain, 35 cms	Ocean Drums	MI-OD-P-35	1.0000	2097.4576	9529	9533
45617	2025-05-01	wc-completed	Singing Bowl Bags - Standard	Singing Bowl Bags	MI-SB-Bag-M	1.0000	2110.1695	45127	45139
45618	2025-05-01	wc-completed	Dotted Singing Bowl - 5.5 inch	Dotted Singing Bowl	MI-SB-H-5.5	1.0000	1723.6607	6892	6902
45619	2025-05-02	wc-completed	7 Chakras Copper Water Bottles	7 Chakras Copper Water Bottles	CB-7CV-B-.5	1.0000	799.5536	6080	43438
45621	2025-05-02	wc-completed	Kenari Chimes	Kenari Chimes - Small & Large	MI-KR-CH-168	1.0000	3977.6786	45197	0
45621	2025-05-02	wc-completed	Djembe Drums - Ivory, 10in	Djembe Drums		1.0000	5661.0000	44969	45040
45621	2025-05-02	wc-completed	Kenari Bracelet	Kenari Bracelet	MI-KR-BT	1.0000	1084.8214	42323	0
45621	2025-05-02	wc-completed	Shamanic Drum Bags/Ocean Drum Bags - Large	Shamanic Drum Bags/Ocean Drum Bags		1.0000	1611.0000	45131	45134
45622	2025-05-02	wc-completed	Shruti Box - 3 Octaves	Shruti Box		1.0000	12141.0000	44970	45005
45623	2025-05-02	wc-completed	Ocean Drums - Plain, 35 cms	Ocean Drums	MI-OD-P-35	1.0000	2097.4576	9529	9533
45624	2025-05-02	wc-completed	Shamanic Drum Bags/Ocean Drum Bags - Standard	Shamanic Drum Bags/Ocean Drum Bags		1.0000	1390.0000	45131	45133
45625	2025-05-03	wc-completed	Egg Shaker with Handle	Egg Shaker with Handle	MI-ES-H	1.0000	799.1071	7396	0
45626	2025-05-03	wc-completed	Etched Flat/Wind/Tibetan Gong for Meditation & Sound Therapy - 7 Chakras, 14 in	Etched Wind Gong	MI-G-ET-7C-14	1.0000	10004.4643	8846	10293
45626	2025-05-03	wc-completed	Crystal Bowls - 6 in	Crystal Bowls	MI-CB-W-6	1.0000	7584.7458	9777	9778
45627	2025-05-03	wc-completed	Shamanic Drum - Plain, 40 cms	Shamanic Drum	MI-SD-P-40	1.0000	4449.1525	7293	9589
45628	2025-05-03	wc-completed	Musical Wooden Frog - Standard	Musical Wooden Frog	MI-WF	1.0000	763.3929	7456	44632
45628	2025-05-03	wc-completed	Shruti Box - 1 Octave	Shruti Box		1.0000	8955.0000	44970	45003
45628	2025-05-03	wc-completed	Shankh/Conch - Small	Shankh/Conch		1.0000	724.5763	45449	45450
45628	2025-05-03	wc-completed	Shankh/Conch - Medium	Shankh/Conch		1.0000	1105.9322	45449	45451
45628	2025-05-03	wc-completed	Handheld Natural Coconut Shaker	Handheld Natural Coconut Shaker	MI-CS-H	1.0000	759.3750	5713	0
45628	2025-05-03	wc-completed	Mini Coconut Shakers - 3 Types - All 3	Mini Coconut Shakers - 3 Types	CO-MI-CS-SRE	1.0000	1201.3393	6062	10128
45630	2025-05-04	wc-completed	Jala Neti Pot - Ceramic 185 ml - Mint Green	Jala Neti Pot - Ceramic 185 ml	NP-MG-185	1.0000	207.6271	5769	6336
45631	2025-05-04	wc-completed	Pangi Seed Shell Rattle	Pangi Seed Shell Rattle	MI-PS	1.0000	1919.6429	7356	0
45632	2025-05-04	wc-completed	Tingsha Bell - Golden, Standard	Tingsha Bell		1.0000	1442.4107	5763	44933
45633	2025-05-04	wc-completed	Ocean Drums - Plain, 35 cms	Ocean Drums	MI-OD-P-35	1.0000	2097.4576	9529	9533
45634	2025-05-04	wc-completed	7 Chakras Gold - Copper Bottle	7 Chakras Gold - Copper Bottle		1.0000	1000.4464	5675	43493
45635	2025-05-04	wc-completed	Dotted Singing Bowl - Deep 5.5 Inch	Dotted Singing Bowl	MI-SB-D-7	1.0000	2129.4643	6892	42911
45650	2025-05-05	wc-completed	Hanging Bowls/Zen Drops - Set of 3	Hanging Bowls/Zen Drops		1.0000	4540.1786	45113	45118
45651	2025-05-05	wc-completed	Wooden Mallets for Singing Bowls - Long Firm-Standard, White	Wooden Mallets for Singing Bowls	MI-SB-M-R-Wd-4.5	1.0000	518.3036	6978	43384
45651	2025-05-05	wc-completed	Coconut Rattle	Coconut Rattle	MI-CR	1.0000	839.7321	5730	0
45651	2025-05-05	wc-completed	Tingsha Bell - Golden, Standard	Tingsha Bell		1.0000	1442.4107	5763	44933
45653	2025-05-05	wc-completed	Ocean Drums - Plain, 30 cms	Ocean Drums	MI-OD-P-30	1.0000	1868.6441	9529	9532
45653	2025-05-05	wc-completed	Natural Lavender Scented Eye Pillows - Sage	Natural Lavender Scented Eye Pillows	Yo-P-E-SE	1.0000	301.2712	6519	6529
45653	2025-05-05	wc-completed	Kenari Seed Shell Shakers - Small	Kenari Seed Shell Shakers	MI-KR-S-S	1.0000	1084.8214	7472	7510
45667	2025-05-05	wc-completed	Tibetan Buddhist Bell - Large	Tibetan Buddhist Bell	MI-BB-3.5	1.0000	1651.7857	6973	9200
45677	2025-05-06	wc-completed	Wooden Maracas Shakers | Plain & Dot Painted - Dot Painted	Wooden Maracas Shakers | Plain & Dot Painted	MI-WM	2.0000	1679.4643	7542	44154
45680	2025-05-06	wc-completed	Copper Tongue Cleaner - Pack of 1, Straight	Copper Tongue Cleaner	TC-R-1	1.0000	125.8475	5042	7808
45687	2025-05-07	wc-completed	Koshi Chimes	Elemental Chimes	MI-Ch-KS	1.0000	3007.8125	45194	0
45688	2025-05-07	wc-completed	Shamanic Drum - Butterfly, 45 cms	Shamanic Drum	MI-SD-B-45	1.0000	4766.9492	7293	9593
45688	2025-05-07	wc-completed	Shamanic Drum Bags/Ocean Drum Bags - Large	Shamanic Drum Bags/Ocean Drum Bags		1.0000	1611.0000	45131	45134
45689	2025-05-07	wc-completed	Gong Stand - Dark, Medium	Gong Stand		1.0000	5986.6071	45289	45298
45690	2025-05-07	wc-completed	Asalato/Aslatau or Kashaka Shaker - Pair	Asalato/Aslatau or Kashaka Shaker	MI-AS	1.0000	1968.7500	7300	9112
45691	2025-05-07	wc-completed	Asalato/Aslatau or Kashaka Shaker - Single	Asalato/Aslatau or Kashaka Shaker	MI-AS	1.0000	1080.8036	7300	9111
45691	2025-05-07	wc-completed	Pangi Seed Shell Rattle	Pangi Seed Shell Rattle	MI-PS	1.0000	1727.6786	7356	0
45691	2025-05-07	wc-completed	Tingsha Bell - Etched, Small	Tingsha Bell		1.0000	1325.8929	5763	44936
45691	2025-05-07	wc-completed	Eye Shaped Natural Lavender Scented Eye Pillows - Rose	Eye Shaped Natural Lavender Scented Eye Pillows	Yo-P-E-RE-1	1.0000	301.2712	9220	9221
45691	2025-05-07	wc-completed	Tuning Forks - Weighted, 128	Tuning Fork - Single Weighted & Unweighted	MI-TF-W-128	1.0000	1746.6102	9713	9715
45694	2025-05-07	wc-completed	Handmade Singing Bowls for Sound Therapy - 11 in, Matte	Handmade Singing Bowls - All Sizes	Mi-SB-H-M-11	1.0000	8558.0357	6884	9707
45695	2025-05-07	wc-completed	Tingsha Bell - Etched, Standard	Tingsha Bell		1.0000	1602.6786	5763	44937
45695	2025-05-07	wc-completed	7 Chakras Mystical Incense Sticks Set - 7 Chakra Set with Stand	7 Chakras Mystical Incense Sticks Set	IS-7C-S	1.0000	538.0952	7687	43292
45695	2025-05-07	wc-completed	Yoga Blanket made from Organic Cotton - Magenta	Yoga Blanket made from Organic Cotton	Yo-BT-C-MG	1.0000	1328.5714	6668	6686
45695	2025-05-07	wc-completed	Ayurvedic Copper Bedroom Jar	Ayurvedic Copper Bedroom Jar	CB-BJ	1.0000	1111.6071	6289	0
45696	2025-05-07	wc-completed	Box Tanpura	Box Tanpura		1.0000	12053.5714	45384	0
45697	2025-05-07	wc-completed	Jala Neti Pot - Ceramic 185 ml - White	Jala Neti Pot - Ceramic 185 ml	NP-W-185	1.0000	207.6271	5769	5826
45698	2025-05-07	wc-completed	Swinging Chimes - 6 Bars	Swinging Chimes	MI-SC-6	1.0000	6895.0000	10345	10346
45699	2025-05-07	wc-completed	S-Shaped Didgeridoo - Blue	S-Shaped Didgeridoo	MI-DG-S-B	1.0000	6919.6429	7307	7316
45700	2025-05-07	wc-completed	Musical Wooden Frog - Large	Musical Wooden Frog	MI-WF	1.0000	1084.8214	7456	44633
45701	2025-05-07	wc-completed	Coconut Rattle	Coconut Rattle	MI-CR	1.0000	933.0357	5730	0
45703	2025-05-08	wc-completed	7 Chakras Copper Water Bottles	7 Chakras Copper Water Bottles	CB-7CV-B	1.0000	1080.8036	6080	43440
45717	2025-05-08	wc-completed	Swinging Chimes - 9 Bars	Swinging Chimes	MI-SC-9	1.0000	8250.0000	10345	10347
45718	2025-05-08	wc-completed	The Four Bowl Set - Root, Heart, Third Eye and Universal	The Four Bowl Set - Root, Heart, Third Eye and Universal		1.0000	24508.9286	45334	0
45718	2025-05-08	wc-completed	Tingsha Bell - Golden, Standard	Tingsha Bell		1.0000	1442.4107	5763	44933
45718	2025-05-08	wc-completed	Wooden Mallets for Singing Bowls - Long Firm-Standard, White	Wooden Mallets for Singing Bowls	MI-SB-M-R-Wd-4.5	1.0000	518.3036	6978	43384
45718	2025-05-08	wc-completed	"Wooden Mallets for Singing Bowls - Long Soft-11"", White"	Wooden Mallets for Singing Bowls	MI-SB-M-L-W-11	1.0000	558.4821	6978	43371
45718	2025-05-08	wc-completed	"Wooden Mallets for Singing Bowls - Long Soft-13"", Red"	Wooden Mallets for Singing Bowls	MI-SB-M-L-R-13	1.0000	683.0357	6978	43374
45722	2025-05-09	wc-completed	Wooden Tambourines - Circular	Wooden Tambourines	MI-T-HM	1.0000	924.1071	7478	45649
45725	2025-05-09	wc-completed	7 Chakras Copper Water Bottles	7 Chakras Copper Water Bottles	CB-7CV-B	1.0000	1080.8036	6080	43440
45728	2025-05-10	wc-completed	Dumru/Dumroo Indian Handmade Percussion Instrument - 10cms, Multicolour	Dumru/Dumroo Indian Handmade Percussion Instrument		2.0000	557.1429	5740	6911
45728	2025-05-10	wc-completed	Tibetan Buddhist Bell - Small	Tibetan Buddhist Bell	MI-BB-2	2.0000	2169.6429	6973	9198
45729	2025-05-10	wc-completed	Kenari Bracelet	Kenari Bracelet	MI-KR-BT	1.0000	1084.8214	42323	0
45729	2025-05-10	wc-completed	Musical Wooden Frog - Large	Musical Wooden Frog	MI-WF	1.0000	1084.8214	7456	44633
45730	2025-05-10	wc-completed	Ocean Drums - Plain, 40 cms	Ocean Drums	MI-OD-P-40	1.0000	2478.8136	9529	9534
45731	2025-05-10	wc-completed	Jala Neti Pot - Ceramic 185 ml - White	Jala Neti Pot - Ceramic 185 ml	NP-W-185	1.0000	207.6271	5769	5826
45732	2025-05-10	wc-completed	Asalato/Aslatau or Kashaka Shaker - Pair	Asalato/Aslatau or Kashaka Shaker	MI-AS	1.0000	1968.7500	7300	9112
45733	2025-05-11	wc-completed	Asalato/Aslatau or Kashaka Shaker - Single	Asalato/Aslatau or Kashaka Shaker	MI-AS	1.0000	1200.8929	7300	9111
45734	2025-05-11	wc-completed	Shruthi Thali/Gong Plates - B Plate	Shruthi Thali/Gong Plates		1.0000	7250.0000	45485	45486
45734	2025-05-11	wc-completed	Hanging Bowls/Zen Drops - Set of 3	Hanging Bowls/Zen Drops		1.0000	5044.6429	45113	45118
45737	2025-05-11	wc-completed	Shruti Box - 3 Octaves	Shruti Box		1.0000	13490.0000	44970	45005
45738	2025-05-12	wc-completed	Wooden Mallets for Singing Bowls - Straight, Red	Wooden Mallets for Singing Bowls	MI-SB-M-R-S	1.0000	160.7143	6978	43369
45738	2025-05-12	wc-completed	Wooden Mallets for Singing Bowls - Standard Wide, Black	Wooden Mallets for Singing Bowls	MI-SB-M-R-Wd-4.5	1.0000	204.9107	6978	43380
45738	2025-05-12	wc-completed	The Head Bowl	The Head Bowl		1.0000	6826.2712	45518	0
45738	2025-05-12	wc-completed	Crystal Bowls - 8 in	Crystal Bowls	MI-CB-W-8	1.0000	8855.9322	9777	9780
45738	2025-05-12	wc-completed	Shamanic Drum - Butterfly, 45 cms	Shamanic Drum	MI-SD-B-45	1.0000	4766.9492	7293	9593
45738	2025-05-12	wc-completed	Wooden Mallets for Singing Bowls - Thick Wide, Red	Wooden Mallets for Singing Bowls	MI-SB-M-R-Wd-4.5	1.0000	229.0179	6978	43379
45739	2025-05-12	wc-completed	Jala Neti Pot - Ceramic 185 ml - Red	Jala Neti Pot - Ceramic 185 ml	NP-R-185	1.0000	207.6271	5769	5776
45740	2025-05-12	wc-completed	Dotted Singing Bowl - Deep 5.5 Inch	Dotted Singing Bowl	MI-SB-D-7	1.0000	2129.4643	6892	42911
45741	2025-05-12	wc-completed	7 Chakras Copper Water Bottles with Handle	7 Chakras Copper Water Bottles with Handle	CB-7CV-1	1.0000	1000.4464	44503	44511
45742	2025-05-12	wc-completed	Singing Bowls Silk Ring Cushion Accessories - 10 cms, Black	Singing Bowls Silk Ring Cushion Accessories	MI-SB-C-BK-10	1.0000	152.6786	6988	44193
45742	2025-05-12	wc-completed	Singing Bowls Silk Ring Cushion Accessories - 12 cms, Navy Blue	Singing Bowls Silk Ring Cushion Accessories	MI-SB-C-NB-12	1.0000	220.9821	6988	7774
45742	2025-05-12	wc-completed	Singing Bowls Silk Ring Cushion Accessories - 14 cms, Blue	Singing Bowls Silk Ring Cushion Accessories	MI-SB-C-B-14	1.0000	237.0536	6988	7780
45742	2025-05-12	wc-completed	Singing Bowls Silk Ring Cushion Accessories - 16 cms, Green	Singing Bowls Silk Ring Cushion Accessories	MI-SB-C-G-16	1.0000	261.1607	6988	7786
45742	2025-05-12	wc-completed	Singing Bowls Silk Ring Cushion Accessories - 18 cms, Yellow	Singing Bowls Silk Ring Cushion Accessories	MI-SB-C-Y-18	1.0000	309.3750	6988	44190
45742	2025-05-12	wc-completed	Singing Bowls Silk Ring Cushion Accessories - 20 cms, Orange	Singing Bowls Silk Ring Cushion Accessories	MI-SB-C-O-20	1.0000	397.7679	6988	44178
45742	2025-05-12	wc-completed	Singing Bowls Silk Ring Cushion Accessories - 22 cms, Red	Singing Bowls Silk Ring Cushion Accessories	MI-SB-C-R-22	1.0000	478.1250	6988	44175
45743	2025-05-12	wc-completed	Shamanic Drum - Butterfly, 45 cms	Shamanic Drum	MI-SD-B-45	1.0000	4766.9492	7293	9593
45744	2025-05-12	wc-completed	Dotted Singing Bowl - 5.5 inch	Dotted Singing Bowl	MI-SB-H-5.5	1.0000	1723.6607	6892	6902
45745	2025-05-13	wc-completed	Ocean Drums - Plain, 35 cms	Ocean Drums	MI-OD-P-35	1.0000	2097.4576	9529	9533
45746	2025-05-13	wc-completed	Shamanic Drum Bags/Ocean Drum Bags - Large	Shamanic Drum Bags/Ocean Drum Bags		1.0000	1611.0000	45131	45134
45746	2025-05-13	wc-completed	Handmade Universal Bowl for Sound Healing	Handmade Universal Bowl for Sound Healing	MI-SB-HM-UN	1.0000	6147.3214	8143	0
45746	2025-05-13	wc-completed	Singing Bowl Bags - Standard	Singing Bowl Bags	MI-SB-Bag-M	1.0000	1899.1525	45127	45139
45746	2025-05-13	wc-completed	Singing Bowl with Mantra - Rustic Blue Colour - 7 Inches	Singing Bowl with Mantra - Rustic Blue Colour	MI-SB-RB-7	1.0000	1402.2321	6861	7287
45752	2025-05-13	wc-completed	Crescent Zafu Meditation Cushion - Large, Texture 1	Crescent Zafu Meditation Cushion		1.0000	873.3051	6734	44902
45755	2025-05-13	wc-completed	7 Chakras Copper Water Bottles	7 Chakras Copper Water Bottles	CB-7CV-B	1.0000	1080.8036	6080	43440
45759	2025-05-13	wc-completed	Gong Stand - Dark, Small	Gong Stand		1.0000	5504.4643	45289	45297
45760	2025-05-13	wc-completed	Jala Neti Pot - Ceramic 185 ml - White	Jala Neti Pot - Ceramic 185 ml	NP-W-185	1.0000	207.6271	5769	5826
45762	2025-05-13	wc-completed	Shruti Box - 2 Octaves	Shruti Box		1.0000	124.2000	44970	45004
45762	2025-05-13	wc-completed	7 Chakras Superior Grip Yoga Mats	7 Chakras Superior Grip Yoga Mats	Yo-M-C-HG-T	1.0000	23.7966	42674	42753
45763	2025-05-13	wc-completed	Handmade Zen bowls for Grounding - 10 in	Vibroacoustic Therapy Bowls - Universal, Belly and Head	Mi-SB-Z-10	1.0000	7191.9643	8040	8046
45763	2025-05-13	wc-completed	"Wooden Mallets for Singing Bowls - Long Soft-9"", Red"	Wooden Mallets for Singing Bowls	MI-SB-M-L-R-9	1.0000	518.3036	6978	43376
45763	2025-05-13	wc-completed	Wooden Mallets for Singing Bowls - Standard Wide, Red	Wooden Mallets for Singing Bowls	MI-SB-M-R-Wd-4.5	1.0000	204.9107	6978	43381
45764	2025-05-13	wc-completed	Handcrafted Set of 7 Bowls for Sound Therapy - Standard-Octave 3, Chakra Etching	Handcrafted Set of 7 Bowls for Sound Therapy	MI-SB-7C Set-S-EC	1.0000	55803.5714	7887	9194
45765	2025-05-13	wc-completed	7 Chakras Copper Water Bottles with Handle	7 Chakras Copper Water Bottles with Handle	CB-7CV-B-1	1.0000	1080.8036	44503	44510
45767	2025-05-13	wc-completed	Tibetan Buddhist Bell - Large	Tibetan Buddhist Bell	MI-BB-3.5	1.0000	1486.6071	6973	9200
45767	2025-05-13	wc-completed	Tingsha Bell - Etched, Standard	Tingsha Bell		1.0000	1442.4107	5763	44937
45767	2025-05-13	wc-completed	Bird Flute	Bird Flute		1.0000	361.6071	45754	0
45768	2025-05-14	wc-completed	Coconut Rattle	Coconut Rattle	MI-CR	1.0000	839.7321	5730	0
45768	2025-05-14	wc-completed	Handheld Natural Coconut Shaker	Handheld Natural Coconut Shaker	MI-CS-H	1.0000	759.3750	5713	0
45768	2025-05-14	wc-completed	Shamanic Drum - Butterfly, 40 cms	Shamanic Drum	MI-SD-B-40	1.0000	4233.0508	7293	9592
45768	2025-05-14	wc-completed	Shamanic Drum Bags/Ocean Drum Bags - Large	Shamanic Drum Bags/Ocean Drum Bags		1.0000	1611.0000	45131	45134
45768	2025-05-14	wc-completed	Mini Coconut Shaker - Round shape			1.0000	518.3036	5725	0
45769	2025-05-14	wc-completed	Zen Meditation Bench - Large	Zen Meditation Bench	ME-Cu	1.0000	2783.8983	9763	45269
45770	2025-05-14	wc-completed	7 Chakras Mystical Incense Sticks Set - 7 Chakra Set	7 Chakras Mystical Incense Sticks Set	IS-7C	1.0000	457.1429	7687	7688
45770	2025-05-14	wc-completed	Eye Shaped Natural Lavender Scented Eye Pillows - Navy Blue	Eye Shaped Natural Lavender Scented Eye Pillows	Yo-P-E-NB-1	1.0000	334.7458	9220	9223
45770	2025-05-14	wc-completed	Hammered Copper Bottle - With Brush	Hammered Copper Bottle		1.0000	1070.5357	5688	5914
45771	2025-05-14	wc-completed	Tattvamasi-I am Infinite	Tattvamasi-I am Infinite		1.0000	1111.6071	5466	5633
45771	2025-05-14	wc-completed	11 Note Tongue Drum - Blue, 10 inches	11 Note Tongue Drum		1.0000	7350.0000	42373	42414
45771	2025-05-14	wc-completed	Shamanic Drum - Plain, 45 cms	Shamanic Drum	MI-SD-P-45	1.0000	4957.6271	7293	9590
45772	2025-05-14	wc-completed	Ocean Drums - Dream Catcher, 25 cms	Ocean Drums		1.0000	1792.3729	9529	9535
45772	2025-05-14	wc-completed	Hanging Bowls/Zen Drops - Set of 3	Hanging Bowls/Zen Drops		1.0000	4540.1786	45113	45118
45778	2025-05-14	wc-completed	Neem Wood Combs - Combo 3	Neem Wood Combs	CO-NWC-S-P-H	1.0000	4.0179	5038	5600
45779	2025-05-15	wc-completed	Bird Flute	Bird Flute		1.0000	401.7857	45754	0
45780	2025-05-15	wc-completed	7 Chakras Gold - Copper Bottle	7 Chakras Gold - Copper Bottle		1.0000	1000.4464	5675	43493
45867	2025-05-16	wc-completed	11 Note Tongue Drum - Blue, 10 inches	11 Note Tongue Drum		1.0000	7350.0000	42373	42414
45869	2025-05-16	wc-completed	Flower of Life with Sacred Symbols Singing Bowls - Green, 8 in	Flower of Life with Sacred Symbols Singing Bowls	MI-SB-RFL-G-8	1.0000	1383.9286	10035	10054
45870	2025-05-16	wc-completed	7 Chakras Copper Water Bottles	7 Chakras Copper Water Bottles	CB-7CV	1.0000	1000.4464	6080	43441
45873	2025-05-16	wc-completed	Bird Flute - Single	Bird Flute		1.0000	245.5357	45754	45871
45873	2025-05-16	wc-completed	Kenari Bracelet	Kenari Bracelet	MI-KR-BT	1.0000	1205.3571	42323	0
45875	2025-05-16	wc-completed	Tuning Forks - Weighted, 528	Tuning Fork - Single Weighted & Unweighted		1.0000	1517.7966	9713	9719
45876	2025-05-17	wc-completed	Singing Bowl Bags - Large	Singing Bowl Bags	MI-SB-Bag-L	1.0000	2280.5085	45127	45140
45877	2025-05-17	wc-completed	Coconut Rattle	Coconut Rattle	MI-CR	1.0000	14.7321	5730	0
45878	2025-05-17	wc-completed	Singing Bowls with Sacred Mantra Printed - Red, 5.5 Inches	Singing Bowls with Sacred Mantra Printed	MI-SB-P-R-5.5	1.0000	1603.1250	6807	6830
45878	2025-05-17	wc-completed	Kenari Seed Shell Shakers - Small	Kenari Seed Shell Shakers	MI-KR-S-S	1.0000	1084.8214	7472	7510
45878	2025-05-17	wc-completed	Musical Wooden Frog - Standard	Musical Wooden Frog	MI-WF	1.0000	763.3929	7456	44632
45879	2025-05-17	wc-completed	The Four Bowl Set - Root, Heart, Third Eye and Universal	The Four Bowl Set - Root, Heart, Third Eye and Universal		1.0000	24508.9286	45334	0
45879	2025-05-17	wc-completed	CEG Crystal Singing Bowl Set	Triad Crystal Bowl Set		1.0000	27763.3929	45668	0
45879	2025-05-17	wc-completed	Ocean Drums - Dream Catcher, 25 cms	Ocean Drums		1.0000	1792.3729	9529	9535
45879	2025-05-17	wc-completed	32 Rods - Bar Chime	25 Rods - Bar Chime	MI-BCH-32	1.0000	4461.8644	42389	0
45880	2025-05-18	wc-completed	Hanging Bowls/Zen Drops - Set of 3	Hanging Bowls/Zen Drops		1.0000	4540.1786	45113	45118
45880	2025-05-18	wc-completed	Teak Wood - Stainless Steel Xylophone - 8 Keys	Teak Wood - Stainless Steel Xylophone	MI-XP-W-8	1.0000	3174.1071	7443	8774
45881	2025-05-18	wc-completed	Third Eye Chakra Singing Bowl	Third Eye Chakra Singing Bowl		1.0000	4661.0169	45477	0
45883	2025-05-18	wc-completed	Root Chakra Singing Bowl	Root Chakra Singing Bowl		1.0000	12288.1356	45469	0
45884	2025-05-19	wc-completed	Ocean Drums - Plain, 40 cms	Ocean Drums	MI-OD-P-40	1.0000	2754.2373	9529	9534
45884	2025-05-19	wc-completed	Shamanic Drum - Butterfly, 40 cms	Shamanic Drum	MI-SD-B-40	1.0000	4703.3898	7293	9592
45885	2025-05-19	wc-completed	Eye Shaped Natural Lavender Scented Eye Pillows - Rose	Eye Shaped Natural Lavender Scented Eye Pillows	Yo-P-E-RE-1	6.0000	1807.6271	9220	9221
45886	2025-05-19	wc-completed	Dotted Singing Bowl - 4 inch	Dotted Singing Bowl	MI-SB-H-4	1.0000	1321.8750	6892	6901
45886	2025-05-19	wc-completed	Mini Bamboo and Aluminium Bar Chime	Mini Bamboo and Aluminium Bar Chime	MI-BCH-S-10	1.0000	724.5763	7450	0
45887	2025-05-19	wc-completed	Caxixi	Caxixi	Mi-CX-M-N	1.0000	1205.3571	42317	0
45889	2025-05-19	wc-completed	Wooden Tambourines - Half-Moon	Wooden Tambourines	MI-T-HM	1.0000	1004.4643	7478	45648
45892	2025-05-20	wc-completed	Yoga Bolster made from Organic Cotton - Rose	Round Yoga Bolster	Yo-BR-R-RE	1.0000	1029.6610	6689	6694
45893	2025-05-20	wc-completed	Dotted Singing Bowl - 5.5 inch	Dotted Singing Bowl	MI-SB-H-5.5	1.0000	1723.6607	6892	6902
45894	2025-05-20	wc-completed	Zafu & Zabuton Meditation Cushion Combo with Lotus Embroidery - Lavender	Zafu & Zabuton Meditation Cushion Combo - Lotus Embroidery	Co-Me-C-Z-Zn-LR-E-L	1.0000	2173.7288	9312	9313
45895	2025-05-20	wc-completed	Dumru/Dumroo Indian Handmade Percussion Instrument - 10cms, Dark Brown	Dumru/Dumroo Indian Handmade Percussion Instrument		1.0000	278.5714	5740	6910
45896	2025-05-20	wc-completed	Dotted Singing Bowl - Deep 5.5 Inch	Dotted Singing Bowl	MI-SB-D-7	1.0000	1916.5179	6892	42911
45899	2025-05-20	wc-completed	Bird Flute - Single	Bird Flute		1.0000	220.9821	45754	45871
45899	2025-05-20	wc-completed	Tattvamasi-I am Infinite	Tattvamasi-I am Infinite		1.0000	1000.4464	5466	5633
45901	2025-05-21	wc-completed	Singing Bowl Bags - Large	Singing Bowl Bags	MI-SB-Bag-L	1.0000	2533.8983	45127	45140
45902	2025-05-21	wc-completed	Musical Wooden Frog - Standard	Musical Wooden Frog	MI-WF	1.0000	763.3929	7456	44632
45903	2025-05-21	wc-completed	Yoga Blanket made from Organic Cotton - Natural White	Yoga Blanket made from Organic Cotton	Yo-BT-C-NT	2.0000	2220.0000	6668	6688
45904	2025-05-21	wc-completed	Musical Wooden Frog - Large	Musical Wooden Frog	MI-WF	2.0000	2410.7143	7456	44633
45904	2025-05-21	wc-completed	Musical Wooden Frog - Standard	Musical Wooden Frog	MI-WF	2.0000	1696.4286	7456	44632
45913	2025-05-22	wc-completed	Natural Lavender Scented Eye Pillows - Rose	Natural Lavender Scented Eye Pillows	Yo-P-E-RE	1.0000	334.7458	6519	6525
45917	2025-05-22	wc-completed	Ocean Drums - Dream Catcher, 25 cms	Ocean Drums		1.0000	1991.5254	9529	9535
45918	2025-05-23	wc-completed	Pangi Seed Shell Rattle	Pangi Seed Shell Rattle	MI-PS	1.0000	1727.6786	7356	0
45918	2025-05-23	wc-completed	Asalato/Aslatau or Kashaka Shaker - Pair	Asalato/Aslatau or Kashaka Shaker	MI-AS	1.0000	1968.7500	7300	9112
45919	2025-05-23	wc-completed	Asalato/Aslatau or Kashaka Shaker - Pair	Asalato/Aslatau or Kashaka Shaker	MI-AS	1.0000	2187.5000	7300	9112
45920	2025-05-23	wc-completed	Zafu & Zabuton Meditation Cushion Combo with Lotus Embroidery - Lavender	Zafu & Zabuton Meditation Cushion Combo - Lotus Embroidery	Co-Me-C-Z-Zn-LR-E-L	1.0000	2173.7288	9312	9313
45921	2025-05-23	wc-completed	Happiness is Inside	Happiness is Inside		1.0000	1000.4464	5459	5635
45923	2025-05-23	wc-completed	Singing Bowls Silk Ring Cushion Accessories - 10 cms, Blue	Singing Bowls Silk Ring Cushion Accessories	MI-SB-C-B-10	1.0000	196.8750	6988	7766
45923	2025-05-23	wc-completed	Kenari Seed Shell Shakers - Large	Kenari Seed Shell Shakers	MI-KR-S-L	1.0000	1727.6786	7472	7511
45923	2025-05-23	wc-completed	"Wooden Mallets for Singing Bowls - Long Soft-9"", White"	Wooden Mallets for Singing Bowls	MI-SB-M-L-W-9	1.0000	518.3036	6978	43372
45925	2025-05-24	wc-completed	Zen Meditation Bench - Large	Zen Meditation Bench	ME-Cu	1.0000	2783.8983	9763	45269
45926	2025-05-24	wc-completed	Musical Wooden Frog - Large	Musical Wooden Frog	MI-WF	1.0000	1084.8214	7456	44633
45926	2025-05-24	wc-completed	Caxixi	Caxixi	Mi-CX-M-N	1.0000	1084.8214	42317	0
45926	2025-05-24	wc-completed	Kenari Seed Shell Shakers - Large	Kenari Seed Shell Shakers	MI-KR-S-L	1.0000	1727.6786	7472	7511
45926	2025-05-24	wc-completed	Pangi Seed Shell Rattle	Pangi Seed Shell Rattle	MI-PS	1.0000	1727.6786	7356	0
45926	2025-05-24	wc-completed	Shamanic Drum - Plain, 45 cms	Shamanic Drum	MI-SD-P-45	1.0000	4461.8644	7293	9590
45926	2025-05-24	wc-completed	Coconut Rattle	Coconut Rattle	MI-CR	1.0000	839.7321	5730	0
45926	2025-05-24	wc-completed	Kenari Bracelet	Kenari Bracelet	MI-KR-BT	1.0000	1084.8214	42323	0
45928	2025-05-24	wc-completed	Asalato/Aslatau or Kashaka Shaker - Pair	Asalato/Aslatau or Kashaka Shaker	MI-AS	1.0000	2187.5000	7300	9112
45929	2025-05-24	wc-completed	7 Chakras Copper Water Bottles	7 Chakras Copper Water Bottles	CB-7CV	1.0000	1000.4464	6080	43441
45930	2025-05-24	wc-completed	7 Chakras Mystical Incense Sticks Set - 7 Chakra Set	7 Chakras Mystical Incense Sticks Set	IS-7C	1.0000	411.4286	7687	7688
45930	2025-05-24	wc-completed	Eye Shaped Natural Lavender Scented Eye Pillows - Sage	Eye Shaped Natural Lavender Scented Eye Pillows	Yo-P-E-SE-1	1.0000	301.2712	9220	9225
45932	2025-05-25	wc-completed	Bamboo Castanet	Bamboo Castanet	MI-CN-B	1.0000	665.1786	7329	0
45934	2025-05-25	wc-completed	Asalato/Aslatau or Kashaka Shaker - Pair	Asalato/Aslatau or Kashaka Shaker	MI-AS	1.0000	2187.5000	7300	9112
45935	2025-05-26	wc-completed	Third Eye Chakra Singing Bowl	Third Eye Chakra Singing Bowl		1.0000	4194.9153	45477	0
45936	2025-05-26	wc-completed	Singing Bowl Bags - Large	Singing Bowl Bags	MI-SB-Bag-L	1.0000	2280.5085	45127	45140
45936	2025-05-26	wc-completed	Hanging Bowls/Zen Drops - Set of 3	Hanging Bowls/Zen Drops		1.0000	4540.1786	45113	45118
45937	2025-05-26	wc-completed	Kenari Seed Shell Shakers - Large	Kenari Seed Shell Shakers	MI-KR-S-L	1.0000	1919.6429	7472	7511
45938	2025-05-27	wc-completed	7 Chakras Copper Water Bottles with Handle	7 Chakras Copper Water Bottles with Handle	CB-7CV-B-1	1.0000	1200.8929	44503	44510
45942	2025-05-27	wc-completed	Hi-Zafu Meditation Cushion filled with Buckwheat Hulls - Royal Blue	Hi-Zafu Meditation Cushion - Filled with Buckwheat	Me-C-HZ-RB	1.0000	903.8136	6755	6775
45943	2025-05-27	wc-completed	Ocean Drums - Plain, 35 cms	Ocean Drums	MI-OD-P-35	1.0000	2097.4576	9529	9533
45943	2025-05-27	wc-completed	Shamanic Drum Bags/Ocean Drum Bags - Large	Shamanic Drum Bags/Ocean Drum Bags		1.0000	1611.0000	45131	45134
45946	2025-05-28	wc-completed	Singing Bowl with Mantra - Rustic Blue Colour - 7 Inches	Singing Bowl with Mantra - Rustic Blue Colour	MI-SB-RB-7	1.0000	1402.2321	6861	7287
45952	2025-05-29	wc-completed	Curved Copper Bottles	Curved Copper Bottles		1.0000	1070.5357	5489	43498
45953	2025-05-29	wc-completed	Musical Wooden Frog - Standard	Musical Wooden Frog	MI-WF	1.0000	848.2143	7456	44632
45954	2025-05-29	wc-completed	Koshi Chimes	Elemental Chimes	MI-Ch-KS	1.0000	2707.0313	45194	0
45963	2025-05-29	wc-completed	Wooden Mallets for Singing Bowls - Thick Wide, Red	Wooden Mallets for Singing Bowls	MI-SB-M-R-Wd-4.5	1.0000	254.4643	6978	43379
45964	2025-05-29	wc-completed	Singing Bowls Silk Ring Cushion Accessories - 10 cms, Blue	Singing Bowls Silk Ring Cushion Accessories	MI-SB-C-B-10	1.0000	218.7500	6988	7766
45965	2025-05-29	wc-completed	Wooden Mallets for Singing Bowls - Thick Wide, Red	Wooden Mallets for Singing Bowls	MI-SB-M-R-Wd-4.5	1.0000	254.4643	6978	43379
45966	2025-05-30	wc-completed	Jala Neti Pot - Ceramic 185 ml - White	Jala Neti Pot - Ceramic 185 ml	NP-W-185	1.0000	186.8644	5769	5826
45967	2025-05-30	wc-completed	Crystal Pyramid	Crystal Pyramid		1.0000	7191.9643	45654	0
45968	2025-05-31	wc-completed	Asalato/Aslatau or Kashaka Shaker - Single	Asalato/Aslatau or Kashaka Shaker	MI-AS	1.0000	1080.8036	7300	9111
45969	2025-05-31	wc-completed	Musical Wooden Frog - Standard	Musical Wooden Frog	MI-WF	1.0000	763.3929	7456	44632
45971	2025-06-01	wc-completed	Koshi Chimes	Elemental Chimes	MI-Ch-KS	1.0000	3007.8125	45194	0
45973	2025-06-01	wc-completed	Handmade Universal Bowl for Sound Healing	Handmade Universal Bowl for Sound Healing	MI-SB-HM-UN	1.0000	6830.3571	8143	0
45976	2025-06-03	wc-completed	Zafu Meditation Cushion filled with Cotton - Sage	Zafu Meditation Cushion Plain Filled with Cotton	Me-Z-R-C-SE	1.0000	919.4915	6711	6733
45977	2025-06-03	wc-completed	Handcrafted Set of 7 Bowls for Sound Therapy - Standard-Octave 3, Full Moon	Handcrafted Set of 7 Bowls for Sound Therapy	MI-SB-7C Set-S-FM	1.0000	704.4643	7887	9195
45985	2025-06-03	wc-completed	Dumru/Dumroo Indian Handmade Percussion Instrument - 8cms, Multicolour	Dumru/Dumroo Indian Handmade Percussion Instrument		1.0000	280.9524	5740	6905
45985	2025-06-03	wc-completed	Tingsha Bell - Golden, Small	Tingsha Bell		1.0000	1473.2143	5763	44932
45987	2025-06-03	wc-completed	Kenari Bracelet	Kenari Bracelet	MI-KR-BT	1.0000	1205.3571	42323	0
45988	2025-06-03	wc-completed	Shruthi Thali/Gong Plates - B Plate	Shruthi Thali/Gong Plates		1.0000	6525.0000	45485	45486
45988	2025-06-03	wc-completed	Gong Stand - Light, Small	Gong Stand		1.0000	5504.4643	45289	45294
45988	2025-06-03	wc-completed	Swinging Chimes - 9 Bars	Swinging Chimes	MI-SC-9	1.0000	8250.0000	10345	10347
45988	2025-06-03	wc-completed	Ocean Drums - Plain, 35 cms	Ocean Drums	MI-OD-P-35	1.0000	2097.4576	9529	9533
45989	2025-06-03	wc-completed	Singing Bowls Silk Ring Cushion Accessories - 12 cms, Black	Singing Bowls Silk Ring Cushion Accessories	MI-SB-C-BK-12	1.0000	196.4286	6988	44194
45990	2025-06-04	wc-completed	Natural Lavender Scented Eye Pillows - Sage	Natural Lavender Scented Eye Pillows	Yo-P-E-SE	1.0000	334.7458	6519	6529
45991	2025-06-04	wc-completed	Coconut Rattle	Coconut Rattle	MI-CR	1.0000	839.7321	5730	0
45991	2025-06-04	wc-completed	Coconut Maracas Shakers - Painted	Coconut Maracas Shakers	MI-CM	1.0000	952.2321	7370	45395
45991	2025-06-04	wc-completed	Shamanic Drum - Plain, 40 cms	Shamanic Drum	MI-SD-P-40	1.0000	4004.2373	7293	9589
45991	2025-06-04	wc-completed	Shamanic Drum Bags/Ocean Drum Bags - Large	Shamanic Drum Bags/Ocean Drum Bags		1.0000	1611.0000	45131	45134
45992	2025-06-04	wc-completed	Mini Bamboo and Aluminium Bar Chime	Mini Bamboo and Aluminium Bar Chime	MI-BCH-S-10	1.0000	805.0847	7450	0
45992	2025-06-04	wc-completed	Plain/Wind Tibetan Gong - 20 in	Plain/Wind Tibetan Gong	MI-G-P-20	1.0000	17410.7143	8833	8850
45993	2025-06-04	wc-completed	Rectangular Yoga Bolster made from Organic Cotton - Dark Grey	Rectangular Yoga Bolster	Yo-BR-RE-DG	1.0000	1059.3220	9675	9677
45994	2025-06-04	wc-completed	Singing Bowls with Sacred Mantra Printed - Blue, 5.5 Inches	Singing Bowls with Sacred Mantra Printed	MI-SB-P-B-5.5	1.0000	1603.1250	6807	6821
45995	2025-06-04	wc-completed	Curved Copper Bottles	Curved Copper Bottles		1.0000	963.4821	5489	43498
46005	2025-06-04	wc-completed	Musical Wooden Frog - Standard	Musical Wooden Frog	MI-WF	1.0000	763.3929	7456	44632
46005	2025-06-04	wc-completed	Mini Bamboo and Aluminium Bar Chime	Mini Bamboo and Aluminium Bar Chime	MI-BCH-S-10	1.0000	724.5763	7450	0
46006	2025-06-04	wc-completed	Pangi Seed Shell Rattle	Pangi Seed Shell Rattle	MI-PS	1.0000	1727.6786	7356	0
46011	2025-06-05	wc-completed	Dotted Singing Bowl - Deep 5.5 Inch	Dotted Singing Bowl	MI-SB-D-7	1.0000	2129.4643	6892	42911
46012	2025-06-05	wc-completed	Yoga Belt/Strap for Sturdy Grip - Sky Blue	Yoga Belt/Strap for Sturdy Grip	Yo-BL-D-SB	1.0000	328.5714	6530	6545
46014	2025-06-05	wc-completed	Kenari Seed Shell Shakers - Large	Kenari Seed Shell Shakers	MI-KR-S-L	1.0000	1919.6429	7472	7511
46015	2025-06-05	wc-completed	Singing Bowls with Sacred Mantra Printed - Gold, 4 Inches	Singing Bowls with Sacred Mantra Printed	MI-SB-P-W-4	1.0000	1379.4643	6807	7289
46016	2025-06-05	wc-completed	Jala Neti Pot - Ceramic 185 ml - Blue	Jala Neti Pot - Ceramic 185 ml	NP-B-185	1.0000	186.8644	5769	6918
46088	2025-06-06	wc-completed	Hanging Bowls/Zen Drops - Set of 3	Hanging Bowls/Zen Drops		1.0000	5044.6429	45113	45118
46089	2025-06-06	wc-completed	Tuning Forks - Unweighted, Solfeggio Set	Tuning Fork - Single Weighted & Unweighted		1.0000	7619.4915	9713	9752
46089	2025-06-06	wc-completed	Tuning Forks - Weighted, 7 Chakras Set	Tuning Fork - Single Weighted & Unweighted		1.0000	7619.4915	9713	9743
46090	2025-06-06	wc-completed	7 Chakras Mystical Incense Sticks Set - 7 Chakra Set	7 Chakras Mystical Incense Sticks Set	IS-7C	2.0000	822.8571	7687	7688
46091	2025-06-07	wc-completed	Ocean Drums - Plain, 25 cms	Ocean Drums		1.0000	1822.0339	9529	9531
46092	2025-06-07	wc-completed	Jala Neti Pot - Ceramic 185 ml - Blue	Jala Neti Pot - Ceramic 185 ml	NP-B-185	1.0000	186.8644	5769	6918
46093	2025-06-07	wc-completed	Shamanic Drum Bags/Ocean Drum Bags - Large	Shamanic Drum Bags/Ocean Drum Bags		1.0000	1611.0000	45131	45134
46093	2025-06-07	wc-completed	Ocean Drums - Plain, 40 cms	Ocean Drums	MI-OD-P-40	1.0000	2478.8136	9529	9534
46094	2025-06-07	wc-completed	Tuning Forks - Unweighted, 528 Hz	Tuning Fork - Single Weighted & Unweighted		1.0000	1136.4407	9713	9750
46095	2025-06-07	wc-completed	Singing Bowls Silk Ring Cushion Accessories - 10 cms, Pink	Singing Bowls Silk Ring Cushion Accessories	MI-SB-C-PK-10	2.0000	393.7500	6988	9021
46095	2025-06-07	wc-completed	Singing Bowls Silk Ring Cushion Accessories - 14 cms, Pink	Singing Bowls Silk Ring Cushion Accessories	MI-SB-C-PK-14	1.0000	237.0536	6988	9023
46096	2025-06-07	wc-completed	Koshi Chimes	Elemental Chimes	MI-Ch-KS	1.0000	3007.8125	45194	0
46098	2025-06-07	wc-completed	Eye Shaped Natural Lavender Scented Eye Pillows - Grey	Eye Shaped Natural Lavender Scented Eye Pillows	Yo-P-E-GY-1	1.0000	301.2712	9220	9222
46099	2025-06-07	wc-completed	Eye Shaped Natural Lavender Scented Eye Pillows - Rose	Eye Shaped Natural Lavender Scented Eye Pillows	Yo-P-E-RE-1	1.0000	334.7458	9220	9221
46100	2025-06-07	wc-completed	Singing Bowl Bags - Large	Singing Bowl Bags	MI-SB-Bag-L	1.0000	2280.5085	45127	45140
46100	2025-06-07	wc-completed	Swinging Chimes - 6 Bars	Swinging Chimes	MI-SC-6	1.0000	6895.0000	10345	10346
46100	2025-06-07	wc-completed	Wooden Mallets for Singing Bowls - Thick Wide, Red	Wooden Mallets for Singing Bowls	MI-SB-M-R-Wd-4.5	1.0000	229.0179	6978	43379
46100	2025-06-07	wc-completed	Shamanic Drum Bags/Ocean Drum Bags - Standard	Shamanic Drum Bags/Ocean Drum Bags		1.0000	1251.0000	45131	45133
46101	2025-06-08	wc-completed	Ocean Drums - Plain, 40 cms	Ocean Drums	MI-OD-P-40	1.0000	2754.2373	9529	9534
46101	2025-06-08	wc-completed	Shamanic Drum Bags/Ocean Drum Bags - Large	Shamanic Drum Bags/Ocean Drum Bags		1.0000	1790.0000	45131	45134
46102	2025-06-08	wc-completed	Jala Neti Pot - Ceramic 185 ml - Mint Green	Jala Neti Pot - Ceramic 185 ml	NP-MG-185	1.0000	207.6271	5769	6336
46102	2025-06-08	wc-completed	Jala Neti Pot - Ceramic 185 ml - Red	Jala Neti Pot - Ceramic 185 ml	NP-R-185	3.0000	622.8814	5769	5776
46102	2025-06-08	wc-completed	Jala Neti Pot - Ceramic 185 ml - Blue	Jala Neti Pot - Ceramic 185 ml	NP-B-185	2.0000	415.2542	5769	6918
46102	2025-06-08	wc-completed	Jala Neti Pot - Ceramic 185 ml - Lemon Yellow	Jala Neti Pot - Ceramic 185 ml	NP-LY-185	2.0000	415.2542	5769	6335
46105	2025-06-08	wc-completed	Koshi Chimes	Elemental Chimes	MI-Ch-KS	1.0000	2707.0313	45194	0
46105	2025-06-08	wc-completed	Caxixi	Caxixi	Mi-CX-M-N	1.0000	1084.8214	42317	0
46105	2025-06-08	wc-completed	Kenari Seed Shell Shakers - Large	Kenari Seed Shell Shakers	MI-KR-S-L	1.0000	1727.6786	7472	7511
46105	2025-06-08	wc-completed	Coconut Rattle	Coconut Rattle	MI-CR	1.0000	839.7321	5730	0
46105	2025-06-08	wc-completed	Tingsha Bell - Etched, Standard	Tingsha Bell		1.0000	1442.4107	5763	44937
46105	2025-06-08	wc-completed	Root Chakra Singing Bowl	Root Chakra Singing Bowl		1.0000	11059.3220	45469	0
46105	2025-06-08	wc-completed	Swinging Chimes - 9 Bars	Swinging Chimes	MI-SC-9	1.0000	8250.0000	10345	10347
46105	2025-06-08	wc-completed	Mini Bamboo and Aluminium Bar Chime	Mini Bamboo and Aluminium Bar Chime	MI-BCH-S-10	1.0000	724.5763	7450	0
46106	2025-06-08	wc-completed	Shamanic Drum - Plain, 45 cms	Shamanic Drum	MI-SD-P-45	1.0000	4461.8644	7293	9590
46106	2025-06-08	wc-completed	Ocean Drums - Plain, 40 cms	Ocean Drums	MI-OD-P-40	1.0000	2478.8136	9529	9534
46107	2025-06-08	wc-completed	Zen Meditation Bench - Medium	Zen Meditation Bench	ME-Cu	1.0000	2631.3559	9763	45268
46108	2025-06-09	wc-completed	Eye Shaped Natural Lavender Scented Eye Pillows - Rose	Eye Shaped Natural Lavender Scented Eye Pillows	Yo-P-E-RE-1	1.0000	301.2712	9220	9221
46108	2025-06-09	wc-completed	Yoga Blanket made from Organic Cotton - Magenta	Yoga Blanket made from Organic Cotton	Yo-BT-C-MG	1.0000	1195.7143	6668	6686
46138	2025-06-10	wc-completed	Copper Bottle Gift Set - 7 Chakra - Vintage	Copper Bottle Gift Set - 7 Chakra		2.0000	2812.5000	6638	6648
46139	2025-06-10	wc-completed	Gong Stand - Dark, Large	Gong Stand		1.0000	7544.6429	45289	45299
46139	2025-06-10	wc-completed	Singing Bowl Bags - Large	Singing Bowl Bags	MI-SB-Bag-L	1.0000	2533.8983	45127	45140
46140	2025-06-10	wc-completed	Koshi Chimes	Elemental Chimes	MI-Ch-KS	1.0000	3007.8125	45194	0
46170	2025-06-10	wc-completed	Hanging Bowls/Zen Drops - Set of 3	Hanging Bowls/Zen Drops		1.0000	5044.6429	45113	45118
46253	2025-06-10	wc-completed	Tibetan Buddhist Bell - Large	Tibetan Buddhist Bell	MI-BB-3.5	1.0000	1486.6071	6973	9200
46262	2025-06-10	wc-completed	Shamanic Drum - Plain, 40 cms	Shamanic Drum	MI-SD-P-40	1.0000	4449.1525	7293	9589
46262	2025-06-10	wc-completed	Shamanic Drum Bags/Ocean Drum Bags - Large	Shamanic Drum Bags/Ocean Drum Bags		1.0000	1790.0000	45131	45134
46262	2025-06-10	wc-completed	Coconut Maracas Shakers - Painted	Coconut Maracas Shakers	MI-CM	2.0000	2116.0714	7370	45395
46264	2025-06-11	wc-completed	Natural Lavender Scented Eye Pillows - Rose	Natural Lavender Scented Eye Pillows	Yo-P-E-RE	1.0000	334.7458	6519	6525
46280	2025-06-12	wc-completed	Wooden Maracas Shakers | Plain & Dot Painted - Plain	Wooden Maracas Shakers | Plain & Dot Painted	MI-WM	1.0000	791.5179	7542	44153
46280	2025-06-12	wc-completed	7 Chakras Mystical Incense Sticks Set - 7 Chakra Set	7 Chakras Mystical Incense Sticks Set	IS-7C	1.0000	411.4286	7687	7688
46282	2025-06-12	wc-completed	Pangi Seed Shell Rattle	Pangi Seed Shell Rattle	MI-PS	1.0000	1919.6429	7356	0
46283	2025-06-12	wc-completed	Caxixi	Caxixi	Mi-CX-M-N	1.0000	1084.8214	42317	0
46283	2025-06-12	wc-completed	Musical Wooden Frog - Standard	Musical Wooden Frog	MI-WF	1.0000	763.3929	7456	44632
46284	2025-06-12	wc-completed	Shankh/Conch - Large	Shankh/Conch		1.0000	1411.0169	45449	45452
46285	2025-06-12	wc-completed	Pangi Seed Shell Rattle	Pangi Seed Shell Rattle	MI-PS	1.0000	1919.6429	7356	0
46286	2025-06-12	wc-completed	7 Chakras Mystical Incense Sticks Set - 7 Chakra Set	7 Chakras Mystical Incense Sticks Set	IS-7C	1.0000	457.1429	7687	7688
46287	2025-06-12	wc-completed	Heart Chakra Singing Bowl	Heart Chakra Singing Bowl		1.0000	7203.3898	45473	0
46288	2025-06-12	wc-completed	Singing Bowl Bags - Large	Singing Bowl Bags	MI-SB-Bag-L	1.0000	2280.5085	45127	45140
46289	2025-06-12	wc-completed	Spiral/Snake Didgeridoo - Red	Spiral/Snake Didgeridoo	MI-DG-SP-R	1.0000	5937.5000	7324	7520
46289	2025-06-12	wc-completed	Koshi Chimes	Elemental Chimes	MI-Ch-KS	1.0000	3007.8125	45194	0
46291	2025-06-13	wc-completed	Singing Bowls Silk Ring Cushion Accessories - Combo of 7	Singing Bowls Silk Ring Cushion Accessories		1.0000	1804.0179	6988	46268
46303	2025-06-13	wc-completed	Gong Stand - Dark, Medium	Gong Stand		1.0000	6651.7857	45289	45298
46307	2025-06-13	wc-completed	Full Moon Singing Bowls - 7 Inches	Full Moon Singing Bowls - All Sizes	MI-SB-H-FM-7	1.0000	6709.8214	7607	7610
46308	2025-06-13	wc-completed	Shankh/Conch - Large	Shankh/Conch		1.0000	1411.0169	45449	45452
46309	2025-06-13	wc-completed	Rectangular Yoga Bolster made from Organic Cotton - Sage	Rectangular Yoga Bolster	Yo-BR-RE-SE	1.0000	953.3898	9675	9678
46311	2025-06-14	wc-completed	Hi-Zafu Meditation Cushion filled with Buckwheat and Embroidered with Lotus - Rose	Hi-Zafu Meditation Cushion - Embroidered with Lotus	Me-C-HZ-R-E-L	1.0000	1025.8475	9291	9376
46313	2025-06-14	wc-completed	Asalato/Aslatau or Kashaka Shaker - Pair	Asalato/Aslatau or Kashaka Shaker	MI-AS	1.0000	1968.7500	7300	9112
46314	2025-06-14	wc-completed	Ocean Drums - Plain, 40 cms	Ocean Drums	MI-OD-P-40	1.0000	2478.8136	9529	9534
46315	2025-06-15	wc-completed	Mini Bamboo and Aluminium Bar Chime	Mini Bamboo and Aluminium Bar Chime	MI-BCH-S-10	1.0000	724.5763	7450	0
46315	2025-06-15	wc-completed	Bird Flute - Single	Bird Flute		1.0000	220.9821	45754	45871
46316	2025-06-15	wc-completed	Singing Bowl Bags - Standard	Singing Bowl Bags	MI-SB-Bag-M	1.0000	2110.1695	45127	45139
46317	2025-06-15	wc-completed	Singing Bowls Silk Ring Cushion Accessories - 14 cms, Red	Singing Bowls Silk Ring Cushion Accessories	MI-SB-C-R-14	1.0000	237.0536	6988	7785
46317	2025-06-15	wc-completed	Singing Bowls Silk Ring Cushion Accessories - 18 cms, Red	Singing Bowls Silk Ring Cushion Accessories	MI-SB-C-R-18	1.0000	277.2321	6988	7799
46318	2025-06-15	wc-completed	Eye Shaped Natural Lavender Scented Eye Pillows - Dark Grey	Eye Shaped Natural Lavender Scented Eye Pillows	Yo-P-E-DG-1	5.0000	1506.3559	9220	9224
46318	2025-06-15	wc-completed	Eye Shaped Natural Lavender Scented Eye Pillows - Sage	Eye Shaped Natural Lavender Scented Eye Pillows	Yo-P-E-SE-1	5.0000	1506.3559	9220	9225
46319	2025-06-15	wc-completed	Musical Wooden Frog - Standard	Musical Wooden Frog	MI-WF	1.0000	848.2143	7456	44632
46320	2025-06-16	wc-completed	Third Eye Chakra Singing Bowl	Third Eye Chakra Singing Bowl		1.0000	4194.9153	45477	0
46321	2025-06-16	wc-completed	Mini Bamboo and Aluminium Bar Chime	Mini Bamboo and Aluminium Bar Chime	MI-BCH-S-10	1.0000	805.0847	7450	0
46322	2025-06-16	wc-completed	Wooden Mallets for Singing Bowls - Long Firm-Standard, Red	Wooden Mallets for Singing Bowls	MI-SB-M-R-Wd-4.5	1.0000	518.3036	6978	43367
46322	2025-06-16	wc-completed	Hanging Bowls/Zen Drops - Set of 3	Hanging Bowls/Zen Drops		1.0000	4540.1786	45113	45118
46323	2025-06-16	wc-completed	Koshi Chimes	Elemental Chimes	MI-Ch-KS	1.0000	2707.0313	45194	0
46323	2025-06-16	wc-completed	Mini Bamboo and Aluminium Bar Chime	Mini Bamboo and Aluminium Bar Chime	MI-BCH-S-10	1.0000	724.5763	7450	0
46323	2025-06-16	wc-completed	Pangi Seed Shell Rattle	Pangi Seed Shell Rattle	MI-PS	1.0000	1727.6786	7356	0
46325	2025-06-17	wc-completed	Kenari Bracelet	Kenari Bracelet	MI-KR-BT	1.0000	1084.8214	42323	0
46326	2025-06-17	wc-completed	Mini Bamboo and Aluminium Bar Chime	Mini Bamboo and Aluminium Bar Chime	MI-BCH-S-10	1.0000	724.5763	7450	0
46326	2025-06-17	wc-completed	Pangi Seed Shell Rattle	Pangi Seed Shell Rattle	MI-PS	1.0000	1727.6786	7356	0
46327	2025-06-18	wc-completed	Kenari Bracelet	Kenari Bracelet	MI-KR-BT	1.0000	1084.8214	42323	0
46365	2025-06-19	wc-completed	Zen Meditation Bench - Medium	Zen Meditation Bench	ME-Cu	1.0000	2631.3559	9763	45268
46367	2025-06-20	wc-completed	Tuning Forks - Weighted, 128 Hz	Tuning Fork - Single Weighted & Unweighted	MI-TF-W-128	1.0000	1940.6780	9713	9715
46368	2025-06-20	wc-completed	Copper Bottle Gift Set - 7 Chakra - Vintage	Copper Bottle Gift Set - 7 Chakra		1.0000	1562.5000	6638	6648
46375	2025-06-20	wc-completed	11 Note Tongue Drum - White, 10 inches	11 Note Tongue Drum		1.0000	6615.0000	42373	42410
46375	2025-06-20	wc-completed	7 Chakras Mystical Incense Sticks Set - 7 Chakra Set with Stand	7 Chakras Mystical Incense Sticks Set	IS-7C-S	1.0000	484.2857	7687	43292
46381	2025-06-20	wc-completed	Dotted Singing Bowl - 4 inch	Dotted Singing Bowl	MI-SB-H-4	1.0000	1321.8750	6892	6901
46382	2025-06-21	wc-completed	Eco-Friendly Neem Wood Toothbrush - Pack of 2	Eco-Friendly Neem Wood Toothbrush	NTB-2	3.0000	572.0339	5037	5604
46383	2025-06-21	wc-completed	Wooden Mallets for Singing Bowls - Curved, Black	Wooden Mallets for Singing Bowls	MI-SB-M-B-C	1.0000	209.8214	6978	43377
46384	2025-06-21	wc-completed	Crystal Bowls - 6 in	Crystal Bowls	MI-CB-W-6	1.0000	7584.7458	9777	9778
46384	2025-06-21	wc-completed	Shamanic Drum - Plain, 40 cms	Shamanic Drum	MI-SD-P-40	1.0000	4004.2373	7293	9589
46384	2025-06-21	wc-completed	Shamanic Drum Bags/Ocean Drum Bags - Large	Shamanic Drum Bags/Ocean Drum Bags		1.0000	1611.0000	45131	45134
46385	2025-06-21	wc-completed	Shruti Box - 1 Octave	Shruti Box		1.0000	8955.0000	44970	45003
46386	2025-06-21	wc-completed	Swinging Chimes - 9 Bars	Swinging Chimes	MI-SC-9	1.0000	8250.0000	10345	10347
46387	2025-06-21	wc-completed	Koshi Chimes	Elemental Chimes	MI-Ch-KS	1.0000	3007.8125	45194	0
46388	2025-06-21	wc-completed	Bird Flute - Single	Bird Flute		1.0000	220.9821	45754	45871
46388	2025-06-21	wc-completed	Swinging Chimes - 9 Bars	Swinging Chimes	MI-SC-9	1.0000	8250.0000	10345	10347
46388	2025-06-21	wc-completed	Ocean Drums - Plain, 35 cms	Ocean Drums	MI-OD-P-35	1.0000	2097.4576	9529	9533
46388	2025-06-21	wc-completed	Koshi Chimes	Elemental Chimes	MI-Ch-KS	1.0000	2707.0313	45194	0
46388	2025-06-21	wc-completed	Musical Wooden Frog - Large	Musical Wooden Frog	MI-WF	1.0000	1084.8214	7456	44633
46389	2025-06-21	wc-completed	Bamboo Castanet	Bamboo Castanet	MI-CN-B	1.0000	665.1786	7329	0
46389	2025-06-21	wc-completed	Asalato/Aslatau or Kashaka Shaker - Painted, Single	Asalato/Aslatau or Kashaka Shaker	MI-AS	1.0000	1388.3929	7300	46379
46390	2025-06-22	wc-completed	Jala Neti Pot - Ceramic 185 ml - Mint Green	Jala Neti Pot - Ceramic 185 ml	NP-MG-185	1.0000	186.8644	5769	6336
46391	2025-06-22	wc-completed	Tuning Forks - Unweighted, 528 Hz	Tuning Fork - Single Weighted & Unweighted		1.0000	1136.4407	9713	9750
46392	2025-06-22	wc-completed	Copper Bottle Gift Set - 7 Chakra - Vintage	Copper Bottle Gift Set - 7 Chakra		1.0000	1406.2500	6638	6648
46394	2025-06-22	wc-completed	Joint Bowl or Knee Cut Bowl - 8 in	Joint Bowl or Knee Cut Bowl	MI-SB-JB	1.0000	6147.3214	9978	9984
46394	2025-06-22	wc-completed	Hanging Bowls/Zen Drops - Set of 3	Hanging Bowls/Zen Drops		1.0000	4540.1786	45113	45118
46395	2025-06-22	wc-completed	Lotus Yoga Mat - Moderate, Orange	Lotus Yoga Mat		1.0000	1516.9492	46171	46193
46396	2025-06-22	wc-completed	Yoga Belt/Strap for Sturdy Grip - Beige	Yoga Belt/Strap for Sturdy Grip	Yo-BL-D-BE	1.0000	295.7143	6530	6547
46397	2025-06-22	wc-completed	7 Chakras Vintage - Copper Bottle	7 Chakras Vintage - Copper Bottle		1.0000	1111.6071	5682	5786
46398	2025-06-23	wc-completed	Singing Bowls Silk Ring Cushion Accessories - 18 cms, Navy Blue	Singing Bowls Silk Ring Cushion Accessories	MI-SB-C-NB-18	1.0000	308.0357	6988	7795
46399	2025-06-23	wc-completed	Tibetan Buddhist Bell - Large	Tibetan Buddhist Bell	MI-BB-3.5	1.0000	1651.7857	6973	9200
46401	2025-06-23	wc-completed	Bird Flute - Single	Bird Flute		1.0000	245.5357	45754	45871
46401	2025-06-23	wc-completed	Ocean Drums - Plain, 25 cms	Ocean Drums		1.0000	1822.0339	9529	9531
46402	2025-06-23	wc-completed	Tuning Forks - Weighted, 7 Chakra Set Colored	Tuning Fork - Single Weighted & Unweighted		1.0000	6666.1017	9713	9720
46403	2025-06-23	wc-completed	7 Chakras Gold - Copper Bottle	7 Chakras Gold - Copper Bottle		1.0000	799.5536	5675	5785
46404	2025-06-24	wc-completed	Tuning Forks - Weighted, 528 Hz	Tuning Fork - Single Weighted & Unweighted		1.0000	1686.4407	9713	9719
46405	2025-06-24	wc-completed	Jala Neti Pot - Ceramic 185 ml - Blue	Jala Neti Pot - Ceramic 185 ml	NP-B-185	1.0000	186.8644	5769	6918
46405	2025-06-24	wc-completed	Jala Neti Pot - Ceramic 185 ml - Lemon Yellow	Jala Neti Pot - Ceramic 185 ml	NP-LY-185	1.0000	186.8644	5769	6335
46406	2025-06-24	wc-completed	Asalato/Aslatau or Kashaka Shaker - Plain, Single	Asalato/Aslatau or Kashaka Shaker	MI-AS	1.0000	1080.8036	7300	46377
46407	2025-06-24	wc-completed	Yoga Bolster made from Organic Cotton - Dark Grey	Round Yoga Bolster	Yo-BR-R-DG	1.0000	1144.0678	6689	6691
46408	2025-06-24	wc-completed	Koshi Chimes	Elemental Chimes	MI-Ch-KS	1.0000	2707.0313	45194	0
46408	2025-06-24	wc-completed	Hanging Bowls/Zen Drops - Set of 3	Hanging Bowls/Zen Drops		1.0000	4540.1786	45113	45118
46409	2025-06-24	wc-completed	Tam-Tam/Chau Gong - 25 in	Tam-Tam/Chau Gong		1.0000	34151.7857	8802	8839
46409	2025-06-24	wc-completed	Gong Stand - Dark, Large	Gong Stand		1.0000	6790.1786	45289	45299
46409	2025-06-24	wc-completed	Gong Bags - Large	Gong Bags		1.0000	1792.3729	45152	45154
46411	2025-06-24	wc-completed	Ocean Drums - Plain, 40 cms	Ocean Drums	MI-OD-P-40	1.0000	2478.8136	9529	9534
46411	2025-06-24	wc-completed	Koshi Chimes	Elemental Chimes	MI-Ch-KS	1.0000	2707.0313	45194	0
46411	2025-06-24	wc-completed	Thunder Tube	Thunder Tube - Basic Edition	MI-TT-20	1.0000	1201.3393	7317	0
46411	2025-06-24	wc-completed	"Wooden Mallets for Singing Bowls - Long Soft-13"", Red"	Wooden Mallets for Singing Bowls	MI-SB-M-L-R-13	1.0000	683.0357	6978	43374
46411	2025-06-24	wc-completed	Wooden Mallets for Singing Bowls - Long Firm-Standard, White	Wooden Mallets for Singing Bowls	MI-SB-M-R-Wd-4.5	1.0000	518.3036	6978	43384
46411	2025-06-24	wc-completed	Shamanic Drum Bags/Ocean Drum Bags - Large	Shamanic Drum Bags/Ocean Drum Bags		1.0000	1611.0000	45131	45134
46412	2025-06-25	wc-completed	Djembe Drums - Ivory, 10in	Djembe Drums		1.0000	5661.0000	44969	45040
46412	2025-06-25	wc-completed	Eye Shaped Natural Lavender Scented Eye Pillows - Beige	Eye Shaped Natural Lavender Scented Eye Pillows		6.0000	1807.6271	9220	44614
46412	2025-06-25	wc-completed	7 Chakras Mystical Incense Sticks Set - 7 Chakra Set	7 Chakras Mystical Incense Sticks Set	IS-7C	2.0000	822.8571	7687	7688
46412	2025-06-25	wc-completed	Kenari Seed Shell Shakers - Large	Kenari Seed Shell Shakers	MI-KR-S-L	1.0000	1727.6786	7472	7511
46412	2025-06-25	wc-completed	Sacred Symbols Singing Bowls - Black, 4 in	Sacred Symbols Singing Bowls	MI-SB-P-SS-BK-4	1.0000	1241.5179	10008	10013
46412	2025-06-25	wc-completed	Shankh/Conch - Large	Shankh/Conch		1.0000	1411.0169	45449	45452
46412	2025-06-25	wc-completed	Conscious Cards	Conscious Cards		1.0000	1349.1000	45533	0
46413	2025-06-25	wc-completed	Singing Bowls Silk Ring Cushion Accessories - Combo of 7	Singing Bowls Silk Ring Cushion Accessories		1.0000	1804.0179	6988	46268
46413	2025-06-25	wc-completed	Eye Shaped Natural Lavender Scented Eye Pillows - Rose	Eye Shaped Natural Lavender Scented Eye Pillows	Yo-P-E-RE-1	1.0000	301.2712	9220	9221
46413	2025-06-25	wc-completed	Swinging Chimes - 9 Bars	Swinging Chimes	MI-SC-9	1.0000	8250.0000	10345	10347
46413	2025-06-25	wc-completed	Koshi Chimes	Elemental Chimes	MI-Ch-KS	1.0000	2707.0313	45194	0
46413	2025-06-25	wc-completed	Bird Flute - Single	Bird Flute		1.0000	220.9821	45754	45871
46416	2025-06-25	wc-completed	Yoga Bolster made from Organic Cotton - Rose	Round Yoga Bolster	Yo-BR-R-RE	1.0000	1029.6610	6689	6694
46420	2025-06-25	wc-completed	Bamboo Rainstick - 60cms	Bamboo Rainstick	MI-RS-B-60	1.0000	1603.1250	7484	8763
46420	2025-06-25	wc-completed	Singing Bowl Bags - Large	Singing Bowl Bags	MI-SB-Bag-L	1.0000	2280.5085	45127	45140
46421	2025-06-25	wc-completed	Thunder Tube	Thunder Tube - Basic Edition	MI-TT-20	1.0000	1201.3393	7317	0
46421	2025-06-25	wc-completed	Bamboo Rainstick - 80cms	Bamboo Rainstick	MI-RS-B-80	1.0000	1844.1964	7484	44586
46421	2025-06-25	wc-completed	Ocean Drums - Plain, 35 cms	Ocean Drums	MI-OD-P-35	1.0000	2097.4576	9529	9533
46422	2025-06-25	wc-completed	Bird Flute - Single	Bird Flute		2.0000	441.9643	45754	45871
46422	2025-06-25	wc-completed	Bamboo Castanet	Bamboo Castanet	MI-CN-B	1.0000	598.6607	7329	0
46422	2025-06-25	wc-completed	Ocean Drums - Plain, 40 cms	Ocean Drums	MI-OD-P-40	1.0000	2478.8136	9529	9534
46422	2025-06-25	wc-completed	Eye Shaped Natural Lavender Scented Eye Pillows - Navy Blue	Eye Shaped Natural Lavender Scented Eye Pillows	Yo-P-E-NB-1	2.0000	602.5424	9220	9223
46423	2025-06-26	wc-completed	Thunder Tube	Thunder Tube - Basic Edition	MI-TT-20	1.0000	1334.8214	7317	0
46424	2025-06-26	wc-completed	Copper Bottle Gift Set - 7 Chakra - Gold	Copper Bottle Gift Set - 7 Chakra		1.0000	1406.2500	6638	6647
46424	2025-06-26	wc-completed	Copper Bottle Gift Set - 7 Chakra - Vintage	Copper Bottle Gift Set - 7 Chakra		1.0000	1406.2500	6638	6648
46425	2025-06-26	wc-completed	Bamboo Rainstick - 1m	Bamboo Rainstick	MI-RS-B-1M	2.0000	4455.3571	7484	8764
46426	2025-06-26	wc-completed	Ocean Drums - Plain, 40 cms	Ocean Drums	MI-OD-P-40	2.0000	5508.4746	9529	9534
46427	2025-06-26	wc-completed	Kenari Chimes	Kenari Chimes - Small & Large	MI-KR-CH-168	2.0000	8839.2857	45197	0
46428	2025-06-26	wc-completed	Tuning Forks - Weighted, 136.10 Hz	Tuning Fork - Single Weighted & Unweighted		1.0000	1746.6102	9713	9716
46433	2025-06-26	wc-completed	Flower of Life with Sacred Symbols Singing Bowls - Blue, 8 in	Flower of Life with Sacred Symbols Singing Bowls	MI-SB-RFL-B-8	1.0000	1245.5357	10035	10048
46434	2025-06-26	wc-completed	Handmade Singing Bowls - All Sizes - 6 in, Polished	Handmade Singing Bowls - All Sizes	Mi-SB-H-P-6	1.0000	4299.1071	6884	9696
46435	2025-06-26	wc-completed	Shamanic Drum - Plain, 40 cms	Shamanic Drum	MI-SD-P-40	1.0000	4004.2373	7293	9589
46435	2025-06-26	wc-completed	Shamanic Drum Bags/Ocean Drum Bags - Large	Shamanic Drum Bags/Ocean Drum Bags		2.0000	3222.0000	45131	45134
46436	2025-06-27	wc-completed	Singing Bowls with Sacred Mantra Printed - Gold, 3.5 Inches	Singing Bowls with Sacred Mantra Printed	MI-SB-P-W-3.5	1.0000	1156.2500	6807	7955
46437	2025-06-27	wc-completed	Singing Bowl Bags - Large	Singing Bowl Bags	MI-SB-Bag-L	1.0000	2280.5085	45127	45140
46440	2025-06-27	wc-completed	Ocean Drums - Plain, 40 cms	Ocean Drums	MI-OD-P-40	1.0000	2754.2373	9529	9534
46442	2025-06-28	wc-completed	7-Key Kalimba Made from Coconut Shell - Painted			1.0000	950.0000	46417	0
46443	2025-06-28	wc-completed	Ocean Drums - Plain, 30 cms	Ocean Drums	MI-OD-P-30	1.0000	2076.2712	9529	9532
46444	2025-06-28	wc-completed	7 Chakras Mystical Incense Sticks Set - 7 Chakra Set	7 Chakras Mystical Incense Sticks Set	IS-7C	1.0000	411.4286	7687	7688
46445	2025-06-28	wc-completed	Kenari Chimes - Small & Large - Large	Kenari Chimes - Small & Large	MI-KR-CH-168	1.0000	3977.6786	45197	46431
46447	2025-06-29	wc-completed	Crescent Zafu Meditation Cushion - Medium, Rose	Crescent Zafu Meditation Cushion	Me-C-Z-M-R	1.0000	919.4915	6734	44914
46448	2025-06-29	wc-completed	Coconut Rattle	Coconut Rattle	MI-CR	1.0000	933.0357	5730	0
46449	2025-06-29	wc-completed	Zen Meditation Bench - Medium	Zen Meditation Bench	ME-Cu	1.0000	38.1356	9763	45268
46450	2025-06-29	wc-completed	Bamboo Rainstick - 60cms	Bamboo Rainstick	MI-RS-B-60	1.0000	1603.1250	7484	8763
46451	2025-06-30	wc-completed	Zafu Meditation Cushion filled with Cotton - Dark Grey	Zafu Meditation Cushion Plain Filled with Cotton	Me-Z-R-C-DG	1.0000	827.5424	6711	6729
46452	2025-06-30	wc-completed	Thunder Tube	Thunder Tube - Basic Edition	MI-TT-20	1.0000	1334.8214	7317	0
46453	2025-06-30	wc-completed	Extra Large Meridian Singing Bowls - Plain, 22 In	Extra Large Meridian Singing Bowls	Mi-SB-MD-P-22	1.0000	57589.2857	43286	43308
46455	2025-06-30	wc-completed	Kenari Chimes - Small & Large - Large	Kenari Chimes - Small & Large	MI-KR-CH-168	1.0000	3977.6786	45197	46431
46460	2025-06-30	wc-completed	11 Note Tongue Drum - White, 10 inches	11 Note Tongue Drum		1.0000	6615.0000	42373	42410
46462	2025-06-30	wc-completed	Bamboo Rainstick - 1m	Bamboo Rainstick	MI-RS-B-1M	1.0000	2227.6786	7484	8764
46472	2025-06-30	wc-completed	Swinging Chimes - 6 Bars	Swinging Chimes	MI-SC-6	1.0000	6895.0000	10345	10346
46472	2025-06-30	wc-completed	Bamboo Rainstick - 1m	Bamboo Rainstick	MI-RS-B-1M	1.0000	2004.9107	7484	8764
46473	2025-06-30	wc-completed	Thunder Tube	Thunder Tube - Basic Edition	MI-TT-20	1.0000	1334.8214	7317	0
46476	2025-07-01	wc-completed	Shamanic Drum Bags/Ocean Drum Bags - Standard	Shamanic Drum Bags/Ocean Drum Bags		1.0000	1390.0000	45131	45133
46476	2025-07-01	wc-completed	Shamanic Drum - Butterfly, 30 cms	Shamanic Drum	MI-SD-B-30	1.0000	4194.9153	7293	9591
46477	2025-07-01	wc-completed	Curved Diamond Groove Copper Bottle	Curved Diamond Groove Copper Bottle		1.0000	963.4821	5934	5946
46477	2025-07-01	wc-completed	Copper Tongue Cleaner - Pack of 2, Straight	Copper Tongue Cleaner	TC-R-1	1.0000	202.1186	5042	7810
46479	2025-07-01	wc-completed	Pangi Seed Shell Rattle	Pangi Seed Shell Rattle	MI-PS	1.0000	1727.6786	7356	0
46482	2025-07-01	wc-completed	Joint Bowl or Knee Cut Bowl - 8 in	Joint Bowl or Knee Cut Bowl	MI-SB-JB	1.0000	6830.3571	9978	9984
46483	2025-07-01	wc-completed	Bamboo Rainstick - 1m	Bamboo Rainstick	MI-RS-B-1M	1.0000	2004.9107	7484	8764
46484	2025-07-01	wc-completed	Shruti Box - 3 Octaves	Shruti Box		1.0000	157.0000	44970	45005
46486	2025-07-02	wc-completed	Hanging Bowls/Zen Drops - Set of 3	Hanging Bowls/Zen Drops		1.0000	4540.1786	45113	45118
46493	2025-07-02	wc-completed	Handcrafted Set of 7 Bowls for Sound Therapy - Standard-Octave 3, Full Moon	Handcrafted Set of 7 Bowls for Sound Therapy	MI-SB-7C Set-S-FM	1.0000	50446.4286	7887	9195
46493	2025-07-02	wc-completed	Ocean Drums - Plain, 30 cms	Ocean Drums	MI-OD-P-30	1.0000	1868.6441	9529	9532
46493	2025-07-02	wc-completed	Kenari Seed Shell Shakers - Large	Kenari Seed Shell Shakers	MI-KR-S-L	1.0000	1727.6786	7472	7511
46493	2025-07-02	wc-completed	Koshi Chimes	Elemental Chimes	MI-Ch-KS	1.0000	2707.0313	45194	0
46493	2025-07-02	wc-completed	Bamboo Rainstick - 1m	Bamboo Rainstick	MI-RS-B-1M	1.0000	2004.9107	7484	8764
46493	2025-07-02	wc-completed	Pangi Seed Shell Rattle	Pangi Seed Shell Rattle	MI-PS	1.0000	1727.6786	7356	0
46493	2025-07-02	wc-completed	Thunder Tube	Thunder Tube - Basic Edition	MI-TT-20	1.0000	1201.3393	7317	0
46493	2025-07-02	wc-completed	Tibetan Buddhist Bell - Small	Tibetan Buddhist Bell	MI-BB-2	1.0000	1084.8214	6973	9198
46493	2025-07-02	wc-completed	Tingsha Bell - Etched, Standard	Tingsha Bell		1.0000	1442.4107	5763	44937
46493	2025-07-02	wc-completed	Yoga Belt/Strap for Sturdy Grip - Green	Yoga Belt/Strap for Sturdy Grip	Yo-BL-D-GR	1.0000	295.7143	6530	6550
46493	2025-07-02	wc-completed	7 Chakras Mystical Incense Sticks Set - 7 Chakra Set	7 Chakras Mystical Incense Sticks Set	IS-7C	1.0000	411.4286	7687	7688
46493	2025-07-02	wc-completed	Eye Shaped Natural Lavender Scented Eye Pillows - Navy Blue	Eye Shaped Natural Lavender Scented Eye Pillows	Yo-P-E-NB-1	1.0000	301.2712	9220	9223
46493	2025-07-02	wc-completed	Copper Tongue Cleaner - Pack of 1, Straight	Copper Tongue Cleaner	TC-R-1	1.0000	125.8475	5042	7808
46493	2025-07-02	wc-completed	Yoga Belt/Strap for Sturdy Grip - Rose	Yoga Belt/Strap for Sturdy Grip	Yo-BL-D-RE	1.0000	295.7143	6530	6549
46493	2025-07-02	wc-completed	Yoga Belt/Strap for Sturdy Grip - Navy Blue	Yoga Belt/Strap for Sturdy Grip	Yo-BL-D-NB	1.0000	295.7143	6530	6548
46493	2025-07-02	wc-completed	Yoga Belt/Strap for Sturdy Grip - Beige	Yoga Belt/Strap for Sturdy Grip	Yo-BL-D-BE	1.0000	295.7143	6530	6547
46493	2025-07-02	wc-completed	Yoga Belt/Strap for Sturdy Grip - Sky Blue	Yoga Belt/Strap for Sturdy Grip	Yo-BL-D-SB	1.0000	295.7143	6530	6545
46493	2025-07-02	wc-completed	Eye Shaped Natural Lavender Scented Eye Pillows - Dark Grey	Eye Shaped Natural Lavender Scented Eye Pillows	Yo-P-E-DG-1	1.0000	301.2712	9220	9224
46493	2025-07-02	wc-completed	Eye Shaped Natural Lavender Scented Eye Pillows - Sage	Eye Shaped Natural Lavender Scented Eye Pillows	Yo-P-E-SE-1	1.0000	301.2712	9220	9225
46493	2025-07-02	wc-completed	Eye Shaped Natural Lavender Scented Eye Pillows - Rose	Eye Shaped Natural Lavender Scented Eye Pillows	Yo-P-E-RE-1	1.0000	301.2712	9220	9221
46493	2025-07-02	wc-completed	Shamanic Drum - Plain, 40 cms	Shamanic Drum	MI-SD-P-40	1.0000	4004.2373	7293	9589
46493	2025-07-02	wc-completed	Shamanic Drum Bags/Ocean Drum Bags - Large	Shamanic Drum Bags/Ocean Drum Bags		1.0000	1611.0000	45131	45134
46499	2025-07-02	wc-completed	7-Key Kalimba Made from Coconut Shell - Painted & Plain - Dot Painted	7-Key Kalimba Made from Coconut Shell - Painted & Plain	MI-KCS-DP	1.0000	950.0000	7661	7994
46500	2025-07-02	wc-completed	Singing Bowl Bags - Large	Singing Bowl Bags	MI-SB-Bag-L	1.0000	2280.5085	45127	45140
46504	2025-07-03	wc-completed	Kenari Bracelet	Kenari Bracelet	MI-KR-BT	1.0000	1205.3571	42323	0
46504	2025-07-03	wc-completed	Bamboo Rainstick - 1m	Bamboo Rainstick	MI-RS-B-1M	1.0000	2227.6786	7484	8764
46506	2025-07-03	wc-completed	Bamboo Rainstick - 1m	Bamboo Rainstick	MI-RS-B-1M	1.0000	2227.6786	7484	8764
46506	2025-07-03	wc-completed	Eye Shaped Natural Lavender Scented Eye Pillows - Rose	Eye Shaped Natural Lavender Scented Eye Pillows	Yo-P-E-RE-1	1.0000	334.7458	9220	9221
46507	2025-07-03	wc-completed	Kenari Chimes - Small & Large - Large	Kenari Chimes - Small & Large	MI-KR-CH-168	1.0000	3977.6786	45197	46431
46507	2025-07-03	wc-completed	Bird Flute - Single	Bird Flute		1.0000	220.9821	45754	45871
46513	2025-07-03	wc-completed	Kenari Chimes - Small & Large - Large	Kenari Chimes - Small & Large	MI-KR-CH-168	1.0000	3977.6786	45197	46431
46515	2025-07-03	wc-completed	Shamanic Drum - Plain, 40 cms	Shamanic Drum	MI-SD-P-40	1.0000	4004.2373	7293	9589
46515	2025-07-03	wc-completed	Shamanic Drum Bags/Ocean Drum Bags - Large	Shamanic Drum Bags/Ocean Drum Bags		1.0000	1611.0000	45131	45134
46517	2025-07-03	wc-completed	Bird Flute - Single	Bird Flute		1.0000	245.5357	45754	45871
46517	2025-07-03	wc-completed	Singing Bowl Bags - Standard	Singing Bowl Bags	MI-SB-Bag-M	1.0000	2110.1695	45127	45139
46519	2025-07-03	wc-completed	Bamboo Rainstick - 80cms	Bamboo Rainstick	MI-RS-B-80	1.0000	2049.1071	7484	44586
46520	2025-07-03	wc-completed	Pangi Seed Shell Rattle	Pangi Seed Shell Rattle	MI-PS	1.0000	1727.6786	7356	0
46520	2025-07-03	wc-completed	Thunder Tube	Thunder Tube - Basic Edition	MI-TT-20	1.0000	1201.3393	7317	0
46521	2025-07-03	wc-completed	Pangi Seed Shell Rattle	Pangi Seed Shell Rattle	MI-PS	1.0000	1919.6429	7356	0
46522	2025-07-03	wc-completed	Kenari Seed Shell Shakers - Large	Kenari Seed Shell Shakers	MI-KR-S-L	1.0000	1727.6786	7472	7511
46523	2025-07-03	wc-completed	Coconut Rattle	Coconut Rattle	MI-CR	1.0000	933.0357	5730	0
46524	2025-07-03	wc-completed	Crescent Zafu Meditation Cushion - Large, Misty Blue	Crescent Zafu Meditation Cushion	Me-C-Z-L-MB	1.0000	16.1017	6734	44904
46541	2025-07-04	wc-completed	Bird Flute - Single	Bird Flute		1.0000	220.9821	45754	45871
46543	2025-07-04	wc-completed	Thunder Tube	Thunder Tube - Basic Edition	MI-TT-20	1.0000	1334.8214	7317	0
46544	2025-07-04	wc-completed	Kenari Chimes - Small & Large - Large	Kenari Chimes - Small & Large	MI-KR-CH-168	1.0000	3977.6786	45197	46431
46544	2025-07-04	wc-completed	Singing Bowls Silk Ring Cushion Accessories - Combo of 7	Singing Bowls Silk Ring Cushion Accessories		1.0000	1804.0179	6988	46268
46544	2025-07-04	wc-completed	Shamanic Drum Bags/Ocean Drum Bags - Large	Shamanic Drum Bags/Ocean Drum Bags		2.0000	3222.0000	45131	45134
46544	2025-07-04	wc-completed	Kenari Bracelet	Kenari Bracelet	MI-KR-BT	1.0000	1084.8214	42323	0
46544	2025-07-04	wc-completed	Musical Wooden Frog - Large	Musical Wooden Frog	MI-WF	1.0000	1084.8214	7456	44633
46544	2025-07-04	wc-completed	Bird Flute - Pair	Bird Flute		1.0000	361.6071	45754	45872
46544	2025-07-04	wc-completed	Pangi Seed Shell Rattle	Pangi Seed Shell Rattle	MI-PS	1.0000	1727.6786	7356	0
46544	2025-07-04	wc-completed	Thunder Tube	Thunder Tube - Basic Edition	MI-TT-20	1.0000	1201.3393	7317	0
46544	2025-07-04	wc-completed	Asalato/Aslatau or Kashaka Shaker - Painted, Pair	Asalato/Aslatau or Kashaka Shaker	MI-AS	1.0000	2169.6429	7300	46380
46544	2025-07-04	wc-completed	Bamboo Castanet	Bamboo Castanet	MI-CN-B	1.0000	598.6607	7329	0
46544	2025-07-04	wc-completed	Koshi Chimes	Elemental Chimes	MI-Ch-KS	1.0000	2707.0313	45194	0
46544	2025-07-04	wc-completed	Wooden Maracas Shakers | Plain & Dot Painted - Dot Painted	Wooden Maracas Shakers | Plain & Dot Painted	MI-WM	1.0000	839.7321	7542	44154
46544	2025-07-04	wc-completed	Caxixi	Caxixi	Mi-CX-M-N	2.0000	2169.6429	42317	0
46545	2025-07-04	wc-completed	Swinging Chimes - 6 Bars	Swinging Chimes	MI-SC-6	1.0000	6895.0000	10345	10346
46552	2025-07-04	wc-completed	Asalato/Aslatau or Kashaka Shaker - Painted, Single	Asalato/Aslatau or Kashaka Shaker	MI-AS	1.0000	1249.5536	7300	46379
46554	2025-07-04	wc-completed	Thunder Tube	Thunder Tube - Basic Edition	MI-TT-20	1.0000	1201.3393	7317	0
46556	2025-07-04	wc-completed	Bamboo Rainstick - 1m	Bamboo Rainstick	MI-RS-B-1M	1.0000	2004.9107	7484	8764
46557	2025-07-04	wc-completed	Koshi Chimes	Elemental Chimes	MI-Ch-KS	1.0000	2707.0313	45194	0
46558	2025-07-05	wc-completed	Dotted Singing Bowl - 5.5 inch	Dotted Singing Bowl	MI-SB-H-5.5	1.0000	1915.1786	6892	6902
46559	2025-07-05	wc-completed	Rectangular Yoga Bolster made from Organic Cotton - Sage	Rectangular Yoga Bolster	Yo-BR-RE-SE	1.0000	953.3898	9675	9678
46559	2025-07-05	wc-completed	Rectangular Yoga Bolster made from Organic Cotton - Rouge	Rectangular Yoga Bolster	Yo-BR-RE-RP	1.0000	953.3898	9675	9690
46559	2025-07-05	wc-completed	Rectangular Yoga Bolster made from Organic Cotton - Navy Blue	Rectangular Yoga Bolster	Yo-BR-RE-NB	1.0000	953.3898	9675	9679
46559	2025-07-05	wc-completed	Rectangular Yoga Bolster made from Organic Cotton - Dark Grey	Rectangular Yoga Bolster	Yo-BR-RE-DG	1.0000	953.3898	9675	9677
46559	2025-07-05	wc-completed	Rectangular Yoga Bolster made from Organic Cotton - Rose	Rectangular Yoga Bolster	Yo-BR-RE-RE	1.0000	953.3898	9675	9680
46560	2025-07-05	wc-completed	Bird Flute - Single	Bird Flute		1.0000	245.5357	45754	45871
46561	2025-07-05	wc-completed	Thunder Tube	Thunder Tube - Basic Edition	MI-TT-20	1.0000	1334.8214	7317	0
46562	2025-07-05	wc-completed	Pangi Seed Shell Rattle	Pangi Seed Shell Rattle	MI-PS	1.0000	1727.6786	7356	0
46563	2025-07-05	wc-completed	Bamboo Rainstick - 1m	Bamboo Rainstick	MI-RS-B-1M	1.0000	2004.9107	7484	8764
46564	2025-07-05	wc-completed	Crescent Zafu Meditation Cushion - Medium, Lavender	Crescent Zafu Meditation Cushion	Me-C-Z-M-L	1.0000	827.5424	6734	44912
46564	2025-07-05	wc-completed	Eye Shaped Natural Lavender Scented Eye Pillows - Rose	Eye Shaped Natural Lavender Scented Eye Pillows	Yo-P-E-RE-1	1.0000	301.2712	9220	9221
46566	2025-07-06	wc-completed	Dumru/Dumroo Indian Handmade Percussion Instrument - 10cms, Multicolour	Dumru/Dumroo Indian Handmade Percussion Instrument		1.0000	309.5238	5740	6911
46566	2025-07-06	wc-completed	Shankh/Conch - Large	Shankh/Conch		1.0000	1567.7966	45449	45452
46566	2025-07-06	wc-completed	Bamboo Jaw Harp	Bamboo Jaw Harp	MI-BJH	1.0000	267.8571	46498	0
46567	2025-07-06	wc-completed	Asalato/Aslatau or Kashaka Shaker - Plain, Pair	Asalato/Aslatau or Kashaka Shaker	MI-AS	1.0000	2187.5000	7300	46378
46568	2025-07-06	wc-completed	Bird Flute - Single	Bird Flute		1.0000	245.5357	45754	45871
46568	2025-07-06	wc-completed	Ocean Drums - Plain, 25 cms	Ocean Drums		1.0000	1822.0339	9529	9531
46569	2025-07-06	wc-completed	Tuning Forks - Weighted, 432 Hz	Tuning Fork - Single Weighted & Unweighted	MI-TF-W-432	1.0000	1686.4407	9713	9718
46575	2025-07-07	wc-completed	Zafu & Zabuton Meditation Cushion Combo - Misty Blue	Zafu & Zabuton Meditation Cushion Combo	Co-Me-C-Z-Zn-MB	1.0000	2245.7627	7177	9599
46577	2025-07-07	wc-completed	Wooden Mallets for Singing Bowls - Standard Wide, Red	Wooden Mallets for Singing Bowls	MI-SB-M-R-Wd-4.5	1.0000	227.6786	6978	43381
46578	2025-07-07	wc-completed	Bamboo Rainstick - 80cms	Bamboo Rainstick	MI-RS-B-80	1.0000	1844.1964	7484	44586
46579	2025-07-08	wc-completed	Jala Neti Pot - Ceramic 185 ml - Mint Green	Jala Neti Pot - Ceramic 185 ml	NP-MG-185	1.0000	186.8644	5769	6336
46580	2025-07-08	wc-completed	Bamboo Rainstick - 40cms	Bamboo Rainstick	MI-RS-B-40	2.0000	2402.6786	7484	8762
46581	2025-07-08	wc-completed	Bamboo Rainstick - 40cms	Bamboo Rainstick	MI-RS-B-40	1.0000	1201.3393	7484	8762
46582	2025-07-08	wc-completed	Pangi Seed Shell Rattle	Pangi Seed Shell Rattle	MI-PS	1.0000	1727.6786	7356	0
46588	2025-07-08	wc-completed	Bamboo Rainstick - 1m	Bamboo Rainstick	MI-RS-B-1M	1.0000	2004.9107	7484	8764
46589	2025-07-08	wc-completed	Tingsha Bell - Golden, Standard	Tingsha Bell		1.0000	1442.4107	5763	44933
46589	2025-07-08	wc-completed	Hanging Bowls/Zen Drops - Set of 3	Hanging Bowls/Zen Drops		1.0000	4540.1786	45113	45118
46590	2025-07-08	wc-completed	Jala Neti Pot - Ceramic 185 ml - Mint Green	Jala Neti Pot - Ceramic 185 ml	NP-MG-185	1.0000	207.6271	5769	6336
46591	2025-07-08	wc-completed	7 Chakras Mystical Incense Sticks Set - 7 Chakra Set	7 Chakras Mystical Incense Sticks Set	IS-7C	1.0000	457.1429	7687	7688
46592	2025-07-08	wc-completed	Bamboo Rainstick - 1m	Bamboo Rainstick	MI-RS-B-1M	1.0000	2227.6786	7484	8764
46592	2025-07-08	wc-completed	Singing Bowl Bags - Large	Singing Bowl Bags	MI-SB-Bag-L	1.0000	2533.8983	45127	45140
46592	2025-07-08	wc-completed	Pangi Seed Shell Rattle	Pangi Seed Shell Rattle	MI-PS	1.0000	1919.6429	7356	0
46593	2025-07-09	wc-completed	Copper Bottle Gift Set - 7 Chakra - Vintage	Copper Bottle Gift Set - 7 Chakra		1.0000	1406.2500	6638	6648
46593	2025-07-09	wc-completed	Hanging Bowls/Zen Drops - Set of 3	Hanging Bowls/Zen Drops		1.0000	4540.1786	45113	45118
46594	2025-07-09	wc-completed	7 Chakras Copper Water Bottles with Handle	7 Chakras Copper Water Bottles with Handle	CB-7CP-1	1.0000	1000.4464	44503	44507
46595	2025-07-09	wc-completed	Musical Wooden Frog - Standard	Musical Wooden Frog	MI-WF	1.0000	763.3929	7456	44632
46596	2025-07-09	wc-completed	Macrame Yoga Mat Straps - White	Macrame Yoga Mat Straps		1.0000	557.1429	7568	7572
46597	2025-07-09	wc-completed	Macrame Yoga Mat Straps - White	Macrame Yoga Mat Straps		1.0000	557.1429	7568	7572
46598	2025-07-09	wc-completed	"Wooden Mallets for Singing Bowls - Long Soft-11"", Red"	Wooden Mallets for Singing Bowls	MI-SB-M-L-R-11	1.0000	575.8929	6978	43375
46599	2025-07-09	wc-completed	7 Chakras Vintage - Copper Bottle	7 Chakras Vintage - Copper Bottle		1.0000	1080.8036	5682	43492
46600	2025-07-09	wc-completed	Singing Bowls with Sacred Mantra Printed - Gold, 5.5 Inches	Singing Bowls with Sacred Mantra Printed	MI-SB-P-W-5.5	1.0000	1781.2500	6807	7290
46601	2025-07-10	wc-completed	Tuning Forks - Weighted, 432 Hz	Tuning Fork - Single Weighted & Unweighted	MI-TF-W-432	1.0000	1517.7966	9713	9718
46602	2025-07-10	wc-completed	7 Chakras Copper Water Bottles with Handle	7 Chakras Copper Water Bottles with Handle	CB-7CV-B-1	1.0000	1200.8929	44503	44510
46602	2025-07-10	wc-completed	Eye Shaped Natural Lavender Scented Eye Pillows - Beige	Eye Shaped Natural Lavender Scented Eye Pillows		1.0000	334.7458	9220	44614
46602	2025-07-10	wc-completed	7 Chakras Mystical Incense Sticks Set - 7 Chakra Set	7 Chakras Mystical Incense Sticks Set	IS-7C	1.0000	457.1429	7687	7688
46603	2025-07-10	wc-completed	Full Moon Singing Bowls - All Sizes - 5 Inches	Full Moon Singing Bowls - All Sizes	MI-SB-H-FM-5	1.0000	5312.5000	7607	7608
46604	2025-07-10	wc-completed	Stainless Steel Straws - Pack of 4	Stainless Steel Straws	SSS-4	1.0000	218.7500	6505	6508
46604	2025-07-10	wc-completed	Copper Tongue Cleaner - Pack of 4, Straight	Copper Tongue Cleaner	TC-R-1	1.0000	334.7458	5042	7812
46605	2025-07-10	wc-completed	Swinging Chimes - 9 Bars	Swinging Chimes	MI-SC-9	1.0000	8250.0000	10345	10347
46606	2025-07-10	wc-completed	Bird Flute - Pair	Bird Flute		1.0000	361.6071	45754	45872
46606	2025-07-10	wc-completed	Bamboo Rainstick - 1m	Bamboo Rainstick	MI-RS-B-1M	1.0000	2004.9107	7484	8764
46608	2025-07-10	wc-completed	Musical Wooden Frog - Standard	Musical Wooden Frog	MI-WF	1.0000	763.3929	7456	44632
46609	2025-07-10	wc-completed	Bamboo Rainstick - 1m	Bamboo Rainstick	MI-RS-B-1M	1.0000	2227.6786	7484	8764
46611	2025-07-11	wc-completed	Bamboo Rainstick - 40cms	Bamboo Rainstick	MI-RS-B-40	1.0000	1201.3393	7484	8762
46612	2025-07-11	wc-completed	Bamboo Rainstick - 1m	Bamboo Rainstick	MI-RS-B-1M	1.0000	2227.6786	7484	8764
46612	2025-07-11	wc-completed	Ocean Drums - Plain, 30 cms	Ocean Drums	MI-OD-P-30	1.0000	2076.2712	9529	9532
46612	2025-07-11	wc-completed	Pangi Seed Shell Rattle	Pangi Seed Shell Rattle	MI-PS	1.0000	1919.6429	7356	0
46613	2025-07-11	wc-completed	Wooden Maracas Shakers | Plain & Dot Painted - Dot Painted	Wooden Maracas Shakers | Plain & Dot Painted	MI-WM	3.0000	2799.1071	7542	44154
46615	2025-07-11	wc-completed	Musical Wooden Frog - Large	Musical Wooden Frog	MI-WF	1.0000	1084.8214	7456	44633
46615	2025-07-11	wc-completed	Wooden Maracas Shakers | Plain & Dot Painted - Plain	Wooden Maracas Shakers | Plain & Dot Painted	MI-WM	1.0000	791.5179	7542	44153
46617	2025-07-11	wc-completed	Yoga Bolster made from Organic Cotton - Navy Blue	Round Yoga Bolster	Yo-BR-R-NB	1.0000	1029.6610	6689	6693
46618	2025-07-12	wc-completed	Hanging Bowls/Zen Drops - Set of 3	Hanging Bowls/Zen Drops		1.0000	4540.1786	45113	45118
46619	2025-07-12	wc-completed	Bamboo Rainstick - 60cms	Bamboo Rainstick	MI-RS-B-60	1.0000	1603.1250	7484	8763
46620	2025-07-12	wc-completed	Singing Bowls Silk Ring Cushion Accessories - Combo of 7	Singing Bowls Silk Ring Cushion Accessories		1.0000	2004.4643	6988	46268
46621	2025-07-12	wc-completed	7 Chakras Gold - Copper Bottle	7 Chakras Gold - Copper Bottle		1.0000	1000.4464	5675	43493
46622	2025-07-12	wc-completed	Swinging Chimes - 9 Bars	Swinging Chimes	MI-SC-9	1.0000	8250.0000	10345	10347
46622	2025-07-12	wc-completed	Bamboo Rainstick - 1m	Bamboo Rainstick	MI-RS-B-1M	1.0000	2227.6786	7484	8764
46622	2025-07-12	wc-completed	Pangi Seed Shell Rattle	Pangi Seed Shell Rattle	MI-PS	1.0000	1919.6429	7356	0
46622	2025-07-12	wc-completed	Ocean Drums - Plain, 40 cms	Ocean Drums	MI-OD-P-40	1.0000	2754.2373	9529	9534
46622	2025-07-12	wc-completed	Shankh/Conch - Medium	Shankh/Conch		1.0000	1228.8136	45449	45451
46622	2025-07-12	wc-completed	Hanging Bowls/Zen Drops - Set of 3	Hanging Bowls/Zen Drops		1.0000	5044.6429	45113	45118
46623	2025-07-12	wc-completed	Tibetan Buddhist Bell - Standard	Tibetan Buddhist Bell	MI-BB-3	1.0000	1473.2143	6973	9199
46624	2025-07-12	wc-completed	Asalato/Aslatau or Kashaka Shaker - Plain, Pair	Asalato/Aslatau or Kashaka Shaker	MI-AS	1.0000	2187.5000	7300	46378
46627	2025-07-12	wc-completed	Bamboo Rainstick - 1m	Bamboo Rainstick	MI-RS-B-1M	1.0000	2227.6786	7484	8764
46629	2025-07-13	wc-completed	Zafu Meditation Cushion filled with Cotton - Sage	Zafu Meditation Cushion Plain Filled with Cotton	Me-Z-R-C-SE	1.0000	827.5424	6711	6733
46630	2025-07-13	wc-completed	Bamboo Rainstick - 40cms	Bamboo Rainstick	MI-RS-B-40	1.0000	1201.3393	7484	8762
46631	2025-07-13	wc-completed	Tingsha Bell - Etched, Standard	Tingsha Bell		1.0000	1442.4107	5763	44937
46632	2025-07-13	wc-completed	Thunder Tube	Thunder Tube - Basic Edition	MI-TT-20	1.0000	1334.8214	7317	0
46633	2025-07-13	wc-completed	CEG Crystal Singing Bowl Set	Triad Crystal Bowl Set		1.0000	28808.0357	45668	0
46635	2025-07-13	wc-completed	Koshi Chimes	Elemental Chimes	MI-Ch-KS	1.0000	2707.0313	45194	0
46637	2025-07-14	wc-completed	Dotted Singing Bowl - Deep 5.5 Inch	Dotted Singing Bowl	MI-SB-D-7	1.0000	2129.4643	6892	42911
46639	2025-07-14	wc-completed	Kenari Chimes - Small & Large - Small	Kenari Chimes - Small & Large	MI-KR-CH-168	1.0000	3174.1071	45197	46430
46639	2025-07-14	wc-completed	Bamboo Rainstick - 60cms	Bamboo Rainstick	MI-RS-B-60	1.0000	1603.1250	7484	8763
46640	2025-07-14	wc-completed	Ocean Drums - Plain, 40 cms	Ocean Drums	MI-OD-P-40	1.0000	2478.8136	9529	9534
46640	2025-07-14	wc-completed	Bamboo Rainstick - 1m	Bamboo Rainstick	MI-RS-B-1M	1.0000	2004.9107	7484	8764
46640	2025-07-14	wc-completed	Pangi Seed Shell Rattle	Pangi Seed Shell Rattle	MI-PS	1.0000	1727.6786	7356	0
46640	2025-07-14	wc-completed	Swinging Chimes - 9 Bars	Swinging Chimes	MI-SC-9	1.0000	8250.0000	10345	10347
46640	2025-07-14	wc-completed	Musical Wooden Frog - Standard	Musical Wooden Frog	MI-WF	1.0000	763.3929	7456	44632
46640	2025-07-14	wc-completed	Thunder Tube	Thunder Tube - Basic Edition	MI-TT-20	1.0000	1201.3393	7317	0
46640	2025-07-14	wc-completed	11 Note Tongue Drum - Blue, 12 inches	11 Note Tongue Drum		1.0000	7065.0000	42373	42415
46640	2025-07-14	wc-completed	Tingsha Bell - Golden, Standard	Tingsha Bell		1.0000	1442.4107	5763	44933
46640	2025-07-14	wc-completed	Caxixi	Caxixi	Mi-CX-M-N	1.0000	1084.8214	42317	0
46641	2025-07-14	wc-completed	Bamboo Rainstick - 1m	Bamboo Rainstick	MI-RS-B-1M	1.0000	2004.9107	7484	8764
46641	2025-07-14	wc-completed	Koshi Chimes	Elemental Chimes	MI-Ch-KS	1.0000	2707.0313	45194	0
46642	2025-07-14	wc-completed	Spiral/Snake Didgeridoo - Green	Spiral/Snake Didgeridoo	MI-DG-SP-G	1.0000	5343.7500	7324	7519
46643	2025-07-14	wc-completed	Hanging Bowls/Zen Drops - Set of 3	Hanging Bowls/Zen Drops		1.0000	5044.6429	45113	45118
46644	2025-07-15	wc-completed	Tuning Forks - Weighted, 128 Hz	Tuning Fork - Single Weighted & Unweighted	MI-TF-W-128	1.0000	1746.6102	9713	9715
46644	2025-07-15	wc-completed	Tuning Forks - Weighted, 136.10 Hz	Tuning Fork - Single Weighted & Unweighted		1.0000	1746.6102	9713	9716
46644	2025-07-15	wc-completed	Tuning Forks - Weighted, 40 Hz	Tuning Fork - Single Weighted & Unweighted		1.0000	1517.7966	9713	9714
46646	2025-07-15	wc-completed	Macrame Yoga Mat Straps - Brown	Macrame Yoga Mat Straps	Yo-MC-MS-B	1.0000	557.1429	7568	7573
46647	2025-07-15	wc-completed	Bird Flute - Single	Bird Flute		1.0000	245.5357	45754	45871
46647	2025-07-15	wc-completed	Mini Bamboo Slide Whistle	Mini Bamboo Slide Whistle	MI-BSW	1.0000	223.2143	46495	0
46647	2025-07-15	wc-completed	Pangi Seed Shell Rattle	Pangi Seed Shell Rattle	MI-PS	1.0000	1919.6429	7356	0
46649	2025-07-16	wc-completed	Jala Neti Pot - Ceramic 185 ml - White	Jala Neti Pot - Ceramic 185 ml	NP-W-185	1.0000	207.6271	5769	5826
46650	2025-07-16	wc-completed	Shruthi Thali/Gong Plates - C Plate	Shruthi Thali/Gong Plates		1.0000	135.0000	45485	45492
46650	2025-07-16	wc-completed	Shamanic Drum Bags/Ocean Drum Bags - Large	Shamanic Drum Bags/Ocean Drum Bags		1.0000	17.9100	45131	45134
46650	2025-07-16	wc-completed	Swinging Chimes - 9 Bars	Swinging Chimes	MI-SC-9	1.0000	123.0000	10345	10347
46650	2025-07-16	wc-completed	Kenari Chimes - Small & Large - Large	Kenari Chimes - Small & Large	MI-KR-CH-168	1.0000	52.2321	45197	46431
46661	2025-07-16	wc-completed	Rectangular Yoga Bolster made from Organic Cotton - Navy Blue	Rectangular Yoga Bolster	Yo-BR-RE-NB	1.0000	1059.3220	9675	9679
46663	2025-07-16	wc-completed	7-Key Kalimba Made from Coconut Shell - Painted			1.0000	950.0000	46417	0
46665	2025-07-16	wc-completed	Singing Bowl Bags - Large	Singing Bowl Bags	MI-SB-Bag-L	1.0000	2280.5085	45127	45140
46666	2025-07-16	wc-completed	Pangi Seed Shell Rattle	Pangi Seed Shell Rattle	MI-PS	1.0000	1727.6786	7356	0
46667	2025-07-16	wc-completed	Mini Bamboo Slide Whistle	Mini Bamboo Slide Whistle	MI-BSW	1.0000	223.2143	46495	0
46667	2025-07-16	wc-completed	Bamboo Jaw Harp	Bamboo Jaw Harp	MI-BJH	1.0000	267.8571	46498	0
46668	2025-07-16	wc-completed	Singing Bowls Silk Ring Cushion Accessories - Combo of 3	Singing Bowls Silk Ring Cushion Accessories		1.0000	638.8393	6988	46266
46668	2025-07-16	wc-completed	Wooden Mallets for Singing Bowls - Standard Wide, Red	Wooden Mallets for Singing Bowls	MI-SB-M-R-Wd-4.5	2.0000	409.8214	6978	43381
46668	2025-07-16	wc-completed	Wooden Mallets for Singing Bowls - Long Firm-Standard, Red	Wooden Mallets for Singing Bowls	MI-SB-M-R-Wd-4.5	1.0000	518.3036	6978	43367
46669	2025-07-16	wc-completed	Rectangular Yoga Bolster made from Organic Cotton - Rose	Rectangular Yoga Bolster	Yo-BR-RE-RE	1.0000	953.3898	9675	9680
46670	2025-07-17	wc-completed	Bird Flute - Single	Bird Flute		1.0000	245.5357	45754	45871
46671	2025-07-17	wc-completed	Mini Bamboo Slide Whistle	Mini Bamboo Slide Whistle	MI-BSW	1.0000	223.2143	46495	0
46671	2025-07-17	wc-completed	Bamboo Jaw Harp	Bamboo Jaw Harp	MI-BJH	1.0000	267.8571	46498	0
46672	2025-07-17	wc-completed	Hanging Bowls/Zen Drops - Set of 3	Hanging Bowls/Zen Drops		1.0000	4540.1786	45113	45118
46674	2025-07-17	wc-completed	Wooden Mallets for Singing Bowls - Thick Wide, Red	Wooden Mallets for Singing Bowls	MI-SB-M-R-Wd-4.5	1.0000	229.0179	6978	43379
46674	2025-07-17	wc-completed	Singing Bowls Silk Ring Cushion Accessories - Combo of 7	Singing Bowls Silk Ring Cushion Accessories		1.0000	1804.0179	6988	46268
46674	2025-07-17	wc-completed	Singing Bowl Bags - Large	Singing Bowl Bags	MI-SB-Bag-L	1.0000	2280.5085	45127	45140
46675	2025-07-17	wc-completed	7 Chakras Gold - Copper Bottle	7 Chakras Gold - Copper Bottle		1.0000	888.3929	5675	5785
46677	2025-07-17	wc-completed	Pangi Seed Shell Rattle	Pangi Seed Shell Rattle	MI-PS	1.0000	1919.6429	7356	0
46678	2025-07-17	wc-completed	Bird Flute - Pair	Bird Flute		1.0000	401.7857	45754	45872
46678	2025-07-17	wc-completed	Bamboo Rainstick - 40cms	Bamboo Rainstick	MI-RS-B-40	1.0000	1334.8214	7484	8762
46679	2025-07-17	wc-completed	Coconut Rattle	Coconut Rattle	MI-CR	1.0000	839.7321	5730	0
46679	2025-07-17	wc-completed	Bamboo Rainstick - 60cms	Bamboo Rainstick	MI-RS-B-60	1.0000	1603.1250	7484	8763
46680	2025-07-17	wc-completed	Asalato/Aslatau or Kashaka Shaker - Plain, Pair	Asalato/Aslatau or Kashaka Shaker	MI-AS	1.0000	1968.7500	7300	46378
46681	2025-07-17	wc-completed	Pangi Seed Shell Rattle	Pangi Seed Shell Rattle	MI-PS	2.0000	3839.2857	7356	0
46683	2025-07-18	wc-completed	Zafu Meditation Cushion filled with Cotton - Lavender	Zafu Meditation Cushion Plain Filled with Cotton	Me-Z-R-LR	1.0000	919.4915	6711	9628
46685	2025-07-18	wc-completed	Pangi Seed Shell Rattle	Pangi Seed Shell Rattle	MI-PS	1.0000	1919.6429	7356	0
46686	2025-07-18	wc-completed	Bamboo Rainstick - 40cms	Bamboo Rainstick	MI-RS-B-40	1.0000	1201.3393	7484	8762
46691	2025-07-18	wc-completed	Singing Bowls Silk Ring Cushion Accessories - Combo of 5	Singing Bowls Silk Ring Cushion Accessories		1.0000	1468.7500	6988	46267
46694	2025-07-18	wc-completed	Yoga Blanket made from Organic Cotton - Natural White	Yoga Blanket made from Organic Cotton	Yo-BT-C-NT	1.0000	1110.0000	6668	6688
46703	2025-07-18	wc-completed	Pangi Seed Shell Rattle	Pangi Seed Shell Rattle	MI-PS	1.0000	1919.6429	7356	0
46704	2025-07-18	wc-completed	Mini Bamboo Slide Whistle	Mini Bamboo Slide Whistle	MI-BSW	1.0000	223.2143	46495	0
46705	2025-07-19	wc-completed	Ocean Drums - Plain, 40 cms	Ocean Drums	MI-OD-P-40	1.0000	2478.8136	9529	9534
46707	2025-07-19	wc-completed	Shamanic Drum Bags/Ocean Drum Bags - Standard	Shamanic Drum Bags/Ocean Drum Bags		1.0000	891.0000	45131	45133
46707	2025-07-19	wc-completed	Ocean Drums - Plain, 30 cms	Ocean Drums	MI-OD-P-30	1.0000	1868.6441	9529	9532
46707	2025-07-19	wc-completed	Mini Bamboo Slide Whistle	Mini Bamboo Slide Whistle	MI-BSW	1.0000	200.8929	46495	0
46707	2025-07-19	wc-completed	Bamboo Rainstick - 1m	Bamboo Rainstick	MI-RS-B-1M	1.0000	2004.9107	7484	8764
46711	2025-07-19	wc-completed	Bamboo Rainstick - 80cms	Bamboo Rainstick	MI-RS-B-80	1.0000	1844.1964	7484	44586
46711	2025-07-19	wc-completed	Mini Bamboo and Aluminium Bar Chime - 10	Mini Bamboo and Aluminium Bar Chime	MI-BCH-S-10	1.0000	751.2712	7450	46480
46716	2025-07-19	wc-completed	Bamboo Rainstick - 40cms	Bamboo Rainstick	MI-RS-B-40	1.0000	1334.8214	7484	8762
46717	2025-07-20	wc-completed	Bamboo Rainstick - 1m	Bamboo Rainstick	MI-RS-B-1M	1.0000	2004.9107	7484	8764
46718	2025-07-20	wc-completed	Asalato/Aslatau or Kashaka Shaker - Painted, Pair	Asalato/Aslatau or Kashaka Shaker	MI-AS	1.0000	2169.6429	7300	46380
46719	2025-07-20	wc-completed	Bird Flute - Pair	Bird Flute		1.0000	361.6071	45754	45872
46720	2025-07-20	wc-completed	Rectangular Yoga Bolster made from Organic Cotton - Navy Blue	Rectangular Yoga Bolster	Yo-BR-RE-NB	2.0000	1906.7797	9675	9679
46721	2025-07-20	wc-completed	Bird Flute - Pair	Bird Flute		1.0000	361.6071	45754	45872
46722	2025-07-20	wc-completed	Tuning Forks - Unweighted, 128 Hz	Tuning Fork - Single Weighted & Unweighted		1.0000	1288.9831	9713	9746
46723	2025-07-20	wc-completed	Yoga Belt/Strap for Sturdy Grip - Beige	Yoga Belt/Strap for Sturdy Grip	Yo-BL-D-BE	1.0000	295.7143	6530	6547
46723	2025-07-20	wc-completed	Dotted Singing Bowl - 5.5 inch	Dotted Singing Bowl	MI-SB-H-5.5	1.0000	1723.6607	6892	6902
46724	2025-07-20	wc-completed	Bamboo Rainstick - 1m	Bamboo Rainstick	MI-RS-B-1M	1.0000	2227.6786	7484	8764
46724	2025-07-20	wc-completed	Pangi Seed Shell Rattle	Pangi Seed Shell Rattle	MI-PS	1.0000	1919.6429	7356	0
46725	2025-07-20	wc-completed	Spin/Twist Drum or Den Den Daiko - Large 3.5 in	Spin/Twist Drum or Den Den Daiko	MI-TD-YY	1.0000	11.2500	7417	7418
46726	2025-07-21	wc-completed	Bird Flute - Single	Bird Flute		1.0000	220.9821	45754	45871
46726	2025-07-21	wc-completed	Tuning Forks - Unweighted, 40 Hz	Tuning Fork - Single Weighted & Unweighted		1.0000	1136.4407	9713	9745
46726	2025-07-21	wc-completed	"Wooden Mallets for Singing Bowls - Long Soft-9"", Red"	Wooden Mallets for Singing Bowls	MI-SB-M-L-R-9	1.0000	518.3036	6978	43376
46727	2025-07-21	wc-completed	Bamboo Rainstick - 80cms	Bamboo Rainstick	MI-RS-B-80	1.0000	2049.1071	7484	44586
46727	2025-07-21	wc-completed	Coconut Maracas Shakers - Plain	Coconut Maracas Shakers	MI-CM	1.0000	883.9286	7370	45394
46727	2025-07-21	wc-completed	Thunder Tube - Basic Edition - 30cms	Thunder Tube - Basic Edition	MI-TT-20	1.0000	1383.9286	7317	46653
46729	2025-07-21	wc-completed	Tuning Forks - Unweighted, 128 Hz	Tuning Fork - Single Weighted & Unweighted		1.0000	1432.2034	9713	9746
46729	2025-07-21	wc-completed	Bamboo Rainstick - 80cms	Bamboo Rainstick	MI-RS-B-80	1.0000	2049.1071	7484	44586
46730	2025-07-22	wc-completed	Jala Neti Pot - Ceramic 185 ml - Blue	Jala Neti Pot - Ceramic 185 ml	NP-B-185	1.0000	186.8644	5769	6918
46731	2025-07-22	wc-completed	Bamboo Rainstick - 80cms	Bamboo Rainstick	MI-RS-B-80	1.0000	2049.1071	7484	44586
46731	2025-07-22	wc-completed	Swinging Chimes - 9 Bars	Swinging Chimes	MI-SC-9	1.0000	8250.0000	10345	10347
46732	2025-07-22	wc-completed	Singing Bowl Bags - Large	Singing Bowl Bags	MI-SB-Bag-L	1.0000	2280.5085	45127	45140
46732	2025-07-22	wc-completed	Coconut Maracas Shakers - Plain	Coconut Maracas Shakers	MI-CM	1.0000	795.5357	7370	45394
46733	2025-07-22	wc-completed	Pangi Seed Shell Rattle	Pangi Seed Shell Rattle	MI-PS	1.0000	1919.6429	7356	0
46734	2025-07-22	wc-completed	Jala Neti Pot - Ceramic 185 ml - Mint Green	Jala Neti Pot - Ceramic 185 ml	NP-MG-185	1.0000	186.8644	5769	6336
46745	2025-07-22	wc-completed	Ocean Drums - Plain, 40 cms	Ocean Drums	MI-OD-P-40	1.0000	2754.2373	9529	9534
46748	2025-07-22	wc-completed	Thunder Tube - Basic Edition - 30cms	Thunder Tube - Basic Edition	MI-TT-20	1.0000	1383.9286	7317	46653
46749	2025-07-22	wc-completed	Shamanic Drum Bags/Ocean Drum Bags - Large	Shamanic Drum Bags/Ocean Drum Bags		1.0000	1161.0000	45131	45134
46758	2025-07-23	wc-completed	Third Eye Chakra Singing Bowl	Third Eye Chakra Singing Bowl		1.0000	4728.8136	45477	0
46759	2025-07-23	wc-completed	7 Chakras Copper Water Bottles	7 Chakras Copper Water Bottles	CB-7CV-B	1.0000	1080.8036	6080	43440
46761	2025-07-23	wc-completed	"Wooden Mallets for Singing Bowls - Long Soft-11"", White"	Wooden Mallets for Singing Bowls	MI-SB-M-L-W-11	1.0000	620.5357	6978	43371
46761	2025-07-23	wc-completed	Singing Bowls Silk Ring Cushion Accessories - 12 cms, Blue	Singing Bowls Silk Ring Cushion Accessories	MI-SB-C-B-12	1.0000	245.5357	6988	7773
46762	2025-07-23	wc-completed	Asalato/Aslatau or Kashaka Shaker - Plain, Pair	Asalato/Aslatau or Kashaka Shaker	MI-AS	1.0000	2187.5000	7300	46378
46764	2025-07-24	wc-completed	Pangi Seed Shell Rattle	Pangi Seed Shell Rattle	MI-PS	1.0000	1727.6786	7356	0
46764	2025-07-24	wc-completed	Mini Bamboo and Aluminium Bar Chime - 10	Mini Bamboo and Aluminium Bar Chime	MI-BCH-S-10	1.0000	751.2712	7450	46480
46765	2025-07-24	wc-completed	Shruthi Thali/Gong Plates - A Plate	Shruthi Thali/Gong Plates		1.0000	7065.0000	45485	45487
46766	2025-07-24	wc-completed	Mini Bamboo and Aluminium Bar Chime - 10	Mini Bamboo and Aluminium Bar Chime	MI-BCH-S-10	1.0000	751.2712	7450	46480
46766	2025-07-24	wc-completed	Ocean Drums - Plain, 30 cms	Ocean Drums	MI-OD-P-30	1.0000	1868.6441	9529	9532
46766	2025-07-24	wc-completed	Shamanic Drum Bags/Ocean Drum Bags - Standard	Shamanic Drum Bags/Ocean Drum Bags		1.0000	891.0000	45131	45133
46768	2025-07-24	wc-completed	Handmade Universal Bowl for Sound Healing	Handmade Universal Bowl for Sound Healing	MI-SB-HM-UN	1.0000	6308.0357	8143	0
46768	2025-07-24	wc-completed	Kenari Chimes - Small & Large - Small	Kenari Chimes - Small & Large	MI-KR-CH-168	1.0000	3174.1071	45197	46430
46769	2025-07-24	wc-completed	Asalato/Aslatau or Kashaka Shaker - Painted, Pair	Asalato/Aslatau or Kashaka Shaker	MI-AS	1.0000	2169.6429	7300	46380
46770	2025-07-25	wc-completed	Bamboo Rainstick - 80cms	Bamboo Rainstick	MI-RS-B-80	1.0000	1844.1964	7484	44586
46775	2025-07-25	wc-completed	"Wooden Mallets for Singing Bowls - Long Soft-13"", Red"	Wooden Mallets for Singing Bowls	MI-SB-M-L-R-13	1.0000	758.9286	6978	43374
46776	2025-07-25	wc-completed	Ocean Drums - Plain, 40 cms	Ocean Drums	MI-OD-P-40	1.0000	2478.8136	9529	9534
46776	2025-07-25	wc-completed	Shamanic Drum Bags/Ocean Drum Bags - Large	Shamanic Drum Bags/Ocean Drum Bags		1.0000	1161.0000	45131	45134
46776	2025-07-25	wc-completed	Gong Bags - Large	Gong Bags		1.0000	1792.3729	45152	45154
46777	2025-07-25	wc-completed	Hanging Bowls/Zen Drops - Set of 3	Hanging Bowls/Zen Drops		1.0000	5044.6429	45113	45118
46777	2025-07-25	wc-completed	The Head Bowl	The Head Bowl		1.0000	7584.7458	45518	0
46778	2025-07-25	wc-completed	Bamboo Rainstick - 40cms	Bamboo Rainstick	MI-RS-B-40	1.0000	1201.3393	7484	8762
46778	2025-07-25	wc-completed	Pangi Seed Shell Rattle	Pangi Seed Shell Rattle	MI-PS	1.0000	1727.6786	7356	0
46780	2025-07-26	wc-completed	Macrame Yoga Mat Straps - White	Macrame Yoga Mat Straps		1.0000	501.4286	7568	7572
46781	2025-07-26	wc-completed	Grooved, Hammered & Plain Copper Bottle	Grooved, Hammered & Plain Copper Bottle	CB-CVDG-B	1.0000	16.7857	6071	43481
46782	2025-07-26	wc-completed	Rectangular Yoga Bolster made from Organic Cotton - Navy Blue	Rectangular Yoga Bolster	Yo-BR-RE-NB	1.0000	953.3898	9675	9679
46783	2025-07-27	wc-completed	Curved Copper Bottles	Curved Copper Bottles		2.0000	1926.9643	5489	43498
46784	2025-07-27	wc-completed	Asalato/Aslatau or Kashaka Shaker - Painted, Pair	Asalato/Aslatau or Kashaka Shaker	MI-AS	1.0000	2410.7143	7300	46380
46790	2025-07-28	wc-completed	Swinging Chimes - 6 Bars	Swinging Chimes	MI-SC-6	1.0000	6895.0000	10345	10346
46794	2025-07-28	wc-completed	Flower of Life with Sacred Symbols Singing Bowls - Brown, 8 in	Flower of Life with Sacred Symbols Singing Bowls	MI-SB-RFL-BR-8	1.0000	1383.9286	10035	10051
46795	2025-07-28	wc-completed	Sunshine within Me	Sunshine within Me		1.0000	1000.4464	5669	5783
46795	2025-07-28	wc-completed	Handmade Singing Bowls - All Sizes - 6 in, Polished	Handmade Singing Bowls - All Sizes	Mi-SB-H-P-6	1.0000	4540.1786	6884	9696
46795	2025-07-28	wc-completed	Handmade Singing Bowls - All Sizes - 8 in, Polished	Handmade Singing Bowls - All Sizes	Mi-SB-H-P-8	1.0000	5825.8929	6884	9700
46795	2025-07-28	wc-completed	Aluminium 22 Steel Bars Chime	Aluminium 22 Steel Bars Chime		1.0000	3174.1071	46525	0
46795	2025-07-28	wc-completed	Singing Bowl Bags - Large	Singing Bowl Bags	MI-SB-Bag-L	1.0000	2280.5085	45127	45140
46796	2025-07-28	wc-completed	Dotted Singing Bowl - Deep 5.5 Inch	Dotted Singing Bowl	MI-SB-D-7	1.0000	34.3750	6892	42911
46797	2025-07-29	wc-completed	Crystal Bowls - 8 in	Crystal Bowls	MI-CB-W-8	1.0000	7970.3390	9777	9780
46798	2025-07-29	wc-completed	Singing Bowls with Sacred Mantra Printed - Gold, 3.5 Inches	Singing Bowls with Sacred Mantra Printed	MI-SB-P-W-3.5	1.0000	1040.6250	6807	7955
46799	2025-07-29	wc-completed	Zabuton Cushion for Meditation - Light Grey	Zabuton Cushion for Meditation	Me-C-Zn-LG	1.0000	1411.0169	6780	9607
46801	2025-07-29	wc-completed	Sacred Symbols Singing Bowls - Yellow, 5.5 in	Sacred Symbols Singing Bowls	MI-SB-P-SS-Y-5.5	1.0000	1603.1250	10008	10023
46802	2025-07-29	wc-completed	Yoga Blanket made from Organic Cotton - Magenta	Yoga Blanket made from Organic Cotton	Yo-BT-C-MG	1.0000	1195.7143	6668	6686
46804	2025-07-29	wc-completed	Asalato/Aslatau or Kashaka Shaker - Plain, Pair	Asalato/Aslatau or Kashaka Shaker	MI-AS	1.0000	1968.7500	7300	46378
46806	2025-07-29	wc-completed	Rectangular Yoga Bolster made from Organic Cotton - Dark Grey	Rectangular Yoga Bolster	Yo-BR-RE-DG	1.0000	953.3898	9675	9677
46807	2025-07-29	wc-completed	Rectangular Yoga Bolster made from Organic Cotton - Navy Blue	Rectangular Yoga Bolster	Yo-BR-RE-NB	1.0000	953.3898	9675	9679
46808	2025-07-29	wc-completed	Hanging Bowls/Zen Drops - Set of 3	Hanging Bowls/Zen Drops		1.0000	4540.1786	45113	45118
46809	2025-07-30	wc-completed	Gong Bags - Standard	Gong Bags		1.0000	1487.2881	45152	45153
46809	2025-07-30	wc-completed	Gong Stand - Light, Medium	Gong Stand		1.0000	5986.6071	45289	45295
46809	2025-07-30	wc-completed	Plain/Wind Tibetan Gong - 22 in	Plain/Wind Tibetan Gong	MI-G-P-22	1.0000	18080.3571	8833	10195
46810	2025-07-30	wc-completed	Crescent Zafu Meditation Cushion - Large, Sage	Crescent Zafu Meditation Cushion	Me-C-Z-L-S	1.0000	970.3390	6734	44906
46813	2025-07-30	wc-completed	Bamboo Rainstick - 60cms	Bamboo Rainstick	MI-RS-B-60	1.0000	1603.1250	7484	8763
46814	2025-07-30	wc-completed	Shankh/Conch - Medium	Shankh/Conch		1.0000	1105.9322	45449	45451
46814	2025-07-30	wc-completed	7-Key Kalimba Made from Coconut Shell - Painted			1.0000	855.0000	46417	0
46815	2025-07-30	wc-completed	Pangi Seed Shell Rattle	Pangi Seed Shell Rattle	MI-PS	1.0000	1727.6786	7356	0
46815	2025-07-30	wc-completed	Hanging Bowls/Zen Drops - Set of 3	Hanging Bowls/Zen Drops		1.0000	4540.1786	45113	45118
46816	2025-07-31	wc-completed	Flower of Life with Sacred Symbols Singing Bowls - Brown, 10.5 in	Flower of Life with Sacred Symbols Singing Bowls	MI-SB-RFL-BR-10.5	1.0000	1759.8214	10035	10053
46817	2025-07-31	wc-completed	Flower of Life with Sacred Symbols Singing Bowls - Brown, 8 in	Flower of Life with Sacred Symbols Singing Bowls	MI-SB-RFL-BR-8	1.0000	1245.5357	10035	10051
46817	2025-07-31	wc-completed	Bamboo Rainstick - 40cms	Bamboo Rainstick	MI-RS-B-40	1.0000	1201.3393	7484	8762
46818	2025-07-31	wc-completed	Bamboo Rainstick - 80cms	Bamboo Rainstick	MI-RS-B-80	1.0000	2049.1071	7484	44586
46819	2025-07-31	wc-completed	Mini Bamboo Slide Whistle	Mini Bamboo Slide Whistle	MI-BSW	1.0000	223.2143	46495	0
46820	2025-08-01	wc-completed	Dumru/Dumroo Indian Handmade Percussion Instrument - 10cms, Dark Brown	Dumru/Dumroo Indian Handmade Percussion Instrument		1.0000	309.5238	5740	6910
46824	2025-08-01	wc-completed	Koshi Chimes	Elemental Chimes	MI-Ch-KS	1.0000	2707.0313	45194	0
46825	2025-08-01	wc-completed	Gong Stand - Dark, Small	Gong Stand		1.0000	6116.0714	45289	45297
46829	2025-08-01	wc-completed	Mini Bamboo Slide Whistle	Mini Bamboo Slide Whistle	MI-BSW	1.0000	223.2143	46495	0
46829	2025-08-01	wc-completed	Bird Flute - Pair	Bird Flute		1.0000	401.7857	45754	45872
46829	2025-08-01	wc-completed	Musical Wooden Frog - Large	Musical Wooden Frog	MI-WF	1.0000	1205.3571	7456	44633
46830	2025-08-01	wc-completed	Shruti Box - 3 Octaves	Shruti Box		1.0000	13490.0000	44970	45005
46831	2025-08-01	wc-completed	Zafu & Zabuton Meditation Cushion Combo with Lotus Embroidery - Lavender	Zafu & Zabuton Meditation Cushion Combo - Lotus Embroidery	Co-Me-C-Z-Zn-LR-E-L	1.0000	2173.7288	9312	9313
46832	2025-08-01	wc-completed	Bird Flute - Single	Bird Flute		1.0000	220.9821	45754	45871
46832	2025-08-01	wc-completed	Mini Bamboo Slide Whistle	Mini Bamboo Slide Whistle	MI-BSW	1.0000	200.8929	46495	0
46833	2025-08-01	wc-completed	Crystal Bowls - 10 in	Crystal Bowls	MI-CB-W-10	1.0000	9343.2203	9777	9782
46834	2025-08-01	wc-completed	Hammered Copper Bottle - Without Brush	Hammered Copper Bottle		1.0000	981.2500	5688	5913
46836	2025-08-01	wc-completed	Asalato/Aslatau or Kashaka Shaker - Painted, Pair	Asalato/Aslatau or Kashaka Shaker	MI-AS	1.0000	2410.7143	7300	46380
46837	2025-08-01	wc-completed	7 Chakras Copper Water Bottles	7 Chakras Copper Water Bottles	CB-7CP-B-.5	1.0000	888.3929	6080	43434
46838	2025-08-02	wc-completed	Curved Copper Bottles	Curved Copper Bottles		2.0000	2141.0714	5489	43498
46839	2025-08-02	wc-completed	Mini Coconut Shakers - 3 Types - All 3	Mini Coconut Shakers - 3 Types	CO-MI-CS-SRE	1.0000	1201.3393	6062	10128
46839	2025-08-02	wc-completed	Shruti Box - 3 Octaves	Shruti Box		1.0000	12141.0000	44970	45005
46840	2025-08-02	wc-completed	Kenari Seed Shell Shakers - Small	Kenari Seed Shell Shakers	MI-KR-S-S	1.0000	1084.8214	7472	7510
46840	2025-08-02	wc-completed	Mini Bamboo Slide Whistle	Mini Bamboo Slide Whistle	MI-BSW	1.0000	200.8929	46495	0
46841	2025-08-02	wc-completed	Shruti Box - 2 Octaves	Shruti Box		1.0000	10710.0000	44970	45004
46842	2025-08-02	wc-completed	Eye Shaped Natural Lavender Scented Eye Pillows - Rose	Eye Shaped Natural Lavender Scented Eye Pillows	Yo-P-E-RE-1	1.0000	301.2712	9220	9221
46842	2025-08-02	wc-completed	7 Chakras Mystical Incense Sticks Set - 7 Chakra Set	7 Chakras Mystical Incense Sticks Set	IS-7C	1.0000	411.4286	7687	7688
46842	2025-08-02	wc-completed	7 Chakras Copper Water Bottles with Handle	7 Chakras Copper Water Bottles with Handle	CB-7CV-B-1	1.0000	1080.8036	44503	44510
46843	2025-08-02	wc-completed	Ocean Drums - Plain, 40 cms	Ocean Drums	MI-OD-P-40	1.0000	2478.8136	9529	9534
46843	2025-08-02	wc-completed	Shamanic Drum Bags/Ocean Drum Bags - Standard	Shamanic Drum Bags/Ocean Drum Bags		1.0000	891.0000	45131	45133
46844	2025-08-03	wc-completed	Dumru/Dumroo Indian Handmade Percussion Instrument - 10cms, Multicolour	Dumru/Dumroo Indian Handmade Percussion Instrument		1.0000	309.5238	5740	6911
46845	2025-08-03	wc-completed	Pangi Seed Shell Rattle	Pangi Seed Shell Rattle	MI-PS	1.0000	1919.6429	7356	0
46846	2025-08-03	wc-completed	Gong Stand - Dark, Large	Gong Stand		1.0000	7544.6429	45289	45299
46847	2025-08-03	wc-completed	Jala Neti Pot - Ceramic 185 ml - Mint Green	Jala Neti Pot - Ceramic 185 ml	NP-MG-185	1.0000	207.6271	5769	6336
46848	2025-08-03	wc-completed	Kenari Seed Shell Shakers - Large	Kenari Seed Shell Shakers	MI-KR-S-L	1.0000	1727.6786	7472	7511
46848	2025-08-03	wc-completed	Ocean Drums - Plain, 40 cms	Ocean Drums	MI-OD-P-40	1.0000	2478.8136	9529	9534
46849	2025-08-03	wc-completed	7 Chakras Gold - Copper Bottle	7 Chakras Gold - Copper Bottle		1.0000	1111.6071	5675	43493
46851	2025-08-04	wc-completed	Wooden Mallets for Singing Bowls - Standard Wide, Red	Wooden Mallets for Singing Bowls	MI-SB-M-R-Wd-4.5	1.0000	204.9107	6978	43381
46851	2025-08-04	wc-completed	Singing Bowls Silk Ring Cushion Accessories - 10 cms, Blue	Singing Bowls Silk Ring Cushion Accessories	MI-SB-C-B-10	1.0000	196.8750	6988	7766
46852	2025-08-04	wc-completed	Bird Flute - Single	Bird Flute		1.0000	245.5357	45754	45871
46852	2025-08-04	wc-completed	Conscious Cards	Conscious Cards		1.0000	1499.0000	45533	0
46853	2025-08-04	wc-completed	Copper Bottle Gift Set - 7 Chakra - Vintage	Copper Bottle Gift Set - 7 Chakra		1.0000	1406.2500	6638	6648
46854	2025-08-04	wc-completed	Thunder Tube - Basic Edition - 25cms	Thunder Tube - Basic Edition	MI-TT-20	1.0000	1294.6429	7317	46652
46855	2025-08-04	wc-completed	Shankh/Conch - Medium	Shankh/Conch		1.0000	1105.9322	45449	45451
46855	2025-08-04	wc-completed	Bird Flute - Single	Bird Flute		1.0000	220.9821	45754	45871
46855	2025-08-04	wc-completed	Coconut Maracas Shakers - Plain	Coconut Maracas Shakers	MI-CM	1.0000	795.5357	7370	45394
46855	2025-08-04	wc-completed	Dumru/Dumroo Indian Handmade Percussion Instrument - 9cms, Multicolour	Dumru/Dumroo Indian Handmade Percussion Instrument		1.0000	278.5714	5740	6908
46855	2025-08-04	wc-completed	Copper Tongue Cleaner - Pack of 1, Straight	Copper Tongue Cleaner	TC-R-1	1.0000	125.8475	5042	7808
46856	2025-08-04	wc-completed	Eye Shaped Natural Lavender Scented Eye Pillows - Sage	Eye Shaped Natural Lavender Scented Eye Pillows	Yo-P-E-SE-1	1.0000	301.2712	9220	9225
46856	2025-08-04	wc-completed	Full Moon Singing Bowls - All Sizes - 8 Inches	Full Moon Singing Bowls - All Sizes	MI-SB-H-FM-8	1.0000	7191.9643	7607	7611
46857	2025-08-04	wc-completed	Caxixi	Caxixi	Mi-CX-M-N	1.0000	1084.8214	42317	0
46857	2025-08-04	wc-completed	Pangi Seed Shell Rattle	Pangi Seed Shell Rattle	MI-PS	1.0000	1727.6786	7356	0
46860	2025-08-05	wc-completed	Kenari Chimes - Small & Large - Small	Kenari Chimes - Small & Large	MI-KR-CH-168	1.0000	3174.1071	45197	46430
46860	2025-08-05	wc-completed	Koshi Chimes	Elemental Chimes	MI-Ch-KS	1.0000	2707.0313	45194	0
46861	2025-08-05	wc-completed	Pangi Seed Shell Rattle	Pangi Seed Shell Rattle	MI-PS	1.0000	1727.6786	7356	0
46862	2025-08-05	wc-completed	Thunder Tube - Basic Edition - 30cms	Thunder Tube - Basic Edition	MI-TT-20	1.0000	1245.5357	7317	46653
46862	2025-08-05	wc-completed	Mini Bamboo and Aluminium Bar Chime - 21	Mini Bamboo and Aluminium Bar Chime	MI-BCH-S-10	1.0000	1411.0169	7450	46481
46867	2025-08-06	wc-completed	Eye Shaped Natural Lavender Scented Eye Pillows - Sage	Eye Shaped Natural Lavender Scented Eye Pillows	Yo-P-E-SE-1	1.0000	301.2712	9220	9225
46867	2025-08-06	wc-completed	Singing Bowl Bags - Large	Singing Bowl Bags	MI-SB-Bag-L	1.0000	2280.5085	45127	45140
46868	2025-08-06	wc-completed	Pangi Seed Shell Rattle	Pangi Seed Shell Rattle	MI-PS	1.0000	1727.6786	7356	0
46868	2025-08-06	wc-completed	Coconut Maracas Shakers - Plain	Coconut Maracas Shakers	MI-CM	1.0000	795.5357	7370	45394
46868	2025-08-06	wc-completed	Wooden Mallets for Singing Bowls - Straight, Red	Wooden Mallets for Singing Bowls	MI-SB-M-R-S	1.0000	160.7143	6978	43369
46868	2025-08-06	wc-completed	"Wooden Mallets for Singing Bowls - Long Soft-9"", Red"	Wooden Mallets for Singing Bowls	MI-SB-M-L-R-9	1.0000	518.3036	6978	43376
46869	2025-08-06	wc-completed	Shruti Box - 1 Octave	Shruti Box		1.0000	8955.0000	44970	45003
46871	2025-08-06	wc-completed	Asalato/Aslatau or Kashaka Shaker - Painted, Pair	Asalato/Aslatau or Kashaka Shaker	MI-AS	1.0000	2169.6429	7300	46380
46872	2025-08-06	wc-completed	Zafu & Zabuton Meditation Cushion Combo with Lotus Embroidery - Lavender	Zafu & Zabuton Meditation Cushion Combo - Lotus Embroidery	Co-Me-C-Z-Zn-LR-E-L	1.0000	2173.7288	9312	9313
46873	2025-08-06	wc-completed	Mini Bamboo and Aluminium Bar Chime - 10	Mini Bamboo and Aluminium Bar Chime	MI-BCH-S-10	1.0000	751.2712	7450	46480
46875	2025-08-06	wc-completed	Koshi Chimes	Elemental Chimes	MI-Ch-KS	1.0000	2707.0313	45194	0
46876	2025-08-06	wc-completed	Hanging Bowls/Zen Drops - Single	Hanging Bowls/Zen Drops		1.0000	2370.5357	45113	45117
46876	2025-08-06	wc-completed	7 Chakras Copper Water Bottles	7 Chakras Copper Water Bottles	CB-7CV-B	2.0000	2161.6071	6080	43440
46876	2025-08-06	wc-completed	Crescent Zafu Meditation Cushion - Large, Sage	Crescent Zafu Meditation Cushion	Me-C-Z-L-S	1.0000	873.3051	6734	44906
46876	2025-08-06	wc-completed	Kenari Bracelet	Kenari Bracelet	MI-KR-BT	1.0000	1084.8214	42323	0
46876	2025-08-06	wc-completed	Tibetan Buddhist Bell - Large	Tibetan Buddhist Bell	MI-BB-3.5	1.0000	1486.6071	6973	9200
46876	2025-08-06	wc-completed	Spiral/Snake Didgeridoo - Green	Spiral/Snake Didgeridoo	MI-DG-SP-G	1.0000	5343.7500	7324	7519
46883	2025-08-06	wc-completed	Tattvamasi-I am Infinite	Tattvamasi-I am Infinite		1.0000	1080.8036	5466	5632
46884	2025-08-06	wc-completed	Asalato/Aslatau or Kashaka Shaker - Plain, Pair	Asalato/Aslatau or Kashaka Shaker	MI-AS	1.0000	1968.7500	7300	46378
46885	2025-08-06	wc-completed	Hanging Bowls/Zen Drops - Set of 3	Hanging Bowls/Zen Drops		1.0000	70.5357	45113	45118
46893	2025-08-07	wc-completed	Jala Neti Pot - Ceramic 185 ml - Blue	Jala Neti Pot - Ceramic 185 ml	NP-B-185	1.0000	207.6271	5769	6918
46894	2025-08-07	wc-completed	7-Key Kalimba Made from Coconut Shell - Painted			1.0000	855.0000	46417	0
46894	2025-08-07	wc-completed	11 Note Tongue Drum - White, 10 inches	11 Note Tongue Drum		1.0000	6615.0000	42373	42410
46894	2025-08-07	wc-completed	Handmade Universal Bowl for Sound Healing	Handmade Universal Bowl for Sound Healing	MI-SB-HM-UN	1.0000	6308.0357	8143	0
46895	2025-08-08	wc-completed	Pangi Seed Shell Rattle	Pangi Seed Shell Rattle	MI-PS	1.0000	1919.6429	7356	0
46896	2025-08-08	wc-completed	Tuning Forks - Weighted, 136.10 Hz	Tuning Fork - Single Weighted & Unweighted		1.0000	1746.6102	9713	9716
46906	2025-08-08	wc-completed	Kenari Bracelet	Kenari Bracelet	MI-KR-BT	2.0000	2169.6429	42323	0
46914	2025-08-09	wc-completed	Bird Flute - Pair	Bird Flute		1.0000	361.6071	45754	45872
46915	2025-08-09	wc-completed	Crescent Zafu Meditation Cushion - Large, Rouge Pink	Crescent Zafu Meditation Cushion	Me-C-Z-L-RP	1.0000	873.3051	6734	44901
46916	2025-08-09	wc-completed	Handcrafted Set of 7 Bowls for Sound Therapy - Large-Octave 2, Matte	Handcrafted Set of 7 Bowls for Sound Therapy	MI-SB-7C Set-L-M	1.0000	883.0357	7887	9196
46916	2025-08-09	wc-completed	Singing Bowl Bags - Large	Singing Bowl Bags	MI-SB-Bag-L	1.0000	29.7458	45127	45140
46916	2025-08-09	wc-completed	11 Note Tongue Drum - White, 10 inches	11 Note Tongue Drum		1.0000	94.5000	42373	42410
46916	2025-08-09	wc-completed	Koshi Chimes	Elemental Chimes	MI-Ch-KS	1.0000	34.4531	45194	0
46917	2025-08-10	wc-completed	Swinging Chimes - 9 Bars	Swinging Chimes	MI-SC-9	1.0000	8250.0000	10345	10347
46917	2025-08-10	wc-completed	Third Eye Chakra Singing Bowl	Third Eye Chakra Singing Bowl		1.0000	5254.2373	45477	0
46917	2025-08-10	wc-completed	Tuning Forks - Weighted, Solfeggio Set	Tuning Fork - Single Weighted & Unweighted		1.0000	10161.0169	9713	9744
46918	2025-08-10	wc-completed	Sacred Symbols Singing Bowls - Black, 5.5 in	Sacred Symbols Singing Bowls	MI-SB-P-SS-BK-5.5	1.0000	1781.2500	10008	10014
46918	2025-08-10	wc-completed	7 Chakras Mystical Incense Sticks Set - Pure Sandalwood	7 Chakras Mystical Incense Sticks Set		1.0000	76.1905	7687	7695
46919	2025-08-10	wc-completed	Bamboo Rainstick - 80cms	Bamboo Rainstick	MI-RS-B-80	1.0000	2049.1071	7484	44586
46921	2025-08-10	wc-completed	Full Moon Singing Bowls - All Sizes - 5 Inches	Full Moon Singing Bowls - All Sizes	MI-SB-H-FM-5	1.0000	4781.2500	7607	7608
46922	2025-08-10	wc-completed	Artistically Designed Copper Bottles	Artistically Designed Copper Bottles	CB-OL-.5	2.0000	1358.0357	6007	42901
46923	2025-08-10	wc-completed	Asalato/Aslatau or Kashaka Shaker - Painted, Pair	Asalato/Aslatau or Kashaka Shaker	MI-AS	1.0000	2169.6429	7300	46380
46928	2025-08-11	wc-completed	Crescent Zafu Meditation Cushion - Large, Misty Blue	Crescent Zafu Meditation Cushion	Me-C-Z-L-MB	1.0000	970.3390	6734	44904
46946	2025-08-11	wc-completed	Gong Bags - Standard	Gong Bags		1.0000	1487.2881	45152	45153
46951	2025-08-11	wc-completed	7 Chakras Vintage - Copper Bottle	7 Chakras Vintage - Copper Bottle		1.0000	888.3929	5682	5787
46952	2025-08-11	wc-completed	Jala Neti Pot - Ceramic 185 ml - Blue	Jala Neti Pot - Ceramic 185 ml	NP-B-185	1.0000	186.8644	5769	6918
46953	2025-08-12	wc-completed	7 Chakras Vintage - Copper Bottle	7 Chakras Vintage - Copper Bottle		1.0000	1200.8929	5682	43492
46954	2025-08-12	wc-completed	The Four Bowl Set - Root, Heart, Third Eye and Universal	The Four Bowl Set - Root, Heart, Third Eye and Universal		1.0000	29017.8571	45334	0
46955	2025-08-12	wc-completed	Pangi Seed Shell Rattle	Pangi Seed Shell Rattle	MI-PS	1.0000	1919.6429	7356	0
46956	2025-08-12	wc-completed	Singing Bowls with Sacred Mantra Printed - Gold, 5.5 Inches	Singing Bowls with Sacred Mantra Printed	MI-SB-P-W-5.5	1.0000	1781.2500	6807	7290
46958	2025-08-12	wc-completed	Mini Bamboo Slide Whistle	Mini Bamboo Slide Whistle	MI-BSW	1.0000	223.2143	46495	0
46959	2025-08-12	wc-completed	Singing Bowls Silk Ring Cushion Accessories - 10 cms, Red	Singing Bowls Silk Ring Cushion Accessories	MI-SB-C-R-10	1.0000	196.8750	6988	7771
46959	2025-08-12	wc-completed	Bamboo Jaw Harp	Bamboo Jaw Harp	MI-BJH	1.0000	241.0714	46498	0
46959	2025-08-12	wc-completed	Coconut Rattle	Coconut Rattle	MI-CR	1.0000	839.7321	5730	0
46959	2025-08-12	wc-completed	Bird Flute - Single	Bird Flute		1.0000	220.9821	45754	45871
46959	2025-08-12	wc-completed	Mini Bamboo and Aluminium Bar Chime - 10	Mini Bamboo and Aluminium Bar Chime	MI-BCH-S-10	1.0000	751.2712	7450	46480
46960	2025-08-12	wc-completed	Tuning Forks - Weighted, 128 Hz	Tuning Fork - Single Weighted & Unweighted	MI-TF-W-128	1.0000	1746.6102	9713	9715
46960	2025-08-12	wc-completed	Pangi Seed Shell Rattle	Pangi Seed Shell Rattle	MI-PS	1.0000	1727.6786	7356	0
46961	2025-08-12	wc-completed	"Wooden Mallets for Singing Bowls - Long Soft-13"", Red"	Wooden Mallets for Singing Bowls	MI-SB-M-L-R-13	1.0000	683.0357	6978	43374
46962	2025-08-12	wc-completed	Tibetan Buddhist Bell - Standard	Tibetan Buddhist Bell	MI-BB-3	1.0000	1325.8929	6973	9199
46964	2025-08-13	wc-completed	Bamboo Rainstick - 80cms	Bamboo Rainstick	MI-RS-B-80	1.0000	2049.1071	7484	44586
46965	2025-08-13	wc-completed	Mini Bamboo Slide Whistle	Mini Bamboo Slide Whistle	MI-BSW	1.0000	223.2143	46495	0
46967	2025-08-13	wc-completed	Swinging Chimes - 6 Bars	Swinging Chimes	MI-SC-6	1.0000	6895.0000	10345	10346
46967	2025-08-13	wc-completed	Bamboo Rainstick - 80cms	Bamboo Rainstick	MI-RS-B-80	1.0000	1844.1964	7484	44586
46972	2025-08-13	wc-completed	The Four Bowl Set - Root, Heart, Third Eye and Universal	The Four Bowl Set - Root, Heart, Third Eye and Universal		1.0000	29017.8571	45334	0
46972	2025-08-13	wc-completed	Jala Neti Pot - Ceramic 185 ml - Mint Green	Jala Neti Pot - Ceramic 185 ml	NP-MG-185	1.0000	186.8644	5769	6336
46972	2025-08-13	wc-completed	Jala Neti Pot - Ceramic 185 ml - White	Jala Neti Pot - Ceramic 185 ml	NP-W-185	1.0000	186.8644	5769	5826
46972	2025-08-13	wc-completed	Eye Shaped Natural Lavender Scented Eye Pillows - Rose	Eye Shaped Natural Lavender Scented Eye Pillows	Yo-P-E-RE-1	1.0000	301.2712	9220	9221
46975	2025-08-13	wc-completed	Kenari Seed Shell Shakers - Large	Kenari Seed Shell Shakers	MI-KR-S-L	1.0000	1919.6429	7472	7511
46975	2025-08-13	wc-completed	Pangi Seed Shell Rattle	Pangi Seed Shell Rattle	MI-PS	1.0000	1919.6429	7356	0
46976	2025-08-13	wc-completed	Pangi Seed Shell Rattle	Pangi Seed Shell Rattle	MI-PS	1.0000	1919.6429	7356	0
46976	2025-08-13	wc-completed	Koshi Chimes	Elemental Chimes	MI-Ch-KS	1.0000	3007.8125	45194	0
46977	2025-08-14	wc-completed	7-Key Kalimba Made from Coconut Shell - Painted & Plain - Dot Painted	7-Key Kalimba Made from Coconut Shell - Painted & Plain	MI-KCS-DP	1.0000	855.0000	7661	7994
46978	2025-08-14	wc-completed	Crescent Zafu Meditation Cushion - Large, Sage	Crescent Zafu Meditation Cushion	Me-C-Z-L-S	1.0000	873.3051	6734	44906
46979	2025-08-14	wc-completed	CEG Crystal Singing Bowl Set	Triad Crystal Bowl Set		1.0000	32008.9286	45668	0
46980	2025-08-14	wc-completed	Shruti Box - 3 Octaves	Shruti Box		1.0000	13490.0000	44970	45005
46981	2025-08-14	wc-completed	Swinging Chimes - 9 Bars	Swinging Chimes	MI-SC-9	1.0000	8250.0000	10345	10347
46982	2025-08-14	wc-completed	Singing Bowl Bags - Standard	Singing Bowl Bags	MI-SB-Bag-M	1.0000	1899.1525	45127	45139
46982	2025-08-14	wc-completed	Tuning Forks - Unweighted, 7 Chakras Set	Tuning Fork - Single Weighted & Unweighted		1.0000	6094.0678	9713	9751
46983	2025-08-14	wc-completed	Pangi Seed Shell Rattle	Pangi Seed Shell Rattle	MI-PS	1.0000	1919.6429	7356	0
46986	2025-08-14	wc-completed	7 Chakras Gold - Copper Bottle	7 Chakras Gold - Copper Bottle		1.0000	799.5536	5675	5785
46987	2025-08-15	wc-completed	Tuning Forks - Weighted, 68.05 Hz	Tuning Fork - Single Weighted & Unweighted		1.0000	1746.6102	9713	46947
46988	2025-08-15	wc-completed	Kenari Seed Shell Shakers - Large	Kenari Seed Shell Shakers	MI-KR-S-L	1.0000	1727.6786	7472	7511
46989	2025-08-15	wc-completed	Hanging Bowls/Zen Drops - Set of 3	Hanging Bowls/Zen Drops		1.0000	6473.2143	45113	45118
46990	2025-08-15	wc-completed	Bird Flute - Single	Bird Flute		1.0000	245.5357	45754	45871
46990	2025-08-15	wc-completed	Kenari Bracelet	Kenari Bracelet	MI-KR-BT	1.0000	1205.3571	42323	0
46991	2025-08-15	wc-completed	Bamboo Castanet	Bamboo Castanet	MI-CN-B	1.0000	598.6607	7329	0
46992	2025-08-15	wc-completed	7 Chakras Copper Water Bottles with Handle	7 Chakras Copper Water Bottles with Handle	CB-7CV-B-1	1.0000	1080.8036	44503	44510
46993	2025-08-15	wc-completed	Tuning Forks - Weighted, 128 Hz	Tuning Fork - Single Weighted & Unweighted	MI-TF-W-128	1.0000	1940.6780	9713	9715
46994	2025-08-15	wc-completed	Hi-Zafu Meditation Cushion filled with Buckwheat Hulls - Light Grey	Hi-Zafu Meditation Cushion - Filled with Buckwheat	Me-C-HZ-LG	1.0000	903.8136	6755	9658
46994	2025-08-15	wc-completed	Stainless Steel Straws - Pack of 2	Stainless Steel Straws	SSS-2	1.0000	140.6250	6505	6507
46996	2025-08-16	wc-completed	Bamboo Castanet	Bamboo Castanet	MI-CN-B	1.0000	665.1786	7329	0
46997	2025-08-16	wc-completed	8 Keys Metallophone - with 1” & 1.5” key-widths - 1.5 inch	8 Keys Metallophone - with 1” & 1.5” key-widths	MI-XP-SP-1.5-8	1.0000	7923.7288	42332	42339
46998	2025-08-16	wc-completed	Bamboo Rainstick - 40cms	Bamboo Rainstick	MI-RS-B-40	1.0000	1334.8214	7484	8762
46999	2025-08-16	wc-completed	Shankh/Conch - Large	Shankh/Conch		1.0000	1567.7966	45449	45452
47000	2025-08-17	wc-completed	Bamboo Rainstick - 80cms	Bamboo Rainstick	MI-RS-B-80	1.0000	1844.1964	7484	44586
47001	2025-08-17	wc-completed	Musical Wooden Frog - Standard	Musical Wooden Frog	MI-WF	1.0000	763.3929	7456	44632
47002	2025-08-17	wc-completed	32 Rods - Bar Chime	25 Rods - Bar Chime	MI-BCH-32	1.0000	4957.6271	42389	0
47004	2025-08-17	wc-completed	Full Moon Singing Bowls - All Sizes - 10 Inches	Full Moon Singing Bowls - All Sizes	MI-SB-H-FM-10	1.0000	8718.7500	7607	9034
47006	2025-08-17	wc-completed	Shamanic Drum - Butterfly, 45 cms	Shamanic Drum	MI-SD-B-45	1.0000	5296.6102	7293	9593
47007	2025-08-17	wc-completed	Kenari Chimes - Small & Large - Small	Kenari Chimes - Small & Large	MI-KR-CH-168	1.0000	3174.1071	45197	46430
47007	2025-08-17	wc-completed	Pangi Seed Shell Rattle	Pangi Seed Shell Rattle	MI-PS	1.0000	1727.6786	7356	0
47008	2025-08-17	wc-completed	Mini Bamboo Slide Whistle	Mini Bamboo Slide Whistle	MI-BSW	2.0000	401.7857	46495	0
47008	2025-08-17	wc-completed	Musical Wooden Frog - Large	Musical Wooden Frog	MI-WF	1.0000	1084.8214	7456	44633
47008	2025-08-17	wc-completed	Thunder Tube - Basic Edition - 30cms	Thunder Tube - Basic Edition	MI-TT-20	1.0000	1245.5357	7317	46653
47008	2025-08-17	wc-completed	Bird Flute - Pair	Bird Flute		1.0000	361.6071	45754	45872
47011	2025-08-18	wc-completed	7 Chakras Vintage - Copper Bottle	7 Chakras Vintage - Copper Bottle		1.0000	743.3036	5682	43491
47012	2025-08-18	wc-completed	32 Rods - Bar Chime	25 Rods - Bar Chime	MI-BCH-32	1.0000	4957.6271	42389	0
47013	2025-08-18	wc-completed	Flower of Life with Sacred Symbols Singing Bowls - Olive green, 10.5 in	Flower of Life with Sacred Symbols Singing Bowls	MI-SB-RFL-O-10.5	1.0000	1759.8214	10035	10059
47014	2025-08-18	wc-completed	Neem Wood Combs - Combo 3	Neem Wood Combs	CO-NWC-S-P-H	1.0000	233.0357	5038	5600
47015	2025-08-18	wc-completed	Zen Meditation Bench - Medium	Zen Meditation Bench	ME-Cu	1.0000	2631.3559	9763	45268
47016	2025-08-18	wc-completed	Bamboo Rainstick - 40cms	Bamboo Rainstick	MI-RS-B-40	1.0000	1201.3393	7484	8762
47016	2025-08-18	wc-completed	Mini Bamboo Slide Whistle	Mini Bamboo Slide Whistle	MI-BSW	1.0000	200.8929	46495	0
47016	2025-08-18	wc-completed	Eye Shaped Natural Lavender Scented Eye Pillows - Dark Grey	Eye Shaped Natural Lavender Scented Eye Pillows	Yo-P-E-DG-1	2.0000	602.5424	9220	9224
47017	2025-08-18	wc-completed	Mini Bamboo and Aluminium Bar Chime - 21	Mini Bamboo and Aluminium Bar Chime	MI-BCH-S-10	1.0000	1567.7966	7450	46481
47017	2025-08-18	wc-completed	Kenari Seed Shell Shakers - Small	Kenari Seed Shell Shakers	MI-KR-S-S	1.0000	1205.3571	7472	7510
47018	2025-08-18	wc-completed	Hi-Zafu Meditation Cushion filled with Buckwheat and Embroidered with Lotus - Lavender	Hi-Zafu Meditation Cushion - Embroidered with Lotus	Me-C-HZ-L-E-L	1.0000	16.0932	9291	9378
47019	2025-08-18	wc-completed	Bamboo Rainstick - 80cms	Bamboo Rainstick	MI-RS-B-80	1.0000	1844.1964	7484	44586
47019	2025-08-18	wc-completed	Wooden Tambourines - Circular	Wooden Tambourines	MI-T-HM	1.0000	924.1071	7478	45649
47020	2025-08-19	wc-completed	Bamboo Rainstick - 80cms	Bamboo Rainstick	MI-RS-B-80	2.0000	4098.2143	7484	44586
47020	2025-08-19	wc-completed	Swinging Chimes - 6 Bars	Swinging Chimes	MI-SC-6	1.0000	6895.0000	10345	10346
47020	2025-08-19	wc-completed	32 Rods - Bar Chime	25 Rods - Bar Chime	MI-BCH-32	1.0000	4957.6271	42389	0
47020	2025-08-19	wc-completed	11 Note Tongue Drum - Blue, 10 inches	11 Note Tongue Drum		1.0000	7350.0000	42373	42414
47020	2025-08-19	wc-completed	Plain/Wind Tibetan Gong - 22 in	Plain/Wind Tibetan Gong	MI-G-P-22	1.0000	20089.2857	8833	10195
47026	2025-08-19	wc-completed	Wooden Mallets for Singing Bowls - Straight, Red	Wooden Mallets for Singing Bowls	MI-SB-M-R-S	1.0000	160.7143	6978	43369
47026	2025-08-19	wc-completed	Singing Bowls Silk Ring Cushion Accessories - 12 cms, Red	Singing Bowls Silk Ring Cushion Accessories	MI-SB-C-R-12	1.0000	220.9821	6988	7778
47027	2025-08-20	wc-completed	Mini Bamboo Slide Whistle	Mini Bamboo Slide Whistle	MI-BSW	1.0000	223.2143	46495	0
47028	2025-08-20	wc-completed	7 Chakras Vintage - Copper Bottle	7 Chakras Vintage - Copper Bottle		1.0000	1000.4464	5682	5786
47032	2025-08-20	wc-completed	Bird Flute - Pair	Bird Flute		1.0000	361.6071	45754	45872
47033	2025-08-21	wc-completed	Bird Flute - Pair	Bird Flute		1.0000	361.6071	45754	45872
47035	2025-08-21	wc-completed	Zen Meditation Bench - Small	Zen Meditation Bench	ME-Cu	1.0000	2478.8136	9763	45267
47036	2025-08-21	wc-completed	Pangi Seed Shell Rattle	Pangi Seed Shell Rattle	MI-PS	1.0000	1727.6786	7356	0
47037	2025-08-21	wc-completed	Jala Neti Pot - Ceramic 185 ml - Mint Green	Jala Neti Pot - Ceramic 185 ml	NP-MG-185	1.0000	186.8644	5769	6336
47041	2025-08-21	wc-completed	Singing Bowl Bags - Large	Singing Bowl Bags	MI-SB-Bag-L	1.0000	1746.6102	45127	45140
47042	2025-08-21	wc-completed	7 Chakras Copper Water Bottles	7 Chakras Copper Water Bottles	CB-7CP-B-.5	1.0000	888.3929	6080	43434
47043	2025-08-22	wc-completed	Mini Bamboo Slide Whistle	Mini Bamboo Slide Whistle	MI-BSW	1.0000	200.8929	46495	0
47043	2025-08-22	wc-completed	Thunder Tube - Basic Edition - 20cms	Thunder Tube - Basic Edition	MI-TT-20	1.0000	1064.7321	7317	46651
47044	2025-08-22	wc-completed	Koshi Chimes	Elemental Chimes	MI-Ch-KS	1.0000	2707.0313	45194	0
47045	2025-08-22	wc-completed	Djembe Drums - Mahogany, 12in	Djembe Drums		1.0000	6350.0000	44969	45043
47057	2025-08-22	wc-completed	7 Chakras Vintage - Copper Bottle	7 Chakras Vintage - Copper Bottle		1.0000	1200.8929	5682	43492
47058	2025-08-22	wc-completed	Asalato/Aslatau or Kashaka Shaker - Painted, Pair	Asalato/Aslatau or Kashaka Shaker	MI-AS	1.0000	2169.6429	7300	46380
47059	2025-08-23	wc-completed	7 Chakras Copper Water Bottles with Handle	7 Chakras Copper Water Bottles with Handle	CB-7CP-B-1	1.0000	1200.8929	44503	44506
47063	2025-08-23	wc-completed	Mini Bamboo Slide Whistle	Mini Bamboo Slide Whistle	MI-BSW	1.0000	223.2143	46495	0
47064	2025-08-23	wc-completed	7 Chakras Copper Water Bottles with Handle	7 Chakras Copper Water Bottles with Handle	CB-7CV-1	1.0000	1000.4464	44503	44511
47065	2025-08-23	wc-completed	7 Chakras Vintage - Copper Bottle	7 Chakras Vintage - Copper Bottle		1.0000	1000.4464	5682	5786
47066	2025-08-24	wc-completed	Asalato/Aslatau or Kashaka Shaker - Plain, Pair	Asalato/Aslatau or Kashaka Shaker	MI-AS	1.0000	1968.7500	7300	46378
47067	2025-08-24	wc-completed	Singing Bowl Bags - Large	Singing Bowl Bags	MI-SB-Bag-L	1.0000	1746.6102	45127	45140
47067	2025-08-24	wc-completed	7 Chakras Mystical Incense Sticks Set - Pure Frankincense	7 Chakras Mystical Incense Sticks Set		1.0000	68.5714	7687	7691
47067	2025-08-24	wc-completed	7 Chakras Mystical Incense Sticks Set - Pure Sandalwood	7 Chakras Mystical Incense Sticks Set		1.0000	68.5714	7687	7695
47068	2025-08-24	wc-completed	Singing Bowls Silk Ring Cushion Accessories - 10 cms, Orange	Singing Bowls Silk Ring Cushion Accessories	MI-SB-C-O-10	1.0000	196.8750	6988	7768
47068	2025-08-24	wc-completed	Bamboo Rainstick - 60cms	Bamboo Rainstick	MI-RS-B-60	1.0000	1603.1250	7484	8763
47069	2025-08-24	wc-completed	Yoga Blanket made from Organic Cotton - Magenta	Yoga Blanket made from Organic Cotton	Yo-BT-C-MG	1.0000	1328.5714	6668	6686
47070	2025-08-24	wc-completed	Jala Neti Pot - Ceramic 185 ml - Red	Jala Neti Pot - Ceramic 185 ml	NP-R-185	1.0000	5.5085	5769	5776
47070	2025-08-24	wc-completed	Eco-Friendly Neem Wood Toothbrush - Pack of 2	Eco-Friendly Neem Wood Toothbrush	NTB-2	2.0000	5.9322	5037	5604
47070	2025-08-24	wc-completed	Jala Neti Pot - Ceramic 185 ml - White	Jala Neti Pot - Ceramic 185 ml	NP-W-185	1.0000	5.5085	5769	5826
47070	2025-08-24	wc-completed	Yoga Belt/Strap for Sturdy Grip - Beige	Yoga Belt/Strap for Sturdy Grip	Yo-BL-D-BE	1.0000	5.1429	6530	6547
47070	2025-08-24	wc-completed	7 Chakras Yoga Mats - Superior, Teal	7 Chakras Yoga Mats		1.0000	26.4407	46141	46166
47070	2025-08-24	wc-completed	Ayurvedic Copper Bedroom Jar	Ayurvedic Copper Bedroom Jar	CB-BJ	1.0000	17.4107	6289	0
47071	2025-08-24	wc-completed	7-Key Kalimba Made from Coconut Shell - Painted & Plain - Dot Painted	7-Key Kalimba Made from Coconut Shell - Painted & Plain	MI-KCS-DP	1.0000	855.0000	7661	7994
47072	2025-08-24	wc-completed	Bamboo Rainstick - 60cms	Bamboo Rainstick	MI-RS-B-60	1.0000	1781.2500	7484	8763
47074	2025-08-24	wc-completed	Pangi Seed Shell Rattle	Pangi Seed Shell Rattle	MI-PS	1.0000	1727.6786	7356	0
47075	2025-08-25	wc-completed	Dumru/Dumroo Indian Handmade Percussion Instrument - 10cms, Dark Brown	Dumru/Dumroo Indian Handmade Percussion Instrument		1.0000	278.5714	5740	6910
47076	2025-08-25	wc-completed	Koshi Chimes	Elemental Chimes	MI-Ch-KS	1.0000	2707.0313	45194	0
47076	2025-08-25	wc-completed	Singing Bowl Bags - Small	Singing Bowl Bags	MI-SB-Bag-S	1.0000	1365.2542	45127	45138
47080	2025-08-25	wc-completed	Koshi Chimes	Elemental Chimes	MI-Ch-KS	1.0000	2707.0313	45194	0
47080	2025-08-25	wc-completed	Singing Bowl Bags - Standard	Singing Bowl Bags	MI-SB-Bag-M	1.0000	1517.7966	45127	45139
47092	2025-08-25	wc-completed	Singing Bowls with Sacred Mantra Printed - Green, 4 Inches	Singing Bowls with Sacred Mantra Printed	MI-SB-P-G-4	1.0000	1241.5179	6807	6823
47120	2025-08-26	wc-completed	Pangi Seed Shell Rattle	Pangi Seed Shell Rattle	MI-PS	1.0000	1727.6786	7356	0
47120	2025-08-26	wc-completed	Jala Neti Pot - Ceramic 185 ml - Mint Green	Jala Neti Pot - Ceramic 185 ml	NP-MG-185	1.0000	186.8644	5769	6336
47120	2025-08-26	wc-completed	7 Chakras Mystical Incense Sticks Set - 7 Chakra Set	7 Chakras Mystical Incense Sticks Set	IS-7C	1.0000	411.4286	7687	7688
47121	2025-08-27	wc-completed	Tingsha Bell - Etched, Standard	Tingsha Bell		1.0000	1442.4107	5763	44937
47121	2025-08-27	wc-completed	Tibetan Buddhist Bell - Large	Tibetan Buddhist Bell	MI-BB-3.5	1.0000	1486.6071	6973	9200
47121	2025-08-27	wc-completed	Stainless Steel Straws - Pack of 2	Stainless Steel Straws	SSS-2	1.0000	140.6250	6505	6507
47122	2025-08-27	wc-completed	Handmade Universal Bowl for Sound Healing	Handmade Universal Bowl for Sound Healing	MI-SB-HM-UN	1.0000	108.4821	8143	0
47124	2025-08-27	wc-completed	Harmonium - Compact	Harmonium		1.0000	21591.0000	44972	45021
47131	2025-08-27	wc-completed	Eye Shaped Natural Lavender Scented Eye Pillows - Rose	Eye Shaped Natural Lavender Scented Eye Pillows	Yo-P-E-RE-1	1.0000	334.7458	9220	9221
47132	2025-08-28	wc-completed	Hammered Copper Bottle - With Brush	Hammered Copper Bottle		2.0000	1926.9643	5688	5914
47134	2025-08-28	wc-completed	Handpan Stand	Handpan Stand		1.0000	9500.0000	46907	0
47135	2025-08-28	wc-completed	Crescent Zafu Meditation Cushion - Large, Grey	Crescent Zafu Meditation Cushion	Me-C-Z-L-GY	1.0000	970.3390	6734	44903
47136	2025-08-28	wc-completed	Bamboo Rainstick - 80cms	Bamboo Rainstick	MI-RS-B-80	1.0000	2049.1071	7484	44586
47136	2025-08-28	wc-completed	Pangi Seed Shell Rattle	Pangi Seed Shell Rattle	MI-PS	1.0000	1919.6429	7356	0
47141	2025-08-28	wc-completed	Asalato/Aslatau or Kashaka Shaker - Plain, Pair	Asalato/Aslatau or Kashaka Shaker	MI-AS	1.0000	1968.7500	7300	46378
47142	2025-08-28	wc-completed	Bamboo Rainstick - 80cms	Bamboo Rainstick	MI-RS-B-80	1.0000	1844.1964	7484	44586
47143	2025-08-28	wc-completed	Pangi Seed Shell Rattle	Pangi Seed Shell Rattle	MI-PS	1.0000	1919.6429	7356	0
47145	2025-08-29	wc-completed	Zafu & Zabuton Meditation Cushion Combo - Light Grey	Zafu & Zabuton Meditation Cushion Combo	Co-Me-C-Z-Zn-LG	1.0000	2245.7627	7177	9598
47156	2025-08-29	wc-completed	Tuning Forks - Weighted, 528 Hz	Tuning Fork - Single Weighted & Unweighted		1.0000	1517.7966	9713	9719
47157	2025-08-29	wc-completed	Spin/Twist Drum or Den Den Daiko - Large 3.5 in	Spin/Twist Drum or Den Den Daiko	MI-TD-YY	1.0000	719.1964	7417	7418
47158	2025-08-29	wc-completed	Singing Bowl Bags - Large	Singing Bowl Bags	MI-SB-Bag-L	1.0000	1746.6102	45127	45140
47158	2025-08-29	wc-completed	Shamanic Drum Bags/Ocean Drum Bags - Medium	Shamanic Drum Bags/Ocean Drum Bags		1.0000	1071.0000	45131	46932
47159	2025-08-29	wc-completed	Koshi Chimes	Elemental Chimes	MI-Ch-KS	1.0000	2707.0313	45194	0
47160	2025-08-29	wc-completed	Spiral/Snake Didgeridoo - Red	Spiral/Snake Didgeridoo	MI-DG-SP-R	1.0000	5343.7500	7324	7520
47161	2025-08-30	wc-completed	Koshi Chimes	Elemental Chimes	MI-Ch-KS	1.0000	3007.8125	45194	0
47162	2025-08-30	wc-completed	Tuning Forks - Unweighted, 7 Chakras Set	Tuning Fork - Single Weighted & Unweighted		1.0000	6094.0678	9713	9751
47162	2025-08-30	wc-completed	Tuning Forks - Unweighted, Solfeggio Set	Tuning Fork - Single Weighted & Unweighted		1.0000	7619.4915	9713	9752
47162	2025-08-30	wc-completed	Tuning Forks - Unweighted, 432 Hz	Tuning Fork - Single Weighted & Unweighted		1.0000	1136.4407	9713	9749
47163	2025-08-30	wc-completed	Bamboo Rainstick - 80cms	Bamboo Rainstick	MI-RS-B-80	1.0000	1844.1964	7484	44586
47165	2025-08-30	wc-completed	Shamanic Drum - Plain, 45 cms	Shamanic Drum	MI-SD-P-45	1.0000	4461.8644	7293	9590
47166	2025-08-30	wc-completed	Djembe Drums - Ivory, 12in	Djembe Drums		1.0000	6350.0000	44969	45042
47166	2025-08-30	wc-completed	Shamanic Drum - Plain, 45 cms	Shamanic Drum	MI-SD-P-45	1.0000	4957.6271	7293	9590
47167	2025-08-30	wc-completed	Pangi Seed Shell Rattle	Pangi Seed Shell Rattle	MI-PS	1.0000	1919.6429	7356	0
47168	2025-08-30	wc-completed	Bamboo Rainstick - 40cms	Bamboo Rainstick	MI-RS-B-40	1.0000	1334.8214	7484	8762
47169	2025-08-30	wc-completed	Tuning Forks - Weighted, 68.05 Hz	Tuning Fork - Single Weighted & Unweighted		1.0000	1746.6102	9713	46947
47169	2025-08-30	wc-completed	Bird Flute - Pair	Bird Flute		1.0000	361.6071	45754	45872
47170	2025-08-30	wc-completed	Hammered Copper Bottle - With Brush	Hammered Copper Bottle		2.0000	1926.9643	5688	5914
47171	2025-08-30	wc-completed	Jala Neti Pot - Ceramic 185 ml - White	Jala Neti Pot - Ceramic 185 ml	NP-W-185	1.0000	186.8644	5769	5826
47172	2025-08-31	wc-completed	8 Keys Metallophone - with 1” & 1.5” key-widths - 1.5 inch	8 Keys Metallophone - with 1” & 1.5” key-widths	MI-XP-SP-1.5-8	1.0000	7923.7288	42332	42339
47173	2025-08-31	wc-completed	Handcrafted Set of 7 Bowls for Sound Therapy - Standard-Octave 3, Matte	Handcrafted Set of 7 Bowls for Sound Therapy	MI-SB-7C Set-S-M	1.0000	44196.4286	7887	9193
47173	2025-08-31	wc-completed	11 Note Tongue Drum - White, 12 inches	11 Note Tongue Drum		1.0000	7065.0000	42373	42411
47174	2025-08-31	wc-completed	Handpan Stand	Handpan Stand		1.0000	8550.0000	46907	0
47175	2025-08-31	wc-completed	"Wooden Mallets for Singing Bowls - Long Soft-13"", Red"	Wooden Mallets for Singing Bowls	MI-SB-M-L-R-13	1.0000	683.0357	6978	43374
47176	2025-08-31	wc-completed	7-Key Kalimba Made from Coconut Shell - Painted & Plain - Dot Painted	7-Key Kalimba Made from Coconut Shell - Painted & Plain	MI-KCS-DP	1.0000	855.0000	7661	7994
47177	2025-08-31	wc-completed	Crescent Zafu Meditation Cushion - Large, Rose	Crescent Zafu Meditation Cushion	Me-C-Z-L-RE	1.0000	873.3051	6734	44907
47178	2025-09-01	wc-completed	Crescent Zafu Meditation Cushion - Large, Grey	Crescent Zafu Meditation Cushion	Me-C-Z-L-GY	1.0000	873.3051	6734	44903
47179	2025-09-01	wc-completed	Singing Bowl Bags - Standard	Singing Bowl Bags	MI-SB-Bag-M	1.0000	1517.7966	45127	45139
47180	2025-09-01	wc-completed	Bamboo Rainstick - 80cms	Bamboo Rainstick	MI-RS-B-80	1.0000	2049.1071	7484	44586
47181	2025-09-01	wc-completed	Plain/Wind Tibetan Gong - 14 in	Plain/Wind Tibetan Gong	MI-G-P-14	1.0000	8839.2857	8833	8847
47182	2025-09-01	wc-completed	Wooden Tambourines - Half-Moon	Wooden Tambourines	MI-T-HM	1.0000	1116.0714	7478	45648
47182	2025-09-01	wc-completed	Mini Coconut Shakers - 3 Types - Round Shaped	Mini Coconut Shakers - 3 Types	MI-CS-R	1.0000	575.8929	6062	6064
47182	2025-09-01	wc-completed	Painted Egg Shakers - Blue Dotted	Painted Egg Shakers	MI-ES-P-B	1.0000	825.8929	7404	7415
47189	2025-09-01	wc-completed	Crystal Bowl Bag - Large	Crystal Bowl Bag		1.0000	1665.0000	47081	47084
47190	2025-09-01	wc-completed	Shruti Box - 3 Octaves	Shruti Box		1.0000	12141.0000	44970	45005
47191	2025-09-01	wc-completed	Tingsha Bell - Etched, Standard	Tingsha Bell		1.0000	1442.4107	5763	44937
47191	2025-09-01	wc-completed	Tuning Forks - Weighted, 128 Hz	Tuning Fork - Single Weighted & Unweighted	MI-TF-W-128	1.0000	1746.6102	9713	9715
47192	2025-09-02	wc-completed	Bamboo Rainstick - 80cms	Bamboo Rainstick	MI-RS-B-80	1.0000	1844.1964	7484	44586
47193	2025-09-02	wc-completed	Handmade Singing Bowls - All Sizes - 5 in, Matte	Handmade Singing Bowls - All Sizes	Mi-SB-H-M-5	1.0000	3977.6786	6884	9695
47197	2025-09-02	wc-completed	7 Chakras Mystical Incense Sticks Set - 7 Chakra Set with Stand	7 Chakras Mystical Incense Sticks Set	IS-7C-S	1.0000	538.0952	7687	43292
47198	2025-09-02	wc-completed	Koshi Chimes	Elemental Chimes	MI-Ch-KS	1.0000	3007.8125	45194	0
47200	2025-09-02	wc-completed	Bamboo Rainstick - 80cms	Bamboo Rainstick	MI-RS-B-80	1.0000	2049.1071	7484	44586
47200	2025-09-02	wc-completed	Singing Bowls Silk Ring Cushion Accessories - Combo of 3	Singing Bowls Silk Ring Cushion Accessories		1.0000	709.8214	6988	46266
47200	2025-09-02	wc-completed	Singing Bowl Bags - Standard	Singing Bowl Bags	MI-SB-Bag-M	1.0000	1686.4407	45127	45139
47200	2025-09-02	wc-completed	Kenari Seed Shell Shakers - Large	Kenari Seed Shell Shakers	MI-KR-S-L	1.0000	1919.6429	7472	7511
47201	2025-09-02	wc-completed	Singing Bowl Bags - Large	Singing Bowl Bags	MI-SB-Bag-L	1.0000	1746.6102	45127	45140
47203	2025-09-02	wc-completed	Pangi Seed Shell Rattle	Pangi Seed Shell Rattle	MI-PS	5.0000	8638.3929	7356	0
47204	2025-09-02	wc-completed	8 Keys Metallophone - with 1” & 1.5” key-widths - 1 inch	8 Keys Metallophone - with 1” & 1.5” key-widths	MI-XP-SP-1-8	1.0000	6483.0508	42332	42338
47206	2025-09-02	wc-completed	Sacred Symbols Singing Bowls - Black, 5.5 in	Sacred Symbols Singing Bowls	MI-SB-P-SS-BK-5.5	1.0000	1603.1250	10008	10014
47207	2025-09-02	wc-completed	Thunder Tube - Basic Edition - 20cms	Thunder Tube - Basic Edition	MI-TT-20	1.0000	1183.0357	7317	46651
47208	2025-09-02	wc-completed	Pangi Seed Shell Rattle	Pangi Seed Shell Rattle	MI-PS	1.0000	1727.6786	7356	0
47212	2025-09-03	wc-completed	Singing Bowls Silk Ring Cushion Accessories - Combo of 5	Singing Bowls Silk Ring Cushion Accessories		1.0000	1468.7500	6988	46267
47213	2025-09-03	wc-completed	Koshi Chimes	Elemental Chimes	MI-Ch-KS	1.0000	2707.0313	45194	0
47216	2025-09-03	wc-completed	Tingsha Bell - Golden, Standard	Tingsha Bell		1.0000	1442.4107	5763	44933
47224	2025-09-03	wc-completed	Tuning Forks - Weighted, 136.10 Hz	Tuning Fork - Single Weighted & Unweighted		1.0000	1746.6102	9713	9716
47225	2025-09-03	wc-completed	Kenari Chimes - Small & Large - Small	Kenari Chimes - Small & Large	MI-KR-CH-168	1.0000	3174.1071	45197	46430
47225	2025-09-03	wc-completed	Koshi Chimes	Elemental Chimes	MI-Ch-KS	1.0000	2707.0313	45194	0
47226	2025-09-03	wc-completed	Djembe Drums - Mahogany, 8in	Djembe Drums		1.0000	3555.0000	44969	45039
47227	2025-09-03	wc-completed	Shamanic Drum - Butterfly, 30 cms	Shamanic Drum	MI-SD-B-30	1.0000	3775.4237	7293	9591
47228	2025-09-03	wc-completed	Artistically Designed Copper Bottles	Artistically Designed Copper Bottles	CB-T	1.0000	1000.4464	6007	42891
47228	2025-09-03	wc-completed	Artistically Designed Copper Bottles	Artistically Designed Copper Bottles	CB-PNT	1.0000	1000.4464	6007	42907
47229	2025-09-03	wc-completed	Asalato/Aslatau or Kashaka Shaker - Plain, Single	Asalato/Aslatau or Kashaka Shaker	MI-AS	1.0000	1080.8036	7300	46377
47230	2025-09-04	wc-completed	Tuning Forks - Weighted, 128 Hz	Tuning Fork - Single Weighted & Unweighted	MI-TF-W-128	1.0000	1940.6780	9713	9715
47231	2025-09-04	wc-completed	Bamboo Rainstick - 80cms	Bamboo Rainstick	MI-RS-B-80	1.0000	2049.1071	7484	44586
47231	2025-09-04	wc-completed	Crystal Bowls - 6 in	Crystal Bowls	MI-CB-W-6	1.0000	7584.7458	9777	9778
47231	2025-09-04	wc-completed	Crystal Bowl Bag - Small	Crystal Bowl Bag		1.0000	1450.0000	47081	47082
47233	2025-09-04	wc-completed	Yoga Belt/Strap for Sturdy Grip - Navy Blue	Yoga Belt/Strap for Sturdy Grip	Yo-BL-D-NB	1.0000	328.5714	6530	6548
47241	2025-09-04	wc-completed	Crystal Pyramid	Crystal Pyramid		1.0000	7191.9643	45654	0
47241	2025-09-04	wc-completed	Shamanic Drum Bags/Ocean Drum Bags - Small	Shamanic Drum Bags/Ocean Drum Bags		1.0000	891.0000	45131	45133
47241	2025-09-04	wc-completed	Shamanic Drum - Butterfly, 30 cms	Shamanic Drum	MI-SD-B-30	1.0000	3775.4237	7293	9591
47242	2025-09-04	wc-completed	Eye Shaped Natural Lavender Scented Eye Pillows - Rose	Eye Shaped Natural Lavender Scented Eye Pillows	Yo-P-E-RE-1	1.0000	334.7458	9220	9221
47242	2025-09-04	wc-completed	Bamboo Rainstick - 40cms	Bamboo Rainstick	MI-RS-B-40	1.0000	1334.8214	7484	8762
47242	2025-09-04	wc-completed	7 Chakras Mystical Incense Sticks Set - 7 Chakra Set	7 Chakras Mystical Incense Sticks Set	IS-7C	1.0000	457.1429	7687	7688
47243	2025-09-04	wc-completed	Crystal Bowls - 14 in	Crystal Bowls	MI-CB-W-14	1.0000	15063.5593	9777	9786
47243	2025-09-04	wc-completed	Kenari Chimes - Small & Large - Small	Kenari Chimes - Small & Large	MI-KR-CH-168	1.0000	3174.1071	45197	46430
47244	2025-09-05	wc-completed	Bird Flute - Pair	Bird Flute		1.0000	361.6071	45754	45872
47245	2025-09-05	wc-completed	Sacred Symbols Singing Bowls - Green, 5.5 in	Sacred Symbols Singing Bowls	MI-SB-P-SS-G-5.5	1.0000	1603.1250	10008	10011
47246	2025-09-05	wc-completed	Crystal Bowl Bag - Medium	Crystal Bowl Bag		1.0000	1650.0000	47081	47083
47247	2025-09-05	wc-completed	Kenari Seed Shell Shakers - Large	Kenari Seed Shell Shakers	MI-KR-S-L	1.0000	1727.6786	7472	7511
47248	2025-09-05	wc-completed	Crescent Zafu Meditation Cushion - Medium, Lavender	Crescent Zafu Meditation Cushion	Me-C-Z-M-L	1.0000	827.5424	6734	44912
47249	2025-09-05	wc-completed	Tuning Forks - Unweighted, 432 Hz	Tuning Fork - Single Weighted & Unweighted		1.0000	1136.4407	9713	9749
47251	2025-09-05	wc-completed	Pangi Seed Shell Rattle	Pangi Seed Shell Rattle	MI-PS	1.0000	1727.6786	7356	0
47251	2025-09-05	wc-completed	Koshi Chimes	Elemental Chimes	MI-Ch-KS	1.0000	2707.0313	45194	0
47252	2025-09-05	wc-completed	Jala Neti Pot - Ceramic 185 ml - White	Jala Neti Pot - Ceramic 185 ml	NP-W-185	1.0000	186.8644	5769	5826
47253	2025-09-06	wc-completed	S-Shaped Didgeridoo - Green	S-Shaped Didgeridoo	MI-DG-S-G	1.0000	6227.6786	7307	7314
47255	2025-09-06	wc-completed	Dotted Singing Bowl - 5.5 inch	Dotted Singing Bowl	MI-SB-H-5.5	1.0000	1915.1786	6892	6902
47256	2025-09-06	wc-completed	Zen Meditation Bench - Medium	Zen Meditation Bench	ME-Cu	1.0000	2631.3559	9763	45268
47257	2025-09-06	wc-completed	Pangi Seed Shell Rattle	Pangi Seed Shell Rattle	MI-PS	1.0000	1727.6786	7356	0
47258	2025-09-06	wc-completed	Kenari Seed Shell Shakers - Small	Kenari Seed Shell Shakers	MI-KR-S-S	1.0000	1205.3571	7472	7510
47259	2025-09-06	wc-completed	Copper Tongue Cleaner - Pack of 1, Straight	Copper Tongue Cleaner	TC-R-1	1.0000	139.8305	5042	7808
47259	2025-09-06	wc-completed	Copper Tongue Cleaner - Pack of 4, Straight	Copper Tongue Cleaner	TC-R-1	2.0000	669.4915	5042	7812
47259	2025-09-06	wc-completed	Kenari Chimes - Small & Large - Small	Kenari Chimes - Small & Large	MI-KR-CH-168	1.0000	3526.7857	45197	46430
47259	2025-09-06	wc-completed	Eco-Friendly Neem Wood Toothbrush - Pack of 4	Eco-Friendly Neem Wood Toothbrush	NTB-4	2.0000	618.6441	5037	5605
47260	2025-09-06	wc-completed	Pangi Seed Shell Rattle	Pangi Seed Shell Rattle	MI-PS	1.0000	1919.6429	7356	0
47261	2025-09-06	wc-completed	7-Key Kalimba Made from Coconut Shell - Painted & Plain - Dot Painted	7-Key Kalimba Made from Coconut Shell - Painted & Plain	MI-KCS-DP	1.0000	855.0000	7661	7994
47261	2025-09-06	wc-completed	Dumru/Dumroo Indian Handmade Percussion Instrument - 10cms, Dark Brown	Dumru/Dumroo Indian Handmade Percussion Instrument		1.0000	278.5714	5740	6910
47261	2025-09-06	wc-completed	Bird Flute - Pair	Bird Flute		1.0000	361.6071	45754	45872
47262	2025-09-06	wc-completed	Kenari Seed Shell Shakers - Large	Kenari Seed Shell Shakers	MI-KR-S-L	1.0000	1727.6786	7472	7511
47263	2025-09-06	wc-completed	7-Key Kalimba Made from Coconut Shell - Painted & Plain - Dot Painted	7-Key Kalimba Made from Coconut Shell - Painted & Plain	MI-KCS-DP	1.0000	950.0000	7661	7994
47264	2025-09-06	wc-completed	8 Keys Metallophone - with 1” & 1.5” key-widths - 1 inch	8 Keys Metallophone - with 1” & 1.5” key-widths	MI-XP-SP-1-8	1.0000	6483.0508	42332	42338
47265	2025-09-07	wc-completed	Rectangular Yoga Bolster made from Organic Cotton - Sage	Rectangular Yoga Bolster	Yo-BR-RE-SE	1.0000	1059.3220	9675	9678
47266	2025-09-07	wc-completed	Tuning Forks - Weighted, 68.05 Hz	Tuning Fork - Single Weighted & Unweighted		2.0000	3493.2203	9713	46947
47266	2025-09-07	wc-completed	Tuning Forks - Weighted, 528 Hz	Tuning Fork - Single Weighted & Unweighted		1.0000	1517.7966	9713	9719
47266	2025-09-07	wc-completed	Tuning Forks - Weighted, 432 Hz	Tuning Fork - Single Weighted & Unweighted	MI-TF-W-432	1.0000	1517.7966	9713	9718
47267	2025-09-07	wc-completed	11 Note Tongue Drum - White, 6 inches	11 Note Tongue Drum		1.0000	5265.0000	42373	42412
47268	2025-09-07	wc-completed	7-Key Kalimba Made from Coconut Shell - Painted & Plain - Dot Painted	7-Key Kalimba Made from Coconut Shell - Painted & Plain	MI-KCS-DP	1.0000	855.0000	7661	7994
47269	2025-09-07	wc-completed	32 Rods - Bar Chime	25 Rods - Bar Chime	MI-BCH-32	2.0000	9915.2542	42389	0
47269	2025-09-07	wc-completed	Koshi Chimes	Elemental Chimes	MI-Ch-KS	1.0000	3007.8125	45194	0
47269	2025-09-07	wc-completed	Hanging Bowls/Zen Drops - Set of 3	Hanging Bowls/Zen Drops		1.0000	6473.2143	45113	45118
47269	2025-09-07	wc-completed	Swinging Chimes - 6 Bars	Swinging Chimes	MI-SC-6	1.0000	6895.0000	10345	10346
47270	2025-09-07	wc-completed	Bird Flute - Pair	Bird Flute		1.0000	361.6071	45754	45872
47286	2025-09-08	wc-completed	S-Shaped Didgeridoo - Blue	S-Shaped Didgeridoo	MI-DG-S-B	1.0000	6919.6429	7307	7316
47287	2025-09-08	wc-completed	Mini Bamboo Slide Whistle	Mini Bamboo Slide Whistle	MI-BSW	1.0000	223.2143	46495	0
47288	2025-09-08	wc-completed	Kenari Seed Shell Shakers - Large	Kenari Seed Shell Shakers	MI-KR-S-L	1.0000	1919.6429	7472	7511
47288	2025-09-08	wc-completed	Mini Bamboo Slide Whistle	Mini Bamboo Slide Whistle	MI-BSW	2.0000	446.4286	46495	0
47289	2025-09-08	wc-completed	Shamanic Drum - Butterfly, 40 cms	Shamanic Drum	MI-SD-B-40	1.0000	4233.0508	7293	9592
47290	2025-09-08	wc-completed	Hanging Bowls/Zen Drops - Set of 3	Hanging Bowls/Zen Drops		1.0000	5825.8929	45113	45118
47291	2025-09-09	wc-completed	Thunder Tube - Basic Edition - 30cms	Thunder Tube - Basic Edition	MI-TT-20	1.0000	1245.5357	7317	46653
47297	2025-09-09	wc-completed	Eco-Friendly Neem Wood Toothbrush - Pack of 2	Eco-Friendly Neem Wood Toothbrush	NTB-2	1.0000	190.6780	5037	5604
47298	2025-09-10	wc-completed	Pangi Seed Shell Rattle	Pangi Seed Shell Rattle	MI-PS	1.0000	1727.6786	7356	0
47299	2025-09-10	wc-completed	Tuning Forks - Weighted, 128 Hz	Tuning Fork - Single Weighted & Unweighted	MI-TF-W-128	1.0000	1746.6102	9713	9715
47300	2025-09-10	wc-completed	Wooden Tambourines - Circular	Wooden Tambourines	MI-T-HM	1.0000	924.1071	7478	45649
47300	2025-09-10	wc-completed	Shankh/Conch - Medium	Shankh/Conch		1.0000	1105.9322	45449	45451
47301	2025-09-11	wc-completed	Jala Neti Pot - Ceramic 185 ml - Mint Green	Jala Neti Pot - Ceramic 185 ml	NP-MG-185	1.0000	186.8644	5769	6336
47305	2025-09-11	wc-completed	Mini Bamboo and Aluminium Bar Chime - 10	Mini Bamboo and Aluminium Bar Chime	MI-BCH-S-10	1.0000	751.2712	7450	46480
47306	2025-09-11	wc-completed	Dumru/Dumroo Indian Handmade Percussion Instrument - 7cms, Blue	Dumru/Dumroo Indian Handmade Percussion Instrument		1.0000	280.9524	5740	6068
47306	2025-09-11	wc-completed	Singing Bowls Silk Ring Cushion Accessories - 12 cms, Navy Blue	Singing Bowls Silk Ring Cushion Accessories	MI-SB-C-NB-12	1.0000	245.5357	6988	7774
47306	2025-09-11	wc-completed	Eye Shaped Natural Lavender Scented Eye Pillows - Rose	Eye Shaped Natural Lavender Scented Eye Pillows	Yo-P-E-RE-1	1.0000	334.7458	9220	9221
47306	2025-09-11	wc-completed	7 Chakras Yoga Mats - Superior, Orange	7 Chakras Yoga Mats		1.0000	1686.4407	46141	46167
47306	2025-09-11	wc-completed	Mini Bamboo Slide Whistle	Mini Bamboo Slide Whistle	MI-BSW	1.0000	223.2143	46495	0
47306	2025-09-11	wc-completed	Musical Wooden Frog - Standard	Musical Wooden Frog	MI-WF	1.0000	848.2143	7456	44632
47306	2025-09-11	wc-completed	Conscious Cards	Conscious Cards		1.0000	1499.0000	45533	0
47306	2025-09-11	wc-completed	Tuning Forks - Weighted, 68.05 Hz	Tuning Fork - Single Weighted & Unweighted		1.0000	1940.6780	9713	46947
47307	2025-09-11	wc-completed	Swinging Chimes - 9 Bars	Swinging Chimes	MI-SC-9	1.0000	8250.0000	10345	10347
47307	2025-09-11	wc-completed	Koshi Chimes	Elemental Chimes	MI-Ch-KS	1.0000	2707.0313	45194	0
47309	2025-09-11	wc-completed	Bamboo Rainstick - 80cms	Bamboo Rainstick	MI-RS-B-80	1.0000	2049.1071	7484	44586
47309	2025-09-11	wc-completed	Mini Bamboo Slide Whistle	Mini Bamboo Slide Whistle	MI-BSW	1.0000	223.2143	46495	0
47310	2025-09-11	wc-completed	Koshi Chimes	Elemental Chimes	MI-Ch-KS	1.0000	2707.0313	45194	0
47311	2025-09-11	wc-completed	Coconut Maracas Shakers - Plain	Coconut Maracas Shakers	MI-CM	1.0000	795.5357	7370	45394
47312	2025-09-11	wc-completed	CEG Crystal Singing Bowl Set	Triad Crystal Bowl Set		1.0000	32008.9286	45668	0
47312	2025-09-11	wc-completed	Singing Bowl Bags - Large	Singing Bowl Bags	MI-SB-Bag-L	1.0000	1940.6780	45127	45140
47312	2025-09-11	wc-completed	Singing Bowls Silk Ring Cushion Accessories - Combo of 7	Singing Bowls Silk Ring Cushion Accessories		1.0000	2004.4643	6988	46268
47312	2025-09-11	wc-completed	Wooden Mallets for Singing Bowls - Long Firm-Small, Red	Wooden Mallets for Singing Bowls	MI-SB-M-R-Wd-4.5	1.0000	486.6071	6978	43368
47312	2025-09-11	wc-completed	"Wooden Mallets for Singing Bowls - Long Soft-11"", Red"	Wooden Mallets for Singing Bowls	MI-SB-M-L-R-11	1.0000	575.8929	6978	43375
47313	2025-09-12	wc-completed	Rectangular Yoga Bolster made from Organic Cotton - Dark Grey	Rectangular Yoga Bolster	Yo-BR-RE-DG	2.0000	2118.6441	9675	9677
47313	2025-09-12	wc-completed	Hi-Zafu Meditation Cushion filled with Buckwheat Hulls - Misty Blue	Hi-Zafu Meditation Cushion - Filled with Buckwheat	Me-C-HZ-MB	1.0000	1004.2373	6755	9661
47314	2025-09-12	wc-completed	Singing Bowls Silk Ring Cushion Accessories - 10 cms, Red	Singing Bowls Silk Ring Cushion Accessories	MI-SB-C-R-10	1.0000	218.7500	6988	7771
47315	2025-09-12	wc-completed	Swinging Chimes - 9 Bars	Swinging Chimes	MI-SC-9	1.0000	8250.0000	10345	10347
47315	2025-09-12	wc-completed	Koshi Chimes	Elemental Chimes	MI-Ch-KS	1.0000	2707.0313	45194	0
47315	2025-09-12	wc-completed	Conscious Cards	Conscious Cards		1.0000	1349.1000	45533	0
47316	2025-09-12	wc-completed	Hi-Zafu Meditation Cushion filled with Buckwheat and Embroidered with Lotus - Light Grey	Hi-Zafu Meditation Cushion - Embroidered with Lotus	Me-C-HZ-LG-E-L	1.0000	1025.8475	9291	9377
47317	2025-09-12	wc-completed	Singing Bowls Silk Ring Cushion Accessories - 14 cms, Green	Singing Bowls Silk Ring Cushion Accessories	MI-SB-C-G-14	1.0000	237.0536	6988	7779
47317	2025-09-12	wc-completed	Thunder Tube - Basic Edition - 20cms	Thunder Tube - Basic Edition	MI-TT-20	1.0000	1064.7321	7317	46651
47317	2025-09-12	wc-completed	Bamboo Castanet	Bamboo Castanet	MI-CN-B	1.0000	598.6607	7329	0
47318	2025-09-12	wc-completed	Kenari Bracelet	Kenari Bracelet	MI-KR-BT	1.0000	1205.3571	42323	0
47319	2025-09-12	wc-completed	Tuning Forks - Weighted, 136.10 Hz	Tuning Fork - Single Weighted & Unweighted		1.0000	1746.6102	9713	9716
47319	2025-09-12	wc-completed	Tuning Forks - Weighted, 432 Hz	Tuning Fork - Single Weighted & Unweighted	MI-TF-W-432	1.0000	1517.7966	9713	9718
47320	2025-09-12	wc-completed	"Wooden Mallets for Singing Bowls - Long Soft-11"", White"	Wooden Mallets for Singing Bowls	MI-SB-M-L-W-11	2.0000	1116.9643	6978	43371
47321	2025-09-12	wc-completed	Pangi Seed Shell Rattle	Pangi Seed Shell Rattle	MI-PS	1.0000	1727.6786	7356	0
47322	2025-09-12	wc-completed	Mini Bamboo Slide Whistle	Mini Bamboo Slide Whistle	MI-BSW	1.0000	223.2143	46495	0
47322	2025-09-12	wc-completed	Bird Flute - Pair	Bird Flute		1.0000	401.7857	45754	45872
47322	2025-09-12	wc-completed	Coconut Maracas Shakers - Plain	Coconut Maracas Shakers	MI-CM	1.0000	883.9286	7370	45394
47322	2025-09-12	wc-completed	Mini Coconut Shakers - 3 Types - Eye Shaped	Mini Coconut Shakers - 3 Types	MI-CS-E	1.0000	558.0357	6062	6065
47324	2025-09-12	wc-completed	Singing Bowl with Mantra - Rustic Blue Colour - 7 Inches	Singing Bowl with Mantra - Rustic Blue Colour	MI-SB-RB-7	1.0000	1558.0357	6861	7287
47325	2025-09-12	wc-completed	Handcrafted Set of 7 Bowls for Sound Therapy - Standard-Octave 3, Matte	Handcrafted Set of 7 Bowls for Sound Therapy	MI-SB-7C Set-S-M	1.0000	615.1786	7887	9193
47325	2025-09-12	wc-completed	Singing Bowl Bags - Large	Singing Bowl Bags	MI-SB-Bag-L	1.0000	29.7458	45127	45140
47326	2025-09-13	wc-completed	Asalato/Aslatau or Kashaka Shaker - Plain, Pair	Asalato/Aslatau or Kashaka Shaker	MI-AS	1.0000	2187.5000	7300	46378
47327	2025-09-13	wc-completed	Hanging Bowls/Zen Drops - Set of 3	Hanging Bowls/Zen Drops		1.0000	5825.8929	45113	45118
47327	2025-09-13	wc-completed	Pangi Seed Shell Rattle	Pangi Seed Shell Rattle	MI-PS	1.0000	1727.6786	7356	0
47327	2025-09-13	wc-completed	Thunder Tube - Basic Edition - 25cms	Thunder Tube - Basic Edition	MI-TT-20	1.0000	1165.1786	7317	46652
47327	2025-09-13	wc-completed	Koshi Chimes	Elemental Chimes	MI-Ch-KS	1.0000	2707.0313	45194	0
47328	2025-09-13	wc-completed	Swinging Chimes - 9 Bars	Swinging Chimes	MI-SC-9	1.0000	8250.0000	10345	10347
47329	2025-09-13	wc-completed	Kenari Seed Shell Shakers - Small	Kenari Seed Shell Shakers	MI-KR-S-S	1.0000	1205.3571	7472	7510
47330	2025-09-13	wc-completed	Pangi Seed Shell Rattle	Pangi Seed Shell Rattle	MI-PS	1.0000	1919.6429	7356	0
47333	2025-09-13	wc-completed	Pangi Seed Shell Rattle	Pangi Seed Shell Rattle	MI-PS	1.0000	1727.6786	7356	0
47334	2025-09-13	wc-completed	Bamboo Rainstick - 80cms	Bamboo Rainstick	MI-RS-B-80	1.0000	1844.1964	7484	44586
47334	2025-09-13	wc-completed	Kenari Seed Shell Shakers - Small	Kenari Seed Shell Shakers	MI-KR-S-S	1.0000	1084.8214	7472	7510
47336	2025-09-13	wc-completed	Hi-Zafu Meditation Cushion filled with Buckwheat Hulls - Rose	Hi-Zafu Meditation Cushion - Filled with Buckwheat	Me-C-HZ-R	1.0000	1004.2373	6755	9657
47338	2025-09-14	wc-completed	Pangi Seed Shell Rattle	Pangi Seed Shell Rattle	MI-PS	1.0000	1727.6786	7356	0
47339	2025-09-14	wc-completed	7-Key Kalimba Made from Coconut Shell - Painted			1.0000	855.0000	46417	0
47340	2025-09-14	wc-completed	Singing Bowl Bags - Large	Singing Bowl Bags	MI-SB-Bag-L	1.0000	1746.6102	45127	45140
47342	2025-09-14	wc-completed	Rectangular Yoga Bolster made from Organic Cotton - Navy Blue	Rectangular Yoga Bolster	Yo-BR-RE-NB	1.0000	953.3898	9675	9679
47343	2025-09-15	wc-completed	Wooden Mallets for Singing Bowls - Standard Wide, Black	Wooden Mallets for Singing Bowls	MI-SB-M-R-Wd-4.5	1.0000	9.3750	6978	43380
47345	2025-09-15	wc-completed	Pangi Seed Shell Rattle	Pangi Seed Shell Rattle	MI-PS	1.0000	1919.6429	7356	0
47345	2025-09-15	wc-completed	Shruthi Thali/Gong Plates - G Plate	Shruthi Thali/Gong Plates		1.0000	8450.0000	45485	45488
47345	2025-09-15	wc-completed	Crystal Bowls - Set of 7	Crystal Bowls - Set of 7		1.0000	75000.0000	43219	44989
47347	2025-09-15	wc-completed	Bamboo Rainstick - 80cms	Bamboo Rainstick	MI-RS-B-80	1.0000	1844.1964	7484	44586
47348	2025-09-15	wc-completed	Mini Bamboo and Aluminium Bar Chime - 21	Mini Bamboo and Aluminium Bar Chime	MI-BCH-S-10	1.0000	1411.0169	7450	46481
47349	2025-09-15	wc-completed	Plain/Wind Tibetan Gong - 14 in	Plain/Wind Tibetan Gong	MI-G-P-14	1.0000	7955.3571	8833	8847
47350	2025-09-15	wc-completed	Neem Wood Combs - Small Comb	Neem Wood Combs	NWC-P	1.0000	120.5357	5038	5598
47352	2025-09-15	wc-completed	Pangi Seed Shell Rattle	Pangi Seed Shell Rattle	MI-PS	1.0000	1727.6786	7356	0
47353	2025-09-16	wc-completed	7-Key Kalimba Made from Coconut Shell - Painted			1.0000	855.0000	46417	0
47353	2025-09-16	wc-completed	Bamboo Castanet	Bamboo Castanet	MI-CN-B	1.0000	598.6607	7329	0
47353	2025-09-16	wc-completed	Musical Wooden Frog - Large	Musical Wooden Frog	MI-WF	1.0000	1084.8214	7456	44633
47353	2025-09-16	wc-completed	Thunder Tube - Basic Edition - 30cms	Thunder Tube - Basic Edition	MI-TT-20	1.0000	1245.5357	7317	46653
47353	2025-09-16	wc-completed	Spin/Twist Drum or Den Den Daiko - Large 3.5 in	Spin/Twist Drum or Den Den Daiko	MI-TD-YY	1.0000	719.1964	7417	7418
47354	2025-09-16	wc-completed	Asalato/Aslatau or Kashaka Shaker - Plain, Pair	Asalato/Aslatau or Kashaka Shaker	MI-AS	4.0000	7875.0000	7300	46378
47354	2025-09-16	wc-completed	Ocean Drums - Plain, 35 cms	Ocean Drums	MI-OD-P-35	1.0000	2097.4576	9529	9533
47354	2025-09-16	wc-completed	Spiral/Snake Didgeridoo - Red	Spiral/Snake Didgeridoo	MI-DG-SP-R	1.0000	5343.7500	7324	7520
47354	2025-09-16	wc-completed	S-Shaped Didgeridoo - Green	S-Shaped Didgeridoo	MI-DG-S-G	1.0000	6227.6786	7307	7314
47354	2025-09-16	wc-completed	Bamboo Rainstick - 80cms	Bamboo Rainstick	MI-RS-B-80	1.0000	1844.1964	7484	44586
47354	2025-09-16	wc-completed	Thunder Tube - Basic Edition - 30cms	Thunder Tube - Basic Edition	MI-TT-20	1.0000	1245.5357	7317	46653
47354	2025-09-16	wc-completed	Caxixi	Caxixi	Mi-CX-M-N	2.0000	2169.6429	42317	0
47355	2025-09-16	wc-completed	Gong Stand - Dark, Medium	Gong Stand		1.0000	5986.6071	45289	45298
47356	2025-09-16	wc-completed	Sacred Symbols Singing Bowls - Blue, 5.5 in	Sacred Symbols Singing Bowls	MI-SB-P-SS-B-5.5	1.0000	1781.2500	10008	10017
47357	2025-09-16	wc-completed	Pangi Seed Shell Rattle	Pangi Seed Shell Rattle	MI-PS	1.0000	1727.6786	7356	0
47358	2025-09-16	wc-completed	Bird Flute - Single	Bird Flute		1.0000	220.9821	45754	45871
47358	2025-09-16	wc-completed	Singing Bowls with Sacred Mantra Printed - Red, 4 Inches	Singing Bowls with Sacred Mantra Printed	MI-SB-P-R-4	1.0000	1241.5179	6807	6828
47358	2025-09-16	wc-completed	Neem Wood Combs - Small Comb	Neem Wood Combs	NWC-P	1.0000	108.4821	5038	5598
47358	2025-09-16	wc-completed	Eco-Friendly Neem Wood Toothbrush - Pack of 2	Eco-Friendly Neem Wood Toothbrush	NTB-2	1.0000	171.6102	5037	5604
47359	2025-09-16	wc-completed	The Head Bowl	The Head Bowl		1.0000	6826.2712	45518	0
47359	2025-09-16	wc-completed	Handmade Universal Bowl for Sound Healing	Handmade Universal Bowl for Sound Healing	MI-SB-HM-UN	1.0000	6308.0357	8143	0
47359	2025-09-16	wc-completed	Heart Chakra Singing Bowl	Heart Chakra Singing Bowl		1.0000	7245.7627	45473	0
47360	2025-09-16	wc-completed	Coconut Maracas Shakers - Plain	Coconut Maracas Shakers	MI-CM	1.0000	795.5357	7370	45394
47360	2025-09-16	wc-completed	Singing Bowls Silk Ring Cushion Accessories - Combo of 7	Singing Bowls Silk Ring Cushion Accessories		1.0000	1804.0179	6988	46268
47361	2025-09-16	wc-completed	Koshi Chimes	Elemental Chimes	MI-Ch-KS	1.0000	3007.8125	45194	0
47362	2025-09-17	wc-completed	Shruthi Thali/Gong Plates - D Plate	Shruthi Thali/Gong Plates		2.0000	19900.0000	45485	45491
47362	2025-09-17	wc-completed	Wooden Mallets for Singing Bowls - Thick Wide, Black	Wooden Mallets for Singing Bowls	MI-SB-M-R-Wd-4.5	2.0000	508.9286	6978	43378
47362	2025-09-17	wc-completed	Wooden Mallets for Singing Bowls - Standard Wide, Red	Wooden Mallets for Singing Bowls	MI-SB-M-R-Wd-4.5	1.0000	227.6786	6978	43381
47362	2025-09-17	wc-completed	Wooden Mallets for Singing Bowls - Standard Wide, Black	Wooden Mallets for Singing Bowls	MI-SB-M-R-Wd-4.5	1.0000	227.6786	6978	43380
47362	2025-09-17	wc-completed	Ocean Drums - Plain, 35 cms	Ocean Drums	MI-OD-P-35	1.0000	2330.5085	9529	9533
47363	2025-09-17	wc-completed	Bamboo Castanet	Bamboo Castanet	MI-CN-B	1.0000	665.1786	7329	0
47364	2025-09-17	wc-completed	Tibetan Buddhist Bell - Small	Tibetan Buddhist Bell	MI-BB-2	1.0000	1084.8214	6973	9198
47365	2025-09-17	wc-completed	Bamboo Rainstick - 80cms	Bamboo Rainstick	MI-RS-B-80	1.0000	2049.1071	7484	44586
47370	2025-09-17	wc-completed	Pangi Seed Shell Rattle	Pangi Seed Shell Rattle	MI-PS	1.0000	1727.6786	7356	0
47371	2025-09-17	wc-completed	Mini Bamboo and Aluminium Bar Chime - 10	Mini Bamboo and Aluminium Bar Chime	MI-BCH-S-10	1.0000	751.2712	7450	46480
47371	2025-09-17	wc-completed	CEG Crystal Singing Bowl Set	Triad Crystal Bowl Set		1.0000	28808.0357	45668	0
47371	2025-09-17	wc-completed	Mini Bamboo Slide Whistle	Mini Bamboo Slide Whistle	MI-BSW	1.0000	200.8929	46495	0
47372	2025-09-17	wc-completed	Koshi Chimes	Elemental Chimes	MI-Ch-KS	1.0000	3007.8125	45194	0
47372	2025-09-17	wc-completed	Wooden Mallets for Singing Bowls - Standard Wide, Black	Wooden Mallets for Singing Bowls	MI-SB-M-R-Wd-4.5	1.0000	227.6786	6978	43380
47372	2025-09-17	wc-completed	"Wooden Mallets for Singing Bowls - Long Soft-13"", Red"	Wooden Mallets for Singing Bowls	MI-SB-M-L-R-13	1.0000	758.9286	6978	43374
47373	2025-09-17	wc-completed	Sacred Symbols Singing Bowls - Green, 3.5 in	Sacred Symbols Singing Bowls	MI-SB-P-SS-G-3.5	1.0000	1156.2500	10008	10009
47374	2025-09-17	wc-completed	7 Chakras Yoga Mats - Superior, Teal	7 Chakras Yoga Mats		1.0000	1686.4407	46141	46166
47375	2025-09-18	wc-completed	Bamboo Rainstick - 80cms	Bamboo Rainstick	MI-RS-B-80	1.0000	1844.1964	7484	44586
47375	2025-09-18	wc-completed	Bird Flute - Single	Bird Flute		1.0000	220.9821	45754	45871
47378	2025-09-18	wc-completed	Pangi Seed Shell Rattle	Pangi Seed Shell Rattle	MI-PS	2.0000	3839.2857	7356	0
47379	2025-09-18	wc-completed	Bamboo Rainstick - 40cms	Bamboo Rainstick	MI-RS-B-40	1.0000	1201.3393	7484	8762
47379	2025-09-18	wc-completed	Coconut Rattle	Coconut Rattle	MI-CR	1.0000	839.7321	5730	0
47386	2025-09-18	wc-completed	Koshi Chimes	Elemental Chimes	MI-Ch-KS	1.0000	2707.0313	45194	0
47386	2025-09-18	wc-completed	Ocean Drums - Plain, 35 cms	Ocean Drums	MI-OD-P-35	1.0000	2097.4576	9529	9533
47386	2025-09-18	wc-completed	Bird Flute - Pair	Bird Flute		1.0000	361.6071	45754	45872
47386	2025-09-18	wc-completed	Mini Bamboo and Aluminium Bar Chime - 21	Mini Bamboo and Aluminium Bar Chime	MI-BCH-S-10	1.0000	1411.0169	7450	46481
47386	2025-09-18	wc-completed	7 Chakras Mystical Incense Sticks Set - 7 Chakra Set	7 Chakras Mystical Incense Sticks Set	IS-7C	1.0000	411.4286	7687	7688
47387	2025-09-19	wc-completed	Wooden Mallets for Singing Bowls - Straight, Red	Wooden Mallets for Singing Bowls	MI-SB-M-R-S	2.0000	321.4286	6978	43369
47394	2025-09-19	wc-completed	Hanging Bowls/Zen Drops - Set of 3	Hanging Bowls/Zen Drops		1.0000	6473.2143	45113	45118
47394	2025-09-19	wc-completed	Koshi Chimes	Elemental Chimes	MI-Ch-KS	1.0000	3007.8125	45194	0
47394	2025-09-19	wc-completed	Swinging Chimes - 6 Bars	Swinging Chimes	MI-SC-6	1.0000	6895.0000	10345	10346
47394	2025-09-19	wc-completed	Zen Meditation Bench - Large	Zen Meditation Bench	ME-Cu	1.0000	3093.2203	9763	45269
47394	2025-09-19	wc-completed	Singing Bowls Silk Ring Cushion Accessories - Combo of 7	Singing Bowls Silk Ring Cushion Accessories		1.0000	2004.4643	6988	46268
47396	2025-09-19	wc-completed	Eco-Friendly Neem Wood Toothbrush - Pack of 2	Eco-Friendly Neem Wood Toothbrush	NTB-2	1.0000	171.6102	5037	5604
47396	2025-09-19	wc-completed	Jala Neti Pot - Ceramic 185 ml - Blue	Jala Neti Pot - Ceramic 185 ml	NP-B-185	1.0000	186.8644	5769	6918
47398	2025-09-20	wc-completed	Swinging Chimes - 9 Bars	Swinging Chimes	MI-SC-9	1.0000	8250.0000	10345	10347
47398	2025-09-20	wc-completed	Tingsha Bell - Etched, Standard	Tingsha Bell		1.0000	1442.4107	5763	44937
47398	2025-09-20	wc-completed	Kenari Seed Shell Shakers - Small	Kenari Seed Shell Shakers	MI-KR-S-S	1.0000	1084.8214	7472	7510
47398	2025-09-20	wc-completed	Full Moon Singing Bowls - All Sizes - 6 Inches	Full Moon Singing Bowls - All Sizes	MI-SB-H-FM-6	1.0000	5584.8214	7607	7609
47399	2025-09-20	wc-completed	Kenari Seed Shell Shakers - Large	Kenari Seed Shell Shakers	MI-KR-S-L	1.0000	1727.6786	7472	7511
47400	2025-09-20	wc-completed	Dotted Singing Bowl - Deep 5.5 Inch	Dotted Singing Bowl	MI-SB-D-7	1.0000	2129.4643	6892	42911
47402	2025-09-21	wc-completed	Hi-Zafu Meditation Cushion filled with Buckwheat Hulls - Maroon	Hi-Zafu Meditation Cushion - Filled with Buckwheat	Me-C-HZ-M	1.0000	903.8136	6755	7559
47402	2025-09-21	wc-completed	Caxixi	Caxixi	Mi-CX-M-N	1.0000	1084.8214	42317	0
47403	2025-09-21	wc-completed	Mini Bamboo and Aluminium Bar Chime - 10	Mini Bamboo and Aluminium Bar Chime	MI-BCH-S-10	1.0000	834.7458	7450	46480
47403	2025-09-21	wc-completed	Mini Coconut Shakers - 3 Types - Round Shaped	Mini Coconut Shakers - 3 Types	MI-CS-R	1.0000	575.8929	6062	6064
47403	2025-09-21	wc-completed	Swinging Chimes - 6 Bars	Swinging Chimes	MI-SC-6	1.0000	6895.0000	10345	10346
47403	2025-09-21	wc-completed	Coconut Rattle	Coconut Rattle	MI-CR	1.0000	933.0357	5730	0
47404	2025-09-21	wc-completed	Tuning Forks - Weighted, Solfeggio Set	Tuning Fork - Single Weighted & Unweighted		1.0000	9144.9153	9713	9744
47404	2025-09-21	wc-completed	Tuning Forks - Unweighted, Solfeggio Set	Tuning Fork - Single Weighted & Unweighted		1.0000	7619.4915	9713	9752
47405	2025-09-21	wc-completed	Singing Bowl Bags - Large	Singing Bowl Bags	MI-SB-Bag-L	1.0000	1746.6102	45127	45140
47405	2025-09-21	wc-completed	Handcrafted Set of 7 Bowls for Sound Therapy - Standard-Octave 3, Full Moon	Handcrafted Set of 7 Bowls for Sound Therapy	MI-SB-7C Set-S-FM	1.0000	50446.4286	7887	9195
47406	2025-09-21	wc-completed	Singing Bowl Bags - Large	Singing Bowl Bags	MI-SB-Bag-L	1.0000	1940.6780	45127	45140
47407	2025-09-21	wc-completed	Shankh/Conch - Large	Shankh/Conch		1.0000	1411.0169	45449	45452
47407	2025-09-21	wc-completed	Dumru/Dumroo Indian Handmade Percussion Instrument - 10cms, Multicolour	Dumru/Dumroo Indian Handmade Percussion Instrument		1.0000	278.5714	5740	6911
47408	2025-09-21	wc-completed	Crescent Zafu Meditation Cushion - Large, Sage	Crescent Zafu Meditation Cushion	Me-C-Z-L-S	2.0000	1746.6102	6734	44906
47408	2025-09-21	wc-completed	Crescent Zafu Meditation Cushion - Medium, Sage	Crescent Zafu Meditation Cushion	Me-C-Z-M-SE	1.0000	827.5424	6734	44913
47408	2025-09-21	wc-completed	Crescent Zafu Meditation Cushion - Medium, Rose	Crescent Zafu Meditation Cushion	Me-C-Z-M-R	1.0000	827.5424	6734	44914
47408	2025-09-21	wc-completed	Crescent Zafu Meditation Cushion - Medium, Misty Blue	Crescent Zafu Meditation Cushion	Me-C-Z-M-MB	1.0000	827.5424	6734	44911
47408	2025-09-21	wc-completed	Yoga Bolster made from Organic Cotton - Sage	Round Yoga Bolster	Yo-BR-R-SE	1.0000	1029.6610	6689	6692
47416	2025-09-22	wc-completed	Bamboo Rainstick - 80cms	Bamboo Rainstick	MI-RS-B-80	1.0000	1844.1964	7484	44586
47417	2025-09-22	wc-completed	Singing Bowls Silk Ring Cushion Accessories - Combo of 5	Singing Bowls Silk Ring Cushion Accessories		1.0000	1321.8750	6988	46267
47418	2025-09-22	wc-completed	Yoga Blanket made from Organic Cotton - Natural White	Yoga Blanket made from Organic Cotton	Yo-BT-C-NT	1.0000	1110.0000	6668	6688
47442	2025-09-24	wc-completed	Yoga Blanket made from Organic Cotton - Natural White	Yoga Blanket made from Organic Cotton	Yo-BT-C-NT	1.0000	1110.0000	6668	6688
47443	2025-09-24	wc-completed	Tuning Forks - Weighted, 432 Hz	Tuning Fork - Single Weighted & Unweighted	MI-TF-W-432	1.0000	1517.7966	9713	9718
47446	2025-09-24	wc-completed	Pangi Seed Shell Rattle	Pangi Seed Shell Rattle	MI-PS	1.0000	1919.6429	7356	0
47447	2025-09-24	wc-completed	Hanging Bowls/Zen Drops - Set of 3	Hanging Bowls/Zen Drops		1.0000	6473.2143	45113	45118
47447	2025-09-24	wc-completed	Yoga Bolster made from Organic Cotton - Navy Blue	Round Yoga Bolster	Yo-BR-R-NB	1.0000	1144.0678	6689	6693
47448	2025-09-24	wc-completed	Bamboo Rainstick - 80cms	Bamboo Rainstick	MI-RS-B-80	1.0000	2049.1071	7484	44586
47449	2025-09-24	wc-completed	Zafu Meditation Cushion filled with Cotton - Orange	Zafu Meditation Cushion Plain Filled with Cotton	Me-Z-R-C-O	1.0000	827.5424	6711	7565
47450	2025-09-25	wc-completed	Tuning Forks - Weighted, 68.05 Hz	Tuning Fork - Single Weighted & Unweighted		1.0000	1746.6102	9713	46947
47451	2025-09-25	wc-completed	Bamboo Rainstick - 80cms	Bamboo Rainstick	MI-RS-B-80	1.0000	1844.1964	7484	44586
47460	2025-09-25	wc-completed	Koshi Chimes	Elemental Chimes	MI-Ch-KS	1.0000	3007.8125	45194	0
47472	2025-09-25	wc-completed	Pangi Seed Shell Rattle	Pangi Seed Shell Rattle	MI-PS	1.0000	1919.6429	7356	0
47473	2025-09-25	wc-completed	Dumru/Dumroo Indian Handmade Percussion Instrument - 8cms, Dark Brown	Dumru/Dumroo Indian Handmade Percussion Instrument		1.0000	280.9524	5740	6903
47474	2025-09-25	wc-completed	Harmonium - Compact	Harmonium		1.0000	23990.0000	44972	45021
47475	2025-09-26	wc-completed	Bamboo Rainstick - 40cms	Bamboo Rainstick	MI-RS-B-40	1.0000	1201.3393	7484	8762
47477	2025-09-26	wc-completed	Zabuton Cushion for Meditation - Lavender	Zabuton Cushion for Meditation	Me-C-Zn-LR	2.0000	3135.5932	6780	9606
47478	2025-09-26	wc-completed	Wooden Mallets for Singing Bowls - Standard Wide, Red	Wooden Mallets for Singing Bowls	MI-SB-M-R-Wd-4.5	1.0000	227.6786	6978	43381
47478	2025-09-26	wc-completed	"Wooden Mallets for Singing Bowls - Long Soft-13"", White"	Wooden Mallets for Singing Bowls	MI-SB-M-L-W-13	1.0000	758.9286	6978	43370
47482	2025-09-26	wc-completed	Full Moon Singing Bowls - All Sizes - 10 Inches	Full Moon Singing Bowls - All Sizes	MI-SB-H-FM-10	1.0000	8718.7500	7607	9034
47483	2025-09-26	wc-completed	Eye Shaped Natural Lavender Scented Eye Pillows - Sage	Eye Shaped Natural Lavender Scented Eye Pillows	Yo-P-E-SE-1	3.0000	903.8136	9220	9225
47483	2025-09-26	wc-completed	Shankh/Conch - Medium	Shankh/Conch		1.0000	1105.9322	45449	45451
47484	2025-09-27	wc-completed	Shruti Box - 3 Octaves	Shruti Box		1.0000	12141.0000	44970	45005
47485	2025-09-27	wc-completed	Tuning Forks - Weighted, 528 Hz	Tuning Fork - Single Weighted & Unweighted		1.0000	1517.7966	9713	9719
47486	2025-09-28	wc-completed	Neem Wood Combs - Small Comb	Neem Wood Combs	NWC-P	1.0000	108.4821	5038	5598
47486	2025-09-28	wc-completed	7 Chakras Mystical Incense Sticks Set - 7 Chakra Set	7 Chakras Mystical Incense Sticks Set	IS-7C	1.0000	411.4286	7687	7688
47486	2025-09-28	wc-completed	Grooved, Hammered & Plain Copper Bottle	Grooved, Hammered & Plain Copper Bottle	CB-CVH-B	1.0000	963.4821	6071	43550
47489	2025-09-28	wc-completed	Bamboo Rainstick - 80cms	Bamboo Rainstick	MI-RS-B-80	1.0000	1844.1964	7484	44586
47489	2025-09-28	wc-completed	Bird Flute - Single	Bird Flute		1.0000	220.9821	45754	45871
47491	2025-09-28	wc-completed	Bird Flute - Single	Bird Flute		1.0000	245.5357	45754	45871
47492	2025-09-29	wc-completed	Gong Bags - Large	Gong Bags		1.0000	1792.3729	45152	45154
47493	2025-09-29	wc-completed	Jala Neti Pot - Ceramic 185 ml - White	Jala Neti Pot - Ceramic 185 ml	NP-W-185	1.0000	207.6271	5769	5826
47493	2025-09-29	wc-completed	Mini Bamboo Slide Whistle	Mini Bamboo Slide Whistle	MI-BSW	1.0000	223.2143	46495	0
47493	2025-09-29	wc-completed	Bird Flute - Pair	Bird Flute		1.0000	401.7857	45754	45872
47505	2025-09-29	wc-completed	Eco-Friendly Neem Wood Toothbrush - Pack of 2	Eco-Friendly Neem Wood Toothbrush	NTB-2	1.0000	190.6780	5037	5604
47506	2025-09-29	wc-completed	Mini Bamboo and Aluminium Bar Chime - 10	Mini Bamboo and Aluminium Bar Chime	MI-BCH-S-10	1.0000	751.2712	7450	46480
47507	2025-09-30	wc-completed	Shruti Box - 1 Octave	Shruti Box		1.0000	8955.0000	44970	45003
47531	2025-10-01	wc-completed	Pangi Seed Shell Rattle	Pangi Seed Shell Rattle	MI-PS	1.0000	1727.6786	7356	0
47533	2025-10-01	wc-completed	Caxixi	Caxixi	Mi-CX-M-N	1.0000	1205.3571	42317	0
47533	2025-10-01	wc-completed	Mini Bamboo and Aluminium Bar Chime - 21	Mini Bamboo and Aluminium Bar Chime	MI-BCH-S-10	1.0000	1567.7966	7450	46481
47534	2025-10-02	wc-completed	"Wooden Mallets for Singing Bowls - Long Soft-11"", Red"	Wooden Mallets for Singing Bowls	MI-SB-M-L-R-11	1.0000	575.8929	6978	43375
47534	2025-10-02	wc-completed	Singing Bowl Bags - Standard	Singing Bowl Bags	MI-SB-Bag-M	1.0000	1686.4407	45127	45139
47535	2025-10-02	wc-completed	Swinging Chimes - 9 Bars	Swinging Chimes	MI-SC-9	1.0000	8250.0000	10345	10347
47535	2025-10-02	wc-completed	Bamboo Rainstick - 80cms	Bamboo Rainstick	MI-RS-B-80	1.0000	1844.1964	7484	44586
47535	2025-10-02	wc-completed	Singing Bowl Bags - Standard	Singing Bowl Bags	MI-SB-Bag-M	1.0000	1517.7966	45127	45139
47536	2025-10-02	wc-completed	Round Yoga Bolster - Grey	Round Yoga Bolster	Yo-BR-R-GY	1.0000	1029.6610	6689	6695
47536	2025-10-02	wc-completed	Round Yoga Bolster - Sage	Round Yoga Bolster	Yo-BR-R-SE	1.0000	1029.6610	6689	6692
47537	2025-10-03	wc-completed	Musical Wooden Frog - Standard	Musical Wooden Frog	MI-WF	1.0000	848.2143	7456	44632
47538	2025-10-03	wc-completed	Copper Bottle Gift Set - 7 Chakra - Gold	Copper Bottle Gift Set - 7 Chakra		1.0000	1406.2500	6638	6647
47540	2025-10-03	wc-completed	Asalato/Aslatau or Kashaka Shaker - Plain, Single	Asalato/Aslatau or Kashaka Shaker	MI-AS	1.0000	1200.8929	7300	46377
47541	2025-10-04	wc-completed	Bamboo Rainstick - 40cms	Bamboo Rainstick	MI-RS-B-40	1.0000	1334.8214	7484	8762
47542	2025-10-04	wc-completed	Singing Bowls Silk Ring Cushion Accessories - Combo of 7	Singing Bowls Silk Ring Cushion Accessories		1.0000	2004.4643	6988	46268
47542	2025-10-04	wc-completed	Singing Bowls Silk Ring Cushion Accessories - 22 cms, Navy Blue	Singing Bowls Silk Ring Cushion Accessories	MI-SB-C-NB-22	1.0000	531.2500	6988	44181
47543	2025-10-04	wc-completed	S-Shaped Didgeridoo - Green	S-Shaped Didgeridoo	MI-DG-S-G	1.0000	6227.6786	7307	7314
47544	2025-10-04	wc-completed	Pangi Seed Shell Rattle	Pangi Seed Shell Rattle	MI-PS	1.0000	1919.6429	7356	0
47545	2025-10-04	wc-completed	Happiness is Inside	Happiness is Inside		1.0000	794.6429	5459	44017
47546	2025-10-04	wc-completed	Pangi Seed Shell Rattle	Pangi Seed Shell Rattle	MI-PS	1.0000	1727.6786	7356	0
47547	2025-10-04	wc-completed	Hammered Copper Bottle - With Brush	Hammered Copper Bottle		1.0000	15.1071	5688	5914
47548	2025-10-05	wc-completed	Ocean Drums - Plain, 35 cms	Ocean Drums	MI-OD-P-35	1.0000	2097.4576	9529	9533
47548	2025-10-05	wc-completed	Mini Bamboo Slide Whistle	Mini Bamboo Slide Whistle	MI-BSW	1.0000	200.8929	46495	0
47548	2025-10-05	wc-completed	Shamanic Drum - Plain, 45 cms	Shamanic Drum	MI-SD-P-45	1.0000	4461.8644	7293	9590
47548	2025-10-05	wc-completed	Copper Tongue Cleaner - Pack of 4, Straight	Copper Tongue Cleaner	TC-R-1	1.0000	301.2712	5042	7812
47548	2025-10-05	wc-completed	Elemental Chimes - Water	Elemental Chimes	MI-Ch-KS	1.0000	2707.0313	45194	47462
47548	2025-10-05	wc-completed	Shankh/Conch - Medium	Shankh/Conch		1.0000	1105.9322	45449	45451
47549	2025-10-05	wc-completed	Dotted Singing Bowl - Deep 5.5 Inch	Dotted Singing Bowl	MI-SB-D-7	1.0000	2271.4286	6892	42911
47551	2025-10-05	wc-completed	Wooden Mallets for Singing Bowls - Standard Wide, Red	Wooden Mallets for Singing Bowls	MI-SB-M-R-Wd-4.5	1.0000	204.9107	6978	43381
47552	2025-10-05	wc-completed	Elemental Chimes - Earth	Elemental Chimes	MI-Ch-KS	1.0000	2707.0313	45194	47461
47552	2025-10-05	wc-completed	Mini Bamboo Slide Whistle	Mini Bamboo Slide Whistle	MI-BSW	1.0000	200.8929	46495	0
47552	2025-10-05	wc-completed	Tingsha Bell - Etched, Standard	Tingsha Bell		1.0000	1442.4107	5763	44937
47552	2025-10-05	wc-completed	Shankh/Conch - Medium	Shankh/Conch		1.0000	1105.9322	45449	45451
47554	2025-10-05	wc-completed	Wooden Mallets for Singing Bowls - Long Firm-Small, Red	Wooden Mallets for Singing Bowls	MI-SB-M-R-Wd-4.5	1.0000	437.9464	6978	43368
47555	2025-10-05	wc-completed	Tingsha Bell - Etched, Small	Tingsha Bell		3.0000	3977.6786	5763	44936
47555	2025-10-05	wc-completed	Coconut Maracas Shakers - Plain	Coconut Maracas Shakers	MI-CM	1.0000	795.5357	7370	45394
47556	2025-10-05	wc-completed	Kenari Seed Shell Shakers - Large	Kenari Seed Shell Shakers	MI-KR-S-L	2.0000	3839.2857	7472	7511
47557	2025-10-05	wc-completed	Djembe Drums - Mahogany, 12in	Djembe Drums		1.0000	6350.0000	44969	45043
47561	2025-10-06	wc-completed	"Wooden Mallets for Singing Bowls - Long Soft-11"", White"	Wooden Mallets for Singing Bowls	MI-SB-M-L-W-11	1.0000	620.5357	6978	43371
47561	2025-10-06	wc-completed	Wooden Mallets for Singing Bowls - Long Firm-Small, White	Wooden Mallets for Singing Bowls	MI-SB-M-R-Wd-4.5	1.0000	486.6071	6978	43383
47562	2025-10-06	wc-completed	Bamboo Rainstick - 40cms	Bamboo Rainstick	MI-RS-B-40	1.0000	1334.8214	7484	8762
47565	2025-10-06	wc-completed	Bamboo Rainstick - 80cms	Bamboo Rainstick	MI-RS-B-80	1.0000	2049.1071	7484	44586
47566	2025-10-06	wc-completed	Shankh/Conch - Small	Shankh/Conch		1.0000	724.5763	45449	45450
47571	2025-10-06	wc-completed	8 Keys Metallophone - with 1” & 1.5” key-widths - 1.5 inch	8 Keys Metallophone - with 1” & 1.5” key-widths	MI-XP-SP-1.5-8	1.0000	7923.7288	42332	42339
47572	2025-10-06	wc-completed	Shruti Box - 3 Octaves	Shruti Box		1.0000	13490.0000	44970	45005
47573	2025-10-06	wc-completed	Kenari Bracelet	Kenari Bracelet	MI-KR-BT	1.0000	1205.3571	42323	0
47574	2025-10-07	wc-completed	Singing Bowl Bags - Large	Singing Bowl Bags	MI-SB-Bag-L	1.0000	1746.6102	45127	45140
47574	2025-10-07	wc-completed	Singing Bowls Silk Ring Cushion Accessories - Combo of 5	Singing Bowls Silk Ring Cushion Accessories		1.0000	1410.0000	6988	46267
47575	2025-10-07	wc-completed	Bamboo Rainstick - 80cms	Bamboo Rainstick	MI-RS-B-80	1.0000	2049.1071	7484	44586
47576	2025-10-07	wc-completed	Pangi Seed Shell Rattle	Pangi Seed Shell Rattle	MI-PS	1.0000	1919.6429	7356	0
47577	2025-10-07	wc-completed	Zafu & Zabuton Meditation Cushion Combo - Lotus Embroidery - Lavender	Zafu & Zabuton Meditation Cushion Combo - Lotus Embroidery	Co-Me-C-Z-Zn-LR-E-L	1.0000	2442.8571	9312	9313
47577	2025-10-07	wc-completed	Ocean Drums - Plain, 35 cms	Ocean Drums	MI-OD-P-35	1.0000	2097.4576	9529	9533
47577	2025-10-07	wc-completed	Conscious Cards	Conscious Cards		1.0000	1349.1000	45533	0
47577	2025-10-07	wc-completed	Root Chakra Singing Bowl	Root Chakra Singing Bowl		1.0000	11528.5714	45469	0
47578	2025-10-07	wc-completed	Bamboo Rainstick - 80cms	Bamboo Rainstick	MI-RS-B-80	1.0000	2185.7143	7484	44586
47579	2025-10-07	wc-completed	7-Key Kalimba Made from Coconut Shell - Painted & Plain - Dot Painted	7-Key Kalimba Made from Coconut Shell - Painted & Plain	MI-KCS-DP	1.0000	814.2857	7661	7994
47579	2025-10-07	wc-completed	Bird Flute - Single	Bird Flute		1.0000	235.7143	45754	45871
47580	2025-10-07	wc-completed	Singing Bowls Silk Ring Cushion Accessories - Combo of 7	Singing Bowls Silk Ring Cushion Accessories		1.0000	1924.2857	6988	46268
47581	2025-10-08	wc-completed	Eye Shaped Natural Lavender Scented Eye Pillows - Rose	Eye Shaped Natural Lavender Scented Eye Pillows	Yo-P-E-RE-1	4.0000	1338.9831	9220	9221
47583	2025-10-08	wc-completed	Shruti Box - 3 Octaves	Shruti Box		1.0000	13490.0000	44970	45005
47584	2025-10-08	wc-completed	Dumru/Dumroo Indian Handmade Percussion Instrument - 10cms, Multicolour	Dumru/Dumroo Indian Handmade Percussion Instrument		1.0000	278.5714	5740	6911
47587	2025-10-09	wc-completed	Round Yoga Bolster - Dark Grey	Round Yoga Bolster	Yo-BR-R-DG	1.0000	1144.0678	6689	6691
47587	2025-10-09	wc-completed	Eye Shaped Natural Lavender Scented Eye Pillows - Rose	Eye Shaped Natural Lavender Scented Eye Pillows	Yo-P-E-RE-1	1.0000	334.7458	9220	9221
47588	2025-10-09	wc-completed	Jala Neti Pot - Ceramic 185 ml - White	Jala Neti Pot - Ceramic 185 ml	NP-W-185	1.0000	233.3333	5769	5826
47589	2025-10-10	wc-completed	Shamanic Drum - Plain, 45 cms	Shamanic Drum	MI-SD-P-45	1.0000	4957.6271	7293	9590
47596	2025-10-10	wc-completed	Jala Neti Pot - Ceramic 185 ml - White	Jala Neti Pot - Ceramic 185 ml	NP-W-185	1.0000	210.0000	5769	5826
47597	2025-10-11	wc-completed	Third Eye Chakra Singing Bowl	Third Eye Chakra Singing Bowl		1.0000	5314.2857	45477	0
47598	2025-10-11	wc-completed	Caxixi	Caxixi	Mi-CX-M-N	1.0000	1285.7143	42317	0
47599	2025-10-11	wc-completed	Mini Bamboo Slide Whistle	Mini Bamboo Slide Whistle	MI-BSW	1.0000	223.2143	46495	0
47600	2025-10-11	wc-completed	Kenari Seed Shell Shakers - Large	Kenari Seed Shell Shakers	MI-KR-S-L	1.0000	2047.6190	7472	7511
47601	2025-10-11	wc-completed	Elemental Chimes - Air	Elemental Chimes	MI-Ch-KS	1.0000	3300.0000	45194	47463
47602	2025-10-11	wc-completed	CEG Crystal Singing Bowl Set	Triad Crystal Bowl Set		1.0000	27343.2203	45668	0
47605	2025-10-12	wc-completed	"Wooden Mallets for Singing Bowls - Long Soft-9"", Red"	Wooden Mallets for Singing Bowls	MI-SB-M-L-R-9	1.0000	552.8571	6978	43376
47605	2025-10-12	wc-completed	Flower of Life with Sacred Symbols Singing Bowls - Blue, 9 in	Flower of Life with Sacred Symbols Singing Bowls	MI-SB-RFL-B-9	1.0000	1500.0000	10035	10049
47606	2025-10-12	wc-completed	Djembe Drums - Mahogany, 8in	Djembe Drums		1.0000	3950.0000	44969	45039
47607	2025-10-12	wc-completed	8 Keys Wooden Xylophone	8 Keys Wooden Xylophone		1.0000	7008.9286	42340	0
47608	2025-10-12	wc-completed	Copper Bottle Gift Set - 7 Chakra - Vintage	Copper Bottle Gift Set - 7 Chakra		1.0000	1666.6667	6638	6648
47609	2025-10-12	wc-completed	Pangi Seed Shell Rattle	Pangi Seed Shell Rattle	MI-PS	1.0000	2047.6190	7356	0
47611	2025-10-13	wc-completed	Hanging Bowls/Zen Drops - Set of 3	Hanging Bowls/Zen Drops		1.0000	6814.2857	45113	45118
47612	2025-10-13	wc-completed	Ocean Drums - Plain, 35 cms	Ocean Drums	MI-OD-P-35	1.0000	2330.5085	9529	9533
47612	2025-10-13	wc-completed	Elemental Chimes - Water	Elemental Chimes	MI-Ch-KS	1.0000	3666.6667	45194	47462
47612	2025-10-13	wc-completed	Kenari Seed Shell Shakers - Small	Kenari Seed Shell Shakers	MI-KR-S-S	1.0000	1285.7143	7472	7510
47612	2025-10-13	wc-completed	Singing Bowl Bags - Large	Singing Bowl Bags	MI-SB-Bag-L	1.0000	1940.6780	45127	45140
47612	2025-10-13	wc-completed	Handcrafted Set of 7 Bowls for Sound Therapy - Standard-Octave 3, Matte	Handcrafted Set of 7 Bowls for Sound Therapy	MI-SB-7C Set-S-M	1.0000	47142.8571	7887	9193
47612	2025-10-13	wc-completed	Shamanic Drum Bags/Ocean Drum Bags - Medium	Shamanic Drum Bags/Ocean Drum Bags		1.0000	1190.0000	45131	46932
47613	2025-10-13	wc-completed	Bamboo Rainstick - 80cms	Bamboo Rainstick	MI-RS-B-80	1.0000	2185.7143	7484	44586
47616	2025-10-13	wc-completed	Eye Shaped Natural Lavender Scented Eye Pillows - Rose	Eye Shaped Natural Lavender Scented Eye Pillows	Yo-P-E-RE-1	1.0000	334.7458	9220	9221
47617	2025-10-14	wc-completed	Jala Neti Pot - Ceramic 185 ml - Blue	Jala Neti Pot - Ceramic 185 ml	NP-B-185	1.0000	207.6271	5769	6918
47618	2025-10-14	wc-completed	Shamanic Drum Bags/Ocean Drum Bags - Large	Shamanic Drum Bags/Ocean Drum Bags		1.0000	1290.0000	45131	45134
47618	2025-10-14	wc-completed	Shamanic Drum - Plain, 45 cms	Shamanic Drum	MI-SD-P-45	1.0000	4957.6271	7293	9590
47619	2025-10-14	wc-completed	Bamboo Rainstick - 80cms	Bamboo Rainstick	MI-RS-B-80	1.0000	2185.7143	7484	44586
47622	2025-10-14	wc-completed	Bamboo Rainstick - 80cms	Bamboo Rainstick	MI-RS-B-80	1.0000	2185.7143	7484	44586
47622	2025-10-14	wc-completed	Pangi Seed Shell Rattle	Pangi Seed Shell Rattle	MI-PS	1.0000	2047.6190	7356	0
47624	2025-10-14	wc-completed	Bird Flute - Single	Bird Flute		1.0000	261.9048	45754	45871
47625	2025-10-14	wc-completed	Zafu & Zabuton Meditation Cushion Combo - Navy Blue	Zafu & Zabuton Meditation Cushion Combo	CO-Me-Zf-Zn-C-NB	1.0000	2245.7627	7177	7186
47626	2025-10-14	wc-completed	Rectangular Yoga Bolster - Navy Blue	Rectangular Yoga Bolster	Yo-BR-RE-NB	1.0000	1059.3220	9675	9679
47626	2025-10-14	wc-completed	Zafu & Zabuton Meditation Cushion Combo - Lotus Embroidery - Misty Blue	Zafu & Zabuton Meditation Cushion Combo - Lotus Embroidery	Co-Me-C-Z-Zn-MB-E-L	1.0000	2415.2542	9312	9314
47628	2025-10-14	wc-completed	7 Chakras Gold - Copper Bottle	7 Chakras Gold - Copper Bottle		1.0000	1280.9524	5675	43494
47629	2025-10-15	wc-completed	Mini Bamboo Slide Whistle	Mini Bamboo Slide Whistle	MI-BSW	1.0000	200.8929	46495	0
47629	2025-10-15	wc-completed	Bird Flute - Pair	Bird Flute		1.0000	385.7143	45754	45872
47629	2025-10-15	wc-completed	11 Note Tongue Drum - White, 12 inches	11 Note Tongue Drum		1.0000	6308.0357	42373	42411
47629	2025-10-15	wc-completed	Dotted Singing Bowl - Deep 5.5 Inch	Dotted Singing Bowl	MI-SB-D-7	1.0000	2044.2857	6892	42911
47644	2025-10-15	wc-completed	Pangi Seed Shell Rattle	Pangi Seed Shell Rattle	MI-PS	1.0000	1842.8571	7356	0
47644	2025-10-15	wc-completed	Bamboo Rainstick - 80cms	Bamboo Rainstick	MI-RS-B-80	1.0000	1967.1429	7484	44586
47644	2025-10-15	wc-completed	Round Yoga Bolster - Navy Blue	Round Yoga Bolster	Yo-BR-R-NB	1.0000	1029.6610	6689	6693
47644	2025-10-15	wc-completed	Elemental Chimes - Earth	Elemental Chimes	MI-Ch-KS	1.0000	3300.0000	45194	47461
47675	2025-10-15	wc-completed	Egg Shaker with Handle	Egg Shaker with Handle	MI-ES-H	1.0000	852.3810	7396	0
47676	2025-10-15	wc-completed	Copper Bottle Gift Set - 7 Chakra - Vintage	Copper Bottle Gift Set - 7 Chakra		1.0000	1500.0000	6638	6648
47686	2025-10-15	wc-completed	The Three Bowl Set - Root, Heart and Third Eye	The Three Bowl Set - Root, Heart and Third Eye		1.0000	25238.0952	45327	0
47686	2025-10-15	wc-completed	The Head Bowl	The Head Bowl		1.0000	7671.4286	45518	0
47688	2025-10-15	wc-completed	Mini Bamboo Slide Whistle	Mini Bamboo Slide Whistle	MI-BSW	2.0000	446.4286	46495	0
47689	2025-10-15	wc-completed	Singing Bowl Bags - Standard	Singing Bowl Bags	MI-SB-Bag-M	1.0000	1517.7966	45127	45139
47689	2025-10-15	wc-completed	Lotus Yoga Mat - Superior, Teal	Lotus Yoga Mat		1.0000	1705.7143	46171	46196
47690	2025-10-16	wc-completed	Bamboo Rainstick - 80cms	Bamboo Rainstick	MI-RS-B-80	1.0000	1967.1429	7484	44586
47690	2025-10-16	wc-completed	Musical Wooden Frog - Large	Musical Wooden Frog	MI-WF	1.0000	1157.1429	7456	44633
47691	2025-10-16	wc-completed	Elemental Chimes - Fire	Elemental Chimes	MI-Ch-KS	1.0000	3300.0000	45194	47464
47692	2025-10-16	wc-completed	Tam-Tam/Chau Gong - 26 in	Tam-Tam/Chau Gong		1.0000	44571.4286	8802	46740
47692	2025-10-16	wc-completed	Gong Stand - Dark, Large	Gong Stand		1.0000	6790.1786	45289	45299
47692	2025-10-16	wc-completed	"Wooden Mallets for Singing Bowls - Long Soft-13"", White"	Wooden Mallets for Singing Bowls	MI-SB-M-L-W-13	1.0000	728.5714	6978	43370
47693	2025-10-17	wc-completed	Shamanic Drum Bags/Ocean Drum Bags - Medium	Shamanic Drum Bags/Ocean Drum Bags		1.0000	1071.0000	45131	46932
47695	2025-10-17	wc-completed	7-Key Kalimba Made from Coconut Shell - Painted & Plain - Dot Painted	7-Key Kalimba Made from Coconut Shell - Painted & Plain	MI-KCS-DP	1.0000	814.2857	7661	7994
47695	2025-10-17	wc-completed	Asalato/Aslatau or Kashaka Shaker - Plain, Single	Asalato/Aslatau or Kashaka Shaker	MI-AS	1.0000	1152.8571	7300	46377
47695	2025-10-17	wc-completed	Mini Bamboo Slide Whistle	Mini Bamboo Slide Whistle	MI-BSW	1.0000	200.8929	46495	0
47695	2025-10-17	wc-completed	Djembe Drums - Mahogany, 8in	Djembe Drums		1.0000	3555.0000	44969	45039
47695	2025-10-17	wc-completed	11 Note Tongue Drum - White, 6 inches	11 Note Tongue Drum		1.0000	4700.8929	42373	42412
47695	2025-10-17	wc-completed	Bird Flute - Pair	Bird Flute		1.0000	385.7143	45754	45872
47696	2025-10-17	wc-completed	Tuning Forks - Unweighted, 128 Hz	Tuning Fork - Single Weighted & Unweighted		1.0000	1448.5714	9713	9746
47696	2025-10-17	wc-completed	Tuning Forks - Unweighted, 432 Hz	Tuning Fork - Single Weighted & Unweighted		1.0000	1277.1429	9713	9749
47697	2025-10-17	wc-completed	Dumru/Dumroo Indian Handmade Percussion Instrument - 7cms, Dark Brown	Dumru/Dumroo Indian Handmade Percussion Instrument		2.0000	561.9048	5740	6067
47698	2025-10-17	wc-completed	Wooden Tambourines - Half-Moon	Wooden Tambourines	MI-T-HM	1.0000	1116.0714	7478	45648
47699	2025-10-17	wc-completed	Tibetan Buddhist Bell - Standard	Tibetan Buddhist Bell	MI-BB-3	1.0000	1414.2857	6973	9199
47699	2025-10-17	wc-completed	Handmade Singing Bowls - All Sizes - 6 in, Matte	Handmade Singing Bowls - All Sizes		1.0000	4842.8571	6884	9697
47703	2025-10-17	wc-completed	Shruti Box - 3 Octaves	Shruti Box		1.0000	12141.0000	44970	45005
47704	2025-10-18	wc-completed	Handmade Zen bowls for Grounding - 9 in	Vibroacoustic Therapy Bowls - Universal, Belly and Head	Mi-SB-Z-9	1.0000	7285.7143	8040	8045
47704	2025-10-18	wc-completed	Third Eye Chakra Singing Bowl	Third Eye Chakra Singing Bowl		1.0000	5904.7619	45477	0
47704	2025-10-18	wc-completed	Swinging Chimes - 6 Bars	Swinging Chimes	MI-SC-6	1.0000	6895.0000	10345	10346
47704	2025-10-18	wc-completed	Musical Wooden Frog - Standard	Musical Wooden Frog	MI-WF	1.0000	904.7619	7456	44632
47705	2025-10-18	wc-completed	Pangi Seed Shell Rattle	Pangi Seed Shell Rattle	MI-PS	1.0000	1842.8571	7356	0
47706	2025-10-18	wc-completed	Wooden Tambourines - Half-Moon	Wooden Tambourines	MI-T-HM	1.0000	1004.4643	7478	45648
47707	2025-10-19	wc-completed	Jala Neti Pot - Ceramic 185 ml - Mint Green	Jala Neti Pot - Ceramic 185 ml	NP-MG-185	1.0000	186.8644	5769	6336
47709	2025-10-19	wc-completed	Singing Bowls with Sacred Mantra Printed - Gold, 5.5 Inches	Singing Bowls with Sacred Mantra Printed	MI-SB-P-W-5.5	1.0000	1710.0000	6807	7290
47711	2025-10-19	wc-completed	Caxixi	Caxixi	Mi-CX-M-N	1.0000	1285.7143	42317	0
47711	2025-10-19	wc-completed	Spin/Twist Drum or Den Den Daiko - Large 3.5 in	Spin/Twist Drum or Den Den Daiko	MI-TD-YY	3.0000	2397.3214	7417	7418
47711	2025-10-19	wc-completed	Dumru/Dumroo Indian Handmade Percussion Instrument - 10cms, Multicolour	Dumru/Dumroo Indian Handmade Percussion Instrument		1.0000	309.5238	5740	6911
47711	2025-10-19	wc-completed	Kenari Seed Shell Shakers - Large	Kenari Seed Shell Shakers	MI-KR-S-L	1.0000	2047.6190	7472	7511
47711	2025-10-19	wc-completed	Dumru/Dumroo Indian Handmade Percussion Instrument - 10cms, Red	Dumru/Dumroo Indian Handmade Percussion Instrument		1.0000	309.5238	5740	6909
47711	2025-10-19	wc-completed	Bamboo Rainstick - 80cms	Bamboo Rainstick	MI-RS-B-80	1.0000	2185.7143	7484	44586
47712	2025-10-20	wc-completed	Tingsha Bell - Etched, Standard	Tingsha Bell		1.0000	1538.5714	5763	44937
47713	2025-10-20	wc-completed	Mini Bamboo Slide Whistle	Mini Bamboo Slide Whistle	MI-BSW	1.0000	223.2143	46495	0
47713	2025-10-20	wc-completed	Kenari Seed Shell Shakers - Large	Kenari Seed Shell Shakers	MI-KR-S-L	1.0000	2047.6190	7472	7511
47713	2025-10-20	wc-completed	Bamboo Castanet	Bamboo Castanet	MI-CN-B	1.0000	709.5238	7329	0
47715	2025-10-21	wc-completed	Shruti Box - 3 Octaves	Shruti Box		1.0000	12141.0000	44970	45005
47716	2025-10-21	wc-completed	Asalato/Aslatau or Kashaka Shaker - Plain, Single	Asalato/Aslatau or Kashaka Shaker	MI-AS	1.0000	1280.9524	7300	46377
47717	2025-10-21	wc-completed	7 Chakras Yoga Mats - Superior, Teal	7 Chakras Yoga Mats		1.0000	1705.7143	46141	46166
47717	2025-10-21	wc-completed	Tibetan Buddhist Bell - Small	Tibetan Buddhist Bell	MI-BB-2	1.0000	1157.1429	6973	9198
47718	2025-10-22	wc-completed	Copper Tongue Cleaner - Pack of 1, Straight	Copper Tongue Cleaner	TC-R-1	2.0000	314.2857	5042	7808
47719	2025-10-22	wc-completed	Bamboo Rainstick - 80cms	Bamboo Rainstick	MI-RS-B-80	1.0000	2185.7143	7484	44586
47731	2025-10-22	wc-completed	Third Eye Chakra Singing Bowl	Third Eye Chakra Singing Bowl		1.0000	5314.2857	45477	0
47732	2025-10-22	wc-completed	Asalato/Aslatau or Kashaka Shaker - Plain, Pair	Asalato/Aslatau or Kashaka Shaker	MI-AS	1.0000	2333.3333	7300	46378
47737	2025-10-22	wc-completed	Jala Neti Pot - Ceramic 185 ml - Blue	Jala Neti Pot - Ceramic 185 ml	NP-B-185	1.0000	207.6271	5769	6918
47738	2025-10-22	wc-completed	Bamboo Rainstick - 80cms	Bamboo Rainstick	MI-RS-B-80	1.0000	1967.1429	7484	44586
47738	2025-10-22	wc-completed	Ocean Drums - Plain, 30 cms	Ocean Drums	MI-OD-P-30	1.0000	1868.6441	9529	9532
47738	2025-10-22	wc-completed	Pangi Seed Shell Rattle	Pangi Seed Shell Rattle	MI-PS	1.0000	1842.8571	7356	0
47738	2025-10-22	wc-completed	Elemental Chimes - Air	Elemental Chimes	MI-Ch-KS	1.0000	3300.0000	45194	47463
47738	2025-10-22	wc-completed	Elemental Chimes - Water	Elemental Chimes	MI-Ch-KS	1.0000	3300.0000	45194	47462
47738	2025-10-22	wc-completed	Thunder Tube - Basic Edition - 30cms	Thunder Tube - Basic Edition	MI-TT-20	1.0000	1328.5714	7317	46653
47738	2025-10-22	wc-completed	Swinging Chimes - 6 Bars	Swinging Chimes	MI-SC-6	1.0000	6895.0000	10345	10346
47738	2025-10-22	wc-completed	The Four Bowl Set - Root, Heart, Third Eye and Universal	The Four Bowl Set - Root, Heart, Third Eye and Universal		1.0000	30952.3810	45334	0
47738	2025-10-22	wc-completed	Copper Tongue Cleaner - Pack of 2, Straight	Copper Tongue Cleaner	TC-R-1	1.0000	227.1429	5042	7810
47738	2025-10-22	wc-completed	Singing Bowl Bags - Standard	Singing Bowl Bags	MI-SB-Bag-M	1.0000	1517.7966	45127	45139
47738	2025-10-22	wc-completed	Shankh/Conch - Medium	Shankh/Conch		1.0000	1242.8571	45449	45451
47752	2025-10-23	wc-completed	Shruti Box - 2 Octaves	Shruti Box		1.0000	10710.0000	44970	45004
47753	2025-10-23	wc-completed	Musical Wooden Frog - Standard	Musical Wooden Frog	MI-WF	1.0000	814.2857	7456	44632
47753	2025-10-23	wc-completed	7-Key Kalimba Made from Coconut Shell - Painted & Plain - Dot Painted	7-Key Kalimba Made from Coconut Shell - Painted & Plain	MI-KCS-DP	1.0000	814.2857	7661	7994
47754	2025-10-23	wc-completed	7-Key Kalimba Made from Coconut Shell - Painted & Plain - Dot Painted	7-Key Kalimba Made from Coconut Shell - Painted & Plain	MI-KCS-DP	1.0000	814.2857	7661	7994
47757	2025-10-23	wc-completed	Handmade Universal Bowl for Sound Healing	Handmade Universal Bowl for Sound Healing	MI-SB-HM-UN	1.0000	6728.5714	8143	0
47757	2025-10-23	wc-completed	Elemental Chimes - Earth	Elemental Chimes	MI-Ch-KS	1.0000	3300.0000	45194	47461
47758	2025-10-23	wc-completed	Swinging Chimes - 9 Bars	Swinging Chimes	MI-SC-9	1.0000	8250.0000	10345	10347
47759	2025-10-24	wc-completed	Stainless Steel Straws - Pack of 2	Stainless Steel Straws	SSS-2	1.0000	166.6667	6505	6507
47762	2025-10-24	wc-completed	Curved Diamond Groove Copper Bottle	Curved Diamond Groove Copper Bottle		1.0000	1027.7143	5934	5946
47765	2025-10-25	wc-completed	Zen Meditation Bench - Medium	Zen Meditation Bench	ME-Cu	1.0000	2923.7288	9763	45268
47766	2025-10-25	wc-completed	Swinging Chimes - 6 Bars	Swinging Chimes	MI-SC-6	1.0000	6895.0000	10345	10346
47766	2025-10-25	wc-completed	Elemental Chimes - Earth	Elemental Chimes	MI-Ch-KS	1.0000	3666.6667	45194	47461
47767	2025-10-25	wc-completed	Shruthi Thali/Gong Plates - F Plate	Shruthi Thali/Gong Plates		1.0000	7671.4286	45485	45489
47768	2025-10-26	wc-completed	Jala Neti Pot - Ceramic 185 ml - Blue	Jala Neti Pot - Ceramic 185 ml	NP-B-185	1.0000	186.8644	5769	6918
47769	2025-10-26	wc-completed	7 Chakras Copper Water Bottles	7 Chakras Copper Water Bottles	CB-7CV-B-.5	1.0000	947.6190	6080	43438
47770	2025-10-26	wc-completed	Crescent Zafu Meditation Cushion - Large, Rose	Crescent Zafu Meditation Cushion	Me-C-Z-L-RE	1.0000	981.4286	6734	44907
47771	2025-10-26	wc-completed	Ocean Drums - Plain, 35 cms	Ocean Drums	MI-OD-P-35	1.0000	2097.4576	9529	9533
47771	2025-10-26	wc-completed	Eye Shaped Natural Lavender Scented Eye Pillows - Grey	Eye Shaped Natural Lavender Scented Eye Pillows	Yo-P-E-GY-1	6.0000	1807.6271	9220	9222
47772	2025-10-26	wc-completed	Kenari Seed Shell Shakers - Large	Kenari Seed Shell Shakers	MI-KR-S-L	1.0000	2047.6190	7472	7511
47772	2025-10-26	wc-completed	Elemental Chimes - Earth	Elemental Chimes	MI-Ch-KS	1.0000	3666.6667	45194	47461
47772	2025-10-26	wc-completed	Coconut Rattle	Coconut Rattle	MI-CR	1.0000	995.2381	5730	0
47772	2025-10-26	wc-completed	Bird Flute - Single	Bird Flute		1.0000	261.9048	45754	45871
47772	2025-10-26	wc-completed	Mini Bamboo Slide Whistle	Mini Bamboo Slide Whistle	MI-BSW	1.0000	223.2143	46495	0
47779	2025-10-27	wc-completed	Mini Bamboo and Aluminium Bar Chime - 10	Mini Bamboo and Aluminium Bar Chime	MI-BCH-S-10	1.0000	834.7458	7450	46480
47779	2025-10-27	wc-completed	Singing Bowls Silk Ring Cushion Accessories - Combo of 5	Singing Bowls Silk Ring Cushion Accessories		1.0000	1566.6667	6988	46267
47779	2025-10-27	wc-completed	Bamboo Rainstick - 40cms	Bamboo Rainstick	MI-RS-B-40	1.0000	1423.8095	7484	8762
47780	2025-10-27	wc-completed	Bird Flute - Pair	Bird Flute		1.0000	428.5714	45754	45872
47789	2025-10-27	wc-completed	Mini Bamboo Slide Whistle	Mini Bamboo Slide Whistle	MI-BSW	1.0000	200.8929	46495	0
47789	2025-10-27	wc-completed	Wooden Tambourines - Half-Moon	Wooden Tambourines	MI-T-HM	1.0000	1004.4643	7478	45648
47789	2025-10-27	wc-completed	Stainless Steel Straws - Pack of 2	Stainless Steel Straws	SSS-2	1.0000	150.0000	6505	6507
47789	2025-10-27	wc-completed	Dumru/Dumroo Indian Handmade Percussion Instrument - Dot Painted	Dumru/Dumroo Indian Handmade Percussion Instrument		1.0000	278.5714	5740	47721
47805	2025-10-27	wc-completed	Kenari Seed Shell Shakers - Large	Kenari Seed Shell Shakers	MI-KR-S-L	1.0000	2047.6190	7472	7511
47808	2025-10-28	wc-completed	Elemental Chimes	Elemental Chimes	MI-Ch-KS	1.0000	3666.6667	45194	0
47809	2025-10-28	wc-completed	Bamboo Rainstick - 80cms	Bamboo Rainstick	MI-RS-B-80	1.0000	1967.1429	7484	44586
47809	2025-10-28	wc-completed	Wooden Mallets for Singing Bowls - Long Firm-Small, Red	Wooden Mallets for Singing Bowls	MI-SB-M-R-Wd-4.5	1.0000	467.1429	6978	43368
47810	2025-10-29	wc-completed	Shruti Box - 3 Octaves	Shruti Box		1.0000	13490.0000	44970	45005
47812	2025-10-29	wc-completed	Pangi Seed Shell Rattle	Pangi Seed Shell Rattle	MI-PS	1.0000	1842.8571	7356	0
47814	2025-10-29	wc-completed	Eye Shaped Natural Lavender Scented Eye Pillows - Rose	Eye Shaped Natural Lavender Scented Eye Pillows	Yo-P-E-RE-1	2.0000	602.5424	9220	9221
47814	2025-10-29	wc-completed	Elemental Chimes	Elemental Chimes	MI-Ch-KS	1.0000	3300.0000	45194	0
47815	2025-10-29	wc-completed	Pangi Seed Shell Rattle	Pangi Seed Shell Rattle	MI-PS	1.0000	2047.6190	7356	0
47815	2025-10-29	wc-completed	Bamboo Rainstick - 80cms	Bamboo Rainstick	MI-RS-B-80	1.0000	2185.7143	7484	44586
47815	2025-10-29	wc-completed	Singing Bowls Silk Ring Cushion Accessories - Combo of 7	Singing Bowls Silk Ring Cushion Accessories		1.0000	2138.0952	6988	46268
47815	2025-10-29	wc-completed	7 Chakras Mystical Incense Sticks Set - 7 Chakra Set	7 Chakras Mystical Incense Sticks Set	IS-7C	1.0000	457.1429	7687	7688
47817	2025-10-30	wc-completed	Shruti Box - 2 Octaves	Shruti Box		1.0000	11900.0000	44970	45004
47818	2025-10-30	wc-completed	Dotted Singing Bowl - 5.5 inch	Dotted Singing Bowl	MI-SB-H-5.5	1.0000	2042.8571	6892	6902
47819	2025-10-30	wc-completed	Wooden Maracas Shakers | Plain & Dot Painted - Dot Painted	Wooden Maracas Shakers | Plain & Dot Painted	MI-WM	1.0000	895.7143	7542	44154
47821	2025-10-30	wc-completed	Asalato/Aslatau or Kashaka Shaker - Plain, Pair	Asalato/Aslatau or Kashaka Shaker	MI-AS	1.0000	2100.0000	7300	46378
47822	2025-10-30	wc-completed	Asalato/Aslatau or Kashaka Shaker - Plain, Pair	Asalato/Aslatau or Kashaka Shaker	MI-AS	1.0000	2333.3333	7300	46378
47823	2025-10-30	wc-completed	Thunder Tube - Basic Edition - 30cms	Thunder Tube - Basic Edition	MI-TT-20	1.0000	1476.1905	7317	46653
47823	2025-10-30	wc-completed	Bamboo Rainstick - 80cms	Bamboo Rainstick	MI-RS-B-80	1.0000	2185.7143	7484	44586
47823	2025-10-30	wc-completed	Shankh/Conch - Large	Shankh/Conch		1.0000	1761.9048	45449	45452
47824	2025-10-30	wc-completed	Wooden Mallets for Singing Bowls - Straight, Red	Wooden Mallets for Singing Bowls	MI-SB-M-R-S	1.0000	171.4286	6978	43369
47824	2025-10-30	wc-completed	Singing Bowls Silk Ring Cushion Accessories - 10 cms, Brown	Singing Bowls Silk Ring Cushion Accessories	MI-SB-C-Bn-10	1.0000	210.0000	6988	7770
47832	2025-11-01	wc-completed	Ocean Drums - Plain, 35 cms	Ocean Drums	MI-OD-P-35	1.0000	2330.5085	9529	9533
47833	2025-11-01	wc-completed	Bird Flute - Pair	Bird Flute		2.0000	857.1429	45754	45872
47834	2025-11-01	wc-completed	Shruti Box - 3 Octaves	Shruti Box		1.0000	12141.0000	44970	45005
47835	2025-11-01	wc-completed	Bamboo Castanet	Bamboo Castanet	MI-CN-B	1.0000	709.5238	7329	0
47835	2025-11-01	wc-completed	Bird Flute - Pair	Bird Flute		1.0000	428.5714	45754	45872
47836	2025-11-01	wc-completed	Bird Flute - Single	Bird Flute		1.0000	261.9048	45754	45871
47837	2025-11-01	wc-completed	Flower of Life with Sacred Symbols Singing Bowls - Brown, 9 in	Flower of Life with Sacred Symbols Singing Bowls	MI-SB-RFL-BR-9	1.0000	1500.0000	10035	10052
47838	2025-11-01	wc-completed	Singing Bowls with Sacred Mantra Printed - Black, 5.5 Inches	Singing Bowls with Sacred Mantra Printed	MI-SB-P-BK-5.5	1.0000	1900.0000	6807	7288
47839	2025-11-01	wc-completed	Bamboo Rainstick - 40cms	Bamboo Rainstick	MI-RS-B-40	1.0000	1281.4286	7484	8762
47840	2025-11-01	wc-completed	Bird Flute - Single	Bird Flute		1.0000	235.7143	45754	45871
47840	2025-11-01	wc-completed	Thunder Tube - Basic Edition - 20cms	Thunder Tube - Basic Edition	MI-TT-20	1.0000	1135.7143	7317	46651
47840	2025-11-01	wc-completed	Bamboo Rainstick - 40cms	Bamboo Rainstick	MI-RS-B-40	1.0000	1281.4286	7484	8762
47841	2025-11-01	wc-completed	8 Keys Metallophone - with 1” & 1.5” key-widths - 1.5 inch	8 Keys Metallophone - with 1” & 1.5” key-widths	MI-XP-SP-1.5-8	1.0000	112.0536	42332	42339
47843	2025-11-02	wc-completed	Pangi Seed Shell Rattle	Pangi Seed Shell Rattle	MI-PS	1.0000	2047.6190	7356	0
47844	2025-11-02	wc-completed	Coconut Maracas Shakers - Plain	Coconut Maracas Shakers	MI-CM	1.0000	942.8571	7370	45394
47846	2025-11-02	wc-completed	Gong Bags - Standard	Gong Bags		1.0000	1487.2881	45152	45153
47847	2025-11-02	wc-completed	Bird Flute - Single	Bird Flute		1.0000	235.7143	45754	45871
47847	2025-11-02	wc-completed	Dumru/Dumroo Indian Handmade Percussion Instrument - Plain	Dumru/Dumroo Indian Handmade Percussion Instrument		1.0000	235.7143	5740	47720
47847	2025-11-02	wc-completed	Mini Bamboo Slide Whistle - Single	Mini Bamboo Slide Whistle	MI-BSW	1.0000	200.8929	46495	47790
47848	2025-11-02	wc-completed	8 Keys Metallophone - with 1” & 1.5” key-widths - 1.5 inch	8 Keys Metallophone - with 1” & 1.5” key-widths	MI-XP-SP-1.5-8	1.0000	8348.2143	42332	42339
47849	2025-11-02	wc-completed	Shruti Box - 3 Octaves	Shruti Box		1.0000	13490.0000	44970	45005
47856	2025-11-03	wc-completed	Eye Shaped Natural Lavender Scented Eye Pillows - Rose	Eye Shaped Natural Lavender Scented Eye Pillows	Yo-P-E-RE-1	12.0000	3615.2542	9220	9221
47856	2025-11-03	wc-completed	Eye Shaped Natural Lavender Scented Eye Pillows - Grey	Eye Shaped Natural Lavender Scented Eye Pillows	Yo-P-E-GY-1	12.0000	3615.2542	9220	9222
47856	2025-11-03	wc-completed	Eye Shaped Natural Lavender Scented Eye Pillows - Sage	Eye Shaped Natural Lavender Scented Eye Pillows	Yo-P-E-SE-1	12.0000	3615.2542	9220	9225
47857	2025-11-03	wc-completed	Tingsha Bell - Dark, Standard	Tingsha Bell		1.0000	1709.5238	5763	44935
47859	2025-11-03	wc-completed	Crescent Zafu Meditation Cushion - Large, Rose	Crescent Zafu Meditation Cushion	Me-C-Z-L-RE	1.0000	981.4286	6734	44907
47860	2025-11-03	wc-completed	Pangi Seed Shell Rattle	Pangi Seed Shell Rattle	MI-PS	1.0000	2047.6190	7356	0
47861	2025-11-03	wc-completed	Pangi Seed Shell Rattle	Pangi Seed Shell Rattle	MI-PS	1.0000	2047.6190	7356	0
47862	2025-11-03	wc-completed	Pangi Seed Shell Rattle	Pangi Seed Shell Rattle	MI-PS	1.0000	2047.6190	7356	0
47863	2025-11-03	wc-completed	Bamboo Rainstick - 80cms	Bamboo Rainstick	MI-RS-B-80	1.0000	1967.1429	7484	44586
47864	2025-11-04	wc-completed	Jala Neti Pot - Ceramic 185 ml - White	Jala Neti Pot - Ceramic 185 ml	NP-W-185	1.0000	207.6271	5769	5826
47865	2025-11-04	wc-completed	Pangi Seed Shell Rattle	Pangi Seed Shell Rattle	MI-PS	1.0000	2047.6190	7356	0
47866	2025-11-04	wc-completed	Pangi Seed Shell Rattle	Pangi Seed Shell Rattle	MI-PS	1.0000	2047.6190	7356	0
47867	2025-11-04	wc-completed	Pangi Seed Shell Rattle	Pangi Seed Shell Rattle	MI-PS	1.0000	1842.8571	7356	0
47867	2025-11-04	wc-completed	CEG Crystal Singing Bowl Set	Triad Crystal Bowl Set		1.0000	27343.2203	45668	0
47872	2025-11-04	wc-completed	Shruti Box - 3 Octaves	Shruti Box		1.0000	12141.0000	44970	45005
47873	2025-11-04	wc-completed	Swinging Chimes - 9 Bars	Swinging Chimes	MI-SC-9	1.0000	8250.0000	10345	10347
47873	2025-11-04	wc-completed	Kenari Bracelet	Kenari Bracelet	MI-KR-BT	1.0000	1157.1429	42323	0
47873	2025-11-04	wc-completed	Singing Bowls Silk Ring Cushion Accessories - Combo of 7	Singing Bowls Silk Ring Cushion Accessories		1.0000	1924.2857	6988	46268
47881	2025-11-04	wc-completed	Singing Bowl Bags - Standard	Singing Bowl Bags	MI-SB-Bag-M	1.0000	1517.7966	45127	45139
47881	2025-11-04	wc-completed	Gong Bags - Large	Gong Bags		1.0000	1792.3729	45152	45154
47881	2025-11-04	wc-completed	Shamanic Drum Bags/Ocean Drum Bags - Medium	Shamanic Drum Bags/Ocean Drum Bags		1.0000	1071.0000	45131	46932
47881	2025-11-04	wc-completed	Gong Stand - Dark, Large	Gong Stand		1.0000	6790.1786	45289	45299
47881	2025-11-04	wc-completed	Singing Bowls Silk Ring Cushion Accessories - Combo of 7	Singing Bowls Silk Ring Cushion Accessories		1.0000	1924.2857	6988	46268
47881	2025-11-04	wc-completed	Singing Bowls Silk Ring Cushion Accessories - Combo of 7	Singing Bowls Silk Ring Cushion Accessories		1.0000	1924.2857	6988	46268
47881	2025-11-04	wc-completed	Singing Bowl Bags - Large	Singing Bowl Bags	MI-SB-Bag-L	1.0000	1746.6102	45127	45140
47891	2025-11-04	wc-completed	"Wooden Mallets for Singing Bowls - Long Soft-13"", Red"	Wooden Mallets for Singing Bowls	MI-SB-M-L-R-13	1.0000	809.5238	6978	43374
47891	2025-11-04	wc-completed	Wooden Mallets for Singing Bowls - Long Firm-Standard, White	Wooden Mallets for Singing Bowls	MI-SB-M-R-Wd-4.5	1.0000	614.2857	6978	43384
47891	2025-11-04	wc-completed	Wooden Mallets for Singing Bowls - Standard Wide, Black	Wooden Mallets for Singing Bowls	MI-SB-M-R-Wd-4.5	1.0000	242.8571	6978	43380
47891	2025-11-04	wc-completed	Singing Bowl Bags - Standard	Singing Bowl Bags	MI-SB-Bag-M	1.0000	1686.4407	45127	45139
47892	2025-11-04	wc-completed	Pangi Seed Shell Rattle	Pangi Seed Shell Rattle	MI-PS	1.0000	2047.6190	7356	0
47893	2025-11-05	wc-completed	Mini Bamboo Slide Whistle - Single	Mini Bamboo Slide Whistle	MI-BSW	1.0000	223.2143	46495	47790
47893	2025-11-05	wc-completed	Bird Flute - Pair	Bird Flute		1.0000	428.5714	45754	45872
47900	2025-11-05	wc-completed	Handmade Universal Bowl for Sound Healing	Handmade Universal Bowl for Sound Healing	MI-SB-HM-UN	1.0000	6728.5714	8143	0
47901	2025-11-05	wc-completed	Bamboo Rainstick - 80cms	Bamboo Rainstick	MI-RS-B-80	1.0000	1967.1429	7484	44586
47901	2025-11-05	wc-completed	Shamanic Drum Bags/Ocean Drum Bags - Large	Shamanic Drum Bags/Ocean Drum Bags		1.0000	1161.0000	45131	45134
47901	2025-11-05	wc-completed	Ocean Drums - Plain, 30 cms	Ocean Drums	MI-OD-P-30	1.0000	1868.6441	9529	9532
47901	2025-11-05	wc-completed	Hanging Bowls/Zen Drops - Set of 3	Hanging Bowls/Zen Drops		1.0000	6814.2857	45113	45118
47901	2025-11-05	wc-completed	Swinging Chimes - 9 Bars	Swinging Chimes	MI-SC-9	1.0000	8250.0000	10345	10347
47902	2025-11-05	wc-completed	Pangi Seed Shell Rattle	Pangi Seed Shell Rattle	MI-PS	1.0000	1842.8571	7356	0
47902	2025-11-05	wc-completed	Bird Flute - Single	Bird Flute		1.0000	235.7143	45754	45871
47902	2025-11-05	wc-completed	Musical Wooden Frog - Standard	Musical Wooden Frog	MI-WF	1.0000	814.2857	7456	44632
47908	2025-11-05	wc-completed	11 Note Tongue Drum - Blue, 12 inches	11 Note Tongue Drum		1.0000	6308.0357	42373	42415
47911	2025-11-06	wc-completed	7-Key Kalimba Made from Coconut Shell - Painted & Plain - Dot Painted	7-Key Kalimba Made from Coconut Shell - Painted & Plain	MI-KCS-DP	1.0000	904.7619	7661	7994
47912	2025-11-06	wc-completed	Swinging Chimes - 9 Bars	Swinging Chimes	MI-SC-9	1.0000	8250.0000	10345	10347
47914	2025-11-06	wc-completed	Eye Shaped Natural Lavender Scented Eye Pillows - Navy Blue	Eye Shaped Natural Lavender Scented Eye Pillows	Yo-P-E-NB-1	8.0000	2677.9661	9220	9223
47915	2025-11-06	wc-completed	Eco-Friendly Neem Wood Toothbrush - Pack of 2	Eco-Friendly Neem Wood Toothbrush	NTB-2	1.0000	214.2857	5037	5604
47915	2025-11-06	wc-completed	Jala Neti Pot - Ceramic 185 ml - White	Jala Neti Pot - Ceramic 185 ml	NP-W-185	1.0000	207.6271	5769	5826
47915	2025-11-06	wc-completed	Copper Tongue Cleaner - Pack of 1, Straight	Copper Tongue Cleaner	TC-R-1	1.0000	157.1429	5042	7808
47916	2025-11-06	wc-completed	Bamboo Rainstick - 40cms	Bamboo Rainstick	MI-RS-B-40	1.0000	1423.8095	7484	8762
47917	2025-11-06	wc-completed	Mini Bamboo Slide Whistle - Single Painted	Mini Bamboo Slide Whistle	MI-BSW	1.0000	254.4643	46495	47791
47917	2025-11-06	wc-completed	Bird Flute - Pair	Bird Flute		1.0000	428.5714	45754	45872
47917	2025-11-06	wc-completed	Spin/Twist Drum or Den Den Daiko - Small 3 in	Spin/Twist Drum or Den Den Daiko	MI-TD-RB	1.0000	709.8214	7417	7419
47918	2025-11-06	wc-completed	Jala Neti Pot - Ceramic 185 ml - Mint Green	Jala Neti Pot - Ceramic 185 ml	NP-MG-185	1.0000	207.6271	5769	6336
47919	2025-11-07	wc-completed	Copper Bottle Gift Set - 7 Chakra - Vintage	Copper Bottle Gift Set - 7 Chakra		1.0000	1666.6667	6638	6648
47920	2025-11-07	wc-completed	Ocean Drums - Plain, 35 cms	Ocean Drums	MI-OD-P-35	1.0000	2097.4576	9529	9533
47920	2025-11-07	wc-completed	Bamboo Rainstick - 80cms	Bamboo Rainstick	MI-RS-B-80	1.0000	1967.1429	7484	44586
47920	2025-11-07	wc-completed	Kenari Seed Shell Shakers - Large	Kenari Seed Shell Shakers	MI-KR-S-L	1.0000	1842.8571	7472	7511
47921	2025-11-07	wc-completed	Asalato/Aslatau or Kashaka Shaker - Plain, Pair	Asalato/Aslatau or Kashaka Shaker	MI-AS	2.0000	65.1429	7300	46378
47925	2025-11-07	wc-completed	Mini Bamboo and Aluminium Bar Chime - 10	Mini Bamboo and Aluminium Bar Chime	MI-BCH-S-10	1.0000	751.2712	7450	46480
47926	2025-11-07	wc-completed	Bamboo Rainstick - 40cms	Bamboo Rainstick	MI-RS-B-40	1.0000	1281.4286	7484	8762
47928	2025-11-08	wc-completed	Coconut Rattle	Coconut Rattle	MI-CR	1.0000	995.2381	5730	0
47929	2025-11-08	wc-completed	Tibetan Buddhist Bell - Standard	Tibetan Buddhist Bell	MI-BB-3	1.0000	1414.2857	6973	9199
47930	2025-11-08	wc-completed	Shamanic Drum Bags/Ocean Drum Bags - Small	Shamanic Drum Bags/Ocean Drum Bags		1.0000	891.0000	45131	45133
47930	2025-11-08	wc-completed	Macrame Yoga Mat Straps - Orange	Macrame Yoga Mat Straps	Yo-MC-MS-O	1.0000	501.4286	7568	7571
47930	2025-11-08	wc-completed	Yoga Belt/Strap for Sturdy Grip - Sky Blue	Yoga Belt/Strap for Sturdy Grip	Yo-BL-D-SB	1.0000	295.7143	6530	6545
47930	2025-11-08	wc-completed	Dumru/Dumroo Indian Handmade Percussion Instrument - Dot Painted	Dumru/Dumroo Indian Handmade Percussion Instrument		1.0000	278.5714	5740	47721
47930	2025-11-08	wc-completed	S-Shaped Didgeridoo - Green	S-Shaped Didgeridoo	MI-DG-S-G	1.0000	6642.8571	7307	7314
47930	2025-11-08	wc-completed	Etched Plain/Wind Gong - Mandala, 28 in	Etched Wind Gong	MI-G-ET-M-28	1.0000	36814.2857	8846	10268
47930	2025-11-08	wc-completed	Gong Bags - Large	Gong Bags		1.0000	1792.3729	45152	45154
47930	2025-11-08	wc-completed	7 Chakras Yoga Mats - Superior, Orange	7 Chakras Yoga Mats		1.0000	1705.7143	46141	46167
47931	2025-11-08	wc-completed	Pangi Seed Shell Rattle	Pangi Seed Shell Rattle	MI-PS	1.0000	1842.8571	7356	0
47931	2025-11-08	wc-completed	Bamboo Rainstick - 60cms	Bamboo Rainstick	MI-RS-B-60	1.0000	1710.0000	7484	8763
47932	2025-11-09	wc-completed	Asalato/Aslatau or Kashaka Shaker - Plain, Single	Asalato/Aslatau or Kashaka Shaker	MI-AS	1.0000	1280.9524	7300	46377
47932	2025-11-09	wc-completed	Mini Bamboo Slide Whistle - Single Painted	Mini Bamboo Slide Whistle	MI-BSW	1.0000	254.4643	46495	47791
47932	2025-11-09	wc-completed	Pangi Seed Shell Rattle	Pangi Seed Shell Rattle	MI-PS	1.0000	2047.6190	7356	0
47932	2025-11-09	wc-completed	Kenari Seed Shell Shakers - Large	Kenari Seed Shell Shakers	MI-KR-S-L	1.0000	2047.6190	7472	7511
47934	2025-11-09	wc-completed	Bamboo Rainstick - 60cms	Bamboo Rainstick	MI-RS-B-60	1.0000	1710.0000	7484	8763
47935	2025-11-09	wc-completed	Pangi Seed Shell Rattle	Pangi Seed Shell Rattle	MI-PS	1.0000	2047.6190	7356	0
47936	2025-11-09	wc-completed	Gong Bags - Large	Gong Bags		1.0000	1792.3729	45152	45154
47937	2025-11-09	wc-completed	Bird Flute - Single	Bird Flute		1.0000	235.7143	45754	45871
47937	2025-11-09	wc-completed	Bamboo Rainstick - 40cms	Bamboo Rainstick	MI-RS-B-40	1.0000	1281.4286	7484	8762
47937	2025-11-09	wc-completed	Singing Bowl with Mantra - Rustic Blue Colour - 7 Inches	Singing Bowl with Mantra - Rustic Blue Colour	MI-SB-RB-7	1.0000	1495.7143	6861	7287
47938	2025-11-09	wc-completed	Kenari Bracelet	Kenari Bracelet	MI-KR-BT	1.0000	1285.7143	42323	0
47939	2025-11-09	wc-completed	7-Key Kalimba Made from Coconut Shell - Painted & Plain - Dot Painted	7-Key Kalimba Made from Coconut Shell - Painted & Plain	MI-KCS-DP	1.0000	814.2857	7661	7994
47940	2025-11-09	wc-completed	7 Chakras Copper Water Bottles with Handle	7 Chakras Copper Water Bottles with Handle	CB-7CV-1	1.0000	1185.7143	44503	44511
47942	2025-11-09	wc-completed	Hi-Zafu Meditation Cushion - Filled with Buckwheat - Royal Blue	Hi-Zafu Meditation Cushion - Filled with Buckwheat	Me-C-HZ-RB	1.0000	903.8136	6755	6775
47943	2025-11-10	wc-completed	Zabuton Cushion for Meditation - Light Grey	Zabuton Cushion for Meditation	Me-C-Zn-LG	1.0000	1567.7966	6780	9607
47945	2025-11-10	wc-completed	Caxixi	Caxixi	Mi-CX-M-N	1.0000	1157.1429	42317	0
47954	2025-11-10	wc-completed	Djembe Drums - Ivory, 10in	Djembe Drums		1.0000	4815.0000	44969	45040
47961	2025-11-10	wc-completed	Swinging Chimes - 9 Bars	Swinging Chimes	MI-SC-9	1.0000	8250.0000	10345	10347
47961	2025-11-10	wc-completed	Wooden Mallets for Singing Bowls - Curved, Black	Wooden Mallets for Singing Bowls	MI-SB-M-B-C	3.0000	671.4286	6978	43377
47962	2025-11-10	wc-completed	Kenari Seed Shell Shakers - Large	Kenari Seed Shell Shakers	MI-KR-S-L	1.0000	2047.6190	7472	7511
47963	2025-11-10	wc-completed	Bamboo Rainstick - 80cms	Bamboo Rainstick	MI-RS-B-80	1.0000	2185.7143	7484	44586
47963	2025-11-10	wc-completed	Coconut Rattle	Coconut Rattle	MI-CR	1.0000	995.2381	5730	0
47963	2025-11-10	wc-completed	Kenari Seed Shell Shakers - Small	Kenari Seed Shell Shakers	MI-KR-S-S	1.0000	1285.7143	7472	7510
47963	2025-11-10	wc-completed	Pangi Seed Shell Rattle	Pangi Seed Shell Rattle	MI-PS	1.0000	2047.6190	7356	0
47963	2025-11-10	wc-completed	Egg Shaker with Handle	Egg Shaker with Handle	MI-ES-H	1.0000	852.3810	7396	0
47963	2025-11-10	wc-completed	Coconut Maracas Shakers - Plain	Coconut Maracas Shakers	MI-CM	1.0000	942.8571	7370	45394
47963	2025-11-10	wc-completed	8 Keys Metallophone - with 1” & 1.5” key-widths - 1 inch	8 Keys Metallophone - with 1” & 1.5” key-widths	MI-XP-SP-1-8	1.0000	6830.3571	42332	42338
47963	2025-11-10	wc-completed	Shamanic Drum Bags/Ocean Drum Bags - Medium	Shamanic Drum Bags/Ocean Drum Bags		1.0000	1190.0000	45131	46932
47964	2025-11-10	wc-completed	Full Moon Singing Bowls - All Sizes - 7 Inches	Full Moon Singing Bowls - All Sizes	MI-SB-H-FM-7	1.0000	6728.5714	7607	7610
47965	2025-11-10	wc-completed	Hi-Zafu Meditation Cushion - Filled with Buckwheat - Sage	Hi-Zafu Meditation Cushion - Filled with Buckwheat	Me-C-HZ-SE	1.0000	903.8136	6755	6778
47967	2025-11-10	wc-completed	Thunder Tube - Basic Edition - 30cms	Thunder Tube - Basic Edition	MI-TT-20	1.0000	1328.5714	7317	46653
47970	2025-11-10	wc-completed	Stainless Steel Straws - Pack of 2	Stainless Steel Straws	SSS-2	1.0000	150.0000	6505	6507
47971	2025-11-10	wc-completed	7 Chakras Copper Water Bottles with Handle	7 Chakras Copper Water Bottles with Handle	CB-7CP-B-1	1.0000	1152.8571	44503	44506
47971	2025-11-10	wc-completed	7 Chakras Copper Water Bottles with Handle	7 Chakras Copper Water Bottles with Handle	CB-7CP-1	1.0000	1067.1429	44503	44507
47973	2025-11-11	wc-completed	Pangi Seed Shell Rattle	Pangi Seed Shell Rattle	MI-PS	1.0000	2047.6190	7356	0
47975	2025-11-11	wc-completed	Elemental Chimes	Elemental Chimes	MI-Ch-KS	1.0000	3666.6667	45194	0
47976	2025-11-11	wc-completed	Singing Bowls Silk Ring Cushion Accessories - Combo of 3	Singing Bowls Silk Ring Cushion Accessories		1.0000	757.1429	6988	46266
47984	2025-11-11	wc-completed	Bird Flute - Pair	Bird Flute		1.0000	428.5714	45754	45872
47984	2025-11-11	wc-completed	Musical Wooden Frog - Standard	Musical Wooden Frog	MI-WF	1.0000	904.7619	7456	44632
47985	2025-11-11	wc-completed	Jala Neti Pot - Ceramic 185 ml - Mint Green	Jala Neti Pot - Ceramic 185 ml	NP-MG-185	1.0000	207.6271	5769	6336
47985	2025-11-11	wc-completed	Jala Neti Pot - Ceramic 185 ml - Blue	Jala Neti Pot - Ceramic 185 ml	NP-B-185	1.0000	207.6271	5769	6918
47985	2025-11-11	wc-completed	Jala Neti Pot - Ceramic 185 ml - White	Jala Neti Pot - Ceramic 185 ml	NP-W-185	1.0000	207.6271	5769	5826
47986	2025-11-11	wc-completed	Dumru/Dumroo Indian Handmade Percussion Instrument - Plain	Dumru/Dumroo Indian Handmade Percussion Instrument		2.0000	523.8095	5740	47720
47987	2025-11-12	wc-completed	Pangi Seed Shell Rattle	Pangi Seed Shell Rattle	MI-PS	1.0000	2047.6190	7356	0
47989	2025-11-12	wc-completed	Thunder Tube - Basic Edition - 25cms	Thunder Tube - Basic Edition	MI-TT-20	1.0000	1242.8571	7317	46652
47990	2025-11-12	wc-completed	Kenari Chimes - Small & Large - Large	Kenari Chimes - Small & Large	MI-KR-CH-168	1.0000	4714.2857	45197	46431
47990	2025-11-12	wc-completed	Rectangular Yoga Bolster - Rose	Rectangular Yoga Bolster	Yo-BR-RE-RE	1.0000	1059.3220	9675	9680
47991	2025-11-12	wc-completed	Dumru/Dumroo Indian Handmade Percussion Instrument - Dot Painted	Dumru/Dumroo Indian Handmade Percussion Instrument		1.0000	278.5714	5740	47721
47992	2025-11-12	wc-completed	Zabuton Cushion for Meditation - Light Grey	Zabuton Cushion for Meditation	Me-C-Zn-LG	1.0000	1411.0169	6780	9607
47993	2025-11-12	wc-completed	Kenari Chimes - Small & Large - Large	Kenari Chimes - Small & Large	MI-KR-CH-168	1.0000	4714.2857	45197	46431
47994	2025-11-12	wc-completed	Bamboo Rainstick - 60cms	Bamboo Rainstick	MI-RS-B-60	1.0000	1900.0000	7484	8763
47994	2025-11-12	wc-completed	Kenari Seed Shell Shakers - Large	Kenari Seed Shell Shakers	MI-KR-S-L	1.0000	2047.6190	7472	7511
47996	2025-11-12	wc-completed	Etched Plain/Wind Gong - 7 Chakras, 14 in	Etched Wind Gong	MI-G-ET-7C-14	1.0000	11857.1429	8846	10293
47996	2025-11-12	wc-completed	Gong Stand - Light, Small	Gong Stand		1.0000	6116.0714	45289	45294
47997	2025-11-13	wc-completed	Bird Flute - Pair	Bird Flute		1.0000	428.5714	45754	45872
47998	2025-11-13	wc-completed	Bird Flute - Single	Bird Flute		3.0000	785.7143	45754	45871
47999	2025-11-13	wc-completed	Bamboo Rainstick - 80cms	Bamboo Rainstick	MI-RS-B-80	1.0000	2185.7143	7484	44586
47999	2025-11-13	wc-completed	Swinging Chimes - 6 Bars	Swinging Chimes	MI-SC-6	1.0000	6895.0000	10345	10346
47999	2025-11-13	wc-completed	Bird Flute - Single	Bird Flute		1.0000	261.9048	45754	45871
47999	2025-11-13	wc-completed	Coconut Rattle	Coconut Rattle	MI-CR	2.0000	1990.4762	5730	0
47999	2025-11-13	wc-completed	11 Note Tongue Drum - Blue, 6 inches	11 Note Tongue Drum		1.0000	5223.2143	42373	42416
47999	2025-11-13	wc-completed	Elemental Chimes	Elemental Chimes	MI-Ch-KS	1.0000	3666.6667	45194	0
48000	2025-11-13	wc-completed	Pangi Seed Shell Rattle	Pangi Seed Shell Rattle	MI-PS	1.0000	2047.6190	7356	0
48001	2025-11-13	wc-completed	Bamboo Rainstick - 60cms	Bamboo Rainstick	MI-RS-B-60	1.0000	1710.0000	7484	8763
48001	2025-11-13	wc-completed	Kenari Seed Shell Shakers - Large	Kenari Seed Shell Shakers	MI-KR-S-L	1.0000	1842.8571	7472	7511
48001	2025-11-13	wc-completed	Coconut Maracas Shakers - Painted	Coconut Maracas Shakers	MI-CM	1.0000	1015.7143	7370	45395
48002	2025-11-13	wc-completed	Pangi Seed Shell Rattle	Pangi Seed Shell Rattle	MI-PS	1.0000	1842.8571	7356	0
48003	2025-11-13	wc-completed	Bamboo Rainstick - 80cms	Bamboo Rainstick	MI-RS-B-80	1.0000	1967.1429	7484	44586
48003	2025-11-13	wc-completed	Shankh/Conch - Large	Shankh/Conch		1.0000	1585.7143	45449	45452
48004	2025-11-13	wc-completed	Bird Flute - Single	Bird Flute		1.0000	235.7143	45754	45871
48004	2025-11-13	wc-completed	Elemental Chimes	Elemental Chimes	MI-Ch-KS	1.0000	3300.0000	45194	0
48005	2025-11-13	wc-completed	Full Moon Singing Bowls - All Sizes - 7 Inches	Full Moon Singing Bowls - All Sizes	MI-SB-H-FM-7	1.0000	7476.1905	7607	7610
48006	2025-11-13	wc-completed	Sacred Symbols Singing Bowls - Blue, 5.5 in	Sacred Symbols Singing Bowls	MI-SB-P-SS-B-5.5	1.0000	1900.0000	10008	10017
48007	2025-11-14	wc-completed	Pangi Seed Shell Rattle	Pangi Seed Shell Rattle	MI-PS	1.0000	2047.6190	7356	0
48008	2025-11-14	wc-completed	Bamboo Rainstick - 1m	Bamboo Rainstick	MI-RS-B-1M	1.0000	2376.1905	7484	8764
48014	2025-11-14	wc-completed	Bamboo Rainstick - 1m	Bamboo Rainstick	MI-RS-B-1M	1.0000	2376.1905	7484	8764
48015	2025-11-14	wc-completed	Ocean Drums - Plain, 35 cms	Ocean Drums	MI-OD-P-35	1.0000	2330.5085	9529	9533
48016	2025-11-15	wc-completed	Rectangular Yoga Bolster - Rose	Rectangular Yoga Bolster	Yo-BR-RE-RE	2.0000	2118.6441	9675	9680
48016	2025-11-15	wc-completed	Eye Shaped Natural Lavender Scented Eye Pillows - Rose	Eye Shaped Natural Lavender Scented Eye Pillows	Yo-P-E-RE-1	2.0000	669.4915	9220	9221
48016	2025-11-15	wc-completed	Yoga Blanket made from Organic Cotton - Natural White	Yoga Blanket made from Organic Cotton	Yo-BT-C-NT	1.0000	1233.3333	6668	6688
48017	2025-11-15	wc-completed	Zen Meditation Bench - Large	Zen Meditation Bench	ME-Cu	1.0000	2783.8983	9763	45269
48018	2025-11-15	wc-completed	Tuning Forks - Weighted, 7 Chakras Set	Tuning Fork - Single Weighted & Unweighted		1.0000	8562.8571	9713	9743
48019	2025-11-15	wc-completed	Pangi Seed Shell Rattle	Pangi Seed Shell Rattle	MI-PS	1.0000	1842.8571	7356	0
48020	2025-11-15	wc-completed	Bamboo Rainstick - 80cms	Bamboo Rainstick	MI-RS-B-80	1.0000	1967.1429	7484	44586
48020	2025-11-15	wc-completed	Ocean Drums - Plain, 35 cms	Ocean Drums	MI-OD-P-35	1.0000	2097.4576	9529	9533
48020	2025-11-15	wc-completed	Kenari Seed Shell Shakers - Large	Kenari Seed Shell Shakers	MI-KR-S-L	1.0000	1842.8571	7472	7511
48021	2025-11-15	wc-completed	Dotted Singing Bowl - 4 inch	Dotted Singing Bowl	MI-SB-H-4	1.0000	1566.6667	6892	6901
48022	2025-11-15	wc-completed	7 Chakras Copper Water Bottles	7 Chakras Copper Water Bottles	CB-7CV	1.0000	1185.7143	6080	43441
48023	2025-11-15	wc-completed	Kenari Chimes - Small & Large - Large	Kenari Chimes - Small & Large	MI-KR-CH-168	1.0000	4714.2857	45197	46431
48024	2025-11-16	wc-completed	Kenari Seed Shell Shakers - Large	Kenari Seed Shell Shakers	MI-KR-S-L	1.0000	1842.8571	7472	7511
48025	2025-11-16	wc-completed	S-Shaped Didgeridoo - Red	S-Shaped Didgeridoo	MI-DG-S-R	1.0000	7380.9524	7307	7315
48026	2025-11-16	wc-completed	Kenari Chimes - Small & Large - Large	Kenari Chimes - Small & Large	MI-KR-CH-168	1.0000	4714.2857	45197	46431
48027	2025-11-16	wc-completed	Ocean Drums - Plain, 35 cms	Ocean Drums	MI-OD-P-35	1.0000	2330.5085	9529	9533
48028	2025-11-16	wc-completed	Swinging Chimes - 9 Bars	Swinging Chimes	MI-SC-9	1.0000	8250.0000	10345	10347
48028	2025-11-16	wc-completed	Shamanic Drum Bags/Ocean Drum Bags - Small	Shamanic Drum Bags/Ocean Drum Bags		1.0000	990.0000	45131	45133
48029	2025-11-16	wc-completed	Bird Flute - Single	Bird Flute		1.0000	235.7143	45754	45871
48030	2025-11-16	wc-completed	Bamboo Rainstick - 1m	Bamboo Rainstick	MI-RS-B-1M	1.0000	2138.5714	7484	8764
48031	2025-11-16	wc-completed	Elemental Chimes	Elemental Chimes	MI-Ch-KS	1.0000	3666.6667	45194	0
48032	2025-11-16	wc-completed	Bamboo Rainstick - 40cms	Bamboo Rainstick	MI-RS-B-40	1.0000	1423.8095	7484	8762
48032	2025-11-16	wc-completed	Thunder Tube - Basic Edition - 20cms	Thunder Tube - Basic Edition	MI-TT-20	1.0000	1261.9048	7317	46651
48032	2025-11-16	wc-completed	Tingsha Bell - Golden, Standard	Tingsha Bell		1.0000	1709.5238	5763	44933
48032	2025-11-16	wc-completed	Kenari Seed Shell Shakers - Small	Kenari Seed Shell Shakers	MI-KR-S-S	1.0000	1285.7143	7472	7510
48033	2025-11-17	wc-completed	Tingsha Bell - Etched, Standard	Tingsha Bell		1.0000	1538.5714	5763	44937
48034	2025-11-17	wc-completed	Singing Bowls Silk Ring Cushion Accessories - Combo of 7	Singing Bowls Silk Ring Cushion Accessories		1.0000	1924.2857	6988	46268
48037	2025-11-17	wc-completed	Tibetan Buddhist Bell - Standard	Tibetan Buddhist Bell	MI-BB-3	1.0000	1571.4286	6973	9199
48040	2025-11-17	wc-completed	Spiral/Snake Didgeridoo - Red	Spiral/Snake Didgeridoo	MI-DG-SP-R	1.0000	5700.0000	7324	7520
48041	2025-11-17	wc-completed	Eye Shaped Natural Lavender Scented Eye Pillows - Rose	Eye Shaped Natural Lavender Scented Eye Pillows	Yo-P-E-RE-1	1.0000	334.7458	9220	9221
48041	2025-11-17	wc-completed	Rectangular Yoga Bolster - Rose	Rectangular Yoga Bolster	Yo-BR-RE-RE	1.0000	1059.3220	9675	9680
48041	2025-11-17	wc-completed	Zafu Meditation Cushion Plain Filled with Cotton - Rose	Zafu Meditation Cushion Plain Filled with Cotton	Me-Z-R-C-RE	1.0000	919.4915	6711	6732
48042	2025-11-17	wc-completed	Bamboo Rainstick - 1m	Bamboo Rainstick	MI-RS-B-1M	1.0000	2138.5714	7484	8764
48043	2025-11-17	wc-completed	11 Note Tongue Drum - White, 12 inches	11 Note Tongue Drum		1.0000	6308.0357	42373	42411
48044	2025-11-18	wc-completed	Singing Bowls with Sacred Mantra Printed - Gold, 3.5 Inches	Singing Bowls with Sacred Mantra Printed	MI-SB-P-W-3.5	1.0000	1110.0000	6807	7955
48045	2025-11-18	wc-completed	Singing Bowl Bags - Large	Singing Bowl Bags	MI-SB-Bag-L	1.0000	1746.6102	45127	45140
48045	2025-11-18	wc-completed	Tingsha Bell - Golden, Standard	Tingsha Bell		1.0000	1538.5714	5763	44933
48045	2025-11-18	wc-completed	Coconut Rattle	Coconut Rattle	MI-CR	1.0000	895.7143	5730	0
48045	2025-11-18	wc-completed	Ocean Drums - Plain, 40 cms	Ocean Drums	MI-OD-P-40	1.0000	2478.8136	9529	9534
48045	2025-11-18	wc-completed	Shamanic Drum Bags/Ocean Drum Bags - Medium	Shamanic Drum Bags/Ocean Drum Bags		1.0000	1071.0000	45131	46932
48045	2025-11-18	wc-completed	Wooden Mallets for Singing Bowls - Long Firm-Small, White	Wooden Mallets for Singing Bowls	MI-SB-M-R-Wd-4.5	1.0000	467.1429	6978	43383
48045	2025-11-18	wc-completed	Wooden Mallets for Singing Bowls - Long Firm-Standard, White	Wooden Mallets for Singing Bowls	MI-SB-M-R-Wd-4.5	1.0000	552.8571	6978	43384
48047	2025-11-18	wc-completed	Dotted Singing Bowl - 4 inch	Dotted Singing Bowl	MI-SB-H-4	1.0000	1566.6667	6892	6901
48048	2025-11-18	wc-completed	Kenari Chimes - Small & Large - Large	Kenari Chimes - Small & Large	MI-KR-CH-168	1.0000	4714.2857	45197	46431
48048	2025-11-18	wc-completed	Elemental Chimes	Elemental Chimes	MI-Ch-KS	1.0000	3666.6667	45194	0
48048	2025-11-18	wc-completed	Bird Flute - Pair	Bird Flute		1.0000	428.5714	45754	45872
48048	2025-11-18	wc-completed	Tuning Forks - Weighted, Solfeggio Set	Tuning Fork - Single Weighted & Unweighted		1.0000	11419.0476	9713	9744
48049	2025-11-18	wc-completed	Coconut Rattle	Coconut Rattle	MI-CR	1.0000	895.7143	5730	0
48050	2025-11-18	wc-completed	Bamboo Castanet	Bamboo Castanet	MI-CN-B	1.0000	709.5238	7329	0
48052	2025-11-19	wc-completed	Zafu & Zabuton Meditation Cushion Combo - Lotus Embroidery - Lavender	Zafu & Zabuton Meditation Cushion Combo - Lotus Embroidery	Co-Me-C-Z-Zn-LR-E-L	1.0000	2173.7288	9312	9313
48054	2025-11-19	wc-completed	Musical Wooden Frog - Standard	Musical Wooden Frog	MI-WF	1.0000	814.2857	7456	44632
48054	2025-11-19	wc-completed	Bird Flute - Single	Bird Flute		1.0000	235.7143	45754	45871
48053	2025-11-19	wc-completed	Hi-Zafu Meditation Cushion - Filled with Buckwheat - Sage	Hi-Zafu Meditation Cushion - Filled with Buckwheat	Me-C-HZ-SE	1.0000	1004.2373	6755	6778
48055	2025-11-19	wc-completed	Jala Neti Pot - Ceramic 185 ml - Lemon Yellow	Jala Neti Pot - Ceramic 185 ml	NP-LY-185	1.0000	186.8644	5769	6335
48057	2025-11-19	wc-completed	Coconut Maracas Shakers - Plain	Coconut Maracas Shakers	MI-CM	2.0000	1885.7143	7370	45394
48058	2025-11-19	wc-completed	Jala Neti Pot - Ceramic 185 ml - Mint Green	Jala Neti Pot - Ceramic 185 ml	NP-MG-185	1.0000	207.6271	5769	6336
48059	2025-11-19	wc-completed	Kenari Chimes - Small & Large - Small	Kenari Chimes - Small & Large	MI-KR-CH-168	1.0000	3761.9048	45197	46430
48060	2025-11-19	wc-completed	Full Moon Singing Bowls - All Sizes - 5 Inches	Full Moon Singing Bowls - All Sizes	MI-SB-H-FM-5	1.0000	5666.6667	7607	7608
48061	2025-11-19	wc-completed	Wooden Mallets for Singing Bowls - Standard Wide, Red	Wooden Mallets for Singing Bowls	MI-SB-M-R-Wd-4.5	1.0000	242.8571	6978	43381
48061	2025-11-19	wc-completed	Singing Bowls Silk Ring Cushion Accessories - 10 cms, Blue	Singing Bowls Silk Ring Cushion Accessories	MI-SB-C-B-10	1.0000	233.3333	6988	7766
48062	2025-11-19	wc-completed	Kenari Seed Shell Shakers - Large	Kenari Seed Shell Shakers	MI-KR-S-L	1.0000	2047.6190	7472	7511
48062	2025-11-19	wc-completed	Ocean Drums - Flower of Life, 35 cms	Ocean Drums		1.0000	2415.2542	9529	44652
48072	2025-11-19	wc-completed	Bamboo Rainstick - 60cms	Bamboo Rainstick	MI-RS-B-60	1.0000	1710.0000	7484	8763
48073	2025-11-19	wc-completed	Shamanic Drum - Tree of Life, 40 cms	Shamanic Drum	MI-SD-B	1.0000	4233.0508	7293	48064
48074	2025-11-20	wc-completed	Jala Neti Pot - Ceramic 185 ml - Blue	Jala Neti Pot - Ceramic 185 ml	NP-B-185	1.0000	207.6271	5769	6918
48074	2025-11-20	wc-completed	Jala Neti Pot - Ceramic 185 ml - Mint Green	Jala Neti Pot - Ceramic 185 ml	NP-MG-185	1.0000	207.6271	5769	6336
48074	2025-11-20	wc-completed	Eye Shaped Natural Lavender Scented Eye Pillows - Navy Blue	Eye Shaped Natural Lavender Scented Eye Pillows	Yo-P-E-NB-1	1.0000	334.7458	9220	9223
48074	2025-11-20	wc-completed	Eye Shaped Natural Lavender Scented Eye Pillows - Dark Grey	Eye Shaped Natural Lavender Scented Eye Pillows	Yo-P-E-DG-1	1.0000	334.7458	9220	9224
48075	2025-11-20	wc-completed	Eye Shaped Natural Lavender Scented Eye Pillows - Rose	Eye Shaped Natural Lavender Scented Eye Pillows	Yo-P-E-RE-1	2.0000	669.4915	9220	9221
48075	2025-11-20	wc-completed	Eye Shaped Natural Lavender Scented Eye Pillows - Sage	Eye Shaped Natural Lavender Scented Eye Pillows	Yo-P-E-SE-1	2.0000	669.4915	9220	9225
48075	2025-11-20	wc-completed	Jala Neti Pot - Ceramic 185 ml - Mint Green	Jala Neti Pot - Ceramic 185 ml	NP-MG-185	2.0000	415.2542	5769	6336
48075	2025-11-20	wc-completed	Jala Neti Pot - Ceramic 185 ml - Blue	Jala Neti Pot - Ceramic 185 ml	NP-B-185	1.0000	207.6271	5769	6918
48075	2025-11-20	wc-completed	Jala Neti Pot - Ceramic 185 ml - Lemon Yellow	Jala Neti Pot - Ceramic 185 ml	NP-LY-185	1.0000	207.6271	5769	6335
48075	2025-11-20	wc-completed	Ocean Drums - Dream Catcher, 35 cms	Ocean Drums	MI-OD-D-35	1.0000	2377.1186	9529	9537
48075	2025-11-20	wc-completed	Thunder Tube - Basic Edition - 30cms	Thunder Tube - Basic Edition	MI-TT-20	1.0000	1476.1905	7317	46653
48075	2025-11-20	wc-completed	Singing Bowl Bags - Large	Singing Bowl Bags	MI-SB-Bag-L	1.0000	1940.6780	45127	45140
48075	2025-11-20	wc-completed	Tuning Forks - Weighted, 432 Hz	Tuning Fork - Single Weighted & Unweighted	MI-TF-W-432	1.0000	1895.2381	9713	9718
48076	2025-11-20	wc-completed	Copper Tongue Cleaner - Pack of 2, Straight	Copper Tongue Cleaner	TC-R-1	1.0000	227.1429	5042	7810
48077	2025-11-20	wc-completed	Kenari Seed Shell Shakers - Large	Kenari Seed Shell Shakers	MI-KR-S-L	1.0000	27.8571	7472	7511
48079	2025-11-20	wc-completed	Eye Shaped Natural Lavender Scented Eye Pillows - Navy Blue	Eye Shaped Natural Lavender Scented Eye Pillows	Yo-P-E-NB-1	2.0000	602.5424	9220	9223
48079	2025-11-20	wc-completed	Musical Wooden Frog - Large	Musical Wooden Frog	MI-WF	1.0000	1157.1429	7456	44633
48079	2025-11-20	wc-completed	Bird Flute - Single	Bird Flute		1.0000	235.7143	45754	45871
48080	2025-11-20	wc-completed	Swinging Chimes - 9 Bars	Swinging Chimes	MI-SC-9	1.0000	8250.0000	10345	10347
48081	2025-11-20	wc-completed	7 Chakras Mystical Incense Sticks Set - 7 Chakra Set	7 Chakras Mystical Incense Sticks Set	IS-7C	1.0000	411.4286	7687	7688
48082	2025-11-20	wc-completed	Pangi Seed Shell Rattle	Pangi Seed Shell Rattle	MI-PS	1.0000	1842.8571	7356	0
48083	2025-11-20	wc-completed	Ocean Drums - Plain, 40 cms	Ocean Drums	MI-OD-P-40	1.0000	2478.8136	9529	9534
48083	2025-11-20	wc-completed	Bamboo Rainstick - 1m	Bamboo Rainstick	MI-RS-B-1M	1.0000	2138.5714	7484	8764
48084	2025-11-20	wc-completed	Etched Handmade Singing Bowls - Om, 6 in	Etched Handmade Singing Bowls	MI-SB-H-ET-O-C-6	1.0000	8095.2381	9795	9873
48084	2025-11-20	wc-completed	Wooden Mallets for Singing Bowls - Straight, Red	Wooden Mallets for Singing Bowls	MI-SB-M-R-S	1.0000	190.4762	6978	43369
48084	2025-11-20	wc-completed	Wooden Mallets for Singing Bowls - Thick Wide, Black	Wooden Mallets for Singing Bowls	MI-SB-M-R-Wd-4.5	1.0000	271.4286	6978	43378
48084	2025-11-20	wc-completed	"Wooden Mallets for Singing Bowls - Long Soft-9"", White"	Wooden Mallets for Singing Bowls	MI-SB-M-L-W-9	1.0000	614.2857	6978	43372
48084	2025-11-20	wc-completed	Singing Bowls Silk Ring Cushion Accessories - 10 cms, Black	Singing Bowls Silk Ring Cushion Accessories	MI-SB-C-BK-10	1.0000	180.9524	6988	44193
48085	2025-11-20	wc-completed	Bamboo Rainstick - 1m	Bamboo Rainstick	MI-RS-B-1M	1.0000	2138.5714	7484	8764
48086	2025-11-20	wc-completed	Elemental Chimes	Elemental Chimes	MI-Ch-KS	1.0000	3666.6667	45194	0
48086	2025-11-20	wc-completed	Swinging Chimes - 9 Bars	Swinging Chimes	MI-SC-9	1.0000	8250.0000	10345	10347
48086	2025-11-20	wc-completed	S-Shaped Didgeridoo - Green	S-Shaped Didgeridoo	MI-DG-S-G	1.0000	7380.9524	7307	7314
48087	2025-11-21	wc-completed	Tuning Forks - Unweighted, 432 Hz	Tuning Fork - Single Weighted & Unweighted		1.0000	1419.0476	9713	9749
48088	2025-11-21	wc-completed	Etched Plain/Wind Gong - Tara, 22 in	Etched Wind Gong	MI-SB-H-ET-TR-22	1.0000	26371.4286	8846	10323
48088	2025-11-21	wc-completed	Gong Stand - Dark, Medium	Gong Stand		1.0000	6651.7857	45289	45298
48089	2025-11-21	wc-completed	Musical Wooden Frog - Standard	Musical Wooden Frog	MI-WF	1.0000	814.2857	7456	44632
48090	2025-11-21	wc-completed	Jala Neti Pot - Ceramic 185 ml - White	Jala Neti Pot - Ceramic 185 ml	NP-W-185	1.0000	186.8644	5769	5826
48090	2025-11-21	wc-completed	Jala Neti Pot - Ceramic 185 ml - Mint Green	Jala Neti Pot - Ceramic 185 ml	NP-MG-185	1.0000	186.8644	5769	6336
48090	2025-11-21	wc-completed	Mini Coconut Shakers - 3 Types - Square Shaped	Mini Coconut Shakers - 3 Types	MI-CS-S	1.0000	552.8571	6062	6066
48090	2025-11-21	wc-completed	Neem Wood Combs - Combo 3	Neem Wood Combs	CO-NWC-S-P-H	1.0000	248.5714	5038	5600
48091	2025-11-21	wc-completed	Shamanic Drum - Plain, 45 cms	Shamanic Drum	MI-SD-P-45	1.0000	4461.8644	7293	9590
48092	2025-11-21	wc-completed	Shamanic Drum - Butterfly, 40 cms	Shamanic Drum	MI-SD-B-40	1.0000	4233.0508	7293	9592
48092	2025-11-21	wc-completed	Shamanic Drum Bags/Ocean Drum Bags - Medium	Shamanic Drum Bags/Ocean Drum Bags		1.0000	1071.0000	45131	46932
48093	2025-11-21	wc-completed	7 Chakras Copper Water Bottles	7 Chakras Copper Water Bottles	CB-7CP-B	1.0000	18.0857	6080	43436
48095	2025-11-21	wc-completed	Shamanic Drum Bags/Ocean Drum Bags - Small	Shamanic Drum Bags/Ocean Drum Bags		1.0000	891.0000	45131	45133
48095	2025-11-21	wc-completed	Ocean Drums - Dream Catcher, 30 cms	Ocean Drums	MI-OD-D-30	1.0000	1944.9153	9529	9536
48096	2025-11-21	wc-completed	Tuning Forks - Weighted, Solfeggio Set	Tuning Fork - Single Weighted & Unweighted		1.0000	10277.1429	9713	9744
48097	2025-11-21	wc-completed	Shamanic Drum - Plain, 40 cms	Shamanic Drum	MI-SD-P-40	1.0000	4004.2373	7293	9589
48097	2025-11-21	wc-completed	Shamanic Drum Bags/Ocean Drum Bags - Medium	Shamanic Drum Bags/Ocean Drum Bags		1.0000	1071.0000	45131	46932
48098	2025-11-21	wc-completed	Bird Flute - Single	Bird Flute		1.0000	235.7143	45754	45871
48099	2025-11-22	wc-completed	"Wooden Mallets for Singing Bowls - Long Soft-9"", Red"	Wooden Mallets for Singing Bowls	MI-SB-M-L-R-9	1.0000	552.8571	6978	43376
48099	2025-11-22	wc-completed	"Wooden Mallets for Singing Bowls - Long Soft-11"", Red"	Wooden Mallets for Singing Bowls	MI-SB-M-L-R-11	1.0000	552.8571	6978	43375
48100	2025-11-22	wc-completed	Pangi Seed Shell Rattle	Pangi Seed Shell Rattle	MI-PS	1.0000	1842.8571	7356	0
48101	2025-11-22	wc-completed	7-Key Kalimba Made from Coconut Shell - Painted & Plain - Dot Painted	7-Key Kalimba Made from Coconut Shell - Painted & Plain	MI-KCS-DP	1.0000	814.2857	7661	7994
48102	2025-11-22	wc-completed	Pangi Seed Shell Rattle	Pangi Seed Shell Rattle	MI-PS	1.0000	1842.8571	7356	0
48102	2025-11-22	wc-completed	Tuning Forks - Weighted, 432 Hz	Tuning Fork - Single Weighted & Unweighted	MI-TF-W-432	1.0000	1705.7143	9713	9718
48102	2025-11-22	wc-completed	Singing Bowls Silk Ring Cushion Accessories - Combo of 5	Singing Bowls Silk Ring Cushion Accessories		1.0000	1410.0000	6988	46267
48104	2025-11-22	wc-completed	Ocean Drums - Dream Catcher, 30 cms	Ocean Drums	MI-OD-D-30	1.0000	2161.0169	9529	9536
48109	2025-11-23	wc-completed	Thunder Tube - Basic Edition - 25cms	Thunder Tube - Basic Edition	MI-TT-20	1.0000	1380.9524	7317	46652
48109	2025-11-23	wc-completed	Crystal Bowls - 11 in	Crystal Bowls	MI-CB-W-11	1.0000	11228.8136	9777	9783
48110	2025-11-23	wc-completed	Wooden Mallets for Singing Bowls - Long Firm-Standard, White	Wooden Mallets for Singing Bowls	MI-SB-M-R-Wd-4.5	1.0000	552.8571	6978	43384
48110	2025-11-23	wc-completed	Shamanic Drum Bags/Ocean Drum Bags - Small	Shamanic Drum Bags/Ocean Drum Bags		1.0000	891.0000	45131	45133
48110	2025-11-23	wc-completed	Ocean Drums - Flower of Life, 30 cms	Ocean Drums		1.0000	1944.9153	9529	44651
48110	2025-11-23	wc-completed	Swinging Chimes - 9 Bars	Swinging Chimes	MI-SC-9	1.0000	8250.0000	10345	10347
48111	2025-11-23	wc-completed	Bamboo Rainstick - 1m	Bamboo Rainstick	MI-RS-B-1M	1.0000	2138.5714	7484	8764
48111	2025-11-23	wc-completed	Bird Flute - Pair	Bird Flute		1.0000	385.7143	45754	45872
48111	2025-11-23	wc-completed	Tingsha Bell - Etched, Standard	Tingsha Bell		1.0000	1538.5714	5763	44937
48111	2025-11-23	wc-completed	Singing Bowls Silk Ring Cushion Accessories - Combo of 7	Singing Bowls Silk Ring Cushion Accessories		1.0000	1924.2857	6988	46268
48111	2025-11-23	wc-completed	7 Chakras Yoga Mats - Superior, Orange	7 Chakras Yoga Mats		1.0000	1705.7143	46141	46167
48111	2025-11-23	wc-completed	Macrame Yoga Mat Straps - Green	Macrame Yoga Mat Straps	Yo-MC-MS-G	1.0000	501.4286	7568	7569
48111	2025-11-23	wc-completed	Wooden Mallets for Singing Bowls - Curved, Black	Wooden Mallets for Singing Bowls	MI-SB-M-B-C	1.0000	201.4286	6978	43377
48121	2025-11-24	wc-completed	Plain/Wind Tibetan Gong - 14 in	Plain/Wind Tibetan Gong	MI-G-P-14	1.0000	8485.7143	8833	8847
48122	2025-11-24	wc-completed	Singing Bowls Silk Ring Cushion Accessories - 10 cms, Pink	Singing Bowls Silk Ring Cushion Accessories	MI-SB-C-PK-10	1.0000	210.0000	6988	9021
48122	2025-11-24	wc-completed	Singing Bowls Silk Ring Cushion Accessories - 12 cms, Navy Blue	Singing Bowls Silk Ring Cushion Accessories	MI-SB-C-NB-12	1.0000	235.7143	6988	7774
48122	2025-11-24	wc-completed	Singing Bowls Silk Ring Cushion Accessories - 14 cms, Blue	Singing Bowls Silk Ring Cushion Accessories	MI-SB-C-B-14	1.0000	252.8571	6988	7780
48122	2025-11-24	wc-completed	Singing Bowls Silk Ring Cushion Accessories - 16 cms, Green	Singing Bowls Silk Ring Cushion Accessories	MI-SB-C-G-16	1.0000	278.5714	6988	7786
48122	2025-11-24	wc-completed	Singing Bowls Silk Ring Cushion Accessories - 18 cms, Yellow	Singing Bowls Silk Ring Cushion Accessories	MI-SB-C-Y-18	1.0000	330.0000	6988	44190
48122	2025-11-24	wc-completed	Singing Bowls Silk Ring Cushion Accessories - 20 cms, Orange	Singing Bowls Silk Ring Cushion Accessories	MI-SB-C-O-20	1.0000	424.2857	6988	44178
48122	2025-11-24	wc-completed	Singing Bowls Silk Ring Cushion Accessories - 22 cms, Red	Singing Bowls Silk Ring Cushion Accessories	MI-SB-C-R-22	1.0000	510.0000	6988	44175
48123	2025-11-24	wc-completed	Bamboo Castanet	Bamboo Castanet	MI-CN-B	1.0000	709.5238	7329	0
48124	2025-11-24	wc-completed	Artistically Designed Copper Bottles	Artistically Designed Copper Bottles	CB-HW-.5	1.0000	762.8571	6007	42893
48125	2025-11-24	wc-completed	Kenari Seed Shell Shakers - Large	Kenari Seed Shell Shakers	MI-KR-S-L	1.0000	2047.6190	7472	7511
48126	2025-11-24	wc-completed	Copper Tongue Cleaner - Pack of 1, Straight	Copper Tongue Cleaner	TC-R-1	1.0000	141.4286	5042	7808
48127	2025-11-25	wc-completed	Bird Flute - Pair	Bird Flute		1.0000	428.5714	45754	45872
48127	2025-11-25	wc-completed	Coconut Rattle	Coconut Rattle	MI-CR	1.0000	995.2381	5730	0
48128	2025-11-25	wc-completed	Djembe Drums - Ivory, 12in	Djembe Drums		1.0000	5715.0000	44969	45042
48129	2025-11-25	wc-completed	Pangi Seed Shell Rattle	Pangi Seed Shell Rattle	MI-PS	1.0000	2047.6190	7356	0
48130	2025-11-25	wc-completed	Bamboo Rainstick - 60cms	Bamboo Rainstick	MI-RS-B-60	1.0000	1710.0000	7484	8763
48130	2025-11-25	wc-completed	Eye Shaped Natural Lavender Scented Eye Pillows - Dark Grey	Eye Shaped Natural Lavender Scented Eye Pillows	Yo-P-E-DG-1	1.0000	301.2712	9220	9224
48130	2025-11-25	wc-completed	Mini Coconut Shakers - 3 Types - Square Shaped	Mini Coconut Shakers - 3 Types	MI-CS-S	1.0000	552.8571	6062	6066
48130	2025-11-25	wc-completed	Tingsha Bell - Golden, Standard	Tingsha Bell		1.0000	1538.5714	5763	44933
48145	2025-11-25	wc-completed	Tingsha Bell - Golden, Small	Tingsha Bell		1.0000	1414.2857	5763	44932
48166	2025-11-25	wc-completed	Bamboo Rainstick - 1m	Bamboo Rainstick	MI-RS-B-1M	1.0000	2376.1905	7484	8764
48166	2025-11-25	wc-completed	Wooden Tambourines - Half-Moon	Wooden Tambourines	MI-T-HM	1.0000	1116.0714	7478	45648
48212	2025-11-25	wc-completed	Bamboo Rainstick - 1m	Bamboo Rainstick	MI-RS-B-1M	1.0000	2376.1905	7484	8764
48213	2025-11-25	wc-completed	Djembe Drums - Mahogany, 12in	Djembe Drums		1.0000	5715.0000	44969	45043
48214	2025-11-25	wc-completed	Bird Flute - Single	Bird Flute		1.0000	261.9048	45754	45871
48215	2025-11-25	wc-completed	Tuning Forks - Weighted, 128 Hz	Tuning Fork - Single Weighted & Unweighted	MI-TF-W-128	1.0000	1962.8571	9713	9715
48215	2025-11-25	wc-completed	Tuning Forks - Weighted, 256 Hz	Tuning Fork - Single Weighted & Unweighted	MI-TF-W-256	1.0000	1705.7143	9713	9717
48215	2025-11-25	wc-completed	Tuning Forks - Weighted, 432 Hz	Tuning Fork - Single Weighted & Unweighted	MI-TF-W-432	1.0000	1705.7143	9713	9718
48215	2025-11-25	wc-completed	Tuning Forks - Weighted, 528 Hz	Tuning Fork - Single Weighted & Unweighted		1.0000	1705.7143	9713	9719
48216	2025-11-25	wc-completed	Coconut Maracas Shakers - Plain	Coconut Maracas Shakers	MI-CM	1.0000	942.8571	7370	45394
48216	2025-11-25	wc-completed	Shamanic Drum - Tree of Life, 40 cms	Shamanic Drum	MI-SD-B	1.0000	4703.3898	7293	48064
48216	2025-11-25	wc-completed	Kenari Seed Shell Shakers - Small	Kenari Seed Shell Shakers	MI-KR-S-S	1.0000	1285.7143	7472	7510
48216	2025-11-25	wc-completed	Bamboo Rainstick - 60cms	Bamboo Rainstick	MI-RS-B-60	1.0000	1900.0000	7484	8763
48216	2025-11-25	wc-completed	Pangi Seed Shell Rattle	Pangi Seed Shell Rattle	MI-PS	1.0000	2047.6190	7356	0
48216	2025-11-25	wc-completed	Coconut Rattle	Coconut Rattle	MI-CR	1.0000	995.2381	5730	0
48216	2025-11-25	wc-completed	Bird Flute - Pair	Bird Flute		1.0000	428.5714	45754	45872
48216	2025-11-25	wc-completed	Bendo Shaker - Large	Bendo Shaker		1.0000	2750.0000	47742	47923
48217	2025-11-25	wc-completed	Ocean Drums - Plain, 35 cms	Ocean Drums	MI-OD-P-35	1.0000	2330.5085	9529	9533
48219	2025-11-26	wc-completed	Pangi Seed Shell Rattle	Pangi Seed Shell Rattle	MI-PS	1.0000	1842.8571	7356	0
48221	2025-11-26	wc-completed	Singing Bowls Silk Ring Cushion Accessories - 14 cms, Green	Singing Bowls Silk Ring Cushion Accessories	MI-SB-C-G-14	1.0000	280.9524	6988	7779
48221	2025-11-26	wc-completed	Singing Bowls Silk Ring Cushion Accessories - 14 cms, Red	Singing Bowls Silk Ring Cushion Accessories	MI-SB-C-R-14	1.0000	280.9524	6988	7785
48226	2025-11-26	wc-completed	Round Yoga Bolster - Navy Blue	Round Yoga Bolster	Yo-BR-R-NB	1.0000	1144.0678	6689	6693
48227	2025-11-26	wc-completed	Djembe Drums - Mahogany, 12in	Djembe Drums		1.0000	5715.0000	44969	45043
48228	2025-11-26	wc-completed	Singing Bowls Silk Ring Cushion Accessories - Combo of 5	Singing Bowls Silk Ring Cushion Accessories		1.0000	1410.0000	6988	46267
48228	2025-11-26	wc-completed	Singing Bowl Bags - Large	Singing Bowl Bags	MI-SB-Bag-L	1.0000	1746.6102	45127	45140
48246	2025-11-26	wc-completed	Kenari Bracelet	Kenari Bracelet	MI-KR-BT	1.0000	1285.7143	42323	0
48246	2025-11-26	wc-completed	Wooden Maracas Shakers | Plain & Dot Painted - Dot Painted	Wooden Maracas Shakers | Plain & Dot Painted	MI-WM	1.0000	995.2381	7542	44154
48246	2025-11-26	wc-completed	Tingsha Bell - Etched, Standard	Tingsha Bell		1.0000	1709.5238	5763	44937
48247	2025-11-26	wc-completed	Pangi Seed Shell Rattle	Pangi Seed Shell Rattle	MI-PS	1.0000	2047.6190	7356	0
48247	2025-11-26	wc-completed	Swinging Chimes - 6 Bars	Swinging Chimes	MI-SC-6	1.0000	6895.0000	10345	10346
48247	2025-11-26	wc-completed	Bendo Chimes	Bendo Chimes		1.0000	5950.0000	47751	0
48248	2025-11-26	wc-completed	Tuning Forks - Weighted, 68.05 Hz	Tuning Fork - Single Weighted & Unweighted		1.0000	1962.8571	9713	46947
48248	2025-11-26	wc-completed	Tuning Forks - Weighted, 528 Hz	Tuning Fork - Single Weighted & Unweighted		1.0000	1705.7143	9713	9719
48249	2025-11-26	wc-completed	Dumru/Dumroo Indian Handmade Percussion Instrument - Dot Painted	Dumru/Dumroo Indian Handmade Percussion Instrument		1.0000	278.5714	5740	47721
48250	2025-11-27	wc-completed	Dumru/Dumroo Indian Handmade Percussion Instrument - Dot Painted	Dumru/Dumroo Indian Handmade Percussion Instrument		1.0000	278.5714	5740	47721
48250	2025-11-27	wc-completed	Neem Wood Combs - Small Comb	Neem Wood Combs	NWC-P	1.0000	115.7143	5038	5598
48250	2025-11-27	wc-completed	Copper Tongue Cleaner - Pack of 1, Straight	Copper Tongue Cleaner	TC-R-1	1.0000	141.4286	5042	7808
48260	2025-11-27	wc-completed	Bamboo Rainstick - 40cms	Bamboo Rainstick	MI-RS-B-40	1.0000	1423.8095	7484	8762
48261	2025-11-27	wc-completed	Bird Flute - Single	Bird Flute		1.0000	235.7143	45754	45871
48264	2025-11-27	wc-completed	Dotted Singing Bowl - Deep 5.5 Inch	Dotted Singing Bowl	MI-SB-D-7	1.0000	2271.4286	6892	42911
48265	2025-11-28	wc-completed	Tuning Forks Extensions - Extender	Tuning Fork Extensions		1.0000	450.0000	48135	48162
48265	2025-11-28	wc-completed	Tuning Forks Extensions - Massage Boot	Tuning Fork Extensions		2.0000	1180.0000	48135	48164
48281	2025-11-28	wc-completed	Gong Stand - Dark, Small	Gong Stand		1.0000	5504.4643	45289	45297
48283	2025-11-29	wc-completed	Kenari Bracelet	Kenari Bracelet	MI-KR-BT	1.0000	1285.7143	42323	0
48284	2025-11-29	wc-completed	Triad Crystal Bowl Set - DFA	Triad Crystal Bowl Set		1.0000	29025.4237	45668	47895
48286	2025-11-29	wc-completed	Wooden Tambourines - Half-Moon	Wooden Tambourines	MI-T-HM	1.0000	1116.0714	7478	45648
48286	2025-11-29	wc-completed	Wooden Tambourines - Circular	Wooden Tambourines	MI-T-HM	1.0000	1026.7857	7478	45649
48288	2025-11-29	wc-completed	Pangi Seed Shell Rattle	Pangi Seed Shell Rattle	MI-PS	1.0000	1842.8571	7356	0
48288	2025-11-29	wc-completed	Caxixi	Caxixi	Mi-CX-M-N	1.0000	1157.1429	42317	0
48288	2025-11-29	wc-completed	Dumru/Dumroo Indian Handmade Percussion Instrument - Plain	Dumru/Dumroo Indian Handmade Percussion Instrument		1.0000	235.7143	5740	47720
48288	2025-11-29	wc-completed	Bendo Shaker - Large	Bendo Shaker		1.0000	2475.0000	47742	47923
48288	2025-11-29	wc-completed	Mini Coconut Shakers - 3 Types - Square Shaped	Mini Coconut Shakers - 3 Types	MI-CS-S	1.0000	552.8571	6062	6066
48289	2025-11-29	wc-completed	Zen Meditation Bench - Medium	Zen Meditation Bench	ME-Cu	1.0000	2631.3559	9763	45268
48289	2025-11-29	wc-completed	Crescent Zafu Cushion - Wide - Lavender	Crescent Zafu Cushion - Wide	Me-C-Z-L-L-1	1.0000	873.3051	47494	47498
48289	2025-11-29	wc-completed	Yoga Belt/Strap for Sturdy Grip - Navy Blue	Yoga Belt/Strap for Sturdy Grip	Yo-BL-D-NB	1.0000	295.7143	6530	6548
48290	2025-11-29	wc-completed	Yoga Blanket made from Organic Cotton - Natural White	Yoga Blanket made from Organic Cotton	Yo-BT-C-NT	5.0000	6166.6667	6668	6688
48290	2025-11-29	wc-completed	Yoga Blanket made from Organic Cotton - Magenta	Yoga Blanket made from Organic Cotton	Yo-BT-C-MG	5.0000	6642.8571	6668	6686
48291	2025-11-29	wc-completed	7 Chakras Vintage - Copper Bottle	7 Chakras Vintage - Copper Bottle		1.0000	792.8571	5682	43491
48292	2025-11-29	wc-completed	Kenari Seed Shell Shakers - Large	Kenari Seed Shell Shakers	MI-KR-S-L	1.0000	30.9524	7472	7511
48293	2025-11-30	wc-completed	7 Chakras Gold - Copper Bottle	7 Chakras Gold - Copper Bottle		1.0000	1185.7143	5675	43493
48294	2025-11-30	wc-completed	Pangi Seed Shell Rattle	Pangi Seed Shell Rattle	MI-PS	1.0000	2047.6190	7356	0
48295	2025-11-30	wc-completed	Dumru/Dumroo Indian Handmade Percussion Instrument - Plain	Dumru/Dumroo Indian Handmade Percussion Instrument		1.0000	235.7143	5740	47720
48297	2025-11-30	wc-completed	Eco-Friendly Neem Wood Toothbrush - Pack of 2	Eco-Friendly Neem Wood Toothbrush	NTB-2	1.0000	192.8571	5037	5604
48297	2025-11-30	wc-completed	Copper Tongue Cleaner - Pack of 4, Straight	Copper Tongue Cleaner	TC-R-1	1.0000	338.5714	5042	7812
48298	2025-11-30	wc-completed	Tuning Fork Single Weighted & Unweighted - Weighted, 136.10 Hz	Tuning Fork - Single Weighted & Unweighted		1.0000	1962.8571	9713	9716
48299	2025-11-30	wc-completed	Bamboo Rainstick - 40cms	Bamboo Rainstick	MI-RS-B-40	1.0000	1423.8095	7484	8762
48300	2025-11-30	wc-completed	Bird Flute - Single	Bird Flute		1.0000	261.9048	45754	45871
48301	2025-11-30	wc-completed	Hi-Zafu Meditation Cushion - Embroidered with Lotus - Rose	Hi-Zafu Meditation Cushion - Embroidered with Lotus	Me-C-HZ-R-E-L	1.0000	16.0932	9291	9376
48302	2025-11-30	wc-completed	Swinging Chimes - 9 Bars	Swinging Chimes	MI-SC-9	1.0000	8250.0000	10345	10347
48302	2025-11-30	wc-completed	Joint Bowl or Knee Cut Bowl - 8 in	Joint Bowl or Knee Cut Bowl	MI-SB-JB	1.0000	7285.7143	9978	9984
48303	2025-12-01	wc-completed	Zafu Meditation Cushion Plain Filled with Cotton - Grey	Zafu Meditation Cushion Plain Filled with Cotton	Me-Z-R-C-GY	1.0000	919.4915	6711	6730
48304	2025-12-01	wc-completed	Bird Flute - Single	Bird Flute		1.0000	235.7143	45754	45871
48305	2025-12-01	wc-completed	11 Note Tongue Drum - White, 12 inches	11 Note Tongue Drum		1.0000	7008.9286	42373	42411
48306	2025-12-01	wc-completed	Coconut Rattle	Coconut Rattle	MI-CR	1.0000	995.2381	5730	0
48324	2025-12-01	wc-completed	Round Yoga Bolster - Rose	Round Yoga Bolster	Yo-BR-R-RE	1.0000	1144.0678	6689	6694
48330	2025-12-02	wc-completed	11 Note Tongue Drum - White, 12 inches	11 Note Tongue Drum		1.0000	7008.9286	42373	42411
48331	2025-12-02	wc-completed	Bamboo Rainstick - 60cms	Bamboo Rainstick	MI-RS-B-60	1.0000	1710.0000	7484	8763
48338	2025-12-02	wc-completed	7 Chakras Vintage - Copper Bottle	7 Chakras Vintage - Copper Bottle		1.0000	1152.8571	5682	43492
48339	2025-12-03	wc-completed	Gong Stand - Dark, Extra Large	Gong Stand		1.0000	7232.1429	45289	46255
48340	2025-12-03	wc-completed	Dotted Singing Bowl - 5.5 inch	Dotted Singing Bowl	MI-SB-H-5.5	1.0000	2042.8571	6892	6902
48340	2025-12-03	wc-completed	Bird Flute - Pair	Bird Flute		1.0000	428.5714	45754	45872
48340	2025-12-03	wc-completed	7 Chakras Vintage - Copper Bottle	7 Chakras Vintage - Copper Bottle		1.0000	1280.9524	5682	43492
48341	2025-12-04	wc-completed	Sacred Symbols Singing Bowls - Green, 3.5 in	Sacred Symbols Singing Bowls	MI-SB-P-SS-G-3.5	1.0000	1233.3333	10008	10009
48342	2025-12-04	wc-completed	Full Moon Singing Bowls - All Sizes - 10 Inches	Full Moon Singing Bowls - All Sizes	MI-SB-H-FM-10	1.0000	9300.0000	7607	9034
48343	2025-12-04	wc-completed	Eye Shaped Natural Lavender Scented Eye Pillows - Rose	Eye Shaped Natural Lavender Scented Eye Pillows	Yo-P-E-RE-1	1.0000	301.2712	9220	9221
48343	2025-12-04	wc-completed	Eye Shaped Natural Lavender Scented Eye Pillows - Navy Blue	Eye Shaped Natural Lavender Scented Eye Pillows	Yo-P-E-NB-1	1.0000	301.2712	9220	9223
48347	2025-12-04	wc-completed	7 Chakras Gold - Copper Bottle	7 Chakras Gold - Copper Bottle		1.0000	1152.8571	5675	43494
48347	2025-12-04	wc-completed	7 Chakras Gold - Copper Bottle	7 Chakras Gold - Copper Bottle		1.0000	1067.1429	5675	43493
48349	2025-12-04	wc-completed	7 Chakras Copper Water Bottles with Handle	7 Chakras Copper Water Bottles with Handle	CB-7CV-B-1	1.0000	1152.8571	44503	44510
48351	2025-12-05	wc-completed	Ocean Drums - Dream Catcher, 35 cms	Ocean Drums	MI-OD-D-35	1.0000	2139.4068	9529	9537
48351	2025-12-05	wc-completed	Coconut Rattle	Coconut Rattle	MI-CR	1.0000	895.7143	5730	0
48352	2025-12-05	wc-completed	Hi-Zafu Meditation Cushion - Filled with Buckwheat - Ivory	Hi-Zafu Meditation Cushion - Filled with Buckwheat	Me-C-HZ-I	4.0000	63.0508	6755	9660
48359	2025-12-05	wc-completed	Crystal Bowls - 6 in	Crystal Bowls	MI-CB-W-6	1.0000	6826.2712	9777	9778
48360	2025-12-05	wc-completed	Tuning Fork Activators - Activator & Mallet	Tuning Fork Activators		1.0000	250.0000	48133	48183
48361	2025-12-06	wc-completed	Shamanic Drum - Plain, 40 cms	Shamanic Drum	MI-SD-P-40	1.0000	4004.2373	7293	9589
48361	2025-12-06	wc-completed	Bendo Chimes	Bendo Chimes		1.0000	5355.0000	47751	0
48363	2025-12-06	wc-completed	Tuning Fork - Single Weighted & Unweighted - Weighted, 68.05 Hz	Tuning Fork - Single Weighted & Unweighted		1.0000	2180.9524	9713	46947
48363	2025-12-06	wc-completed	Tuning Fork - Single Weighted & Unweighted - Weighted, 64 Hz	Tuning Fork - Single Weighted & Unweighted		1.0000	2180.9524	9713	47093
48365	2025-12-08	wc-completed	Bendo Shaker - Large	Bendo Shaker		1.0000	2475.0000	47742	47923
48372	2025-12-08	wc-completed	Eco-Friendly Neem Wood Toothbrush - Pack of 4	Eco-Friendly Neem Wood Toothbrush	NTB-4	1.0000	347.6190	5037	5605
48384	2025-12-08	wc-completed	Singing Bowl with Mantra - Rustic Blue Colour - 7 Inches	Singing Bowl with Mantra - Rustic Blue Colour	MI-SB-RB-7	1.0000	1495.7143	6861	7287
48385	2025-12-08	wc-completed	Pangi Seed Shell Rattle	Pangi Seed Shell Rattle	MI-PS	1.0000	1842.8571	7356	0
48386	2025-12-09	wc-completed	Pangi Seed Shell Rattle	Pangi Seed Shell Rattle	MI-PS	1.0000	2047.6190	7356	0
48386	2025-12-09	wc-completed	Bird Flute - Pair	Bird Flute		1.0000	428.5714	45754	45872
48387	2025-12-09	wc-completed	Bamboo Rainstick - 60cms	Bamboo Rainstick	MI-RS-B-60	1.0000	1710.0000	7484	8763
48387	2025-12-09	wc-completed	Painted Egg Shakers - Blue Dotted	Painted Egg Shakers	MI-ES-P-B	1.0000	792.8571	7404	7415
48387	2025-12-09	wc-completed	7 Chakras Copper Water Bottles	7 Chakras Copper Water Bottles	CB-7CP-B	1.0000	1152.8571	6080	43436
48397	2025-12-09	wc-completed	Copper Tongue Cleaner - Pack of 2, Ring	Copper Tongue Cleaner	TC-R-1	3.0000	671.4286	5042	7809
48399	2025-12-09	wc-completed	Triad Crystal Bowl Set - EGB	Triad Crystal Bowl Set		1.0000	25360.1695	45668	47896
48400	2025-12-09	wc-completed	Wooden Mallets for Singing Bowls - Straight, Red	Wooden Mallets for Singing Bowls	MI-SB-M-R-S	1.0000	171.4286	6978	43369
48400	2025-12-09	wc-completed	Wooden Mallets for Singing Bowls - Standard Wide, Red	Wooden Mallets for Singing Bowls	MI-SB-M-R-Wd-4.5	1.0000	218.5714	6978	43381
48401	2025-12-09	wc-completed	Pangi Seed Shell Rattle	Pangi Seed Shell Rattle	MI-PS	1.0000	2047.6190	7356	0
48402	2025-12-09	wc-completed	Zafu & Zabuton Meditation Cushion Combo - Grey	Zafu & Zabuton Meditation Cushion Combo	CO-Me-Zf-Zn-C-GY	1.0000	2368.6441	7177	7185
48403	2025-12-09	wc-completed	8 Keys Wooden Xylophone	8 Keys Wooden Xylophone		1.0000	6308.0357	42340	0
48405	2025-12-10	wc-completed	Singing Bowl Bags - Large	Singing Bowl Bags	MI-SB-Bag-L	1.0000	1746.6102	45127	45140
48406	2025-12-10	wc-completed	Round Yoga Bolster - Sage	Round Yoga Bolster	Yo-BR-R-SE	2.0000	2627.1186	6689	6692
48408	2025-12-10	wc-completed	Full Moon Singing Bowls - All Sizes - 10 Inches	Full Moon Singing Bowls - All Sizes	MI-SB-H-FM-10	1.0000	9300.0000	7607	9034
48409	2025-12-10	wc-completed	Singing Bowls Silk Ring Cushion Accessories - Combo of 3	Singing Bowls Silk Ring Cushion Accessories		1.0000	757.1429	6988	46266
48410	2025-12-10	wc-completed	7 Chakras Vintage - Copper Bottle	7 Chakras Vintage - Copper Bottle		1.0000	1152.8571	5682	43492
48411	2025-12-10	wc-completed	Handmade Singing Bowls - All Sizes - 6 in, Matte	Handmade Singing Bowls - All Sizes		1.0000	5380.9524	6884	9697
48412	2025-12-11	wc-completed	Flower of Life with Sacred Symbols Singing Bowls - Blue, 9 in	Flower of Life with Sacred Symbols Singing Bowls	MI-SB-RFL-B-9	1.0000	1500.0000	10035	10049
48413	2025-12-11	wc-completed	Round Yoga Bolster - Sage	Round Yoga Bolster	Yo-BR-R-SE	1.0000	1182.2034	6689	6692
48413	2025-12-11	wc-completed	Round Yoga Bolster - Rose	Round Yoga Bolster	Yo-BR-R-RE	1.0000	1182.2034	6689	6694
48413	2025-12-11	wc-completed	Eye Shaped Natural Lavender Scented Eye Pillows - Sage	Eye Shaped Natural Lavender Scented Eye Pillows	Yo-P-E-SE-1	1.0000	301.2712	9220	9225
48413	2025-12-11	wc-completed	Eye Shaped Natural Lavender Scented Eye Pillows - Rose	Eye Shaped Natural Lavender Scented Eye Pillows	Yo-P-E-RE-1	1.0000	301.2712	9220	9221
48414	2025-12-11	wc-completed	Ocean Drums - Plain, 30 cms	Ocean Drums	MI-OD-P-30	1.0000	2076.2712	9529	9532
48414	2025-12-11	wc-completed	Bird Flute - Single	Bird Flute		1.0000	261.9048	45754	45871
48414	2025-12-11	wc-completed	Thunder Tube - Basic Edition - 20cms	Thunder Tube - Basic Edition	MI-TT-20	1.0000	1261.9048	7317	46651
48414	2025-12-11	wc-completed	Jala Neti Pot - Ceramic 185 ml - Mint Green	Jala Neti Pot - Ceramic 185 ml	NP-MG-185	1.0000	207.6271	5769	6336
48415	2025-12-11	wc-completed	Asalato/Aslatau or Kashaka Shaker - Painted, Single	Asalato/Aslatau or Kashaka Shaker	MI-AS	1.0000	1480.9524	7300	46379
48416	2025-12-11	wc-completed	Asalato/Aslatau or Kashaka Shaker - Painted, Single	Asalato/Aslatau or Kashaka Shaker	MI-AS	1.0000	1332.8571	7300	46379
48417	2025-12-11	wc-completed	Zen Meditation Bench - Small	Zen Meditation Bench	ME-Cu	1.0000	2478.8136	9763	45267
48418	2025-12-11	wc-completed	Tibetan Buddhist Bell - Large	Tibetan Buddhist Bell	MI-BB-3.5	1.0000	1761.9048	6973	9200
48419	2025-12-11	wc-completed	Thunder Tube - Basic Edition - 20cms	Thunder Tube - Basic Edition	MI-TT-20	1.0000	1261.9048	7317	46651
48420	2025-12-11	wc-completed	Crystal Bowls - Set of 7	Crystal Bowls - Set of 7		1.0000	59872.8814	43219	43231
48420	2025-12-11	wc-completed	Handcrafted Set of 7 Bowls for Sound Therapy - Large-Octave 2, Matte	Handcrafted Set of 7 Bowls for Sound Therapy	MI-SB-7C Set-L-M	1.0000	74761.9048	7887	9196
48420	2025-12-11	wc-completed	Bamboo Rainstick - 1m	Bamboo Rainstick	MI-RS-B-1M	1.0000	2138.5714	7484	8764
48420	2025-12-11	wc-completed	Swinging Chimes - 9 Bars	Swinging Chimes	MI-SC-9	1.0000	8250.0000	10345	10347
48420	2025-12-11	wc-completed	Plain/Wind Tibetan Gong - 22 in	Plain/Wind Tibetan Gong	MI-G-P-22	1.0000	19285.7143	8833	10195
48420	2025-12-11	wc-completed	Gong Stand - Dark, Medium	Gong Stand		1.0000	5986.6071	45289	45298
48420	2025-12-11	wc-completed	Hanging Bowls/Zen Drops - Set of 3	Hanging Bowls/Zen Drops		1.0000	6814.2857	45113	45118
48420	2025-12-11	wc-completed	11 Note Tongue Drum - White, 12 inches	11 Note Tongue Drum		1.0000	6308.0357	42373	42411
48420	2025-12-11	wc-completed	Tuning Forks 7 Chakra Set - Colour Weighted, With Gem Foot	Tuning Forks 7 Chakra Set		1.0000	10125.0000	48193	48198
48423	2025-12-11	wc-completed	Bamboo Rainstick - 40cms	Bamboo Rainstick	MI-RS-B-40	1.0000	1281.4286	7484	8762
48424	2025-12-11	wc-completed	8 Keys Wooden Xylophone	8 Keys Wooden Xylophone		1.0000	7008.9286	42340	0
48425	2025-12-11	wc-completed	Asalato/Aslatau or Kashaka Shaker - Painted, Single	Asalato/Aslatau or Kashaka Shaker	MI-AS	1.0000	1332.8571	7300	46379
48426	2025-12-12	wc-completed	Shamanic Drum Bags/Ocean Drum Bags - Large	Shamanic Drum Bags/Ocean Drum Bags		1.0000	1161.0000	45131	45134
48427	2025-12-12	wc-completed	Zafu & Zabuton Meditation Cushion Combo - Navy Blue	Zafu & Zabuton Meditation Cushion Combo	CO-Me-Zf-Zn-C-NB	1.0000	2131.7797	7177	7186
48436	2025-12-12	wc-completed	Plain/Wind Tibetan Gong - 14 in	Plain/Wind Tibetan Gong	MI-G-P-14	1.0000	8485.7143	8833	8847
48436	2025-12-12	wc-completed	"Wooden Mallets for Singing Bowls - Long Soft-11"", White"	Wooden Mallets for Singing Bowls	MI-SB-M-L-W-11	1.0000	595.7143	6978	43371
48437	2025-12-12	wc-completed	Eye Shaped Natural Lavender Scented Eye Pillows - Grey	Eye Shaped Natural Lavender Scented Eye Pillows	Yo-P-E-GY-1	2.0000	669.4915	9220	9222
48438	2025-12-12	wc-completed	Pangi Seed Shell Rattle	Pangi Seed Shell Rattle	MI-PS	1.0000	1842.8571	7356	0
48438	2025-12-12	wc-completed	Kenari Seed Shell Shakers - Large	Kenari Seed Shell Shakers	MI-KR-S-L	2.0000	3685.7143	7472	7511
48439	2025-12-12	wc-completed	Singing Bowls Silk Ring Cushion Accessories - 10 cms, Brown	Singing Bowls Silk Ring Cushion Accessories	MI-SB-C-Bn-10	2.0000	466.6667	6988	7770
48440	2025-12-13	wc-completed	Bamboo Rainstick - 1m	Bamboo Rainstick	MI-RS-B-1M	1.0000	2376.1905	7484	8764
48441	2025-12-13	wc-completed	Tuning Fork - Single Weighted & Unweighted - Weighted, 128 Hz	Tuning Fork - Single Weighted & Unweighted	MI-TF-W-128	1.0000	1962.8571	9713	9715
48443	2025-12-13	wc-completed	Bamboo Rainstick - 1m	Bamboo Rainstick	MI-RS-B-1M	1.0000	2138.5714	7484	8764
48444	2025-12-13	wc-completed	Handmade Singing Bowls - All Sizes - 9 in, Polished	Handmade Singing Bowls - All Sizes	Mi-SB-H-P-9	1.0000	7157.1429	6884	9702
48444	2025-12-13	wc-completed	Full Moon Singing Bowls - All Sizes - 7 Inches	Full Moon Singing Bowls - All Sizes	MI-SB-H-FM-7	1.0000	6728.5714	7607	7610
48444	2025-12-13	wc-completed	Tuning Fork - Single Weighted & Unweighted - Weighted, 440 Hz	Tuning Fork - Single Weighted & Unweighted		1.0000	1962.8571	9713	48272
48445	2025-12-13	wc-completed	Musical Wooden Frog - Standard	Musical Wooden Frog	MI-WF	1.0000	814.2857	7456	44632
48446	2025-12-14	wc-completed	Tuning Fork Activators - Activator & Mallet	Tuning Fork Activators		1.0000	250.0000	48133	48183
48446	2025-12-14	wc-completed	Tuning Fork Extensions - Massage Boot	Tuning Fork Extensions		1.0000	590.0000	48135	48164
48447	2025-12-14	wc-completed	Jala Neti Pot - Ceramic 185 ml - White	Jala Neti Pot - Ceramic 185 ml	NP-W-185	1.0000	186.8644	5769	5826
48448	2025-12-14	wc-completed	Bird Flute - Pair	Bird Flute		1.0000	385.7143	45754	45872
48450	2025-12-14	wc-completed	Asalato/Aslatau or Kashaka Shaker - Painted, Pair	Asalato/Aslatau or Kashaka Shaker	MI-AS	1.0000	2314.2857	7300	46380
48451	2025-12-14	wc-completed	Dumru/Dumroo Indian Handmade Percussion Instrument - Plain	Dumru/Dumroo Indian Handmade Percussion Instrument		1.0000	261.9048	5740	47720
48452	2025-12-14	wc-completed	7 Chakras Copper Water Bottles	7 Chakras Copper Water Bottles	CB-7CV-B	2.0000	2561.9048	6080	43440
48452	2025-12-14	wc-completed	Asalato/Aslatau or Kashaka Shaker - Plain, Single	Asalato/Aslatau or Kashaka Shaker	MI-AS	1.0000	1280.9524	7300	46377
48452	2025-12-14	wc-completed	Bamboo Rainstick - 1m	Bamboo Rainstick	MI-RS-B-1M	1.0000	2376.1905	7484	8764
48452	2025-12-14	wc-completed	Ocean Drums - Dream Catcher, 40 cms	Ocean Drums	MI-OD-D-40	1.0000	2923.7288	9529	9538
48452	2025-12-14	wc-completed	Pangi Seed Shell Rattle	Pangi Seed Shell Rattle	MI-PS	1.0000	2047.6190	7356	0
48452	2025-12-14	wc-completed	Coconut Maracas Shakers - Plain	Coconut Maracas Shakers	MI-CM	1.0000	942.8571	7370	45394
48453	2025-12-14	wc-completed	Bamboo Rainstick - 1m	Bamboo Rainstick	MI-RS-B-1M	1.0000	2376.1905	7484	8764
48454	2025-12-14	wc-completed	Singing Bowls Silk Ring Cushion Accessories - 12 cms, Navy Blue	Singing Bowls Silk Ring Cushion Accessories	MI-SB-C-NB-12	1.0000	235.7143	6988	7774
48454	2025-12-14	wc-completed	Singing Bowls Silk Ring Cushion Accessories - 12 cms, Pink	Singing Bowls Silk Ring Cushion Accessories	MI-SB-C-PK-12	1.0000	235.7143	6988	9022
48454	2025-12-14	wc-completed	Singing Bowls Silk Ring Cushion Accessories - 14 cms, Orange	Singing Bowls Silk Ring Cushion Accessories	MI-SB-C-O-14	1.0000	252.8571	6988	7782
48454	2025-12-14	wc-completed	Singing Bowls Silk Ring Cushion Accessories - 14 cms, Yellow	Singing Bowls Silk Ring Cushion Accessories	MI-SB-C-Y-14	1.0000	252.8571	6988	44188
48454	2025-12-14	wc-completed	Singing Bowls Silk Ring Cushion Accessories - 16 cms, Brown	Singing Bowls Silk Ring Cushion Accessories	MI-SB-C-Bn-16	1.0000	278.5714	6988	7791
48454	2025-12-14	wc-completed	Wooden Mallets for Singing Bowls - Thick Wide, Red	Wooden Mallets for Singing Bowls	MI-SB-M-R-Wd-4.5	1.0000	244.2857	6978	43379
48454	2025-12-14	wc-completed	"Wooden Mallets for Singing Bowls - Long Soft-9"", Red"	Wooden Mallets for Singing Bowls	MI-SB-M-L-R-9	1.0000	552.8571	6978	43376
48455	2025-12-14	wc-completed	Crystal Bowls - 10 in	Crystal Bowls	MI-CB-W-10	1.0000	10381.3559	9777	9782
48455	2025-12-14	wc-completed	Elemental Chimes	Elemental Chimes	MI-Ch-KS	1.0000	3666.6667	45194	0
48456	2025-12-14	wc-completed	Bird Flute - Single	Bird Flute		1.0000	235.7143	45754	45871
48456	2025-12-14	wc-completed	Pangi Seed Shell Rattle	Pangi Seed Shell Rattle	MI-PS	1.0000	1842.8571	7356	0
48456	2025-12-14	wc-completed	Swinging Chimes - 9 Bars	Swinging Chimes	MI-SC-9	1.0000	8250.0000	10345	10347
48456	2025-12-14	wc-completed	Elemental Chimes	Elemental Chimes	MI-Ch-KS	1.0000	3300.0000	45194	0
48456	2025-12-14	wc-completed	Shamanic Drum - Plain, 45 cms	Shamanic Drum	MI-SD-P-45	1.0000	4461.8644	7293	9590
48457	2025-12-14	wc-completed	Dumru/Dumroo Indian Handmade Percussion Instrument - Dot Painted	Dumru/Dumroo Indian Handmade Percussion Instrument		1.0000	278.5714	5740	47721
48458	2025-12-15	wc-completed	Ocean Drums - Plain, 35 cms	Ocean Drums	MI-OD-P-35	1.0000	2097.4576	9529	9533
48459	2025-12-15	wc-completed	Full Moon Singing Bowls - All Sizes - 8 Inches	Full Moon Singing Bowls - All Sizes	MI-SB-H-FM-8	1.0000	7671.4286	7607	7611
48460	2025-12-15	wc-completed	Tuning Fork Extensions - Massage Boot	Tuning Fork Extensions		1.0000	531.0000	48135	48164
48461	2025-12-15	wc-completed	Bird Flute - Single	Bird Flute		1.0000	261.9048	45754	45871
48462	2025-12-15	wc-completed	Bamboo Rainstick - 1m	Bamboo Rainstick	MI-RS-B-1M	1.0000	2376.1905	7484	8764
48463	2025-12-15	wc-completed	Kenari Chimes - Small & Large - Small	Kenari Chimes - Small & Large	MI-KR-CH-168	1.0000	3385.7143	45197	46430
48463	2025-12-15	wc-completed	Gong Stand - Dark, Medium	Gong Stand		1.0000	5986.6071	45289	45298
48464	2025-12-15	wc-completed	7 Chakras Mystical Incense Sticks Set - 7 Chakra Set	7 Chakras Mystical Incense Sticks Set	IS-7C	1.0000	411.4286	7687	7688
48465	2025-12-15	wc-completed	Wooden Tambourines - Half-Moon	Wooden Tambourines	MI-T-HM	1.0000	1004.4643	7478	45648
48467	2025-12-16	wc-completed	Stainless Steel Straws - Pack of 2	Stainless Steel Straws	SSS-2	1.0000	150.0000	6505	6507
48467	2025-12-16	wc-completed	Shruti Box - 2 Octaves	Shruti Box		1.0000	10710.0000	44970	45004
48467	2025-12-16	wc-completed	Shruti Box - 3 Octaves	Shruti Box		1.0000	12141.0000	44970	45005
48467	2025-12-16	wc-completed	Swinging Chimes - 9 Bars	Swinging Chimes	MI-SC-9	1.0000	8250.0000	10345	10347
48467	2025-12-16	wc-completed	Bird Flute - Single	Bird Flute		1.0000	235.7143	45754	45871
48469	2025-12-16	wc-completed	Tuning Forks Gem Feet - Full Set	Tuning Forks Gem Feet		1.0000	1305.0000	48136	48179
48470	2025-12-16	wc-completed	Third Eye Chakra Singing Bowl	Third Eye Chakra Singing Bowl		1.0000	5314.2857	45477	0
48470	2025-12-16	wc-completed	Heart Chakra Singing Bowl	Heart Chakra Singing Bowl		1.0000	8142.8571	45473	0
48471	2025-12-16	wc-completed	Tuning Fork - Single Weighted & Unweighted - Weighted, 432 Hz	Tuning Fork - Single Weighted & Unweighted	MI-TF-W-432	1.0000	1895.2381	9713	9718
48471	2025-12-16	wc-completed	Tuning Forks Gem Feet - Blue	Tuning Forks Gem Feet		1.0000	250.0000	48136	48141
48471	2025-12-16	wc-completed	Tuning Forks Gem Feet - Green	Tuning Forks Gem Feet		1.0000	250.0000	48136	48142
48474	2025-12-16	wc-completed	Ocean Drums - Dream Catcher, 30 cms	Ocean Drums	MI-OD-D-30	1.0000	1944.9153	9529	9536
48476	2025-12-16	wc-completed	Bird Flute - Single	Bird Flute		1.0000	235.7143	45754	45871
48478	2025-12-17	wc-completed	Eco-Friendly Neem Wood Toothbrush - Pack of 4	Eco-Friendly Neem Wood Toothbrush	NTB-4	1.0000	312.8571	5037	5605
48479	2025-12-17	wc-completed	Mini Coconut Shakers - 3 Types - All 3	Mini Coconut Shakers - 3 Types	CO-MI-CS-SRE	1.0000	1423.8095	6062	10128
48480	2025-12-17	wc-completed	Bamboo Rainstick - 40cms	Bamboo Rainstick	MI-RS-B-40	1.0000	1423.8095	7484	8762
48480	2025-12-17	wc-completed	Sacred Symbols Singing Bowls - Black, 4 in	Sacred Symbols Singing Bowls	MI-SB-P-SS-BK-4	1.0000	1471.4286	10008	10013
48482	2025-12-17	wc-completed	8 Keys Metallophone - with 1” & 1.5” key-widths - 1.5 inch	8 Keys Metallophone - with 1” & 1.5” key-widths	MI-XP-SP-1.5-8	1.0000	8348.2143	42332	42339
48483	2025-12-17	wc-completed	Bird Flute - Pair	Bird Flute		1.0000	385.7143	45754	45872
48483	2025-12-17	wc-completed	Dotted Singing Bowl - Deep 5.5 Inch	Dotted Singing Bowl	MI-SB-D-7	1.0000	2044.2857	6892	42911
48483	2025-12-17	wc-completed	Bamboo Rainstick - 40cms	Bamboo Rainstick	MI-RS-B-40	1.0000	1281.4286	7484	8762
48484	2025-12-17	wc-completed	Kenari Seed Shell Shakers - Large	Kenari Seed Shell Shakers	MI-KR-S-L	1.0000	1842.8571	7472	7511
48485	2025-12-17	wc-completed	Wooden Mallets for Singing Bowls - Straight, Red	Wooden Mallets for Singing Bowls	MI-SB-M-R-S	1.0000	190.4762	6978	43369
48486	2025-12-17	wc-completed	Zen Meditation Bench - Medium	Zen Meditation Bench	ME-Cu	1.0000	2923.7288	9763	45268
48488	2025-12-19	wc-completed	Bird Flute - Pair	Bird Flute		1.0000	428.5714	45754	45872
48488	2025-12-19	wc-completed	Bamboo Rainstick - 60cms	Bamboo Rainstick	MI-RS-B-60	1.0000	1900.0000	7484	8763
48488	2025-12-19	wc-completed	Ocean Drums - Flower of Life, 40 cms	Ocean Drums		1.0000	2923.7288	9529	44653
48488	2025-12-19	wc-completed	Ocean Drums - Dream Catcher, 40 cms	Ocean Drums	MI-OD-D-40	1.0000	2923.7288	9529	9538
48488	2025-12-19	wc-completed	Swinging Chimes - 9 Bars	Swinging Chimes	MI-SC-9	2.0000	16500.0000	10345	10347
48488	2025-12-19	wc-completed	Gong Stand - Light, Large	Gong Stand		1.0000	7544.6429	45289	45296
48488	2025-12-19	wc-completed	Zafu Meditation Cushion Lotus - Embroidery Filled with Cotton - Lavender	Zafu Meditation Cushion Lotus - Embroidery Filled with Cotton	Me-C-RZ-LR-E-L	1.0000	1173.7288	9278	9380
48488	2025-12-19	wc-completed	Elemental Chimes	Elemental Chimes	MI-Ch-KS	1.0000	3666.6667	45194	0
48488	2025-12-19	wc-completed	32 Rods - Bar Chime	25 Rods - Bar Chime	MI-BCH-32	2.0000	9915.2542	42389	0
48489	2025-12-19	wc-completed	Dumru/Dumroo Indian Handmade Percussion Instrument - Dot Painted	Dumru/Dumroo Indian Handmade Percussion Instrument		1.0000	309.5238	5740	47721
48489	2025-12-19	wc-completed	Dumru/Dumroo Indian Handmade Percussion Instrument - Plain	Dumru/Dumroo Indian Handmade Percussion Instrument		1.0000	261.9048	5740	47720
48490	2025-12-19	wc-completed	Swinging Chimes - 9 Bars	Swinging Chimes	MI-SC-9	1.0000	8250.0000	10345	10347
48490	2025-12-19	wc-completed	Bamboo Rainstick - 1m	Bamboo Rainstick	MI-RS-B-1M	1.0000	2376.1905	7484	8764
48497	2025-12-20	wc-completed	Wooden Mallets for Singing Bowls - Standard Wide, Red	Wooden Mallets for Singing Bowls	MI-SB-M-R-Wd-4.5	1.0000	218.5714	6978	43381
48492	2025-12-20	wc-completed	Bird Flute - Single	Bird Flute		1.0000	261.9048	45754	45871
48498	2025-12-20	wc-completed	"Wooden Mallets for Singing Bowls - Long Soft-13"", Red"	Wooden Mallets for Singing Bowls	MI-SB-M-L-R-13	1.0000	728.5714	6978	43374
48498	2025-12-20	wc-completed	Bamboo Rainstick - 1m	Bamboo Rainstick	MI-RS-B-1M	1.0000	2138.5714	7484	8764
48498	2025-12-20	wc-completed	Shamanic Drum Bags/Ocean Drum Bags - Large	Shamanic Drum Bags/Ocean Drum Bags		1.0000	1161.0000	45131	45134
48498	2025-12-20	wc-completed	Thunder Tube - Basic Edition - 25cms	Thunder Tube - Basic Edition	MI-TT-20	1.0000	1242.8571	7317	46652
48498	2025-12-20	wc-completed	Kenari Seed Shell Shakers - Large	Kenari Seed Shell Shakers	MI-KR-S-L	1.0000	1842.8571	7472	7511
48498	2025-12-20	wc-completed	Ocean Drums - Flower of Life, 40 cms	Ocean Drums		1.0000	2631.3559	9529	44653
48499	2025-12-20	wc-completed	Bendo Shaker - Large	Bendo Shaker		1.0000	2750.0000	47742	47923
48500	2025-12-20	wc-completed	Hi-Zafu Meditation Cushion - Filled with Buckwheat - Ivory	Hi-Zafu Meditation Cushion - Filled with Buckwheat	Me-C-HZ-I	1.0000	980.0847	6755	9660
48501	2025-12-21	wc-completed	Thunder Tube - Basic Edition - 25cms	Thunder Tube - Basic Edition	MI-TT-20	1.0000	1242.8571	7317	46652
48504	2025-12-21	wc-completed	Tuning Fork Activators - Activator	Tuning Fork Activators		1.0000	150.0000	48133	48181
48504	2025-12-21	wc-completed	Tuning Fork Extensions - Extender	Tuning Fork Extensions		1.0000	450.0000	48135	48162
48505	2025-12-21	wc-completed	Pangi Seed Shell Rattle	Pangi Seed Shell Rattle	MI-PS	1.0000	1842.8571	7356	0
48506	2025-12-21	wc-completed	Pangi Seed Shell Rattle	Pangi Seed Shell Rattle	MI-PS	1.0000	2047.6190	7356	0
48507	2025-12-21	wc-completed	Dumru/Dumroo Indian Handmade Percussion Instrument - Dot Painted	Dumru/Dumroo Indian Handmade Percussion Instrument		1.0000	278.5714	5740	47721
48508	2025-12-21	wc-completed	Elemental Chimes	Elemental Chimes	MI-Ch-KS	1.0000	3666.6667	45194	0
48509	2025-12-21	wc-completed	Kenari Seed Shell Shakers - Large	Kenari Seed Shell Shakers	MI-KR-S-L	1.0000	27.8571	7472	7511
48510	2025-12-22	wc-completed	Jala Neti Pot - Ceramic 185 ml - Mint Green	Jala Neti Pot - Ceramic 185 ml	NP-MG-185	1.0000	207.6271	5769	6336
48511	2025-12-22	wc-completed	Ocean Drums - Flower of Life, 30 cms	Ocean Drums		1.0000	1944.9153	9529	44651
48511	2025-12-22	wc-completed	Copper Tongue Cleaner - Pack of 4, Straight	Copper Tongue Cleaner	TC-R-1	1.0000	338.5714	5042	7812
48524	2025-12-22	wc-completed	Bamboo Rainstick - 1m	Bamboo Rainstick	MI-RS-B-1M	1.0000	2138.5714	7484	8764
48524	2025-12-22	wc-completed	Ocean Drums - Plain, 40 cms	Ocean Drums	MI-OD-P-40	1.0000	2478.8136	9529	9534
48524	2025-12-22	wc-completed	Swinging Chimes - 9 Bars	Swinging Chimes	MI-SC-9	1.0000	8250.0000	10345	10347
48524	2025-12-22	wc-completed	Pangi Seed Shell Rattle	Pangi Seed Shell Rattle	MI-PS	1.0000	1842.8571	7356	0
48526	2025-12-22	wc-completed	Tingsha Bell - Etched, Standard	Tingsha Bell		1.0000	1538.5714	5763	44937
48527	2025-12-22	wc-completed	Kenari Bracelet	Kenari Bracelet	MI-KR-BT	1.0000	1285.7143	42323	0
48528	2025-12-23	wc-completed	Bamboo Rainstick - 1m	Bamboo Rainstick	MI-RS-B-1M	1.0000	2376.1905	7484	8764
48529	2025-12-23	wc-completed	Neem Wood Combs - Combo 2	Neem Wood Combs	CO-NWC-S-H	1.0000	180.0000	5038	5599
48530	2025-12-23	wc-completed	Tuning Fork Activators - Activator & Mallet	Tuning Fork Activators		1.0000	250.0000	48133	48183
48531	2025-12-23	wc-completed	Pangi Seed Shell Rattle	Pangi Seed Shell Rattle	MI-PS	1.0000	1842.8571	7356	0
48534	2025-12-23	wc-completed	Singing Bowl Bags - Large	Singing Bowl Bags	MI-SB-Bag-L	1.0000	1746.6102	45127	45140
48535	2025-12-23	wc-completed	Shamanic Drum - Butterfly, 45 cms	Shamanic Drum	MI-SD-B-45	1.0000	5296.6102	7293	9593
48536	2025-12-23	wc-completed	Sacred Symbols Singing Bowls - Black, 5.5 in	Sacred Symbols Singing Bowls	MI-SB-P-SS-BK-5.5	1.0000	1900.0000	10008	10014
48536	2025-12-23	wc-completed	Flower of Life with Sacred Symbols Singing Bowls - Olive green, 10.5 in	Flower of Life with Sacred Symbols Singing Bowls	MI-SB-RFL-O-10.5	1.0000	2085.7143	10035	10059
48537	2025-12-23	wc-completed	Asalato/Aslatau or Kashaka Shaker - Painted, Pair	Asalato/Aslatau or Kashaka Shaker	MI-AS	1.0000	2314.2857	7300	46380
48538	2025-12-24	wc-completed	Shamanic Drum Bags/Ocean Drum Bags - Small	Shamanic Drum Bags/Ocean Drum Bags		1.0000	990.0000	45131	45133
48538	2025-12-24	wc-completed	Ocean Drums - Flower of Life, 40 cms	Ocean Drums		1.0000	2923.7288	9529	44653
48539	2025-12-24	wc-completed	Zen Meditation Bench - Medium	Zen Meditation Bench	ME-Cu	1.0000	2631.3559	9763	45268
48540	2025-12-24	wc-completed	Bird Flute - Pair	Bird Flute		1.0000	428.5714	45754	45872
48541	2025-12-25	wc-completed	Round Yoga Bolster - Navy Blue	Round Yoga Bolster	Yo-BR-R-NB	1.0000	1313.5593	6689	6693
48542	2025-12-25	wc-completed	Elemental Chimes	Elemental Chimes	MI-Ch-KS	1.0000	3300.0000	45194	0
48542	2025-12-25	wc-completed	Kenari Bracelet	Kenari Bracelet	MI-KR-BT	1.0000	1157.1429	42323	0
48543	2025-12-25	wc-completed	Tingsha Bell - Etched, Standard	Tingsha Bell		1.0000	1538.5714	5763	44937
48543	2025-12-25	wc-completed	Dotted Singing Bowl - 5.5 inch	Dotted Singing Bowl	MI-SB-H-5.5	1.0000	1838.5714	6892	6902
48544	2025-12-25	wc-completed	Yoga Blanket made from Organic Cotton - Natural White	Yoga Blanket made from Organic Cotton	Yo-BT-C-NT	1.0000	1233.3333	6668	6688
48545	2025-12-25	wc-completed	Singing Bowls with Sacred Mantra Printed - Green, 5.5 Inches	Singing Bowls with Sacred Mantra Printed	MI-SB-P-G-5.5	1.0000	1710.0000	6807	6826
48546	2025-12-25	wc-completed	Sunshine within Me	Sunshine within Me		1.0000	1067.1429	5669	5783
48547	2025-12-26	wc-completed	Bird Flute - Single	Bird Flute		1.0000	261.9048	45754	45871
48548	2025-12-26	wc-completed	Pangi Seed Shell Rattle	Pangi Seed Shell Rattle	MI-PS	1.0000	1842.8571	7356	0
48550	2025-12-27	wc-completed	Gong Stand - Light, Small	Gong Stand		1.0000	5504.4643	45289	45294
48551	2025-12-27	wc-completed	Musical Wooden Frog - Standard	Musical Wooden Frog	MI-WF	1.0000	814.2857	7456	44632
48551	2025-12-27	wc-completed	Wooden Maracas Shakers | Plain & Dot Painted - Dot Painted	Wooden Maracas Shakers | Plain & Dot Painted	MI-WM	1.0000	895.7143	7542	44154
48552	2025-12-27	wc-completed	Crystal Bowl Bag - Large	Crystal Bowl Bag		1.0000	1850.0000	47081	47084
48553	2025-12-27	wc-completed	Flower of Life with Sacred Symbols Singing Bowls - Blue, 10.5 in	Flower of Life with Sacred Symbols Singing Bowls	MI-SB-RFL-B-10.5	1.0000	1877.1429	10035	10050
48554	2025-12-27	wc-completed	Wooden Maracas Shakers | Plain & Dot Painted - Dot Painted	Wooden Maracas Shakers | Plain & Dot Painted	MI-WM	2.0000	1791.4286	7542	44154
48555	2025-12-28	wc-completed	Round Yoga Bolster - Orange	Round Yoga Bolster	Yo-BR-R-O	1.0000	1182.2034	6689	7905
48558	2025-12-28	wc-completed	Eye Shaped Natural Lavender Scented Eye Pillows - Grey	Eye Shaped Natural Lavender Scented Eye Pillows	Yo-P-E-GY-1	4.0000	1205.0847	9220	9222
48559	2025-12-28	wc-completed	Tuning Fork Activators - Activator	Tuning Fork Activators		1.0000	135.0000	48133	48181
48559	2025-12-28	wc-completed	Tuning Forks 7 Chakra Set - Colour Weighted, With Gem Foot	Tuning Forks 7 Chakra Set		1.0000	10125.0000	48193	48198
48559	2025-12-28	wc-completed	Angel Tuning Forks - 4096 Hz	Angel Tuning Forks		1.0000	2115.0000	48205	48209
48559	2025-12-28	wc-completed	Eco-Friendly Neem Wood Toothbrush - Pack of 2	Eco-Friendly Neem Wood Toothbrush	NTB-2	2.0000	385.7143	5037	5604
48559	2025-12-28	wc-completed	Copper Tongue Cleaner - Pack of 1, Straight	Copper Tongue Cleaner	TC-R-1	1.0000	141.4286	5042	7808
48559	2025-12-28	wc-completed	Tuning Fork Activators - Activator & Mallet	Tuning Fork Activators		1.0000	225.0000	48133	48183
48559	2025-12-28	wc-completed	Copper Tongue Cleaner - Pack of 2, Straight	Copper Tongue Cleaner	TC-R-1	1.0000	227.1429	5042	7810
48559	2025-12-28	wc-completed	Jala Neti Pot - Ceramic 185 ml - Mint Green	Jala Neti Pot - Ceramic 185 ml	NP-MG-185	1.0000	186.8644	5769	6336
48559	2025-12-28	wc-completed	Tuning Fork Extensions - Massage Boot	Tuning Fork Extensions		1.0000	531.0000	48135	48164
48560	2025-12-28	wc-completed	Jala Neti Pot - Ceramic 185 ml - Blue	Jala Neti Pot - Ceramic 185 ml	NP-B-185	1.0000	207.6271	5769	6918
48561	2025-12-28	wc-completed	Tuning Forks Gem Feet - Full Set	Tuning Forks Gem Feet		1.0000	1450.0000	48136	48179
48562	2025-12-29	wc-completed	Pangi Seed Shell Rattle	Pangi Seed Shell Rattle	MI-PS	1.0000	1842.8571	7356	0
48563	2025-12-29	wc-completed	7 Chakras Gold - Copper Bottle	7 Chakras Gold - Copper Bottle		1.0000	1067.1429	5675	43493
48564	2025-12-29	wc-completed	Tuning Fork Extensions - Circuit Boot	Tuning Fork Extensions		1.0000	621.0000	48135	48163
48565	2025-12-29	wc-completed	Dumru/Dumroo Indian Handmade Percussion Instrument - Dot Painted	Dumru/Dumroo Indian Handmade Percussion Instrument		1.0000	278.5714	5740	47721
48566	2025-12-29	wc-completed	Stainless Steel Straws - Pack of 2	Stainless Steel Straws	SSS-2	1.0000	150.0000	6505	6507
48568	2025-12-30	wc-completed	Shamanic Drum Bags/Ocean Drum Bags - Large	Shamanic Drum Bags/Ocean Drum Bags		1.0000	1290.0000	45131	45134
48569	2025-12-30	wc-completed	Dumru/Dumroo Indian Handmade Percussion Instrument - Dot Painted	Dumru/Dumroo Indian Handmade Percussion Instrument		1.0000	278.5714	5740	47721
48569	2025-12-30	wc-completed	Bamboo Rainstick - 40cms	Bamboo Rainstick	MI-RS-B-40	1.0000	1281.4286	7484	8762
48570	2025-12-30	wc-completed	7 Chakras Vintage - Copper Bottle	7 Chakras Vintage - Copper Bottle		1.0000	1280.9524	5682	43492
48572	2025-12-31	wc-completed	Round Yoga Bolster - Dark Grey	Round Yoga Bolster	Yo-BR-R-DG	1.0000	1182.2034	6689	6691
48573	2025-12-31	wc-completed	Shankh/Conch - Large	Shankh/Conch		2.0000	3171.4286	45449	45452
48574	2025-12-31	wc-completed	Wooden Mallets for Singing Bowls - Long Firm-Small, White	Wooden Mallets for Singing Bowls	MI-SB-M-R-Wd-4.5	1.0000	519.0476	6978	43383
48574	2025-12-31	wc-completed	Singing Bowls Silk Ring Cushion Accessories - 12 cms, Red	Singing Bowls Silk Ring Cushion Accessories	MI-SB-C-R-12	3.0000	785.7143	6988	7778
48574	2025-12-31	wc-completed	Wooden Mallets for Singing Bowls - Straight, Red	Wooden Mallets for Singing Bowls	MI-SB-M-R-S	1.0000	190.4762	6978	43369
48574	2025-12-31	wc-completed	Wooden Mallets for Singing Bowls - Standard Wide, Red	Wooden Mallets for Singing Bowls	MI-SB-M-R-Wd-4.5	1.0000	242.8571	6978	43381
48575	2025-12-31	wc-completed	Tingsha Bell - Dark, Small	Tingsha Bell		1.0000	1414.2857	5763	44934
48575	2025-12-31	wc-completed	Bamboo Rainstick - 60cms	Bamboo Rainstick	MI-RS-B-60	1.0000	1710.0000	7484	8763
48581	2025-12-31	wc-completed	7 Chakras Vintage - Copper Bottle	7 Chakras Vintage - Copper Bottle		1.0000	1152.8571	5682	43492
48582	2025-12-31	wc-completed	Shruti Box - 2 Octaves	Shruti Box		1.0000	10710.0000	44970	45004
48597	2026-01-01	wc-completed	Tuning Fork Extensions - Circuit Boot	Tuning Fork Extensions		1.0000	690.0000	48135	48163
48597	2026-01-01	wc-completed	Tuning Fork Extensions - Massage Boot	Tuning Fork Extensions		1.0000	590.0000	48135	48164
48598	2026-01-01	wc-completed	Tuning Fork Extensions - Circuit Boot	Tuning Fork Extensions		1.0000	621.0000	48135	48163
48598	2026-01-01	wc-completed	Kenari Chimes - Small & Large - Large	Kenari Chimes - Small & Large	MI-KR-CH-168	1.0000	4242.8571	45197	46431
48598	2026-01-01	wc-completed	Musical Wooden Frog - Large	Musical Wooden Frog	MI-WF	1.0000	1157.1429	7456	44633
48598	2026-01-01	wc-completed	Singing Bowl Bags - Large	Singing Bowl Bags	MI-SB-Bag-L	1.0000	1746.6102	45127	45140
48599	2026-01-02	wc-completed	Dumru/Dumroo Indian Handmade Percussion Instrument - Dot Painted	Dumru/Dumroo Indian Handmade Percussion Instrument		1.0000	278.5714	5740	47721
48600	2026-01-02	wc-completed	Etched Handmade Singing Bowls - Buddha, 6 in	Etched Handmade Singing Bowls	MI-SB-H-ET-B-6	1.0000	10000.0000	9795	9859
48601	2026-01-02	wc-completed	Dumru/Dumroo Indian Handmade Percussion Instrument - Dot Painted	Dumru/Dumroo Indian Handmade Percussion Instrument		1.0000	309.5238	5740	47721
48602	2026-01-02	wc-completed	Eye Shaped Natural Lavender Scented Eye Pillows - Rose	Eye Shaped Natural Lavender Scented Eye Pillows	Yo-P-E-RE-1	1.0000	334.7458	9220	9221
48602	2026-01-02	wc-completed	Eye Shaped Natural Lavender Scented Eye Pillows - Sage	Eye Shaped Natural Lavender Scented Eye Pillows	Yo-P-E-SE-1	1.0000	334.7458	9220	9225
48603	2026-01-02	wc-completed	Tuning Forks Gem Feet - Full Set	Tuning Forks Gem Feet		1.0000	1305.0000	48136	48179
48604	2026-01-02	wc-completed	Full Moon Singing Bowls - All Sizes - 6 Inches	Full Moon Singing Bowls - All Sizes	MI-SB-H-FM-6	1.0000	5957.1429	7607	7609
48606	2026-01-03	wc-completed	Jala Neti Pot - Ceramic 185 ml - Blue	Jala Neti Pot - Ceramic 185 ml	NP-B-185	1.0000	207.6271	5769	6918
48607	2026-01-03	wc-completed	Pangi Seed Shell Rattle	Pangi Seed Shell Rattle	MI-PS	1.0000	2047.6190	7356	0
48608	2026-01-03	wc-completed	Musical Wooden Frog - Standard	Musical Wooden Frog	MI-WF	1.0000	904.7619	7456	44632
48609	2026-01-04	wc-completed	Singing Bowls Silk Ring Cushion Accessories - Combo of 7	Singing Bowls Silk Ring Cushion Accessories		1.0000	1924.2857	6988	46268
48609	2026-01-04	wc-completed	Bird Flute - Pair	Bird Flute		1.0000	385.7143	45754	45872
48610	2026-01-04	wc-completed	Tuning Forks Gem Feet - Full Set	Tuning Forks Gem Feet		1.0000	1450.0000	48136	48179
48610	2026-01-04	wc-completed	Wooden Stand for Tuning Forks - Three	Wooden Stand for Tuning Forks		1.0000	650.0000	48229	48230
48610	2026-01-04	wc-completed	Angel Tuning Forks - 4225 Hz	Angel Tuning Forks		1.0000	2750.0000	48205	48211
48611	2026-01-04	wc-completed	Coconut Rattle	Coconut Rattle	MI-CR	1.0000	995.2381	5730	0
48611	2026-01-04	wc-completed	Bamboo Rainstick - 1m	Bamboo Rainstick	MI-RS-B-1M	1.0000	2376.1905	7484	8764
48611	2026-01-04	wc-completed	Bendo Chimes	Bendo Chimes		1.0000	5950.0000	47751	0
48612	2026-01-04	wc-completed	8 Keys Metallophone - with 1” & 1.5” key-widths - 1.5 inch	8 Keys Metallophone - with 1” & 1.5” key-widths	MI-XP-SP-1.5-8	1.0000	8348.2143	42332	42339
48613	2026-01-04	wc-completed	Tuning Forks 7 Chakra Set - Colour Unweighted, Without Gem Foot	Tuning Forks 7 Chakra Set		1.0000	8900.0000	48193	48201
48614	2026-01-04	wc-completed	Ocean Drums - Dream Catcher, 40 cms	Ocean Drums	MI-OD-D-40	1.0000	2923.7288	9529	9538
48614	2026-01-04	wc-completed	Shamanic Drum Bags/Ocean Drum Bags - Large	Shamanic Drum Bags/Ocean Drum Bags		1.0000	1290.0000	45131	45134
48615	2026-01-04	wc-completed	Kenari Chimes - Small & Large - Large	Kenari Chimes - Small & Large	MI-KR-CH-168	1.0000	4714.2857	45197	46431
48616	2026-01-04	wc-completed	Singing Bowls Silk Ring Cushion Accessories - Combo of 7	Singing Bowls Silk Ring Cushion Accessories		1.0000	2138.0952	6988	46268
48617	2026-01-04	wc-completed	Djembe Drums - Ivory, 10in	Djembe Drums		1.0000	5350.0000	44969	45040
48619	2026-01-04	wc-completed	Bird Flute - Pair	Bird Flute		1.0000	385.7143	45754	45872
48619	2026-01-04	wc-completed	Tuning Fork Activators - Activator	Tuning Fork Activators		1.0000	135.0000	48133	48181
48619	2026-01-04	wc-completed	Tuning Forks Gem Feet - Full Set	Tuning Forks Gem Feet		1.0000	1305.0000	48136	48179
48619	2026-01-04	wc-completed	Tuning Fork Extensions - Extender	Tuning Fork Extensions		1.0000	405.0000	48135	48162
48619	2026-01-04	wc-completed	Tuning Fork Extensions - Circuit Boot	Tuning Fork Extensions		1.0000	621.0000	48135	48163
48620	2026-01-05	wc-completed	Copper Tongue Cleaner - Pack of 1, Straight	Copper Tongue Cleaner	TC-R-1	1.0000	157.1429	5042	7808
48621	2026-01-05	wc-completed	Copper Tongue Cleaner - Pack of 1, Ring	Copper Tongue Cleaner	TC-R-1	1.0000	124.2857	5042	7807
48622	2026-01-05	wc-completed	Neem Wood Combs - Small Comb	Neem Wood Combs	NWC-P	1.0000	115.7143	5038	5598
48623	2026-01-05	wc-completed	Ocean Drums - Dream Catcher, 30 cms	Ocean Drums	MI-OD-D-30	1.0000	2161.0169	9529	9536
48624	2026-01-05	wc-completed	Dumru/Dumroo Indian Handmade Percussion Instrument - Dot Painted	Dumru/Dumroo Indian Handmade Percussion Instrument		1.0000	309.5238	5740	47721
48625	2026-01-05	wc-completed	Wooden Mallets for Singing Bowls - Straight, Red	Wooden Mallets for Singing Bowls	MI-SB-M-R-S	1.0000	190.4762	6978	43369
48625	2026-01-05	wc-completed	Singing Bowls Silk Ring Cushion Accessories - 10 cms, Pink	Singing Bowls Silk Ring Cushion Accessories	MI-SB-C-PK-10	1.0000	233.3333	6988	9021
48627	2026-01-05	wc-completed	Rectangular Yoga Bolster - Sage	Rectangular Yoga Bolster	Yo-BR-RE-SE	3.0000	3686.4407	9675	9678
48627	2026-01-05	wc-completed	Yoga Blanket made from Organic Cotton - Natural White	Yoga Blanket made from Organic Cotton	Yo-BT-C-NT	2.0000	2466.6667	6668	6688
48627	2026-01-05	wc-completed	Crystal Bowl Bag - Small	Crystal Bowl Bag		1.0000	1450.0000	47081	47082
48627	2026-01-05	wc-completed	Crescent Zafu Cushion - Wide - Rouge Pink	Crescent Zafu Cushion - Wide	Me-C-Z-L-RP-1	1.0000	970.3390	47494	47495
48627	2026-01-05	wc-completed	7 Chakras Yoga Mats - Superior, Yellow	7 Chakras Yoga Mats		1.0000	1895.2381	46141	46168
48627	2026-01-05	wc-completed	Eye Shaped Natural Lavender Scented Eye Pillows - Sage	Eye Shaped Natural Lavender Scented Eye Pillows	Yo-P-E-SE-1	1.0000	334.7458	9220	9225
48628	2026-01-05	wc-completed	Dumru/Dumroo Indian Handmade Percussion Instrument - Plain	Dumru/Dumroo Indian Handmade Percussion Instrument		5.0000	1178.5714	5740	47720
48629	2026-01-05	wc-completed	Musical Wooden Frog - Standard	Musical Wooden Frog	MI-WF	1.0000	814.2857	7456	44632
48630	2026-01-05	wc-completed	7 Chakras Vintage - Copper Bottle	7 Chakras Vintage - Copper Bottle		1.0000	1185.7143	5682	5786
48631	2026-01-05	wc-completed	Ocean Drums - Dream Catcher, 30 cms	Ocean Drums	MI-OD-D-30	1.0000	31.6525	9529	9536
48632	2026-01-05	wc-completed	Wooden Maracas Shakers | Plain & Dot Painted - Dot Painted	Wooden Maracas Shakers | Plain & Dot Painted	MI-WM	2.0000	1791.4286	7542	44154
48632	2026-01-05	wc-completed	Shamanic Drum Bags/Ocean Drum Bags - Large	Shamanic Drum Bags/Ocean Drum Bags		1.0000	1161.0000	45131	45134
48632	2026-01-05	wc-completed	Handheld Natural Coconut Shaker	Handheld Natural Coconut Shaker	MI-CS-H	1.0000	810.0000	5713	0
48644	2026-01-06	wc-completed	Dumru/Dumroo Indian Handmade Percussion Instrument - Dot Painted	Dumru/Dumroo Indian Handmade Percussion Instrument		1.0000	309.5238	5740	47721
48649	2026-01-06	wc-completed	11 Note Tongue Drum - Blue, 12 inches	11 Note Tongue Drum		1.0000	6308.0357	42373	42415
48650	2026-01-06	wc-completed	Shamanic Drum - Plain, 45 cms	Shamanic Drum	MI-SD-P-45	1.0000	4957.6271	7293	9590
48651	2026-01-06	wc-completed	Coconut Maracas Shakers - Painted	Coconut Maracas Shakers	MI-CM	2.0000	2031.4286	7370	45395
48651	2026-01-06	wc-completed	Shamanic Drum Bags/Ocean Drum Bags - Medium	Shamanic Drum Bags/Ocean Drum Bags		1.0000	1071.0000	45131	46932
48652	2026-01-06	wc-completed	Dumru/Dumroo Indian Handmade Percussion Instrument - Dot Painted	Dumru/Dumroo Indian Handmade Percussion Instrument		2.0000	557.1429	5740	47721
48654	2026-01-06	wc-completed	Bendo Chimes	Bendo Chimes		1.0000	5950.0000	47751	0
48655	2026-01-06	wc-completed	Bird Flute - Brown, Single	Bird Flute		1.0000	235.7143	45754	45871
48657	2026-01-06	wc-completed	Pangi Seed Shell Rattle	Pangi Seed Shell Rattle	MI-PS	1.0000	2047.6190	7356	0
48658	2026-01-07	wc-completed	Shamanic Drum Bags/Ocean Drum Bags - Large	Shamanic Drum Bags/Ocean Drum Bags		1.0000	1161.0000	45131	45134
48658	2026-01-07	wc-completed	Shamanic Drum - Plain, 45 cms	Shamanic Drum	MI-SD-P-45	1.0000	4461.8644	7293	9590
48658	2026-01-07	wc-completed	Wooden Maracas Shakers | Plain & Dot Painted - Dot Painted	Wooden Maracas Shakers | Plain & Dot Painted	MI-WM	2.0000	1791.4286	7542	44154
48659	2026-01-07	wc-completed	Tuning Fork Extensions - Massage Boot	Tuning Fork Extensions		1.0000	531.0000	48135	48164
48661	2026-01-07	wc-completed	Bamboo Rainstick - 60cms	Bamboo Rainstick	MI-RS-B-60	1.0000	1710.0000	7484	8763
48661	2026-01-07	wc-completed	"Wooden Mallets for Singing Bowls - Long Soft-9"", Red"	Wooden Mallets for Singing Bowls	MI-SB-M-L-R-9	1.0000	552.8571	6978	43376
48661	2026-01-07	wc-completed	Thunder Tube - Basic Edition - 20cms	Thunder Tube - Basic Edition	MI-TT-20	1.0000	1135.7143	7317	46651
48663	2026-01-07	wc-completed	Dumru/Dumroo Indian Handmade Percussion Instrument - Dot Painted	Dumru/Dumroo Indian Handmade Percussion Instrument		1.0000	278.5714	5740	47721
48665	2026-01-07	wc-completed	Bamboo Rainstick - 1m	Bamboo Rainstick	MI-RS-B-1M	1.0000	2376.1905	7484	8764
48666	2026-01-07	wc-completed	Shamanic Drum - Plain, 30 cms	Shamanic Drum	MI-SD-P-30	1.0000	3546.6102	7293	9588
48667	2026-01-07	wc-completed	Asalato/Aslatau or Kashaka Shaker - Plain, Pair	Asalato/Aslatau or Kashaka Shaker	MI-AS	1.0000	2333.3333	7300	46378
48668	2026-01-07	wc-completed	Asalato/Aslatau or Kashaka Shaker - Plain, Pair	Asalato/Aslatau or Kashaka Shaker	MI-AS	1.0000	2100.0000	7300	46378
48669	2026-01-07	wc-completed	Zen Meditation Bench - Medium	Zen Meditation Bench	ME-Cu	1.0000	2631.3559	9763	45268
48670	2026-01-08	wc-completed	Jala Neti Pot - Ceramic 185 ml - White	Jala Neti Pot - Ceramic 185 ml	NP-W-185	1.0000	186.8644	5769	5826
48670	2026-01-08	wc-completed	Jala Neti Pot - Ceramic 185 ml - Blue	Jala Neti Pot - Ceramic 185 ml	NP-B-185	1.0000	186.8644	5769	6918
48671	2026-01-08	wc-completed	Pangi Seed Shell Rattle	Pangi Seed Shell Rattle	MI-PS	1.0000	30.9524	7356	0
48671	2026-01-08	wc-completed	Vibroacoustic Therapy Bowls - Universal, Belly and Head - Set of 3	Vibroacoustic Therapy Bowls - Universal, Belly and Head		1.0000	277.1429	8040	47825
48672	2026-01-08	wc-completed	Eye Shaped Natural Lavender Scented Eye Pillows - Rose	Eye Shaped Natural Lavender Scented Eye Pillows	Yo-P-E-RE-1	1.0000	301.2712	9220	9221
48673	2026-01-08	wc-completed	Ocean Drums - Dream Catcher, 40 cms	Ocean Drums	MI-OD-D-40	1.0000	2923.7288	9529	9538
48674	2026-01-08	wc-completed	Bird Flute - Brown, Single	Bird Flute		1.0000	261.9048	45754	45871
48675	2026-01-08	wc-completed	Dumru/Dumroo Indian Handmade Percussion Instrument - Dot Painted	Dumru/Dumroo Indian Handmade Percussion Instrument		1.0000	278.5714	5740	47721
48677	2026-01-08	wc-completed	Pangi Seed Shell Rattle	Pangi Seed Shell Rattle	MI-PS	1.0000	2047.6190	7356	0
48678	2026-01-08	wc-completed	Pangi Seed Shell Rattle	Pangi Seed Shell Rattle	MI-PS	1.0000	1842.8571	7356	0
48678	2026-01-08	wc-completed	Bendo Shaker - Small	Bendo Shaker		1.0000	1665.0000	47742	47922
48678	2026-01-08	wc-completed	Kenari Seed Shell Shakers - Large	Kenari Seed Shell Shakers	MI-KR-S-L	1.0000	1842.8571	7472	7511
48682	2026-01-08	wc-completed	Eye Shaped Natural Lavender Scented Eye Pillows - Sage	Eye Shaped Natural Lavender Scented Eye Pillows	Yo-P-E-SE-1	1.0000	334.7458	9220	9225
48682	2026-01-08	wc-completed	Eye Shaped Natural Lavender Scented Eye Pillows - Rose	Eye Shaped Natural Lavender Scented Eye Pillows	Yo-P-E-RE-1	1.0000	334.7458	9220	9221
48683	2026-01-08	wc-completed	Singing Bowl Bags - Large	Singing Bowl Bags	MI-SB-Bag-L	1.0000	1940.6780	45127	45140
48684	2026-01-08	wc-completed	Shamanic Drum Bags/Ocean Drum Bags - Medium	Shamanic Drum Bags/Ocean Drum Bags		2.0000	28.8000	45131	46932
48684	2026-01-08	wc-completed	Ocean Drums - Flower of Life, 40 cms	Ocean Drums		1.0000	41.1864	9529	44653
48685	2026-01-09	wc-completed	Bird Flute - Brown, Single	Bird Flute		1.0000	235.7143	45754	45871
48685	2026-01-09	wc-completed	Tuning Fork - Single Weighted & Unweighted - Weighted, 64 Hz	Tuning Fork - Single Weighted & Unweighted		1.0000	1962.8571	9713	47093
48685	2026-01-09	wc-completed	Bendo Shaker - Small	Bendo Shaker		1.0000	1665.0000	47742	47922
48686	2026-01-09	wc-completed	7 Chakras Copper Water Bottles	7 Chakras Copper Water Bottles	CB-7CP	1.0000	1067.1429	6080	43437
48687	2026-01-09	wc-completed	Ocean Drums - Dream Catcher, 30 cms	Ocean Drums	MI-OD-D-30	1.0000	2161.0169	9529	9536
48687	2026-01-09	wc-completed	Musical Wooden Frog - Standard	Musical Wooden Frog	MI-WF	1.0000	904.7619	7456	44632
48687	2026-01-09	wc-completed	C&G Tuning Forks - Weighted	C&G Tuning Forks		1.0000	4580.0000	48318	48319
48687	2026-01-09	wc-completed	Bird Flute - Green, Single	Bird Flute		1.0000	357.1429	45754	48646
48689	2026-01-09	wc-completed	Gong Bags - Standard	Gong Bags		1.0000	1652.5424	45152	45153
48690	2026-01-09	wc-completed	Crystal Bowls - 6 in	Crystal Bowls	MI-CB-W-6	1.0000	6826.2712	9777	9778
48691	2026-01-09	wc-completed	7 Chakras Copper Water Bottles	7 Chakras Copper Water Bottles	CB-7CV-B	1.0000	1280.9524	6080	43440
48691	2026-01-09	wc-completed	Tuning Fork - Single Weighted & Unweighted - Weighted, 528 Hz	Tuning Fork - Single Weighted & Unweighted		1.0000	1895.2381	9713	9719
48691	2026-01-09	wc-completed	Tuning Fork Extensions - Extender	Tuning Fork Extensions		1.0000	450.0000	48135	48162
48691	2026-01-09	wc-completed	7 Chakras Mystical Incense Sticks Set - 7 Chakra Set with Stand	7 Chakras Mystical Incense Sticks Set	IS-7C-S	1.0000	538.0952	7687	43292
48692	2026-01-09	wc-completed	Tuning Fork Extensions - Extender	Tuning Fork Extensions		1.0000	450.0000	48135	48162
48693	2026-01-10	wc-completed	Hi-Zafu Meditation Cushion - Filled with Buckwheat - Dark Grey	Hi-Zafu Meditation Cushion - Filled with Buckwheat	Me-C-HZ-DG	1.0000	980.0847	6755	6777
48698	2026-01-10	wc-completed	Bird Flute - Brown, Single	Bird Flute		1.0000	261.9048	45754	45871
48698	2026-01-10	wc-completed	Musical Wooden Frog - Standard	Musical Wooden Frog	MI-WF	1.0000	904.7619	7456	44632
48698	2026-01-10	wc-completed	Elemental Chimes	Elemental Chimes	MI-Ch-KS	1.0000	3666.6667	45194	0
48699	2026-01-10	wc-completed	Tibetan Buddhist Bell - Standard	Tibetan Buddhist Bell	MI-BB-3	1.0000	1414.2857	6973	9199
48700	2026-01-10	wc-completed	Ocean Drums - Dream Catcher, 30 cms	Ocean Drums	MI-OD-D-30	1.0000	2161.0169	9529	9536
48701	2026-01-10	wc-completed	Tuning Fork Extensions - Circuit Boot	Tuning Fork Extensions		1.0000	621.0000	48135	48163
48701	2026-01-10	wc-completed	Tuning Fork Extensions - Extender	Tuning Fork Extensions		1.0000	405.0000	48135	48162
48701	2026-01-10	wc-completed	Tuning Fork Extensions - Massage Boot	Tuning Fork Extensions		1.0000	531.0000	48135	48164
48702	2026-01-10	wc-completed	Tuning Fork Extensions - Circuit Boot	Tuning Fork Extensions		1.0000	690.0000	48135	48163
48703	2026-01-10	wc-completed	Hi-Zafu Meditation Cushion - Filled with Buckwheat - Lavender	Hi-Zafu Meditation Cushion - Filled with Buckwheat	Me-C-HZ-LR	2.0000	28.3729	6755	9659
48704	2026-01-10	wc-completed	Singing Bowl Bags - Large	Singing Bowl Bags	MI-SB-Bag-L	1.0000	1940.6780	45127	45140
48704	2026-01-10	wc-completed	Gong Bags - Standard	Gong Bags		1.0000	1652.5424	45152	45153
48704	2026-01-10	wc-completed	"Wooden Mallets for Singing Bowls - Long Soft-13"", Red"	Wooden Mallets for Singing Bowls	MI-SB-M-L-R-13	1.0000	809.5238	6978	43374
48705	2026-01-11	wc-completed	Shamanic Drum - Plain, 40 cms	Shamanic Drum	MI-SD-P-40	1.0000	4004.2373	7293	9589
48706	2026-01-11	wc-completed	Dumru/Dumroo Indian Handmade Percussion Instrument - Plain	Dumru/Dumroo Indian Handmade Percussion Instrument		1.0000	261.9048	5740	47720
48707	2026-01-11	wc-completed	Dumru/Dumroo Indian Handmade Percussion Instrument - Plain	Dumru/Dumroo Indian Handmade Percussion Instrument		10.0000	2357.1429	5740	47720
48708	2026-01-11	wc-completed	Coconut Maracas Shakers - Painted	Coconut Maracas Shakers	MI-CM	2.0000	2031.4286	7370	45395
48709	2026-01-11	wc-completed	Bamboo Rainstick - 1m	Bamboo Rainstick	MI-RS-B-1M	1.0000	2376.1905	7484	8764
48709	2026-01-11	wc-completed	Handmade Universal Bowl for Sound Healing	Handmade Universal Bowl for Sound Healing	MI-SB-HM-UN	1.0000	7476.1905	8143	0
48710	2026-01-11	wc-completed	Bamboo Rainstick - 60cms	Bamboo Rainstick	MI-RS-B-60	1.0000	1900.0000	7484	8763
48710	2026-01-11	wc-completed	Thunder Tube - Basic Edition - 20cms	Thunder Tube - Basic Edition	MI-TT-20	1.0000	1261.9048	7317	46651
48711	2026-01-11	wc-completed	Shamanic Drum Bags/Ocean Drum Bags - Large	Shamanic Drum Bags/Ocean Drum Bags		1.0000	1290.0000	45131	45134
48711	2026-01-11	wc-completed	Shamanic Drum Bags/Ocean Drum Bags - Small	Shamanic Drum Bags/Ocean Drum Bags		1.0000	990.0000	45131	45133
48712	2026-01-11	wc-completed	Djembe Drums - Mahogany, 14in	Djembe Drums		1.0000	6705.0000	44969	48222
48713	2026-01-11	wc-completed	Sacred Symbols Singing Bowls - Black, 5.5 in	Sacred Symbols Singing Bowls	MI-SB-P-SS-BK-5.5	1.0000	1900.0000	10008	10014
48714	2026-01-11	wc-completed	Tuning Fork - Single Weighted & Unweighted - Weighted, 64 Hz	Tuning Fork - Single Weighted & Unweighted		1.0000	1962.8571	9713	47093
48714	2026-01-11	wc-completed	Tuning Fork - Single Weighted & Unweighted - Unweighted, 256 Hz	Tuning Fork - Single Weighted & Unweighted		1.0000	1277.1429	9713	9748
48716	2026-01-12	wc-completed	Eye Shaped Natural Lavender Scented Eye Pillows - Rose	Eye Shaped Natural Lavender Scented Eye Pillows	Yo-P-E-RE-1	1.0000	301.2712	9220	9221
48716	2026-01-12	wc-completed	Eye Shaped Natural Lavender Scented Eye Pillows - Navy Blue	Eye Shaped Natural Lavender Scented Eye Pillows	Yo-P-E-NB-1	1.0000	301.2712	9220	9223
48717	2026-01-12	wc-completed	Hi-Zafu Meditation Cushion - Filled with Buckwheat - Ivory	Hi-Zafu Meditation Cushion - Filled with Buckwheat	Me-C-HZ-I	2.0000	28.3729	6755	9660
48719	2026-01-12	wc-completed	Shamanic Drum Bags/Ocean Drum Bags - Large	Shamanic Drum Bags/Ocean Drum Bags		1.0000	1161.0000	45131	45134
48719	2026-01-12	wc-completed	Copper Tongue Cleaner - Pack of 1, Straight	Copper Tongue Cleaner	TC-R-1	1.0000	141.4286	5042	7808
48720	2026-01-12	wc-completed	Full Moon Singing Bowls - All Sizes - 7 Inches	Full Moon Singing Bowls - All Sizes	MI-SB-H-FM-7	1.0000	6728.5714	7607	7610
48721	2026-01-12	wc-completed	Shamanic Drum Bags/Ocean Drum Bags - Large	Shamanic Drum Bags/Ocean Drum Bags		1.0000	1290.0000	45131	45134
48722	2026-01-12	wc-completed	9/10 Notes Handpan Drum - Handcrafted to Precision - D Kurd 10	9/10 Notes Handpan Drum - Handcrafted to Precision	MI-HP	1.0000	91500.0000	8058	8078
48722	2026-01-12	wc-completed	Handpan Stand	Handpan Stand		1.0000	9450.0000	46907	0
48723	2026-01-12	wc-completed	Bird Flute - Brown, Single	Bird Flute		1.0000	261.9048	45754	45871
48724	2026-01-13	wc-completed	Swinging Chimes - 9 Bars	Swinging Chimes	MI-SC-9	1.0000	8250.0000	10345	10347
48724	2026-01-13	wc-completed	Kenari Seed Shell Shakers - Large	Kenari Seed Shell Shakers	MI-KR-S-L	1.0000	2047.6190	7472	7511
48753	2026-01-13	wc-completed	Wooden Tambourines - Half-Moon	Wooden Tambourines	MI-T-HM	2.0000	2232.1429	7478	45648
48754	2026-01-14	wc-completed	Shamanic Drum Bags/Ocean Drum Bags - Large	Shamanic Drum Bags/Ocean Drum Bags		1.0000	1161.0000	45131	45134
48754	2026-01-14	wc-completed	Shamanic Drum - Plain, 45 cms	Shamanic Drum	MI-SD-P-45	1.0000	4461.8644	7293	9590
48755	2026-01-14	wc-completed	7 Chakras Copper Water Bottles	7 Chakras Copper Water Bottles	CB-7CV-B-.5	1.0000	947.6190	6080	43438
48756	2026-01-14	wc-completed	Asalato/Aslatau or Kashaka Shaker - Painted, Pair	Asalato/Aslatau or Kashaka Shaker	MI-AS	1.0000	2314.2857	7300	46380
48759	2026-01-14	wc-completed	Tuning Forks Gem Feet - Full Set	Tuning Forks Gem Feet		2.0000	2900.0000	48136	48179
48766	2026-01-15	wc-completed	Eye Shaped Natural Lavender Scented Eye Pillows - Dark Grey	Eye Shaped Natural Lavender Scented Eye Pillows	Yo-P-E-DG-1	1.0000	301.2712	9220	9224
48766	2026-01-15	wc-completed	Yoga Belt/Strap for Sturdy Grip - Navy Blue	Yoga Belt/Strap for Sturdy Grip	Yo-BL-D-NB	1.0000	295.7143	6530	6548
48766	2026-01-15	wc-completed	Zafu Meditation Cushion Lotus - Embroidery Filled with Cotton - Lavender	Zafu Meditation Cushion Lotus - Embroidery Filled with Cotton	Me-C-RZ-LR-E-L	1.0000	1056.3559	9278	9380
48766	2026-01-15	wc-completed	Round Yoga Bolster - Maroon	Round Yoga Bolster	Yo-BR-R-M	1.0000	1182.2034	6689	9762
48766	2026-01-15	wc-completed	Eye Shaped Natural Lavender Scented Eye Pillows - Rose	Eye Shaped Natural Lavender Scented Eye Pillows	Yo-P-E-RE-1	1.0000	301.2712	9220	9221
48769	2026-01-15	wc-completed	Tuning Forks Gem Feet - Green	Tuning Forks Gem Feet		1.0000	225.0000	48136	48142
48769	2026-01-15	wc-completed	Tuning Fork - Single Weighted & Unweighted - Weighted, 432 Hz	Tuning Fork - Single Weighted & Unweighted	MI-TF-W-432	1.0000	1705.7143	9713	9718
48770	2026-01-15	wc-completed	Asalato/Aslatau or Kashaka Shaker - Plain, Pair	Asalato/Aslatau or Kashaka Shaker	MI-AS	1.0000	2100.0000	7300	46378
48771	2026-01-15	wc-completed	Tuning Fork - Single Weighted & Unweighted - Weighted, 136.10 Hz	Tuning Fork - Single Weighted & Unweighted		1.0000	2180.9524	9713	9716
48771	2026-01-15	wc-completed	Tuning Fork Activators - Activator	Tuning Fork Activators		1.0000	150.0000	48133	48181
48771	2026-01-15	wc-completed	Elemental Chimes	Elemental Chimes	MI-Ch-KS	1.0000	3666.6667	45194	0
48773	2026-01-15	wc-completed	Dumru/Dumroo Indian Handmade Percussion Instrument - Dot Painted	Dumru/Dumroo Indian Handmade Percussion Instrument		3.0000	928.5714	5740	47721
48774	2026-01-15	wc-completed	Tuning Fork Extensions - Extender	Tuning Fork Extensions		1.0000	405.0000	48135	48162
48774	2026-01-15	wc-completed	Tuning Fork Extensions - Circuit Boot	Tuning Fork Extensions		1.0000	621.0000	48135	48163
48774	2026-01-15	wc-completed	Tuning Fork Extensions - Massage Boot	Tuning Fork Extensions		1.0000	531.0000	48135	48164
48777	2026-01-15	wc-completed	9/10 Notes Handpan Drum - Handcrafted to Precision - D Kurd 10	9/10 Notes Handpan Drum - Handcrafted to Precision	MI-HP	1.0000	91500.0000	8058	8078
48778	2026-01-15	wc-completed	Hi-Zafu Meditation Cushion - Embroidered with Lotus - Light Grey	Hi-Zafu Meditation Cushion - Embroidered with Lotus	Me-C-HZ-LG-E-L	1.0000	1132.6271	9291	9377
48779	2026-01-15	wc-completed	Dumru/Dumroo Indian Handmade Percussion Instrument - Plain	Dumru/Dumroo Indian Handmade Percussion Instrument		1.0000	235.7143	5740	47720
48780	2026-01-15	wc-completed	Dumru/Dumroo Indian Handmade Percussion Instrument - Plain	Dumru/Dumroo Indian Handmade Percussion Instrument		1.0000	261.9048	5740	47720
48781	2026-01-16	wc-completed	Bamboo Rainstick - 1m	Bamboo Rainstick	MI-RS-B-1M	1.0000	2138.5714	7484	8764
48782	2026-01-16	wc-completed	Jala Neti Pot - Ceramic 185 ml - Mint Green	Jala Neti Pot - Ceramic 185 ml	NP-MG-185	1.0000	186.8644	5769	6336
48791	2026-01-16	wc-completed	Lotus Yoga Mat - Superior, Pink	Lotus Yoga Mat		1.0000	1705.7143	46171	46199
48792	2026-01-16	wc-completed	Tuning Fork - Single Weighted & Unweighted - Weighted, 432 Hz	Tuning Fork - Single Weighted & Unweighted	MI-TF-W-432	1.0000	1895.2381	9713	9718
48792	2026-01-16	wc-completed	Tuning Fork Extensions - Massage Boot	Tuning Fork Extensions		1.0000	590.0000	48135	48164
48793	2026-01-16	wc-completed	Tuning Fork - Single Weighted & Unweighted - Weighted, 432 Hz	Tuning Fork - Single Weighted & Unweighted	MI-TF-W-432	1.0000	1705.7143	9713	9718
48793	2026-01-16	wc-completed	Tuning Fork Extensions - Massage Boot	Tuning Fork Extensions		1.0000	531.0000	48135	48164
48795	2026-01-16	wc-completed	Joint Bowl or Knee Cut Bowl - 8 in	Joint Bowl or Knee Cut Bowl	MI-SB-JB	1.0000	7285.7143	9978	9984
48796	2026-01-16	wc-completed	Wooden Mallets for Singing Bowls - Standard Wide, Red	Wooden Mallets for Singing Bowls	MI-SB-M-R-Wd-4.5	1.0000	218.5714	6978	43381
48797	2026-01-17	wc-completed	7 Chakras Copper Water Bottles	7 Chakras Copper Water Bottles	CB-7CP-B	1.0000	1152.8571	6080	43436
48798	2026-01-17	wc-completed	Asalato/Aslatau or Kashaka Shaker - Plain, Pair	Asalato/Aslatau or Kashaka Shaker	MI-AS	1.0000	36.1905	7300	46378
48799	2026-01-17	wc-completed	Crystal Bowl Bag - Large	Crystal Bowl Bag		1.0000	1850.0000	47081	47084
48799	2026-01-17	wc-completed	Kenari Seed Shell Shakers - Large	Kenari Seed Shell Shakers	MI-KR-S-L	1.0000	2047.6190	7472	7511
48799	2026-01-17	wc-completed	Ocean Drums - Dream Catcher, 30 cms	Ocean Drums	MI-OD-D-30	1.0000	2161.0169	9529	9536
48800	2026-01-17	wc-completed	Round Yoga Bolster - Navy Blue	Round Yoga Bolster	Yo-BR-R-NB	1.0000	1182.2034	6689	6693
48801	2026-01-18	wc-completed	Rectangular Yoga Bolster - Light Grey	Rectangular Yoga Bolster	Yo-BR-RE-LG	1.0000	1228.8136	9675	9676
48802	2026-01-18	wc-completed	Neem Wood Combs - Combo 2	Neem Wood Combs	CO-NWC-S-H	1.0000	200.0000	5038	5599
48804	2026-01-18	wc-completed	Jala Neti Pot - Ceramic 185 ml - Mint Green	Jala Neti Pot - Ceramic 185 ml	NP-MG-185	1.0000	207.6271	5769	6336
48805	2026-01-18	wc-completed	Wooden Stand for Tuning Forks - Nine	Wooden Stand for Tuning Forks		1.0000	950.0000	48229	48233
48806	2026-01-18	wc-completed	Tingsha Bell - Golden, Standard	Tingsha Bell		1.0000	1709.5238	5763	44933
48807	2026-01-18	wc-completed	Tuning Fork - Single Weighted & Unweighted - Unweighted, 432 Hz	Tuning Fork - Single Weighted & Unweighted		1.0000	1419.0476	9713	9749
48808	2026-01-18	wc-completed	Zafu & Zabuton Meditation Cushion Combo - Lavender	Zafu & Zabuton Meditation Cushion Combo	Co-Me-C-Z-Zn-LR	1.0000	2131.7797	7177	9597
48809	2026-01-18	wc-completed	Thunder Tube - Basic Edition - 20cms	Thunder Tube - Basic Edition	MI-TT-20	1.0000	1261.9048	7317	46651
48810	2026-01-18	wc-completed	Singing Bowl Bags - Large	Singing Bowl Bags	MI-SB-Bag-L	1.0000	1940.6780	45127	45140
48810	2026-01-18	wc-completed	Wooden Mallets for Singing Bowls - Straight, Red	Wooden Mallets for Singing Bowls	MI-SB-M-R-S	1.0000	190.4762	6978	43369
48810	2026-01-18	wc-completed	Wooden Mallets for Singing Bowls - Long Firm-Standard, Red	Wooden Mallets for Singing Bowls	MI-SB-M-R-Wd-4.5	1.0000	614.2857	6978	43367
48811	2026-01-18	wc-completed	Bamboo Rainstick - 40cms	Bamboo Rainstick	MI-RS-B-40	1.0000	1281.4286	7484	8762
48812	2026-01-19	wc-completed	Kenari Bracelet	Kenari Bracelet	MI-KR-BT	1.0000	1285.7143	42323	0
48815	2026-01-19	wc-completed	Tuning Fork Extensions - Extender	Tuning Fork Extensions		2.0000	900.0000	48135	48162
48815	2026-01-19	wc-completed	Tuning Fork Extensions - Circuit Boot	Tuning Fork Extensions		1.0000	690.0000	48135	48163
48816	2026-01-19	wc-completed	Jala Neti Pot - Ceramic 185 ml - Mint Green	Jala Neti Pot - Ceramic 185 ml	NP-MG-185	1.0000	186.8644	5769	6336
48817	2026-01-19	wc-completed	Tuning Forks Gem Feet - Full Set	Tuning Forks Gem Feet		1.0000	1450.0000	48136	48179
48818	2026-01-19	wc-completed	"Wooden Mallets for Singing Bowls - Long Soft-9"", White"	Wooden Mallets for Singing Bowls	MI-SB-M-L-W-9	1.0000	552.8571	6978	43372
48819	2026-01-19	wc-completed	Asalato/Aslatau or Kashaka Shaker - Painted, Single	Asalato/Aslatau or Kashaka Shaker	MI-AS	1.0000	1332.8571	7300	46379
48820	2026-01-19	wc-completed	Dotted Singing Bowl - 5.5 inch	Dotted Singing Bowl	MI-SB-H-5.5	1.0000	2042.8571	6892	6902
48821	2026-01-19	wc-completed	Tuning Fork Extensions - Extender	Tuning Fork Extensions		1.0000	405.0000	48135	48162
48822	2026-01-19	wc-completed	Bamboo Rainstick - 1m	Bamboo Rainstick	MI-RS-B-1M	1.0000	2376.1905	7484	8764
48823	2026-01-20	wc-completed	Ocean Drums - Flower of Life, 40 cms	Ocean Drums		1.0000	2923.7288	9529	44653
48824	2026-01-20	wc-completed	Kenari Chimes - Small & Large - Large	Kenari Chimes - Small & Large	MI-KR-CH-168	1.0000	4242.8571	45197	46431
48848	2026-01-20	wc-completed	Crescent Zafu Cushion - Wide - Lavender	Crescent Zafu Cushion - Wide	Me-C-Z-L-L-1	1.0000	970.3390	47494	47498
48871	2026-01-20	wc-completed	Ocean Drums - Dream Catcher, 30 cms	Ocean Drums	MI-OD-D-30	1.0000	2161.0169	9529	9536
48871	2026-01-20	wc-completed	Kenari Seed Shell Shakers - Large	Kenari Seed Shell Shakers	MI-KR-S-L	1.0000	2047.6190	7472	7511
48871	2026-01-20	wc-completed	Tingsha Bell - Golden, Standard	Tingsha Bell		1.0000	1709.5238	5763	44933
48872	2026-01-20	wc-completed	Dotted Singing Bowl - 5.5 inch	Dotted Singing Bowl	MI-SB-H-5.5	1.0000	2042.8571	6892	6902
48873	2026-01-21	wc-completed	Copper Bottle Gift Set - 7 Chakra - Vintage	Copper Bottle Gift Set - 7 Chakra		1.0000	17.5714	6638	48680
48873	2026-01-21	wc-completed	Ayurvedic Copper Bedroom Jar	Ayurvedic Copper Bedroom Jar	CB-BJ	1.0000	16.7143	6289	0
48875	2026-01-21	wc-completed	Asalato/Aslatau or Kashaka Shaker - Painted, Pair	Asalato/Aslatau or Kashaka Shaker	MI-AS	2.0000	4628.5714	7300	46380
48876	2026-01-21	wc-completed	Tuning Forks Gem Feet - Full Set	Tuning Forks Gem Feet		1.0000	1305.0000	48136	48179
48877	2026-01-21	wc-completed	Full Moon Singing Bowls - All Sizes - 9 Inches	Full Moon Singing Bowls - All Sizes	MI-SB-H-FM-9	1.0000	8442.8571	7607	9033
48879	2026-01-21	wc-completed	Classic Morchang Set - Middle	Classic Morchang Set		1.0000	2350.0000	48653	48842
48880	2026-01-21	wc-completed	Bird Flute - Brown, Single	Bird Flute		1.0000	235.7143	45754	45871
48881	2026-01-21	wc-completed	Bamboo Rainstick - 60cms	Bamboo Rainstick	MI-RS-B-60	1.0000	1710.0000	7484	8763
48882	2026-01-21	wc-completed	Tuning Forks Gem Feet - Full Set	Tuning Forks Gem Feet		1.0000	1305.0000	48136	48179
48883	2026-01-21	wc-completed	Tuning Fork Extensions - Massage Boot	Tuning Fork Extensions		1.0000	531.0000	48135	48164
48884	2026-01-22	wc-completed	Shruti Box - 3 Octaves	Shruti Box		1.0000	13490.0000	44970	45005
48886	2026-01-22	wc-completed	7 Chakras Vintage - Copper Bottle	7 Chakras Vintage - Copper Bottle		1.0000	880.9524	5682	43491
48887	2026-01-22	wc-completed	7 Chakras Vintage - Copper Bottle	7 Chakras Vintage - Copper Bottle		1.0000	1185.7143	5682	5786
48888	2026-01-22	wc-completed	Eye Shaped Natural Lavender Scented Eye Pillows - Rose	Eye Shaped Natural Lavender Scented Eye Pillows	Yo-P-E-RE-1	1.0000	334.7458	9220	9221
48889	2026-01-22	wc-completed	Tuning Fork - Single Weighted & Unweighted - Unweighted, 136.10 Hz	Tuning Fork - Single Weighted & Unweighted		1.0000	1448.5714	9713	9747
48890	2026-01-22	wc-completed	Djembe Drums - Ivory, 12in	Djembe Drums		1.0000	5715.0000	44969	45042
48891	2026-01-22	wc-completed	Rectangular Yoga Bolster - Light Grey	Rectangular Yoga Bolster	Yo-BR-RE-LG	1.0000	1105.9322	9675	9676
48892	2026-01-22	wc-completed	Bird Flute - Green, Single	Bird Flute		1.0000	321.4286	45754	48646
48893	2026-01-23	wc-completed	Tuning Fork Extensions - Extender	Tuning Fork Extensions		1.0000	405.0000	48135	48162
48894	2026-01-23	wc-completed	Hanging Bowls/Zen Drops - Set of 3	Hanging Bowls/Zen Drops		1.0000	8523.8095	45113	45118
48895	2026-01-23	wc-completed	Pulse Tubes - Big	Pulse Tubes		1.0000	2850.0000	48512	48760
48896	2026-01-23	wc-completed	Tuning Fork Extensions - Extender	Tuning Fork Extensions		1.0000	450.0000	48135	48162
48899	2026-01-23	wc-completed	Spiral/Snake Didgeridoo - Red	Spiral/Snake Didgeridoo	MI-DG-SP-R	1.0000	5700.0000	7324	7520
48900	2026-01-23	wc-completed	Bird Flute - Green, Pair	Bird Flute		1.0000	557.1429	45754	48645
48901	2026-01-24	wc-completed	Thunder Tube - Basic Edition - 20cms	Thunder Tube - Basic Edition	MI-TT-20	1.0000	1135.7143	7317	46651
48902	2026-01-24	wc-completed	Crystal Bowl Bag - Medium	Crystal Bowl Bag		1.0000	1485.0000	47081	47083
48902	2026-01-24	wc-completed	Shruthi Thali/Gong Plates - F Plate	Shruthi Thali/Gong Plates		1.0000	8523.8095	45485	45489
48903	2026-01-24	wc-completed	Tuning Forks Gem Feet - Full Set	Tuning Forks Gem Feet		1.0000	1450.0000	48136	48179
48903	2026-01-24	wc-completed	Tuning Fork Activators - Activator & Mallet	Tuning Fork Activators		1.0000	250.0000	48133	48183
48903	2026-01-24	wc-completed	Tuning Fork Extensions - Circuit Boot	Tuning Fork Extensions		1.0000	690.0000	48135	48163
48903	2026-01-24	wc-completed	Tuning Fork Extensions - Massage Boot	Tuning Fork Extensions		1.0000	590.0000	48135	48164
48904	2026-01-24	wc-completed	Mayura Morchang Set - Sharp	Mayura Morchang Set		1.0000	2385.0000	48856	48857
48906	2026-01-25	wc-completed	Elemental Chimes	Elemental Chimes	MI-Ch-KS	1.0000	3300.0000	45194	0
48906	2026-01-25	wc-completed	Bamboo Rainstick - 60cms	Bamboo Rainstick	MI-RS-B-60	1.0000	1710.0000	7484	8763
48906	2026-01-25	wc-completed	Coconut Maracas Shakers - Plain	Coconut Maracas Shakers	MI-CM	1.0000	848.5714	7370	45394
48907	2026-01-25	wc-completed	Flower of Life with Sacred Symbols Singing Bowls - Blue, 10.5 in	Flower of Life with Sacred Symbols Singing Bowls	MI-SB-RFL-B-10.5	1.0000	1877.1429	10035	10050
48908	2026-01-26	wc-completed	Handmade Singing Bowls - All Sizes - 8 in, Matte	Handmade Singing Bowls - All Sizes	Mi-SB-H-M-8	1.0000	7071.4286	6884	9701
48908	2026-01-26	wc-completed	Full Moon Singing Bowls - All Sizes - 10 Inches	Full Moon Singing Bowls - All Sizes	MI-SB-H-FM-10	1.0000	10671.4286	7607	9034
48909	2026-01-26	wc-completed	Shamanic Drum Bags/Ocean Drum Bags - Small	Shamanic Drum Bags/Ocean Drum Bags		1.0000	990.0000	45131	45133
48909	2026-01-26	wc-completed	Shamanic Drum - Plain, 30 cms	Shamanic Drum	MI-SD-P-30	1.0000	3940.6780	7293	9588
48910	2026-01-26	wc-completed	Tingsha Bell - Etched, Standard	Tingsha Bell		1.0000	1538.5714	5763	44937
48912	2026-01-26	wc-completed	Etched Handmade Singing Bowls - Buddha, 9 in	Etched Handmade Singing Bowls	MI-SB-H-ET-B-9	1.0000	14142.8571	9795	9862
48912	2026-01-26	wc-completed	Flower of Life with Sacred Symbols Singing Bowls - Blue, 10.5 in	Flower of Life with Sacred Symbols Singing Bowls	MI-SB-RFL-B-10.5	1.0000	1877.1429	10035	10050
48913	2026-01-26	wc-completed	Neem Wood Combs - Combo 3	Neem Wood Combs	CO-NWC-S-P-H	1.0000	276.1905	5038	5600
48914	2026-01-27	wc-completed	Kenari Chimes - Small & Large - Small	Kenari Chimes - Small & Large	MI-KR-CH-168	1.0000	3385.7143	45197	46430
48915	2026-01-27	wc-completed	Crystal Bowl Bag - Large	Crystal Bowl Bag		1.0000	1665.0000	47081	47084
48915	2026-01-27	wc-completed	Kenari Seed Shell Shakers - Large	Kenari Seed Shell Shakers	MI-KR-S-L	1.0000	1842.8571	7472	7511
48916	2026-01-27	wc-completed	Bamboo Rainstick - 60cms	Bamboo Rainstick	MI-RS-B-60	1.0000	1710.0000	7484	8763
48917	2026-01-28	wc-completed	Bird Flute - Mixed, Pair	Bird Flute		1.0000	571.4286	45754	48660
48918	2026-01-28	wc-completed	Bamboo Rainstick - 60cms	Bamboo Rainstick	MI-RS-B-60	1.0000	1710.0000	7484	8763
48920	2026-01-29	wc-completed	Bendo Chimes	Bendo Chimes		1.0000	5355.0000	47751	0
48921	2026-01-29	wc-completed	Bamboo Rainstick - 1m	Bamboo Rainstick	MI-RS-B-1M	1.0000	2138.5714	7484	8764
48921	2026-01-29	wc-completed	Elemental Chimes	Elemental Chimes	MI-Ch-KS	1.0000	3300.0000	45194	0
48922	2026-01-29	wc-completed	Musical Wooden Frog - Large	Musical Wooden Frog	MI-WF	1.0000	1157.1429	7456	44633
48922	2026-01-29	wc-completed	Swinging Chimes - 9 Bars	Swinging Chimes	MI-SC-9	1.0000	8250.0000	10345	10347
48922	2026-01-29	wc-completed	Spiral/Snake Didgeridoo - Red	Spiral/Snake Didgeridoo	MI-DG-SP-R	1.0000	5700.0000	7324	7520
48922	2026-01-29	wc-completed	7 Chakras Mystical Incense Sticks Set - Pure Sandalwood	7 Chakras Mystical Incense Sticks Set		1.0000	68.5714	7687	7695
48926	2026-01-29	wc-completed	Bamboo Rainstick - 40cms	Bamboo Rainstick	MI-RS-B-40	1.0000	1281.4286	7484	8762
48927	2026-01-29	wc-completed	7 Chakras Copper Water Bottles	7 Chakras Copper Water Bottles	CB-7CV-B	1.0000	1152.8571	6080	43440
48930	2026-01-29	wc-completed	S-Shaped Didgeridoo - Blue	S-Shaped Didgeridoo	MI-DG-S-B	1.0000	6642.8571	7307	7316
48932	2026-01-29	wc-completed	Singing Bowls Silk Ring Cushion Accessories - Combo of 7	Singing Bowls Silk Ring Cushion Accessories		1.0000	1924.2857	6988	46268
48932	2026-01-29	wc-completed	Wooden Mallets for Singing Bowls - Straight, Red	Wooden Mallets for Singing Bowls	MI-SB-M-R-S	1.0000	171.4286	6978	43369
48933	2026-01-29	wc-completed	Crescent Zafu Cushion - Wide - Rouge Pink	Crescent Zafu Cushion - Wide	Me-C-Z-L-RP-1	1.0000	14.4915	47494	47495
48939	2026-01-30	wc-completed	Kenari Bracelet	Kenari Bracelet	MI-KR-BT	1.0000	1157.1429	42323	0
48940	2026-01-30	wc-completed	Ocean Drums - Dream Catcher, 35 cms	Ocean Drums	MI-OD-D-35	1.0000	2377.1186	9529	9537
48940	2026-01-30	wc-completed	Dotted Singing Bowl - 5.5 inch	Dotted Singing Bowl	MI-SB-H-5.5	1.0000	2042.8571	6892	6902
48940	2026-01-30	wc-completed	Bendo Shaker - Large	Bendo Shaker		1.0000	2750.0000	47742	47923
48940	2026-01-30	wc-completed	Tingsha Bell - Golden, Standard	Tingsha Bell		1.0000	1709.5238	5763	44933
48943	2026-01-30	wc-completed	Pangi Seed Shell Rattle	Pangi Seed Shell Rattle	MI-PS	1.0000	2047.6190	7356	0
48944	2026-01-30	wc-completed	Bamboo Rainstick - 40cms	Bamboo Rainstick	MI-RS-B-40	1.0000	1423.8095	7484	8762
48944	2026-01-30	wc-completed	Kenari Seed Shell Shakers - Small	Kenari Seed Shell Shakers	MI-KR-S-S	1.0000	1285.7143	7472	7510
48945	2026-01-30	wc-completed	Pangi Seed Shell Rattle	Pangi Seed Shell Rattle	MI-PS	1.0000	2047.6190	7356	0
48945	2026-01-30	wc-completed	Elemental Chimes	Elemental Chimes	MI-Ch-KS	1.0000	3666.6667	45194	0
48945	2026-01-30	wc-completed	Bamboo Rainstick - 60cms	Bamboo Rainstick	MI-RS-B-60	1.0000	1900.0000	7484	8763
48946	2026-01-30	wc-completed	Spiral/Snake Didgeridoo - Green	Spiral/Snake Didgeridoo	MI-DG-SP-G	1.0000	6333.3333	7324	7519
48948	2026-01-31	wc-completed	Artistically Designed Copper Bottles	Artistically Designed Copper Bottles	CB-HW-.5	1.0000	847.6190	6007	42893
48949	2026-01-31	wc-completed	Singing Bowls with Sacred Mantra Printed - Gold, 5.5 Inches	Singing Bowls with Sacred Mantra Printed	MI-SB-P-W-5.5	1.0000	1900.0000	6807	7290
48950	2026-01-31	wc-completed	Tuning Fork Extensions - Extender	Tuning Fork Extensions		4.0000	1800.0000	48135	48162
48951	2026-01-31	wc-completed	Triad Crystal Bowl Set - DFA	Triad Crystal Bowl Set		1.0000	24671.6102	45668	47895
48952	2026-01-31	wc-completed	7 Chakras Copper Water Bottles	7 Chakras Copper Water Bottles	CB-7CV-B-.5	1.0000	947.6190	6080	43438
48954	2026-02-01	wc-completed	Kenari Seed Shell Shakers - Large	Kenari Seed Shell Shakers	MI-KR-S-L	1.0000	2047.6190	7472	7511
48954	2026-02-01	wc-completed	Bamboo Rainstick - 60cms	Bamboo Rainstick	MI-RS-B-60	1.0000	1900.0000	7484	8763
48954	2026-02-01	wc-completed	Ocean Drums - Dream Catcher, 30 cms	Ocean Drums	MI-OD-D-30	1.0000	2161.0169	9529	9536
48955	2026-02-01	wc-completed	Conscious Cards	Conscious Cards		1.0000	1499.0000	45533	0
48956	2026-02-01	wc-completed	Mayura Morchang Set - Sharp	Mayura Morchang Set		1.0000	2650.0000	48856	48857
48957	2026-02-01	wc-completed	Tuning Fork Extensions - Circuit Boot	Tuning Fork Extensions		1.0000	690.0000	48135	48163
48957	2026-02-01	wc-completed	Tuning Fork - Single Weighted & Unweighted - Weighted, 432 Hz	Tuning Fork - Single Weighted & Unweighted	MI-TF-W-432	1.0000	1895.2381	9713	9718
48958	2026-02-01	wc-completed	Tuning Forks Gem Feet - Full Set	Tuning Forks Gem Feet		1.0000	1305.0000	48136	48179
48958	2026-02-01	wc-completed	Tuning Fork Extensions - Massage Boot	Tuning Fork Extensions		1.0000	531.0000	48135	48164
48959	2026-02-01	wc-completed	Tingsha Bell - Etched, Standard	Tingsha Bell		1.0000	1538.5714	5763	44937
48960	2026-02-02	wc-completed	Kenari Chimes - Small & Large - Small	Kenari Chimes - Small & Large	MI-KR-CH-168	1.0000	3385.7143	45197	46430
48961	2026-02-02	wc-completed	Belly Bowls	Belly Bowls		1.0000	8910.0000	47924	0
48963	2026-02-02	wc-completed	Asalato/Aslatau or Kashaka Shaker - Painted, Pair	Asalato/Aslatau or Kashaka Shaker	MI-AS	1.0000	2314.2857	7300	46380
48964	2026-02-02	wc-completed	Crescent Zafu Cushion - Compact - Misty Blue	Crescent Zafu Cushion - Compact		1.0000	827.5424	47508	47523
48965	2026-02-02	wc-completed	Bird Flute - Brown, Single	Bird Flute		1.0000	261.9048	45754	45871
48966	2026-02-02	wc-completed	Bird Flute - Brown, Single	Bird Flute		1.0000	261.9048	45754	45871
48967	2026-02-02	wc-completed	Bird Flute - Mixed, Pair	Bird Flute		1.0000	514.2857	45754	48660
48968	2026-02-02	wc-completed	Tuning Fork Extensions - Circuit Boot	Tuning Fork Extensions		1.0000	621.0000	48135	48163
48968	2026-02-02	wc-completed	Tuning Forks Gem Feet - Dark Blue	Tuning Forks Gem Feet		1.0000	225.0000	48136	48143
48968	2026-02-02	wc-completed	Crystal Pyramid - 6 in	Crystal Pyramid		1.0000	6826.2712	45654	48694
48969	2026-02-02	wc-completed	Bird Flute - Brown, Single	Bird Flute		1.0000	235.7143	45754	45871
48970	2026-02-02	wc-completed	Pulse Tubes - Small	Pulse Tubes		1.0000	1485.0000	48512	48762
48971	2026-02-02	wc-completed	Bamboo Rainstick - 60cms	Bamboo Rainstick	MI-RS-B-60	1.0000	1710.0000	7484	8763
48974	2026-02-03	wc-completed	Pangi Seed Shell Rattle	Pangi Seed Shell Rattle	MI-PS	1.0000	2047.6190	7356	0
48975	2026-02-03	wc-completed	Mayura Morchang Set - Full Set	Mayura Morchang Set		1.0000	7250.0000	48856	48860
48976	2026-02-03	wc-completed	Bird Flute - Brown, Single	Bird Flute		1.0000	235.7143	45754	45871
48976	2026-02-03	wc-completed	Spiral/Snake Didgeridoo - Red	Spiral/Snake Didgeridoo	MI-DG-SP-R	1.0000	5700.0000	7324	7520
48977	2026-02-03	wc-completed	Tuning Fork Activators - Activator	Tuning Fork Activators		1.0000	150.0000	48133	48181
48978	2026-02-03	wc-completed	Singing Bowls Silk Ring Cushion Accessories - Combo of 7	Singing Bowls Silk Ring Cushion Accessories		1.0000	1924.2857	6988	46268
48979	2026-02-03	wc-completed	Kenari Seed Shell Shakers - Large	Kenari Seed Shell Shakers	MI-KR-S-L	1.0000	2047.6190	7472	7511
48980	2026-02-03	wc-completed	Kenari Chimes - Small & Large - Small	Kenari Chimes - Small & Large	MI-KR-CH-168	1.0000	3385.7143	45197	46430
48981	2026-02-03	wc-completed	Mayura Morchang Set - Middle	Mayura Morchang Set		1.0000	2650.0000	48856	48858
48982	2026-02-03	wc-completed	Singing Bowls with Sacred Mantra Printed - Gold, 5.5 Inches	Singing Bowls with Sacred Mantra Printed	MI-SB-P-W-5.5	1.0000	1710.0000	6807	7290
48984	2026-02-03	wc-completed	Bird Flute - Brown, Single	Bird Flute		1.0000	261.9048	45754	45871
48986	2026-02-03	wc-completed	Bird Flute - Green, Single	Bird Flute		1.0000	357.1429	45754	48646
48987	2026-02-03	wc-completed	Swinging Chimes - 6 Bars	Swinging Chimes	MI-SC-6	1.0000	6895.0000	10345	10346
48987	2026-02-03	wc-completed	Third Eye Chakra Singing Bowl	Third Eye Chakra Singing Bowl		1.0000	6171.4286	45477	0
48987	2026-02-03	wc-completed	Box Tanpura - Female Tanpura	Box Tanpura		1.0000	10848.2143	45384	47883
48987	2026-02-03	wc-completed	Pulse Tubes - Small	Pulse Tubes		1.0000	1485.0000	48512	48762
48987	2026-02-03	wc-completed	32 Rods - Bar Chime	25 Rods - Bar Chime	MI-BCH-32	1.0000	4957.6271	42389	0
48988	2026-02-03	wc-completed	Wooden Mallets for Singing Bowls - Curved, Black	Wooden Mallets for Singing Bowls	MI-SB-M-B-C	1.0000	201.4286	6978	43377
48988	2026-02-03	wc-completed	Etched Handmade Singing Bowls - Tara, 6 in	Etched Handmade Singing Bowls	MI-SB-H-ET-T-6	1.0000	9000.0000	9795	9915
48988	2026-02-03	wc-completed	Singing Bowls Silk Ring Cushion Accessories - 10 cms, Red	Singing Bowls Silk Ring Cushion Accessories	MI-SB-C-R-10	1.0000	210.0000	6988	7771
48990	2026-02-04	wc-completed	Tingsha Bell - Etched, Standard	Tingsha Bell		1.0000	1538.5714	5763	44937
48990	2026-02-04	wc-completed	Bamboo Rainstick - 1m	Bamboo Rainstick	MI-RS-B-1M	1.0000	2138.5714	7484	8764
48990	2026-02-04	wc-completed	Kenari Seed Shell Shakers - Small	Kenari Seed Shell Shakers	MI-KR-S-S	1.0000	1157.1429	7472	7510
48991	2026-02-04	wc-completed	Tuning Forks Gem Feet - Blue	Tuning Forks Gem Feet		1.0000	250.0000	48136	48141
48991	2026-02-04	wc-completed	Tuning Fork Extensions - Circuit Boot	Tuning Fork Extensions		1.0000	690.0000	48135	48163
48992	2026-02-04	wc-completed	Zafu Meditation Cushion Lotus - Embroidery Filled with Cotton - Rose	Zafu Meditation Cushion Lotus - Embroidery Filled with Cotton	Me-C-RZ-R-E-L	1.0000	1056.3559	9278	9283
48993	2026-02-04	wc-completed	Bamboo Rainstick - 40cms	Bamboo Rainstick	MI-RS-B-40	1.0000	1423.8095	7484	8762
48995	2026-02-04	wc-completed	Triad Crystal Bowl Set - CEG	Triad Crystal Bowl Set		1.0000	27137.2881	45668	47894
48996	2026-02-04	wc-completed	Tingsha Bell - Etched, Small	Tingsha Bell		1.0000	1414.2857	5763	44936
48996	2026-02-04	wc-completed	Bamboo Rainstick - 40cms	Bamboo Rainstick	MI-RS-B-40	1.0000	1281.4286	7484	8762
48996	2026-02-04	wc-completed	7 Chakras Mystical Incense Sticks Set - Pure Sandalwood	7 Chakras Mystical Incense Sticks Set		1.0000	68.5714	7687	7695
48996	2026-02-04	wc-completed	7 Chakras Mystical Incense Sticks Set - Pure Frankincense	7 Chakras Mystical Incense Sticks Set		1.0000	68.5714	7687	7691
48997	2026-02-04	wc-completed	Mayura Morchang Set - Middle	Mayura Morchang Set		1.0000	2385.0000	48856	48858
48998	2026-02-04	wc-completed	Mayura Morchang Set - Bass	Mayura Morchang Set		1.0000	2650.0000	48856	48859
48999	2026-02-05	wc-completed	Classic Morchang Set - Middle	Classic Morchang Set		1.0000	2350.0000	48653	48842
49000	2026-02-05	wc-completed	Stainless Steel Straws - Pack of 4	Stainless Steel Straws	SSS-4	1.0000	210.0000	6505	6508
49003	2026-02-05	wc-completed	8 Keys Metallophone - with 1” & 1.5” key-widths - 1 inch	8 Keys Metallophone - with 1” & 1.5” key-widths	MI-XP-SP-1-8	1.0000	6830.3571	42332	42338
49005	2026-02-05	wc-completed	Kenari Seed Shell Shakers - Large	Kenari Seed Shell Shakers	MI-KR-S-L	1.0000	1842.8571	7472	7511
49006	2026-02-05	wc-completed	Singing Bowls Silk Ring Cushion Accessories - 16 cms, Brown	Singing Bowls Silk Ring Cushion Accessories	MI-SB-C-Bn-16	1.0000	278.5714	6988	7791
49006	2026-02-05	wc-completed	Bamboo Castanet	Bamboo Castanet	MI-CN-B	1.0000	638.5714	7329	0
49006	2026-02-05	wc-completed	Coconut Rattle	Coconut Rattle	MI-CR	1.0000	895.7143	5730	0
49006	2026-02-05	wc-completed	Kenari Bracelet	Kenari Bracelet	MI-KR-BT	1.0000	1157.1429	42323	0
49006	2026-02-05	wc-completed	Pangi Seed Shell Rattle	Pangi Seed Shell Rattle	MI-PS	1.0000	1842.8571	7356	0
49007	2026-02-05	wc-completed	Wooden Maracas Shakers | Plain & Dot Painted - Plain	Wooden Maracas Shakers | Plain & Dot Painted	MI-WM	1.0000	938.0952	7542	44153
49008	2026-02-05	wc-completed	Swinging Chimes - 9 Bars	Swinging Chimes	MI-SC-9	1.0000	8250.0000	10345	10347
49010	2026-02-05	wc-completed	Pulse Tubes - Big	Pulse Tubes		1.0000	2850.0000	48512	48760
49011	2026-02-05	wc-completed	7 Chakras Vintage - Copper Bottle	7 Chakras Vintage - Copper Bottle		1.0000	947.6190	5682	5787
49012	2026-02-05	wc-completed	Sacred Symbols Singing Bowls - Red, 3.5 in	Sacred Symbols Singing Bowls	MI-SB-P-SS-R-3.5	1.0000	1110.0000	10008	10018
49014	2026-02-06	wc-completed	Kenari Seed Shell Shakers - Large	Kenari Seed Shell Shakers	MI-KR-S-L	1.0000	1842.8571	7472	7511
49016	2026-02-06	wc-completed	Wooden Mallets for Singing Bowls - Thick Wide, Red	Wooden Mallets for Singing Bowls	MI-SB-M-R-Wd-4.5	2.0000	488.5714	6978	43379
49017	2026-02-06	wc-completed	Bamboo Rainstick - 1m	Bamboo Rainstick	MI-RS-B-1M	2.0000	4277.1429	7484	8764
49019	2026-02-06	wc-completed	7 Chakras Copper Water Bottles	7 Chakras Copper Water Bottles	CB-7CP-B	1.0000	1280.9524	6080	43436
49021	2026-02-06	wc-completed	Spiral/Snake Didgeridoo - Green	Spiral/Snake Didgeridoo	MI-DG-SP-G	1.0000	5700.0000	7324	7519
49022	2026-02-06	wc-completed	Tuning Fork Activators - Mallet	Tuning Fork Activators		1.0000	150.0000	48133	48182
49024	2026-02-06	wc-completed	Bird Flute - Brown, Single	Bird Flute		1.0000	261.9048	45754	45871
49025	2026-02-06	wc-completed	Bamboo Rainstick - 40cms	Bamboo Rainstick	MI-RS-B-40	1.0000	1423.8095	7484	8762
49026	2026-02-06	wc-completed	Coconut Maracas Shakers - Painted	Coconut Maracas Shakers	MI-CM	1.0000	1015.7143	7370	45395
49026	2026-02-06	wc-completed	Djembe Drums - Ivory, 8in	Djembe Drums		1.0000	3555.0000	44969	45038
49027	2026-02-07	wc-completed	Shruthi Thali/Gong Plates - E Plate	Shruthi Thali/Gong Plates		1.0000	9000.0000	45485	45490
49029	2026-02-07	wc-completed	Hi-Zafu Meditation Cushion - Filled with Buckwheat - Navy Blue	Hi-Zafu Meditation Cushion - Filled with Buckwheat	Me-C-HZ-NB	1.0000	980.0847	6755	9656
49030	2026-02-07	wc-completed	Singing Bowls with Sacred Mantra Printed - Black, 4 Inches	Singing Bowls with Sacred Mantra Printed	MI-SB-P-BK-4	1.0000	1471.4286	6807	6831
49028	2026-02-07	wc-completed	7 Chakras Copper Water Bottles with Handle	7 Chakras Copper Water Bottles with Handle	CB-7CV-B-1	1.0000	1152.8571	44503	44510
49031	2026-02-07	wc-completed	Thunder Tube - Basic Edition - 20cms	Thunder Tube - Basic Edition	MI-TT-20	1.0000	1135.7143	7317	46651
49031	2026-02-07	wc-completed	Ocean Drums - Plain, 30 cms	Ocean Drums	MI-OD-P-30	1.0000	1868.6441	9529	9532
49031	2026-02-07	wc-completed	Shamanic Drum Bags/Ocean Drum Bags - Small	Shamanic Drum Bags/Ocean Drum Bags		1.0000	891.0000	45131	45133
49031	2026-02-07	wc-completed	Coconut Rattle	Coconut Rattle	MI-CR	1.0000	895.7143	5730	0
49031	2026-02-07	wc-completed	Swinging Chimes - 6 Bars	Swinging Chimes	MI-SC-6	1.0000	6895.0000	10345	10346
49032	2026-02-07	wc-completed	Shamanic Drum - Butterfly, 45 cms	Shamanic Drum	MI-SD-B-45	1.0000	4766.9492	7293	9593
49033	2026-02-07	wc-completed	7 Chakras Mystical Incense Sticks Set - 7 Chakra Set	7 Chakras Mystical Incense Sticks Set	IS-7C	1.0000	411.4286	7687	7688
49034	2026-02-07	wc-completed	Classic Morchang Set - Full Set	Classic Morchang Set		1.0000	6300.0000	48653	48844
49036	2026-02-07	wc-completed	Bamboo Rainstick - 1m	Bamboo Rainstick	MI-RS-B-1M	1.0000	2376.1905	7484	8764
49038	2026-02-08	wc-completed	Bamboo Rainstick - 60cms	Bamboo Rainstick	MI-RS-B-60	1.0000	1710.0000	7484	8763
49038	2026-02-08	wc-completed	Kenari Chimes - Small & Large - Small	Kenari Chimes - Small & Large	MI-KR-CH-168	1.0000	3385.7143	45197	46430
49038	2026-02-08	wc-completed	Shankh/Conch - Medium	Shankh/Conch		1.0000	1242.8571	45449	45451
49039	2026-02-08	wc-completed	Kenari Chimes - Small & Large - Large	Kenari Chimes - Small & Large	MI-KR-CH-168	1.0000	4242.8571	45197	46431
49040	2026-02-08	wc-completed	Tuning Forks 7 Chakra Set - Colour Weighted, With Gem Foot	Tuning Forks 7 Chakra Set		1.0000	11250.0000	48193	48198
49041	2026-02-09	wc-completed	Singing Bowl Bags - Large	Singing Bowl Bags	MI-SB-Bag-L	1.0000	1746.6102	45127	45140
49044	2026-02-09	wc-completed	Kenari Chimes - Small & Large - Large	Kenari Chimes - Small & Large	MI-KR-CH-168	2.0000	8485.7143	45197	46431
49045	2026-02-09	wc-completed	Kenari Bracelet	Kenari Bracelet	MI-KR-BT	1.0000	1157.1429	42323	0
49048	2026-02-10	wc-completed	Shamanic Drum - Plain, 40 cms	Shamanic Drum	MI-SD-P-40	1.0000	4004.2373	7293	9589
49048	2026-02-10	wc-completed	Shamanic Drum Bags/Ocean Drum Bags - Medium	Shamanic Drum Bags/Ocean Drum Bags		1.0000	1071.0000	45131	46932
49049	2026-02-10	wc-completed	Ocean Drums - Plain, 35 cms	Ocean Drums	MI-OD-P-35	1.0000	2097.4576	9529	9533
49049	2026-02-10	wc-completed	Shruthi Thali/Gong Plates - B Plate	Shruthi Thali/Gong Plates		1.0000	6904.7619	45485	45486
49049	2026-02-10	wc-completed	Swinging Chimes - 9 Bars	Swinging Chimes	MI-SC-9	1.0000	8250.0000	10345	10347
49050	2026-02-10	wc-completed	Kenari Chimes - Small & Large - Small	Kenari Chimes - Small & Large	MI-KR-CH-168	1.0000	3761.9048	45197	46430
49051	2026-02-10	wc-completed	Bamboo Rainstick - 60cms	Bamboo Rainstick	MI-RS-B-60	1.0000	1710.0000	7484	8763
49051	2026-02-10	wc-completed	Tingsha Bell - Dark, Standard	Tingsha Bell		1.0000	1538.5714	5763	44935
49051	2026-02-10	wc-completed	Elemental Chimes	Elemental Chimes	MI-Ch-KS	1.0000	3300.0000	45194	0
49051	2026-02-10	wc-completed	Pangi Seed Shell Rattle	Pangi Seed Shell Rattle	MI-PS	1.0000	1842.8571	7356	0
49051	2026-02-10	wc-completed	Handcrafted Set of 7 Bowls for Sound Therapy - Standard-Octave 3, Full Moon	Handcrafted Set of 7 Bowls for Sound Therapy	MI-SB-7C Set-S-FM	1.0000	62380.9524	7887	9195
49052	2026-02-10	wc-completed	Gong Stand - Light, Extra Large	Gong Stand		1.0000	7232.1429	45289	46254
49052	2026-02-10	wc-completed	Ocean Drums - Plain, 30 cms	Ocean Drums	MI-OD-P-30	1.0000	1868.6441	9529	9532
49052	2026-02-10	wc-completed	Kenari Seed Shell Shakers - Large	Kenari Seed Shell Shakers	MI-KR-S-L	1.0000	1842.8571	7472	7511
49053	2026-02-10	wc-completed	Conscious Cards	Conscious Cards		1.0000	1349.1000	45533	0
49042	2026-02-09	wc-completed	Eye Shaped Natural Lavender Scented Eye Pillows - Rose	Eye Shaped Natural Lavender Scented Eye Pillows	Yo-P-E-RE-1	1.0000	334.7458	9220	9221
49042	2026-02-09	wc-completed	Ocean Drums - Dream Catcher, 35 cms	Ocean Drums	MI-OD-D-35	1.0000	2377.1186	9529	9537
49054	2026-02-10	wc-completed	Bird Flute - Brown, Single	Bird Flute		1.0000	261.9048	45754	45871
49055	2026-02-10	wc-completed	7 Chakra Morchang Set - F Tune	7 Chakra Morchang Set		1.0000	2650.0000	48727	48731
49055	2026-02-10	wc-completed	Bamboo Castanet	Bamboo Castanet	MI-CN-B	1.0000	709.5238	7329	0
49056	2026-02-11	wc-completed	Elemental Chimes	Elemental Chimes	MI-Ch-KS	1.0000	3666.6667	45194	0
49057	2026-02-11	wc-completed	Round Yoga Bolster - Sage	Round Yoga Bolster	Yo-BR-R-SE	1.0000	1182.2034	6689	6692
49058	2026-02-11	wc-completed	7 Chakras Mystical Incense Sticks Set - 7 Chakra Set	7 Chakras Mystical Incense Sticks Set	IS-7C	1.0000	457.1429	7687	7688
49059	2026-02-11	wc-completed	Shruti Box - 2 Octaves	Shruti Box		1.0000	10710.0000	44970	45004
49060	2026-02-11	wc-completed	Bird Flute - Brown, Single	Bird Flute		1.0000	235.7143	45754	45871
49061	2026-02-11	wc-completed	Tuning Forks 7 Chakra Set - Colour Weighted, With Gem Foot	Tuning Forks 7 Chakra Set		1.0000	10125.0000	48193	48198
49063	2026-02-12	wc-completed	Bird Flute - Brown, Single	Bird Flute		1.0000	261.9048	45754	45871
49064	2026-02-12	wc-completed	Bamboo Rainstick - 1m	Bamboo Rainstick	MI-RS-B-1M	1.0000	2138.5714	7484	8764
49064	2026-02-12	wc-completed	Singing Bowl Bags - Large	Singing Bowl Bags	MI-SB-Bag-L	1.0000	1746.6102	45127	45140
49065	2026-02-12	wc-completed	Wooden Mallets for Singing Bowls - Straight, Red	Wooden Mallets for Singing Bowls	MI-SB-M-R-S	1.0000	171.4286	6978	43369
49066	2026-02-12	wc-completed	Kenari Seed Shell Shakers - Large	Kenari Seed Shell Shakers	MI-KR-S-L	1.0000	2047.6190	7472	7511
49066	2026-02-12	wc-completed	Bamboo Rainstick - 1m	Bamboo Rainstick	MI-RS-B-1M	1.0000	2376.1905	7484	8764
49067	2026-02-12	wc-completed	8 Keys Metallophone - with 1” & 1.5” key-widths - 1.5 inch	8 Keys Metallophone - with 1” & 1.5” key-widths	MI-XP-SP-1.5-8	1.0000	8348.2143	42332	42339
49068	2026-02-12	wc-completed	Bird Flute - Brown, Pair	Bird Flute		1.0000	385.7143	45754	45872
49068	2026-02-12	wc-completed	Pangi Seed Shell Rattle	Pangi Seed Shell Rattle	MI-PS	1.0000	1842.8571	7356	0
49068	2026-02-12	wc-completed	Shamanic Drum - Tree of Life, 45 cms	Shamanic Drum	MI-SD-B	1.0000	4766.9492	7293	48065
49068	2026-02-12	wc-completed	Tingsha Bell - Etched, Standard	Tingsha Bell		1.0000	1538.5714	5763	44937
49068	2026-02-12	wc-completed	Swinging Chimes - 9 Bars	Swinging Chimes	MI-SC-9	1.0000	8250.0000	10345	10347
49068	2026-02-12	wc-completed	Kenari Chimes - Small & Large - Large	Kenari Chimes - Small & Large	MI-KR-CH-168	1.0000	4242.8571	45197	46431
49068	2026-02-12	wc-completed	Kenari Seed Shell Shakers - Large	Kenari Seed Shell Shakers	MI-KR-S-L	1.0000	1842.8571	7472	7511
49068	2026-02-12	wc-completed	Elemental Chimes	Elemental Chimes	MI-Ch-KS	1.0000	3300.0000	45194	0
49068	2026-02-12	wc-completed	Tibetan Buddhist Bell - Large	Tibetan Buddhist Bell	MI-BB-3.5	1.0000	1585.7143	6973	9200
49068	2026-02-12	wc-completed	Gong Stand - Dark, Medium	Gong Stand		1.0000	5986.6071	45289	45298
49068	2026-02-12	wc-completed	Ocean Drums - Dream Catcher, 40 cms	Ocean Drums	MI-OD-D-40	1.0000	2631.3559	9529	9538
49068	2026-02-12	wc-completed	Hanging Bowls/Zen Drops - Set of 3	Hanging Bowls/Zen Drops		1.0000	7671.4286	45113	45118
49068	2026-02-12	wc-completed	Gong Bags - Standard	Gong Bags		1.0000	1487.2881	45152	45153
49068	2026-02-12	wc-completed	32 Rods - Bar Chime	25 Rods - Bar Chime	MI-BCH-32	1.0000	4957.6271	42389	0
49068	2026-02-12	wc-completed	Etched Plain/Wind Gong - Flower of Life, 20 in	Etched Wind Gong	MI-G-ET-FOL1-20	1.0000	19928.5714	8846	10272
49069	2026-02-12	wc-completed	Shamanic Drum - Plain, 40 cms	Shamanic Drum	MI-SD-P-40	1.0000	4004.2373	7293	9589
49069	2026-02-12	wc-completed	Shamanic Drum Bags/Ocean Drum Bags - Medium	Shamanic Drum Bags/Ocean Drum Bags		1.0000	1071.0000	45131	46932
49070	2026-02-12	wc-completed	7 Chakras Mystical Incense Sticks Set - Pure Musk	7 Chakras Mystical Incense Sticks Set		2.0000	152.3810	7687	7693
49070	2026-02-12	wc-completed	7 Chakras Mystical Incense Sticks Set - Pure Sandalwood	7 Chakras Mystical Incense Sticks Set		2.0000	152.3810	7687	7695
49070	2026-02-12	wc-completed	Copper Tongue Cleaner - Pack of 4, Straight	Copper Tongue Cleaner	TC-R-1	1.0000	376.1905	5042	7812
49071	2026-02-12	wc-completed	Handcrafted Set of 7 Bowls for Sound Therapy - Standard-Octave 3, Full Moon	Handcrafted Set of 7 Bowls for Sound Therapy	MI-SB-7C Set-S-FM	1.0000	62380.9524	7887	9195
49072	2026-02-12	wc-completed	Dotted Singing Bowl - 4 inch	Dotted Singing Bowl	MI-SB-H-4	1.0000	1566.6667	6892	6901
49073	2026-02-12	wc-completed	Singing Bowls Silk Ring Cushion Accessories - 18 cms, Red	Singing Bowls Silk Ring Cushion Accessories	MI-SB-C-R-18	1.0000	295.7143	6988	7799
49073	2026-02-12	wc-completed	Singing Bowls Silk Ring Cushion Accessories - 16 cms, Orange	Singing Bowls Silk Ring Cushion Accessories	MI-SB-C-O-16	1.0000	278.5714	6988	7789
49073	2026-02-12	wc-completed	Singing Bowls Silk Ring Cushion Accessories - 14 cms, Yellow	Singing Bowls Silk Ring Cushion Accessories	MI-SB-C-Y-14	1.0000	252.8571	6988	44188
49073	2026-02-12	wc-completed	Singing Bowls Silk Ring Cushion Accessories - 12 cms, Navy Blue	Singing Bowls Silk Ring Cushion Accessories	MI-SB-C-NB-12	1.0000	235.7143	6988	7774
49073	2026-02-12	wc-completed	Singing Bowls Silk Ring Cushion Accessories - 10 cms, Green	Singing Bowls Silk Ring Cushion Accessories	MI-SB-C-G-10	1.0000	210.0000	6988	7765
49073	2026-02-12	wc-completed	Singing Bowls Silk Ring Cushion Accessories - 10 cms, Brown	Singing Bowls Silk Ring Cushion Accessories	MI-SB-C-Bn-10	1.0000	210.0000	6988	7770
49073	2026-02-12	wc-completed	Bamboo Rainstick - 1m	Bamboo Rainstick	MI-RS-B-1M	1.0000	2138.5714	7484	8764
49073	2026-02-12	wc-completed	Ocean Drums - Dream Catcher, 35 cms	Ocean Drums	MI-OD-D-35	1.0000	2139.4068	9529	9537
49073	2026-02-12	wc-completed	Kenari Seed Shell Shakers - Large	Kenari Seed Shell Shakers	MI-KR-S-L	1.0000	1842.8571	7472	7511
49073	2026-02-12	wc-completed	Thunder Tube - Basic Edition - 20cms	Thunder Tube - Basic Edition	MI-TT-20	1.0000	1135.7143	7317	46651
49074	2026-02-12	wc-completed	Jala Neti Pot - Ceramic 185 ml - Mint Green	Jala Neti Pot - Ceramic 185 ml	NP-MG-185	1.0000	186.8644	5769	6336
49074	2026-02-12	wc-completed	11 Note Tongue Drum - White, 6 inches	11 Note Tongue Drum		1.0000	4700.8929	42373	42412
49074	2026-02-12	wc-completed	Bamboo Rainstick - 60cms	Bamboo Rainstick	MI-RS-B-60	1.0000	1710.0000	7484	8763
49074	2026-02-12	wc-completed	Elemental Chimes	Elemental Chimes	MI-Ch-KS	1.0000	3300.0000	45194	0
49074	2026-02-12	wc-completed	Jala Neti Pot - Ceramic 185 ml - White	Jala Neti Pot - Ceramic 185 ml	NP-W-185	1.0000	186.8644	5769	5826
49075	2026-02-12	wc-completed	Lotus Yoga Mat - Superior, Teal	Lotus Yoga Mat		1.0000	1895.2381	46171	46196
49075	2026-02-12	wc-completed	Yoga Belt/Strap for Sturdy Grip - Sky Blue	Yoga Belt/Strap for Sturdy Grip	Yo-BL-D-SB	1.0000	328.5714	6530	6545
49075	2026-02-12	wc-completed	Eye Shaped Natural Lavender Scented Eye Pillows - Rose	Eye Shaped Natural Lavender Scented Eye Pillows	Yo-P-E-RE-1	1.0000	334.7458	9220	9221
49076	2026-02-12	wc-completed	Shruti Box - 2 Octaves	Shruti Box		1.0000	11900.0000	44970	45004
49077	2026-02-13	wc-completed	Elemental Chimes	Elemental Chimes	MI-Ch-KS	1.0000	3666.6667	45194	0
49078	2026-02-13	wc-completed	Mayura Morchang Set - Full Set	Mayura Morchang Set		1.0000	6525.0000	48856	48860
49079	2026-02-13	wc-completed	Singing Bowls Silk Ring Cushion Accessories - Combo of 7	Singing Bowls Silk Ring Cushion Accessories		1.0000	2138.0952	6988	46268
49081	2026-02-13	wc-completed	Shamanic Drum Bags/Ocean Drum Bags - Medium	Shamanic Drum Bags/Ocean Drum Bags		1.0000	1190.0000	45131	46932
49081	2026-02-13	wc-completed	Ocean Drums - Dream Catcher, 35 cms	Ocean Drums	MI-OD-D-35	1.0000	2377.1186	9529	9537
49081	2026-02-13	wc-completed	Bamboo Rainstick - 60cms	Bamboo Rainstick	MI-RS-B-60	1.0000	1900.0000	7484	8763
49083	2026-02-13	wc-completed	Jala Neti Pot - Ceramic 185 ml - Mint Green	Jala Neti Pot - Ceramic 185 ml	NP-MG-185	1.0000	207.6271	5769	6336
49084	2026-02-14	wc-completed	Eye Shaped Natural Lavender Scented Eye Pillows - Rose	Eye Shaped Natural Lavender Scented Eye Pillows	Yo-P-E-RE-1	1.0000	301.2712	9220	9221
49084	2026-02-14	wc-completed	Gong Stand - Light, Extra Large	Gong Stand		1.0000	7232.1429	45289	46254
49088	2026-02-14	wc-completed	Triad Crystal Bowl Set - EGB	Triad Crystal Bowl Set		1.0000	25360.1695	45668	47896
49089	2026-02-14	wc-completed	Shamanic Drum - Plain, 45 cms	Shamanic Drum	MI-SD-P-45	1.0000	4957.6271	7293	9590
49090	2026-02-14	wc-completed	Pulse Tubes - Medium	Pulse Tubes		1.0000	1935.0000	48512	48761
49091	2026-02-14	wc-completed	Coconut Rattle	Coconut Rattle	MI-CR	1.0000	995.2381	5730	0
49091	2026-02-14	wc-completed	Bamboo Rainstick - 40cms	Bamboo Rainstick	MI-RS-B-40	1.0000	1423.8095	7484	8762
49095	2026-02-15	wc-completed	Zen Meditation Bench - Large	Zen Meditation Bench	ME-Cu	1.0000	3093.2203	9763	45269
49095	2026-02-15	wc-completed	Crescent Zafu Cushion - Wide - Rouge Pink	Crescent Zafu Cushion - Wide	Me-C-Z-L-RP-1	1.0000	970.3390	47494	47495
49095	2026-02-15	wc-completed	Zafu Meditation Cushion Plain Filled with Cotton - Rose	Zafu Meditation Cushion Plain Filled with Cotton	Me-Z-R-C-RE	1.0000	1004.2373	6711	6732
49096	2026-02-15	wc-completed	7 Chakras Copper Water Bottles	7 Chakras Copper Water Bottles	CB-7CP-B	1.0000	1280.9524	6080	43436
49096	2026-02-15	wc-completed	7 Chakras Vintage - Copper Bottle	7 Chakras Vintage - Copper Bottle		1.0000	1185.7143	5682	5786
49097	2026-02-15	wc-completed	Bamboo Rainstick - 1m	Bamboo Rainstick	MI-RS-B-1M	1.0000	2138.5714	7484	8764
49097	2026-02-15	wc-completed	Eye Shaped Natural Lavender Scented Eye Pillows - Rose	Eye Shaped Natural Lavender Scented Eye Pillows	Yo-P-E-RE-1	1.0000	301.2712	9220	9221
49097	2026-02-15	wc-completed	Ocean Drums - Dream Catcher, 35 cms	Ocean Drums	MI-OD-D-35	1.0000	2139.4068	9529	9537
49097	2026-02-15	wc-completed	Shamanic Drum Bags/Ocean Drum Bags - Medium	Shamanic Drum Bags/Ocean Drum Bags		1.0000	1071.0000	45131	46932
49097	2026-02-15	wc-completed	Pangi Seed Shell Rattle	Pangi Seed Shell Rattle	MI-PS	1.0000	1842.8571	7356	0
49099	2026-02-16	wc-completed	Etched Handmade Singing Bowls - Buddha, 8 in	Etched Handmade Singing Bowls	MI-SB-H-ET-B-8	1.0000	13809.5238	9795	9861
49099	2026-02-16	wc-completed	"Wooden Mallets for Singing Bowls - Long Soft-11"", Red"	Wooden Mallets for Singing Bowls	MI-SB-M-L-R-11	1.0000	614.2857	6978	43375
49099	2026-02-16	wc-completed	Wooden Mallets for Singing Bowls - Straight, Red	Wooden Mallets for Singing Bowls	MI-SB-M-R-S	1.0000	190.4762	6978	43369
49100	2026-02-16	wc-completed	Tuning Fork Extensions - Extender	Tuning Fork Extensions		1.0000	450.0000	48135	48162
49100	2026-02-16	wc-completed	Tuning Fork Extensions - Massage Boot	Tuning Fork Extensions		4.0000	2360.0000	48135	48164
49102	2026-02-16	wc-completed	Swinging Chimes - 9 Bars	Swinging Chimes	MI-SC-9	1.0000	8250.0000	10345	10347
49102	2026-02-16	wc-completed	Bamboo Rainstick - 1m	Bamboo Rainstick	MI-RS-B-1M	1.0000	2376.1905	7484	8764
49104	2026-02-16	wc-completed	Singing Bowl with Mantra - Rustic Blue Colour - 7 Inches	Singing Bowl with Mantra - Rustic Blue Colour	MI-SB-RB-7	1.0000	1661.9048	6861	7287
49107	2026-02-16	wc-completed	Singing Bowls Silk Ring Cushion Accessories - 10 cms, Orange	Singing Bowls Silk Ring Cushion Accessories	MI-SB-C-O-10	1.0000	233.3333	6988	7768
49107	2026-02-16	wc-completed	Singing Bowls Silk Ring Cushion Accessories - 10 cms, Red	Singing Bowls Silk Ring Cushion Accessories	MI-SB-C-R-10	1.0000	233.3333	6988	7771
49108	2026-02-16	wc-completed	Asalato/Aslatau or Kashaka Shaker - Plain, Single	Asalato/Aslatau or Kashaka Shaker	MI-AS	1.0000	1152.8571	7300	46377
49108	2026-02-16	wc-completed	Bird Flute - Brown, Single	Bird Flute		1.0000	235.7143	45754	45871
49108	2026-02-16	wc-completed	Pulse Tubes - Medium	Pulse Tubes		1.0000	1935.0000	48512	48761
49108	2026-02-16	wc-completed	Caxixi	Caxixi	Mi-CX-M-N	1.0000	1157.1429	42317	0
49108	2026-02-16	wc-completed	Kenari Seed Shell Shakers - Large	Kenari Seed Shell Shakers	MI-KR-S-L	1.0000	1842.8571	7472	7511
49187	2026-02-16	wc-completed	Dotted Singing Bowl - Deep 5.5 Inch	Dotted Singing Bowl	MI-SB-D-7	1.0000	2271.4286	6892	42911
49188	2026-02-16	wc-completed	Handmade Universal Bowl for Sound Healing	Handmade Universal Bowl for Sound Healing	MI-SB-HM-UN	1.0000	7671.4286	8143	0
49188	2026-02-16	wc-completed	Singing Bowl Bags - Small	Singing Bowl Bags	MI-SB-Bag-S	1.0000	1365.2542	45127	45138
49189	2026-02-17	wc-completed	Crystal Bowls - Set of 7	Crystal Bowls - Set of 7		1.0000	68262.7119	43219	43232
49189	2026-02-17	wc-completed	Triad Crystal Bowl Set - CEG	Triad Crystal Bowl Set		1.0000	27137.2881	45668	47894
49190	2026-02-17	wc-completed	Etched Plain/Wind Gong - Shakti Chakra, 16 in	Etched Wind Gong	MI-G-ET-SC-16	1.0000	15190.4762	8846	10286
49190	2026-02-17	wc-completed	Crystal Bowl Bag - Large	Crystal Bowl Bag		1.0000	1850.0000	47081	47084
49212	2026-02-17	wc-completed	Triad Crystal Bowl Set - CEG	Triad Crystal Bowl Set		1.0000	27137.2881	45668	47894
49214	2026-02-17	wc-completed	Jala Neti Pot - Ceramic 185 ml - Blue	Jala Neti Pot - Ceramic 185 ml	NP-B-185	1.0000	186.8644	5769	6918
49214	2026-02-17	wc-completed	Jala Neti Pot - Ceramic 185 ml - Mint Green	Jala Neti Pot - Ceramic 185 ml	NP-MG-185	1.0000	186.8644	5769	6336
49215	2026-02-17	wc-completed	Tuning Forks 7 Chakra Set - Weighted, Without Gem Foot	Tuning Forks 7 Chakra Set		1.0000	8991.0000	48193	48195
49215	2026-02-17	wc-completed	Tuning Fork Extensions - Massage Boot	Tuning Fork Extensions		2.0000	1062.0000	48135	48164
49218	2026-02-17	wc-completed	Eye Shaped Natural Lavender Scented Eye Pillows - Rose	Eye Shaped Natural Lavender Scented Eye Pillows	Yo-P-E-RE-1	4.0000	1338.9831	9220	9221
49218	2026-02-17	wc-completed	8 Keys Metallophone - with 1” & 1.5” key-widths - 1 inch	8 Keys Metallophone - with 1” & 1.5” key-widths	MI-XP-SP-1-8	1.0000	6830.3571	42332	42338
49221	2026-02-18	wc-completed	Hi-Zafu Meditation Cushion - Filled with Buckwheat - Ivory	Hi-Zafu Meditation Cushion - Filled with Buckwheat	Me-C-HZ-I	1.0000	980.0847	6755	9660
49225	2026-02-18	wc-completed	7 Chakras Copper Water Bottles with Handle	7 Chakras Copper Water Bottles with Handle	CB-7CV-B-1	1.0000	1280.9524	44503	44510
49225	2026-02-18	wc-completed	7 Chakras Copper Water Bottles with Handle	7 Chakras Copper Water Bottles with Handle	CB-7CP-B-1	1.0000	1280.9524	44503	44506
49227	2026-02-18	wc-completed	Asalato/Aslatau or Kashaka Shaker - Plain, Pair	Asalato/Aslatau or Kashaka Shaker	MI-AS	1.0000	2333.3333	7300	46378
49229	2026-02-19	wc-completed	Ocean Drums - Dream Catcher, 35 cms	Ocean Drums	MI-OD-D-35	1.0000	2139.4068	9529	9537
49231	2026-02-19	wc-completed	Bamboo Rainstick - 60cms	Bamboo Rainstick	MI-RS-B-60	1.0000	1900.0000	7484	8763
49232	2026-02-19	wc-completed	Swinging Chimes - 9 Bars	Swinging Chimes	MI-SC-9	1.0000	8250.0000	10345	10347
49233	2026-02-19	wc-completed	S-Shaped Didgeridoo - Blue	S-Shaped Didgeridoo	MI-DG-S-B	1.0000	6642.8571	7307	7316
49234	2026-02-19	wc-completed	Pulse Tubes - Medium	Pulse Tubes		1.0000	1935.0000	48512	48761
49234	2026-02-19	wc-completed	Tingsha Bell - Golden, Small	Tingsha Bell		1.0000	1414.2857	5763	44932
49236	2026-02-19	wc-completed	Singing Bowl with Handle	Singing Bowl with Handle		1.0000	8750.0000	48931	0
49238	2026-02-19	wc-completed	Mayura Morchang Set - Middle	Mayura Morchang Set		1.0000	2385.0000	48856	48858
49239	2026-02-19	wc-completed	Elemental Chimes	Elemental Chimes	MI-Ch-KS	1.0000	3666.6667	45194	0
49240	2026-02-20	wc-completed	Root Chakra Singing Bowl	Root Chakra Singing Bowl		1.0000	13277.1429	45469	0
49241	2026-02-20	wc-completed	Native American Style Flute – Handcrafted Wooden Melody Maker	Native American Style Flutes		1.0000	17900.0000	48428	0
49243	2026-02-20	wc-completed	Shamanic Drum - Plain, 30 cms	Shamanic Drum	MI-SD-P-30	1.0000	3546.6102	7293	9588
49244	2026-02-20	wc-completed	S-Shaped Didgeridoo - Green	S-Shaped Didgeridoo	MI-DG-S-G	1.0000	7380.9524	7307	7314
49245	2026-02-20	wc-completed	Bamboo Rainstick - 40cms	Bamboo Rainstick	MI-RS-B-40	1.0000	1281.4286	7484	8762
49245	2026-02-20	wc-completed	Handheld Natural Coconut Shaker	Handheld Natural Coconut Shaker	MI-CS-H	1.0000	810.0000	5713	0
49246	2026-02-21	wc-completed	Bamboo Rainstick - 1m	Bamboo Rainstick	MI-RS-B-1M	1.0000	2138.5714	7484	8764
49247	2026-02-21	wc-completed	Kenari Chimes - Small & Large - Small	Kenari Chimes - Small & Large	MI-KR-CH-168	1.0000	3385.7143	45197	46430
49247	2026-02-21	wc-completed	Ocean Drums - Plain, 40 cms	Ocean Drums	MI-OD-P-40	1.0000	2478.8136	9529	9534
49247	2026-02-21	wc-completed	Shamanic Drum Bags/Ocean Drum Bags - Small	Shamanic Drum Bags/Ocean Drum Bags		1.0000	891.0000	45131	45133
49247	2026-02-21	wc-completed	Round Yoga Bolster - Navy Blue	Round Yoga Bolster	Yo-BR-R-NB	1.0000	1182.2034	6689	6693
49248	2026-02-21	wc-completed	Spiral/Snake Didgeridoo - Red	Spiral/Snake Didgeridoo	MI-DG-SP-R	1.0000	5700.0000	7324	7520
49249	2026-02-21	wc-completed	Bamboo Rainstick - 1m	Bamboo Rainstick	MI-RS-B-1M	1.0000	2138.5714	7484	8764
49249	2026-02-21	wc-completed	Ocean Drums - Flower of Life, 40 cms	Ocean Drums		1.0000	2631.3559	9529	44653
49249	2026-02-21	wc-completed	Shruthi Thali/Gong Plates - G Plate	Shruthi Thali/Gong Plates		1.0000	8047.6190	45485	45488
49255	2026-02-22	wc-completed	Wooden Mallets for Singing Bowls - Thick Wide, Black	Wooden Mallets for Singing Bowls	MI-SB-M-R-Wd-4.5	1.0000	244.2857	6978	43378
49255	2026-02-22	wc-completed	"Wooden Mallets for Singing Bowls - Long Soft-9"", White"	Wooden Mallets for Singing Bowls	MI-SB-M-L-W-9	1.0000	552.8571	6978	43372
49255	2026-02-22	wc-completed	Wooden Mallets for Singing Bowls - Long Firm-Small, White	Wooden Mallets for Singing Bowls	MI-SB-M-R-Wd-4.5	1.0000	467.1429	6978	43383
49256	2026-02-22	wc-completed	7 Chakras Copper Water Bottles with Handle	7 Chakras Copper Water Bottles with Handle	CB-7CV-B-1	1.0000	1280.9524	44503	44510
49256	2026-02-22	wc-completed	Bird Flute - Brown, Single	Bird Flute		1.0000	261.9048	45754	45871
49257	2026-02-23	wc-completed	7 Chakras Copper Water Bottles	7 Chakras Copper Water Bottles	CB-7CP	1.0000	1067.1429	6080	43437
49260	2026-02-23	wc-completed	Bamboo Rainstick - 1m	Bamboo Rainstick	MI-RS-B-1M	1.0000	2138.5714	7484	8764
49260	2026-02-23	wc-completed	Kenari Seed Shell Shakers - Large	Kenari Seed Shell Shakers	MI-KR-S-L	1.0000	1842.8571	7472	7511
49261	2026-02-23	wc-completed	7 Chakra Morchang Set - C Tune	7 Chakra Morchang Set		1.0000	2650.0000	48727	48728
49263	2026-02-23	wc-completed	Swinging Chimes - 9 Bars	Swinging Chimes	MI-SC-9	1.0000	8250.0000	10345	10347
49263	2026-02-23	wc-completed	Bamboo Rainstick - 60cms	Bamboo Rainstick	MI-RS-B-60	1.0000	1900.0000	7484	8763
49264	2026-02-23	wc-completed	Gong Stand - Dark, Large	Gong Stand		1.0000	7544.6429	45289	45299
49266	2026-02-23	wc-completed	Bendo Chimes	Bendo Chimes		1.0000	5355.0000	47751	0
49266	2026-02-23	wc-completed	Shamanic Drum Bags/Ocean Drum Bags - Large	Shamanic Drum Bags/Ocean Drum Bags		1.0000	1161.0000	45131	45134
49266	2026-02-23	wc-completed	Ocean Drums - Dream Catcher, 40 cms	Ocean Drums	MI-OD-D-40	1.0000	2631.3559	9529	9538
49266	2026-02-23	wc-completed	Bamboo Rainstick - 1m	Bamboo Rainstick	MI-RS-B-1M	1.0000	2138.5714	7484	8764
49266	2026-02-23	wc-completed	Swinging Chimes - 9 Bars	Swinging Chimes	MI-SC-9	1.0000	8250.0000	10345	10347
49273	2026-02-24	wc-completed	Bamboo Rainstick - 60cms	Bamboo Rainstick	MI-RS-B-60	1.0000	1710.0000	7484	8763
49276	2026-02-24	wc-completed	Singing Bowls with Sacred Mantra Printed - Red, 4 Inches	Singing Bowls with Sacred Mantra Printed	MI-SB-P-R-4	1.0000	1324.2857	6807	6828
49277	2026-02-24	wc-completed	Tuning Fork Extensions - Circuit Boot	Tuning Fork Extensions		1.0000	621.0000	48135	48163
49277	2026-02-24	wc-completed	Tuning Fork - Single Weighted & Unweighted - Weighted, 128 Hz	Tuning Fork - Single Weighted & Unweighted	MI-TF-W-128	1.0000	1962.8571	9713	9715
49278	2026-02-24	wc-completed	Zafu & Zabuton Meditation Cushion Combo - Lotus Embroidery - Lavender	Zafu & Zabuton Meditation Cushion Combo - Lotus Embroidery	Co-Me-C-Z-Zn-LR-E-L	1.0000	2284.3220	9312	9313
49278	2026-02-24	wc-completed	Heart Chakra Singing Bowl	Heart Chakra Singing Bowl		1.0000	9420.0000	45473	0
49279	2026-02-24	wc-completed	Singing Bowls with Sacred Mantra Printed - Gold, 4 Inches	Singing Bowls with Sacred Mantra Printed	MI-SB-P-W-4	1.0000	1324.2857	6807	7289
49280	2026-02-24	wc-completed	Shamanic Drum - Tree of Life, 45 cms	Shamanic Drum	MI-SD-B	1.0000	5296.6102	7293	48065
49280	2026-02-24	wc-completed	Shamanic Drum Bags/Ocean Drum Bags - Large	Shamanic Drum Bags/Ocean Drum Bags		1.0000	1290.0000	45131	45134
49281	2026-02-25	wc-completed	Elemental Chimes	Elemental Chimes	MI-Ch-KS	1.0000	3666.6667	45194	0
49282	2026-02-25	wc-completed	Tuning Fork - Single Weighted & Unweighted - Weighted, 136.10 Hz	Tuning Fork - Single Weighted & Unweighted		1.0000	2180.9524	9713	9716
49284	2026-02-25	wc-completed	7 Chakras Copper Water Bottles	7 Chakras Copper Water Bottles	CB-7CP-B-.5	1.0000	852.8571	6080	43434
49288	2026-02-25	wc-completed	11 Note Tongue Drum - White, 12 inches	11 Note Tongue Drum		1.0000	6308.0357	42373	42411
49294	2026-02-26	wc-completed	7 Chakras Vintage - Copper Bottle	7 Chakras Vintage - Copper Bottle		1.0000	1280.9524	5682	43492
49297	2026-02-26	wc-completed	Gong Stand - Dark, Large	Gong Stand		1.0000	6790.1786	45289	45299
49299	2026-02-26	wc-completed	Wooden Maracas Shakers | Plain & Dot Painted - Plain	Wooden Maracas Shakers | Plain & Dot Painted	MI-WM	1.0000	844.2857	7542	44153
49299	2026-02-26	wc-completed	Painted Egg Shakers - Artistically Designed	Painted Egg Shakers	MI-ES-P-A	1.0000	792.8571	7404	7416
49299	2026-02-26	wc-completed	Crescent Zafu Cushion - Compact - Sage	Crescent Zafu Cushion - Compact		1.0000	827.5424	47508	47525
49303	2026-02-26	wc-completed	Copper Bottle Gift Set - 7 Chakra - Vintage	Copper Bottle Gift Set - 7 Chakra		1.0000	1500.0000	6638	48680
49306	2026-02-26	wc-completed	Zabuton Cushion for Meditation - Navy Blue	Zabuton Cushion for Meditation	Me-C-Zn-NB	1.0000	1521.6102	6780	6794
49307	2026-02-26	wc-completed	Dumru/Dumroo Indian Handmade Percussion Instrument - Plain	Dumru/Dumroo Indian Handmade Percussion Instrument		1.0000	261.9048	5740	47720
49310	2026-02-26	wc-completed	Mayura Morchang Set - Sharp	Mayura Morchang Set		1.0000	2385.0000	48856	48857
49311	2026-02-26	wc-completed	Kenari Seed Shell Shakers - Large	Kenari Seed Shell Shakers	MI-KR-S-L	1.0000	1842.8571	7472	7511
49312	2026-02-26	wc-completed	Bird Flute - Brown, Single	Bird Flute		1.0000	261.9048	45754	45871
49319	2026-02-27	wc-completed	Bird Flute - Green, Single	Bird Flute		1.0000	357.1429	45754	48646
49319	2026-02-27	wc-completed	Ocean Drums - Dream Catcher, 30 cms	Ocean Drums	MI-OD-D-30	1.0000	2161.0169	9529	9536
49320	2026-02-27	wc-completed	Crystal Bowls - Set of 7	Crystal Bowls - Set of 7		1.0000	59872.8814	43219	43231
49321	2026-02-27	wc-completed	Shankh/Conch - Large	Shankh/Conch		1.0000	1585.7143	45449	45452
49322	2026-02-27	wc-completed	Caxixi	Caxixi	Mi-CX-M-N	1.0000	1285.7143	42317	0
49326	2026-02-28	wc-completed	Tuning Fork Activators - Activator	Tuning Fork Activators		1.0000	135.0000	48133	48181
49326	2026-02-28	wc-completed	Tuning Forks Gem Feet - Full Set	Tuning Forks Gem Feet		1.0000	1305.0000	48136	48179
49326	2026-02-28	wc-completed	Tuning Fork Extensions - Massage Boot	Tuning Fork Extensions		1.0000	531.0000	48135	48164
49326	2026-02-28	wc-completed	Crystal Bowl Bag - Large	Crystal Bowl Bag		1.0000	1665.0000	47081	47084
49327	2026-02-28	wc-completed	Tuning Fork Extensions - Circuit Boot	Tuning Fork Extensions		1.0000	621.0000	48135	48163
49327	2026-02-28	wc-completed	Tuning Forks Gem Feet - Violet	Tuning Forks Gem Feet		1.0000	225.0000	48136	48140
49327	2026-02-28	wc-completed	Tuning Forks Gem Feet - Maroon	Tuning Forks Gem Feet		1.0000	225.0000	48136	48138
49329	2026-02-28	wc-completed	Triad Crystal Bowl Set - DFA	Triad Crystal Bowl Set		1.0000	26122.8814	45668	47895
49331	2026-02-28	wc-completed	8 Keys Metallophone - with 1” & 1.5” key-widths - 1 inch	8 Keys Metallophone - with 1” & 1.5” key-widths	MI-XP-SP-1-8	1.0000	6830.3571	42332	42338
49333	2026-03-01	wc-completed	Ocean Drums - Dream Catcher, 40 cms	Ocean Drums	MI-OD-D-40	1.0000	2631.3559	9529	9538
49334	2026-03-01	wc-completed	Tuning Fork - Single Weighted & Unweighted - Unweighted, 432 Hz	Tuning Fork - Single Weighted & Unweighted		1.0000	1277.1429	9713	9749
49335	2026-03-01	wc-completed	Tuning Fork Extensions - Massage Boot	Tuning Fork Extensions		1.0000	590.0000	48135	48164
49335	2026-03-01	wc-completed	Tuning Fork - Single Weighted & Unweighted - Weighted, 93.96 Hz	Tuning Fork - Single Weighted & Unweighted		1.0000	2180.9524	9713	48274
49337	2026-03-02	wc-completed	Bamboo Rainstick - 1m	Bamboo Rainstick	MI-RS-B-1M	1.0000	2376.1905	7484	8764
49339	2026-03-02	wc-completed	Jala Neti Pot - Ceramic 185 ml - White	Jala Neti Pot - Ceramic 185 ml	NP-W-185	1.0000	207.6271	5769	5826
49340	2026-03-02	wc-completed	Bamboo Rainstick - 60cms	Bamboo Rainstick	MI-RS-B-60	1.0000	1710.0000	7484	8763
49340	2026-03-02	wc-completed	Ocean Drums - Flower of Life, 35 cms	Ocean Drums		1.0000	2173.7288	9529	44652
49340	2026-03-02	wc-completed	32 Rods - Bar Chime	25 Rods - Bar Chime	MI-BCH-32	1.0000	4957.6271	42389	0
49340	2026-03-02	wc-completed	Tibetan Buddhist Bell - Small	Tibetan Buddhist Bell	MI-BB-2	1.0000	1157.1429	6973	9198
49341	2026-03-02	wc-completed	7 Chakras Copper Water Bottles	7 Chakras Copper Water Bottles	CB-7CP-B-.5	1.0000	852.8571	6080	43434
49342	2026-03-02	wc-completed	Dotted Singing Bowl - 4 inch	Dotted Singing Bowl	MI-SB-H-4	1.0000	1566.6667	6892	6901
49345	2026-03-02	wc-completed	Bamboo Rainstick - 1m	Bamboo Rainstick	MI-RS-B-1M	1.0000	2376.1905	7484	8764
49346	2026-03-02	wc-completed	Bendo Shaker - Large	Bendo Shaker		1.0000	2750.0000	47742	47923
49347	2026-03-02	wc-completed	Native American Style Flute – Handcrafted Wooden Melody Maker	Native American Style Flutes		1.0000	17900.0000	48428	0
49350	2026-03-02	wc-completed	Kenari Seed Shell Shakers - Large	Kenari Seed Shell Shakers	MI-KR-S-L	1.0000	2047.6190	7472	7511
49350	2026-03-02	wc-completed	Ocean Drums - Dream Catcher, 40 cms	Ocean Drums	MI-OD-D-40	1.0000	2923.7288	9529	9538
49351	2026-03-03	wc-completed	Bendo Chimes	Bendo Chimes		1.0000	5950.0000	47751	0
49352	2026-03-03	wc-completed	Ocean Drums - Plain, 30 cms	Ocean Drums	MI-OD-P-30	1.0000	1868.6441	9529	9532
49354	2026-03-03	wc-completed	Dotted Singing Bowl - 4 inch	Dotted Singing Bowl	MI-SB-H-4	1.0000	1566.6667	6892	6901
49356	2026-03-03	wc-completed	Mayura Morchang Set - Bass	Mayura Morchang Set		1.0000	2385.0000	48856	48859
49358	2026-03-03	wc-completed	Tuning Fork Extensions - Extender	Tuning Fork Extensions		7.0000	2835.0000	48135	48162
49358	2026-03-03	wc-completed	Tuning Fork Extensions - Circuit Boot	Tuning Fork Extensions		1.0000	621.0000	48135	48163
49358	2026-03-03	wc-completed	Tuning Fork Extensions - Massage Boot	Tuning Fork Extensions		2.0000	1062.0000	48135	48164
49358	2026-03-03	wc-completed	Tuning Forks Gem Feet - Red	Tuning Forks Gem Feet		1.0000	225.0000	48136	48144
49358	2026-03-03	wc-completed	Tuning Forks Gem Feet - Green	Tuning Forks Gem Feet		1.0000	225.0000	48136	48142
49358	2026-03-03	wc-completed	Tuning Forks Gem Feet - Violet	Tuning Forks Gem Feet		1.0000	225.0000	48136	48140
49376	2026-03-04	wc-completed	Mayura Morchang Set - Sharp	Mayura Morchang Set		1.0000	2650.0000	48856	48857
49377	2026-03-04	wc-completed	Pulse Tubes - Big	Pulse Tubes		1.0000	2565.0000	48512	48760
49378	2026-03-04	wc-completed	Tuning Fork - Single Weighted & Unweighted - Weighted, 128 Hz	Tuning Fork - Single Weighted & Unweighted	MI-TF-W-128	1.0000	1962.8571	9713	9715
49378	2026-03-04	wc-completed	Tuning Fork Extensions - Extender	Tuning Fork Extensions		1.0000	405.0000	48135	48162
49378	2026-03-04	wc-completed	Tuning Fork Extensions - Circuit Boot	Tuning Fork Extensions		1.0000	621.0000	48135	48163
49378	2026-03-04	wc-completed	Tuning Fork Extensions - Massage Boot	Tuning Fork Extensions		1.0000	531.0000	48135	48164
49380	2026-03-04	wc-completed	Bamboo Rainstick - 60cms	Bamboo Rainstick	MI-RS-B-60	1.0000	1709.5238	7484	8763
49382	2026-03-04	wc-completed	Natural Lavender Scented Eye Pillows - Grey	Natural Lavender Scented Eye Pillows	Yo-P-E-GY	1.0000	334.7458	6519	6526
49382	2026-03-04	wc-completed	Natural Lavender Scented Eye Pillows - Rose	Natural Lavender Scented Eye Pillows	Yo-P-E-RE	1.0000	334.7458	6519	6525
49383	2026-03-05	wc-completed	32 Rods - Bar Chime	25 Rods - Bar Chime	MI-BCH-32	1.0000	4957.6271	42389	0
49385	2026-03-05	wc-completed	Singing Bowls Silk Ring Cushion Accessories - 16 cms, Navy Blue	Singing Bowls Silk Ring Cushion Accessories	MI-SB-C-NB-16	1.0000	309.5238	6988	7788
49385	2026-03-05	wc-completed	Bird Flute - Brown, Single	Bird Flute		1.0000	261.9048	45754	45871
49385	2026-03-05	wc-completed	Painted Egg Shakers - Red Dotted	Painted Egg Shakers	MI-ES-P-R	1.0000	880.9524	7404	7414
49386	2026-03-05	wc-completed	Wooden Tambourines - Circular	Wooden Tambourines	MI-T-HM	1.0000	924.1071	7478	45649
49387	2026-03-05	wc-completed	Wooden Tambourines - Circular	Wooden Tambourines	MI-T-HM	1.0000	924.1071	7478	45649
49388	2026-03-05	wc-completed	Tuning Fork - Single Weighted & Unweighted - Weighted, 528 Hz	Tuning Fork - Single Weighted & Unweighted		1.0000	1705.7143	9713	9719
49389	2026-03-05	wc-completed	Third Eye Chakra Singing Bowl	Third Eye Chakra Singing Bowl		1.0000	6171.4286	45477	0
49390	2026-03-05	wc-completed	Bamboo Rainstick - 40cms	Bamboo Rainstick	MI-RS-B-40	1.0000	1423.8095	7484	8762
49391	2026-03-05	wc-completed	Crescent Zafu Cushion - Compact - Misty Blue	Crescent Zafu Cushion - Compact		1.0000	827.1186	47508	47523
49391	2026-03-05	wc-completed	Zabuton Cushion for Meditation - Misty Blue	Zabuton Cushion for Meditation	Me-C-Zn-MB	1.0000	1521.1864	6780	9608
49391	2026-03-05	wc-completed	Crescent Zafu Cushion - Compact - Lavender	Crescent Zafu Cushion - Compact		1.0000	827.1186	47508	47524
49391	2026-03-05	wc-completed	Zabuton Cushion for Meditation - Lavender	Zabuton Cushion for Meditation	Me-C-Zn-LR	1.0000	1521.1864	6780	9606
49392	2026-03-05	wc-completed	Mayura Morchang Set - Sharp	Mayura Morchang Set		1.0000	2650.0000	48856	48857
49393	2026-03-05	wc-completed	Wooden Mallets for Singing Bowls - Standard Wide, Red	Wooden Mallets for Singing Bowls	MI-SB-M-R-Wd-4.5	1.0000	242.8571	6978	43381
49393	2026-03-05	wc-completed	Ocean Drums - Plain, 40 cms	Ocean Drums	MI-OD-P-40	1.0000	2754.2373	9529	9534
49393	2026-03-05	wc-completed	Musical Wooden Frog - Large	Musical Wooden Frog	MI-WF	1.0000	1285.7143	7456	44633
49393	2026-03-05	wc-completed	Shamanic Drum - Plain, 40 cms	Shamanic Drum	MI-SD-P-40	1.0000	4449.1525	7293	9589
49397	2026-03-06	wc-completed	Native American Style Flute – Handcrafted Wooden Melody Maker	Native American Style Flutes		1.0000	17900.0000	48428	0
49399	2026-03-06	wc-completed	Pangi Seed Shell Rattle	Pangi Seed Shell Rattle	MI-PS	2.0000	3685.7143	7356	0
49399	2026-03-06	wc-completed	Swinging Chimes - 6 Bars	Swinging Chimes	MI-SC-6	1.0000	6895.0000	10345	10346
49399	2026-03-06	wc-completed	Elemental Chimes	Elemental Chimes	MI-Ch-KS	1.0000	3300.0000	45194	0
49401	2026-03-06	wc-completed	Bird Flute - Brown, Single	Bird Flute		1.0000	261.9048	45754	45871
49404	2026-03-07	wc-completed	Pangi Seed Shell Rattle	Pangi Seed Shell Rattle	MI-PS	1.0000	2047.6190	7356	0
49405	2026-03-07	wc-completed	Rectangular Yoga Bolster - Light Grey	Rectangular Yoga Bolster	Yo-BR-RE-LG	2.0000	2211.8644	9675	9676
49407	2026-03-07	wc-completed	Bird Flute - Mixed, Pair	Bird Flute		1.0000	514.2857	45754	48660
49407	2026-03-07	wc-completed	Pangi Seed Shell Rattle	Pangi Seed Shell Rattle	MI-PS	1.0000	1842.8571	7356	0
49407	2026-03-07	wc-completed	Bendo Shaker - Large	Bendo Shaker		1.0000	2475.0000	47742	47923
49407	2026-03-07	wc-completed	Coconut Maracas Shakers - Plain	Coconut Maracas Shakers	MI-CM	1.0000	848.5714	7370	45394
49407	2026-03-07	wc-completed	Musical Wooden Frog - Large	Musical Wooden Frog	MI-WF	1.0000	1157.1429	7456	44633
49407	2026-03-07	wc-completed	Wooden Tambourines - Circular	Wooden Tambourines	MI-T-HM	1.0000	924.1071	7478	45649
49407	2026-03-07	wc-completed	Egg Shaker with Handle	Egg Shaker with Handle	MI-ES-H	1.0000	766.6667	7396	0
49407	2026-03-07	wc-completed	Dumru/Dumroo Indian Handmade Percussion Instrument - Plain	Dumru/Dumroo Indian Handmade Percussion Instrument		1.0000	235.2381	5740	47720
49407	2026-03-07	wc-completed	8 Keys Metallophone - with 1” & 1.5” key-widths - 1.5 inch	8 Keys Metallophone - with 1” & 1.5” key-widths	MI-XP-SP-1.5-8	1.0000	8348.2143	42332	42339
49407	2026-03-07	wc-completed	32 Rods - Bar Chime	25 Rods - Bar Chime	MI-BCH-32	1.0000	4957.6271	42389	0
49408	2026-03-07	wc-completed	Rectangular Yoga Bolster - Rose	Rectangular Yoga Bolster	Yo-BR-RE-RE	1.0000	1228.8136	9675	9680
49411	2026-03-08	wc-completed	Dumru/Dumroo Indian Handmade Percussion Instrument - Plain	Dumru/Dumroo Indian Handmade Percussion Instrument		1.0000	261.9048	5740	47720
49412	2026-03-08	wc-completed	Bird Flute - Green, Single	Bird Flute		1.0000	357.1429	45754	48646
49413	2026-03-08	wc-completed	Bird Flute - Brown, Pair	Bird Flute		1.0000	385.7143	45754	45872
49414	2026-03-08	wc-completed	Jala Neti Pot - Ceramic 185 ml - White	Jala Neti Pot - Ceramic 185 ml	NP-W-185	1.0000	207.6271	5769	5826
49414	2026-03-08	wc-completed	Pangi Seed Shell Rattle	Pangi Seed Shell Rattle	MI-PS	1.0000	2047.6190	7356	0
49414	2026-03-08	wc-completed	Zafu & Zabuton Meditation Cushion Combo - Light Grey	Zafu & Zabuton Meditation Cushion Combo	Co-Me-C-Z-Zn-LG	1.0000	2368.6441	7177	9598
49414	2026-03-08	wc-completed	Zen Meditation Bench - Small	Zen Meditation Bench	ME-Cu	1.0000	2754.2373	9763	45267
49415	2026-03-08	wc-completed	Classic Morchang Set - Middle	Classic Morchang Set		1.0000	2115.0000	48653	48842
49416	2026-03-08	wc-completed	Hanging Bowls/Zen Drops - Set of 3	Hanging Bowls/Zen Drops		1.0000	8523.8095	45113	45118
49417	2026-03-08	wc-completed	Singing Bowls with Sacred Mantra Printed - Gold, 4 Inches	Singing Bowls with Sacred Mantra Printed	MI-SB-P-W-4	1.0000	1471.4286	6807	7289
49418	2026-03-08	wc-completed	Dumru/Dumroo Indian Handmade Percussion Instrument - Plain	Dumru/Dumroo Indian Handmade Percussion Instrument		1.0000	235.2381	5740	47720
49420	2026-03-08	wc-completed	Dumru/Dumroo Indian Handmade Percussion Instrument - Plain	Dumru/Dumroo Indian Handmade Percussion Instrument		1.0000	261.9048	5740	47720
49422	2026-03-08	wc-completed	Tuning Fork - Single Weighted & Unweighted - Weighted, 128 Hz	Tuning Fork - Single Weighted & Unweighted	MI-TF-W-128	1.0000	1962.8571	9713	9715
49423	2026-03-08	wc-completed	Tingsha Bell - Golden, Standard	Tingsha Bell		1.0000	1538.0952	5763	44933
49424	2026-03-08	wc-completed	Asalato/Aslatau or Kashaka Shaker - Plain, Single	Asalato/Aslatau or Kashaka Shaker	MI-AS	1.0000	1152.3810	7300	46377
49424	2026-03-08	wc-completed	Ocean Drums - Dream Catcher, 35 cms	Ocean Drums	MI-OD-D-35	1.0000	2138.9831	9529	9537
49424	2026-03-08	wc-completed	Singing Bowl Bags - Standard	Singing Bowl Bags	MI-SB-Bag-M	1.0000	1517.7966	45127	45139
49424	2026-03-08	wc-completed	Singing Bowls Silk Ring Cushion Accessories - Combo of 7	Singing Bowls Silk Ring Cushion Accessories		1.0000	1923.8095	6988	46268
49426	2026-03-08	wc-completed	Shamanic Drum Bags/Ocean Drum Bags - Medium	Shamanic Drum Bags/Ocean Drum Bags		1.0000	1071.0000	45131	46932
49427	2026-03-08	wc-completed	Bird Flute - Brown, Pair	Bird Flute		1.0000	385.7143	45754	45872
49427	2026-03-08	wc-completed	32 Rods - Bar Chime	25 Rods - Bar Chime	MI-BCH-32	1.0000	4957.6271	42389	0
49427	2026-03-08	wc-completed	Shankh/Conch - Large	Shankh/Conch		1.0000	1585.7143	45449	45452
49430	2026-03-08	wc-completed	Zabuton Cushion for Meditation - Navy Blue	Zabuton Cushion for Meditation	Me-C-Zn-NB	1.0000	1690.6780	6780	6794
49432	2026-03-08	wc-completed	Crystal Bowls - 6 in	Crystal Bowls	MI-CB-W-6	1.0000	7584.7458	9777	9778
49433	2026-03-09	wc-completed	Tuning Fork - Single Weighted & Unweighted - Weighted, 136.10 Hz	Tuning Fork - Single Weighted & Unweighted		1.0000	2180.9524	9713	9716
49434	2026-03-09	wc-completed	Tuning Fork Extensions - Extender	Tuning Fork Extensions		6.0000	2700.0000	48135	48162
49434	2026-03-09	wc-completed	Tuning Fork Extensions - Massage Boot	Tuning Fork Extensions		2.0000	1180.0000	48135	48164
49435	2026-03-09	wc-completed	Pangi Seed Shell Rattle	Pangi Seed Shell Rattle	MI-PS	1.0000	2047.6190	7356	0
49435	2026-03-09	wc-completed	Ocean Drums - Dream Catcher, 40 cms	Ocean Drums	MI-OD-D-40	1.0000	2923.7288	9529	9538
49437	2026-03-09	wc-completed	The Head Bowl	The Head Bowl		1.0000	8562.8571	45518	0
49437	2026-03-09	wc-completed	Root Chakra Singing Bowl	Root Chakra Singing Bowl		1.0000	13277.1429	45469	0
49438	2026-03-09	wc-completed	Kenari Seed Shell Shakers - Large	Kenari Seed Shell Shakers	MI-KR-S-L	1.0000	1842.8571	7472	7511
49439	2026-03-09	wc-completed	Tuning Fork Extensions - Extender	Tuning Fork Extensions		1.0000	450.0000	48135	48162
49439	2026-03-09	wc-completed	Tuning Fork Extensions - Circuit Boot	Tuning Fork Extensions		1.0000	690.0000	48135	48163
49439	2026-03-09	wc-completed	Tuning Fork Extensions - Massage Boot	Tuning Fork Extensions		1.0000	590.0000	48135	48164
49439	2026-03-09	wc-completed	Tuning Forks Gem Feet - Full Set	Tuning Forks Gem Feet		1.0000	1450.0000	48136	48179
49439	2026-03-09	wc-completed	Tuning Fork Activators - Activator & Mallet	Tuning Fork Activators		1.0000	250.0000	48133	48183
49443	2026-03-10	wc-completed	Bamboo Rainstick - 1m	Bamboo Rainstick	MI-RS-B-1M	1.0000	2376.1905	7484	8764
49443	2026-03-10	wc-completed	Asalato/Aslatau or Kashaka Shaker - Painted, Single	Asalato/Aslatau or Kashaka Shaker	MI-AS	1.0000	1480.9524	7300	46379
49443	2026-03-10	wc-completed	Swinging Chimes - 9 Bars	Swinging Chimes	MI-SC-9	1.0000	8250.0000	10345	10347
49445	2026-03-10	wc-completed	Dotted Singing Bowl - Deep 5.5 Inch	Dotted Singing Bowl	MI-SB-D-7	1.0000	2043.8095	6892	42911
49445	2026-03-10	wc-completed	Joint Bowl or Knee Cut Bowl - 8 in	Joint Bowl or Knee Cut Bowl	MI-SB-JB	1.0000	7500.0000	9978	9984
49445	2026-03-10	wc-completed	Pulse Tubes - Medium	Pulse Tubes		1.0000	1935.0000	48512	48761
49446	2026-03-10	wc-completed	Ocean Drums - Plain, 40 cms	Ocean Drums	MI-OD-P-40	1.0000	2478.8136	9529	9534
49447	2026-03-10	wc-completed	Crystal Bowl Bag - Medium	Crystal Bowl Bag		1.0000	1485.0000	47081	47083
49447	2026-03-10	wc-completed	Crystal Bowls - 8 in	Crystal Bowls	MI-CB-W-8	1.0000	7970.3390	9777	9780
49448	2026-03-10	wc-completed	Tuning Fork - Single Weighted & Unweighted - Unweighted, 528 Hz	Tuning Fork - Single Weighted & Unweighted		1.0000	1277.1429	9713	9750
49451	2026-03-10	wc-completed	Coconut Rattle	Coconut Rattle	MI-CR	1.0000	895.2381	5730	0
49452	2026-03-11	wc-completed	Pulse Tubes - Small	Pulse Tubes		1.0000	1650.0000	48512	48762
49452	2026-03-11	wc-completed	Thunder Tube - Basic Edition - 20cms	Thunder Tube - Basic Edition	MI-TT-20	1.0000	1261.9048	7317	46651
49453	2026-03-11	wc-completed	Ocean Drums - Plain, 40 cms	Ocean Drums	MI-OD-P-40	1.0000	2478.8136	9529	9534
49454	2026-03-11	wc-completed	Dotted Singing Bowl - 5.5 inch	Dotted Singing Bowl	MI-SB-H-5.5	1.0000	2042.8571	6892	6902
49455	2026-03-11	wc-completed	Singing Bowls with Sacred Mantra Printed - Gold, 4 Inches	Singing Bowls with Sacred Mantra Printed	MI-SB-P-W-4	1.0000	1471.4286	6807	7289
49456	2026-03-11	wc-completed	Rectangular Yoga Bolster - Navy Blue	Rectangular Yoga Bolster	Yo-BR-RE-NB	1.0000	1105.9322	9675	9679
49457	2026-03-11	wc-completed	Singing Bowls Silk Ring Cushion Accessories - 16 cms, Green	Singing Bowls Silk Ring Cushion Accessories	MI-SB-C-G-16	1.0000	278.0952	6988	7786
49457	2026-03-11	wc-completed	Singing Bowl Bags - Large	Singing Bowl Bags	MI-SB-Bag-L	1.0000	1746.6102	45127	45140
49457	2026-03-11	wc-completed	Wooden Mallets for Singing Bowls - Long Firm-Standard, Red	Wooden Mallets for Singing Bowls	MI-SB-M-R-Wd-4.5	1.0000	552.3810	6978	43367
49458	2026-03-11	wc-completed	Pangi Seed Shell Rattle	Pangi Seed Shell Rattle	MI-PS	1.0000	2047.6190	7356	0
49459	2026-03-11	wc-completed	Wooden Mallets for Singing Bowls - Standard Wide, Red	Wooden Mallets for Singing Bowls	MI-SB-M-R-Wd-4.5	1.0000	218.0952	6978	43381
49459	2026-03-11	wc-completed	Singing Bowls Silk Ring Cushion Accessories - 14 cms, Black	Singing Bowls Silk Ring Cushion Accessories	MI-SB-C-BK-14	1.0000	252.3810	6988	44195
49460	2026-03-11	wc-completed	Tuning Fork Extensions - Massage Boot	Tuning Fork Extensions		1.0000	531.0000	48135	48164
49461	2026-03-11	wc-completed	Bendo Chimes	Bendo Chimes		1.0000	5355.0000	47751	0
49465	2026-03-12	wc-completed	Rectangular Yoga Bolster - Navy Blue	Rectangular Yoga Bolster	Yo-BR-RE-NB	1.0000	1228.8136	9675	9679
49466	2026-03-12	wc-completed	Zen Meditation Bench - Large	Zen Meditation Bench	ME-Cu	1.0000	2783.8983	9763	45269
49467	2026-03-12	wc-completed	Singing Bowls with Sacred Mantra Printed - Red, 5.5 Inches	Singing Bowls with Sacred Mantra Printed	MI-SB-P-R-5.5	1.0000	1900.0000	6807	6830
49468	2026-03-12	wc-completed	Kenari Chimes - Small & Large - Large	Kenari Chimes - Small & Large	MI-KR-CH-168	1.0000	4242.8571	45197	46431
49468	2026-03-12	wc-completed	Shamanic Drum Bags/Ocean Drum Bags - Large	Shamanic Drum Bags/Ocean Drum Bags		1.0000	1161.0000	45131	45134
49468	2026-03-12	wc-completed	Singing Bowl Bags - Large	Singing Bowl Bags	MI-SB-Bag-L	1.0000	1746.6102	45127	45140
49468	2026-03-12	wc-completed	"Wooden Mallets for Singing Bowls - Long Soft-11"", Red"	Wooden Mallets for Singing Bowls	MI-SB-M-L-R-11	1.0000	552.3810	6978	43375
49471	2026-03-12	wc-completed	Hanging Bowls/Zen Drops - Set of 3	Hanging Bowls/Zen Drops		1.0000	8523.8095	45113	45118
49471	2026-03-12	wc-completed	Crystal Bowls - 10 in	Crystal Bowls	MI-CB-W-10	1.0000	10381.3559	9777	9782
49471	2026-03-12	wc-completed	Hi-Zafu Meditation Cushion - Filled with Buckwheat - Royal Blue	Hi-Zafu Meditation Cushion - Filled with Buckwheat	Me-C-HZ-RB	1.0000	1088.9831	6755	6775
49474	2026-03-12	wc-completed	Dumru/Dumroo Indian Handmade Percussion Instrument - Plain	Dumru/Dumroo Indian Handmade Percussion Instrument		2.0000	471.4286	5740	47720
49476	2026-03-13	wc-completed	Tuning Fork Extensions - Extender	Tuning Fork Extensions		1.0000	450.0000	48135	48162
49476	2026-03-13	wc-completed	Tuning Fork Extensions - Circuit Boot	Tuning Fork Extensions		1.0000	690.0000	48135	48163
49476	2026-03-13	wc-completed	Tuning Fork Extensions - Massage Boot	Tuning Fork Extensions		1.0000	590.0000	48135	48164
49477	2026-03-13	wc-completed	Mini Coconut Shakers - 3 Types - Square Shaped	Mini Coconut Shakers - 3 Types	MI-CS-S	1.0000	614.2857	6062	6066
49479	2026-03-13	wc-completed	Wooden Mallets for Singing Bowls - Standard Wide, Red	Wooden Mallets for Singing Bowls	MI-SB-M-R-Wd-4.5	1.0000	218.0952	6978	43381
49479	2026-03-13	wc-completed	Gong Stand - Light, Large	Gong Stand		1.0000	6790.1786	45289	45296
49480	2026-03-13	wc-completed	Teak Wood - Stainless Steel Xylophone - 8 Keys	Teak Wood - Stainless Steel Xylophone	MI-XP-W-8	1.0000	3174.1071	7443	8774
49481	2026-03-13	wc-completed	Ocean Drums - Flower of Life, 30 cms	Ocean Drums		1.0000	2161.0169	9529	44651
49481	2026-03-13	wc-completed	Bird Flute - Green, Single	Bird Flute		1.0000	357.1429	45754	48646
49483	2026-03-13	wc-completed	Pulse Tubes - Medium	Pulse Tubes		1.0000	1935.0000	48512	48761
49484	2026-03-13	wc-completed	Tuning Fork - Single Weighted & Unweighted - Weighted, 440 Hz	Tuning Fork - Single Weighted & Unweighted		1.0000	2180.9524	9713	48272
49485	2026-03-13	wc-completed	Singing Bowl with Mantra - Rustic Blue Colour - 7 Inches	Singing Bowl with Mantra - Rustic Blue Colour	MI-SB-RB-7	1.0000	1661.9048	6861	7287
49486	2026-03-14	wc-completed	Wooden Mallets for Singing Bowls - Long Firm-Standard, White	Wooden Mallets for Singing Bowls	MI-SB-M-R-Wd-4.5	1.0000	552.3810	6978	43384
49487	2026-03-14	wc-completed	Ocean Drums - Dream Catcher, 35 cms	Ocean Drums	MI-OD-D-35	1.0000	2377.1186	9529	9537
49488	2026-03-14	wc-completed	Wooden Mallets for Singing Bowls - Thick Wide, Red	Wooden Mallets for Singing Bowls	MI-SB-M-R-Wd-4.5	1.0000	271.4286	6978	43379
49490	2026-03-14	wc-completed	Kenari Bracelet	Kenari Bracelet	MI-KR-BT	1.0000	1157.1429	42323	0
49491	2026-03-14	wc-completed	Crescent Zafu Cushion - Compact - Lavender	Crescent Zafu Cushion - Compact		1.0000	919.4915	47508	47524
49492	2026-03-15	wc-completed	Mayura Morchang Set - Bass	Mayura Morchang Set		1.0000	2385.0000	48856	48859
49493	2026-03-15	wc-completed	Kenari Seed Shell Shakers - Large	Kenari Seed Shell Shakers	MI-KR-S-L	1.0000	2047.6190	7472	7511
49494	2026-03-15	wc-completed	Natural Lavender Scented Eye Pillows - Navy Blue	Natural Lavender Scented Eye Pillows	Yo-P-E-NB	1.0000	334.7458	6519	6527
49498	2026-03-15	wc-completed	Tuning Forks 7 Chakra Set - Weighted, Without Gem Foot	Tuning Forks 7 Chakra Set		1.0000	9990.0000	48193	48195
49500	2026-03-16	wc-completed	Musical Wooden Frog - Standard	Musical Wooden Frog	MI-WF	1.0000	904.7619	7456	44632
49501	2026-03-16	wc-completed	Pulse Tubes - Small	Pulse Tubes		1.0000	1650.0000	48512	48762
49505	2026-03-16	wc-completed	Mini Coconut Shakers - 3 Types - Eye Shaped	Mini Coconut Shakers - 3 Types	MI-CS-E	1.0000	595.2381	6062	6065
49506	2026-03-16	wc-completed	Bendo Chimes	Bendo Chimes		1.0000	5355.0000	47751	0
49506	2026-03-16	wc-completed	Ocean Drums - Flower of Life, 40 cms	Ocean Drums		1.0000	2631.3559	9529	44653
49507	2026-03-16	wc-completed	Tuning Fork Extensions - Circuit Boot	Tuning Fork Extensions		1.0000	690.0000	48135	48163
49507	2026-03-16	wc-completed	Tuning Fork Extensions - Massage Boot	Tuning Fork Extensions		1.0000	590.0000	48135	48164
49507	2026-03-16	wc-completed	Musical Wooden Frog - Large	Musical Wooden Frog	MI-WF	1.0000	1285.7143	7456	44633
49509	2026-03-16	wc-completed	Classic Morchang Set - Bass	Classic Morchang Set		1.0000	21.1500	48653	48843
49509	2026-03-16	wc-completed	Hanging Bowls/Zen Drops - Set of 3	Hanging Bowls/Zen Drops		1.0000	107.1429	45113	45118
49510	2026-03-17	wc-completed	Dumru/Dumroo Indian Handmade Percussion Instrument - Plain	Dumru/Dumroo Indian Handmade Percussion Instrument		1.0000	261.9048	5740	47720
49511	2026-03-17	wc-completed	Bird Flute - Brown, Single	Bird Flute		1.0000	235.2381	45754	45871
49512	2026-03-17	wc-completed	Tuning Fork Activators - Activator & Mallet	Tuning Fork Activators		1.0000	250.0000	48133	48183
49512	2026-03-17	wc-completed	Dumru/Dumroo Indian Handmade Percussion Instrument - Plain	Dumru/Dumroo Indian Handmade Percussion Instrument		1.0000	261.9048	5740	47720
49512	2026-03-17	wc-completed	Bird Flute - Green, Single	Bird Flute		1.0000	357.1429	45754	48646
49514	2026-03-17	wc-completed	Wooden Tambourines - Circular	Wooden Tambourines	MI-T-HM	1.0000	1026.7857	7478	45649
49515	2026-03-17	wc-completed	Bamboo Rainstick - 1m	Bamboo Rainstick	MI-RS-B-1M	1.0000	2138.0952	7484	8764
49516	2026-03-17	wc-completed	Ocean Drums - Dream Catcher, 40 cms	Ocean Drums	MI-OD-D-40	1.0000	2631.3559	9529	9538
49516	2026-03-17	wc-completed	Bamboo Rainstick - 1m	Bamboo Rainstick	MI-RS-B-1M	1.0000	2138.0952	7484	8764
49516	2026-03-17	wc-completed	Eye Shaped Natural Lavender Scented Eye Pillows - Rose	Eye Shaped Natural Lavender Scented Eye Pillows	Yo-P-E-RE-1	1.0000	300.8475	9220	9221
49517	2026-03-17	wc-completed	Bendo Chimes	Bendo Chimes		1.0000	5950.0000	47751	0
49517	2026-03-17	wc-completed	Pangi Seed Shell Rattle	Pangi Seed Shell Rattle	MI-PS	1.0000	2047.6190	7356	0
49517	2026-03-17	wc-completed	Kenari Seed Shell Shakers - Large	Kenari Seed Shell Shakers	MI-KR-S-L	1.0000	2047.6190	7472	7511
49518	2026-03-17	wc-completed	Bird Flute - Brown, Pair	Bird Flute		1.0000	428.5714	45754	45872
49519	2026-03-17	wc-completed	Dotted Singing Bowl - 4 inch	Dotted Singing Bowl	MI-SB-H-4	1.0000	1566.6667	6892	6901
49519	2026-03-17	wc-completed	Shankh/Conch - Large	Shankh/Conch		1.0000	1761.9048	45449	45452
49520	2026-03-17	wc-completed	Kenari Seed Shell Shakers - Large	Kenari Seed Shell Shakers	MI-KR-S-L	1.0000	2047.6190	7472	7511
49520	2026-03-17	wc-completed	Bamboo Rainstick - 1m	Bamboo Rainstick	MI-RS-B-1M	1.0000	2376.1905	7484	8764
49520	2026-03-17	wc-completed	Wooden Mallets for Singing Bowls - Thick Wide, Red	Wooden Mallets for Singing Bowls	MI-SB-M-R-Wd-4.5	1.0000	271.4286	6978	43379
49520	2026-03-17	wc-completed	"Wooden Mallets for Singing Bowls - Long Soft-13"", Red"	Wooden Mallets for Singing Bowls	MI-SB-M-L-R-13	1.0000	809.5238	6978	43374
49521	2026-03-17	wc-completed	Bamboo Rainstick - 40cms	Bamboo Rainstick	MI-RS-B-40	1.0000	1280.9524	7484	8762
49536	2026-03-18	wc-completed	Shankh/Conch - Large	Shankh/Conch		1.0000	1585.7143	45449	45452
49538	2026-03-19	wc-completed	Pangi Seed Shell Rattle	Pangi Seed Shell Rattle	MI-PS	1.0000	2047.6190	7356	0
49539	2026-03-19	wc-completed	Shankh/Conch - Medium	Shankh/Conch		1.0000	1380.9524	45449	45451
49542	2026-03-19	wc-completed	Tuning Fork - Single Weighted & Unweighted - Unweighted, 136.10 Hz	Tuning Fork - Single Weighted & Unweighted		1.0000	1609.5238	9713	9747
49542	2026-03-19	wc-completed	Tuning Fork - Single Weighted & Unweighted - Unweighted, 128 Hz	Tuning Fork - Single Weighted & Unweighted		1.0000	1609.5238	9713	9746
49542	2026-03-19	wc-completed	Tuning Fork - Single Weighted & Unweighted - Unweighted, 256 Hz	Tuning Fork - Single Weighted & Unweighted		1.0000	1419.0476	9713	9748
49543	2026-03-19	wc-completed	Shamanic Drum Bags/Ocean Drum Bags - Large	Shamanic Drum Bags/Ocean Drum Bags		1.0000	1161.0000	45131	45134
49543	2026-03-19	wc-completed	Shamanic Drum - Plain, 45 cms	Shamanic Drum	MI-SD-P-45	1.0000	4461.8644	7293	9590
49544	2026-03-19	wc-completed	7 Chakras Copper Water Bottles	7 Chakras Copper Water Bottles	CB-7CP-B	1.0000	1280.9524	6080	43436
49545	2026-03-19	wc-completed	Tuning Forks 7 Chakra Set - Weighted, With Gem Foot	Tuning Forks 7 Chakra Set		1.0000	9225.0000	48193	48194
49545	2026-03-19	wc-completed	Tuning Fork - Single Weighted & Unweighted - Weighted, 136.10 Hz	Tuning Fork - Single Weighted & Unweighted		1.0000	1962.8571	9713	9716
49546	2026-03-19	wc-completed	Asalato/Aslatau or Kashaka Shaker - Plain, Single	Asalato/Aslatau or Kashaka Shaker	MI-AS	1.0000	1280.9524	7300	46377
49547	2026-03-19	wc-completed	32 Rods - Bar Chime	25 Rods - Bar Chime	MI-BCH-32	1.0000	4957.6271	42389	0
49548	2026-03-20	wc-completed	Jala Neti Pot - Ceramic 185 ml - Mint Green	Jala Neti Pot - Ceramic 185 ml	NP-MG-185	1.0000	207.6271	5769	6336
49549	2026-03-20	wc-completed	Tuning Forks Gem Feet - Full Set	Tuning Forks Gem Feet		1.0000	1450.0000	48136	48179
49550	2026-03-20	wc-completed	Ayurvedic Copper Bedroom Jar	Ayurvedic Copper Bedroom Jar	CB-BJ	1.0000	1066.6667	6289	0
49551	2026-03-20	wc-completed	"Wooden Mallets for Singing Bowls - Long Soft-13"", Red"	Wooden Mallets for Singing Bowls	MI-SB-M-L-R-13	1.0000	728.5714	6978	43374
49552	2026-03-20	wc-completed	Djembe Drums - Ivory, 10in	Djembe Drums		1.0000	4815.0000	44969	45040
49553	2026-03-20	wc-completed	Ocean Drums - Dream Catcher, 30 cms	Ocean Drums	MI-OD-D-30	1.0000	1944.9153	9529	9536
49554	2026-03-20	wc-completed	Dumru/Dumroo Indian Handmade Percussion Instrument - Plain	Dumru/Dumroo Indian Handmade Percussion Instrument		1.0000	235.2381	5740	47720
49555	2026-03-20	wc-completed	Zafu Meditation Cushion Lotus - Embroidery Filled with Cotton - Light Grey	Zafu Meditation Cushion Lotus - Embroidery Filled with Cotton	Me-C-RZ-LG-E-L	1.0000	1173.7288	9278	9381
49556	2026-03-20	wc-completed	Hi-Zafu Meditation Cushion - Filled with Buckwheat - Misty Blue	Hi-Zafu Meditation Cushion - Filled with Buckwheat	Me-C-HZ-MB	1.0000	1088.9831	6755	9661
49557	2026-03-20	wc-completed	Full Moon Singing Bowls - All Sizes - 11 Inches	Full Moon Singing Bowls - All Sizes	MI-SB-H-FM-11	1.0000	11785.7143	7607	46457
49559	2026-03-21	wc-completed	Dotted Singing Bowl - 5.5 inch	Dotted Singing Bowl	MI-SB-H-5.5	1.0000	1838.0952	6892	6902
49561	2026-03-21	wc-completed	Pulse Tubes - Big	Pulse Tubes		1.0000	2565.0000	48512	48760
49562	2026-03-21	wc-completed	Tuning Fork - Single Weighted & Unweighted - Weighted, 432 Hz	Tuning Fork - Single Weighted & Unweighted	MI-TF-W-432	1.0000	1705.7143	9713	9718
49562	2026-03-21	wc-completed	Tuning Fork Extensions - Massage Boot	Tuning Fork Extensions		1.0000	531.0000	48135	48164
49563	2026-03-21	wc-completed	Third Eye Chakra Singing Bowl	Third Eye Chakra Singing Bowl		1.0000	6171.4286	45477	0
49564	2026-03-21	wc-completed	7 Chakras Copper Water Bottles	7 Chakras Copper Water Bottles	CB-7CV	1.0000	1066.6667	6080	43441
49565	2026-03-21	wc-completed	Pangi Seed Shell Rattle	Pangi Seed Shell Rattle	MI-PS	1.0000	2047.6190	7356	0
49566	2026-03-21	wc-completed	Plain/Wind Tibetan Gong - 16 in	Plain/Wind Tibetan Gong	MI-G-P-16	1.0000	12857.1429	8833	8848
49567	2026-03-22	wc-completed	Tuning Fork Extensions - Circuit Boot	Tuning Fork Extensions		1.0000	690.0000	48135	48163
49568	2026-03-22	wc-completed	Thunder Tube - Basic Edition - 20cms	Thunder Tube - Basic Edition	MI-TT-20	1.0000	1261.9048	7317	46651
49573	2026-03-22	wc-completed	7 Chakra Morchang Set - C Tune	7 Chakra Morchang Set		1.0000	2650.0000	48727	48728
49574	2026-03-22	wc-completed	Pulse Tubes - Small	Pulse Tubes		1.0000	1485.0000	48512	48762
49575	2026-03-22	wc-completed	Zafu & Zabuton Meditation Cushion Combo - Misty Blue	Zafu & Zabuton Meditation Cushion Combo	Co-Me-C-Z-Zn-MB	1.0000	2131.3559	7177	9599
49576	2026-03-23	wc-completed	Eye Shaped Natural Lavender Scented Eye Pillows - Rose	Eye Shaped Natural Lavender Scented Eye Pillows	Yo-P-E-RE-1	1.0000	334.7458	9220	9221
49576	2026-03-23	wc-completed	Eye Shaped Natural Lavender Scented Eye Pillows - Sage	Eye Shaped Natural Lavender Scented Eye Pillows	Yo-P-E-SE-1	2.0000	669.4915	9220	9225
49576	2026-03-23	wc-completed	Ocean Drums - Flower of Life, 40 cms	Ocean Drums		1.0000	2923.7288	9529	44653
49576	2026-03-23	wc-completed	"Wooden Mallets for Singing Bowls - Long Soft-11"", White"	Wooden Mallets for Singing Bowls	MI-SB-M-L-W-11	1.0000	661.9048	6978	43371
49576	2026-03-23	wc-completed	Shamanic Drum Bags/Ocean Drum Bags - Medium	Shamanic Drum Bags/Ocean Drum Bags		1.0000	1190.0000	45131	46932
49576	2026-03-23	wc-completed	Yoga Blanket made from Organic Cotton - Natural White	Yoga Blanket made from Organic Cotton	Yo-BT-C-NT	1.0000	1233.3333	6668	6688
49578	2026-03-23	wc-completed	C&G Tuning Forks - Weighted	C&G Tuning Forks		1.0000	4580.0000	48318	48319
49578	2026-03-23	wc-completed	Bamboo Rainstick - 40cms	Bamboo Rainstick	MI-RS-B-40	1.0000	1423.8095	7484	8762
49579	2026-03-23	wc-completed	Asalato/Aslatau or Kashaka Shaker - Plain, Pair	Asalato/Aslatau or Kashaka Shaker	MI-AS	1.0000	2100.0000	7300	46378
49580	2026-03-23	wc-completed	Dumru/Dumroo Indian Handmade Percussion Instrument - Plain	Dumru/Dumroo Indian Handmade Percussion Instrument		1.0000	261.9048	5740	47720
49581	2026-03-24	wc-completed	Bird Flute - Mixed, Pair	Bird Flute		1.0000	571.4286	45754	48660
49582	2026-03-24	wc-completed	Singing Bowls with Sacred Mantra Printed - Red, 3.5 Inches	Singing Bowls with Sacred Mantra Printed	MI-SB-P-R-3.5	1.0000	1109.5238	6807	7953
49584	2026-03-24	wc-completed	Tibetan Buddhist Bell - Standard	Tibetan Buddhist Bell	MI-BB-3	1.0000	1414.2857	6973	9199
49584	2026-03-24	wc-completed	Kenari Seed Shell Shakers - Large	Kenari Seed Shell Shakers	MI-KR-S-L	1.0000	1842.8571	7472	7511
49584	2026-03-24	wc-completed	Dumru/Dumroo Indian Handmade Percussion Instrument - Plain	Dumru/Dumroo Indian Handmade Percussion Instrument		1.0000	235.2381	5740	47720
49585	2026-03-24	wc-completed	The Head Bowl	The Head Bowl		1.0000	8562.8571	45518	0
49585	2026-03-24	wc-completed	Joint Bowl or Knee Cut Bowl - 8 in	Joint Bowl or Knee Cut Bowl	MI-SB-JB	1.0000	7500.0000	9978	9984
49585	2026-03-24	wc-completed	Tingsha Bell - Golden, Small	Tingsha Bell		1.0000	1414.2857	5763	44932
49585	2026-03-24	wc-completed	"Wooden Mallets for Singing Bowls - Long Soft-9"", Red"	Wooden Mallets for Singing Bowls	MI-SB-M-L-R-9	1.0000	552.3810	6978	43376
49585	2026-03-24	wc-completed	Wooden Mallets for Singing Bowls - Long Firm-Small, Red	Wooden Mallets for Singing Bowls	MI-SB-M-R-Wd-4.5	1.0000	466.6667	6978	43368
49585	2026-03-24	wc-completed	Wooden Mallets for Singing Bowls - Straight, Red	Wooden Mallets for Singing Bowls	MI-SB-M-R-S	1.0000	171.4286	6978	43369
49586	2026-03-25	wc-completed	Thunder Tube - Basic Edition - 20cms	Thunder Tube - Basic Edition	MI-TT-20	1.0000	1261.9048	7317	46651
49587	2026-03-25	wc-completed	Ayurvedic Copper Bedroom Jar	Ayurvedic Copper Bedroom Jar	CB-BJ	1.0000	1066.6667	6289	0
49587	2026-03-25	wc-completed	Singing Bowl Bags - Standard	Singing Bowl Bags	MI-SB-Bag-M	1.0000	1517.7966	45127	45139
49587	2026-03-25	wc-completed	Shamanic Drum Bags/Ocean Drum Bags - Medium	Shamanic Drum Bags/Ocean Drum Bags		1.0000	1071.0000	45131	46932
49588	2026-03-25	wc-completed	Tuning Fork - Single Weighted & Unweighted - Weighted, 128 Hz	Tuning Fork - Single Weighted & Unweighted	MI-TF-W-128	1.0000	2180.9524	9713	9715
49589	2026-03-25	wc-completed	Pangi Seed Shell Rattle	Pangi Seed Shell Rattle	MI-PS	1.0000	1842.8571	7356	0
49591	2026-03-25	wc-completed	Crystal Bowl Bag - Small	Crystal Bowl Bag		1.0000	1450.0000	47081	47082
49592	2026-03-26	wc-completed	Gong Stand - Light, Large	Gong Stand		1.0000	7544.6429	45289	45296
49593	2026-03-26	wc-completed	Pangi Seed Shell Rattle	Pangi Seed Shell Rattle	MI-PS	1.0000	2047.6190	7356	0
49600	2026-03-26	wc-completed	Shruti Box - 2 Octaves	Shruti Box		1.0000	10710.0000	44970	45004
49601	2026-03-26	wc-completed	Rectangular Yoga Bolster - Rouge	Rectangular Yoga Bolster	Yo-BR-RE-RP	1.0000	1105.9322	9675	9690
49602	2026-03-26	wc-completed	Wooden Mallets for Singing Bowls - Straight, Red	Wooden Mallets for Singing Bowls	MI-SB-M-R-S	1.0000	190.4762	6978	43369
49603	2026-03-26	wc-completed	Bamboo Rainstick - 60cms	Bamboo Rainstick	MI-RS-B-60	1.0000	1709.5238	7484	8763
49603	2026-03-26	wc-completed	Pangi Seed Shell Rattle	Pangi Seed Shell Rattle	MI-PS	1.0000	1842.8571	7356	0
49603	2026-03-26	wc-completed	Hanging Bowls/Zen Drops - Single	Hanging Bowls/Zen Drops		1.0000	3385.7143	45113	45117
49603	2026-03-26	wc-completed	Wooden Mallets for Singing Bowls - Standard Wide, Black	Wooden Mallets for Singing Bowls	MI-SB-M-R-Wd-4.5	1.0000	218.0952	6978	43380
49603	2026-03-26	wc-completed	Wooden Mallets for Singing Bowls - Straight, Red	Wooden Mallets for Singing Bowls	MI-SB-M-R-S	1.0000	171.4286	6978	43369
49622	2026-03-26	wc-completed	Painted Egg Shakers - Artistically Designed	Painted Egg Shakers	MI-ES-P-A	1.0000	880.9524	7404	7416
49623	2026-03-26	wc-completed	Shamanic Drum - Butterfly, 45 cms	Shamanic Drum	MI-SD-B-45	1.0000	5296.6102	7293	9593
49623	2026-03-26	wc-completed	Kenari Seed Shell Shakers - Large	Kenari Seed Shell Shakers	MI-KR-S-L	1.0000	2047.6190	7472	7511
49623	2026-03-26	wc-completed	Ocean Drums - Dream Catcher, 40 cms	Ocean Drums	MI-OD-D-40	1.0000	2923.7288	9529	9538
49624	2026-03-26	wc-completed	Tuning Fork Extensions - Extender	Tuning Fork Extensions		1.0000	450.0000	48135	48162
49625	2026-03-27	wc-completed	Handcrafted Set of 7 Bowls for Sound Therapy - Standard-Octave 3, Matte	Handcrafted Set of 7 Bowls for Sound Therapy	MI-SB-7C Set-S-M	1.0000	53809.5238	7887	9193
49627	2026-03-27	wc-completed	Tingsha Bell - Etched, Standard	Tingsha Bell		1.0000	1538.0952	5763	44937
49627	2026-03-27	wc-completed	Dumru/Dumroo Indian Handmade Percussion Instrument - Plain	Dumru/Dumroo Indian Handmade Percussion Instrument		1.0000	235.2381	5740	47720
49627	2026-03-27	wc-completed	Kenari Seed Shell Shakers - Large	Kenari Seed Shell Shakers	MI-KR-S-L	1.0000	1842.8571	7472	7511
49627	2026-03-27	wc-completed	Tuning Fork - Single Weighted & Unweighted - Weighted, 128 Hz	Tuning Fork - Single Weighted & Unweighted	MI-TF-W-128	1.0000	1962.8571	9713	9715
49628	2026-03-27	wc-completed	Bendo Chimes	Bendo Chimes		1.0000	5950.0000	47751	0
49628	2026-03-27	wc-completed	Swinging Chimes - 9 Bars	Swinging Chimes	MI-SC-9	1.0000	8250.0000	10345	10347
49628	2026-03-27	wc-completed	Elemental Chimes	Elemental Chimes	MI-Ch-KS	1.0000	3666.6667	45194	0
49628	2026-03-27	wc-completed	Wooden Mallets for Singing Bowls - Straight, Red	Wooden Mallets for Singing Bowls	MI-SB-M-R-S	2.0000	380.9524	6978	43369
49628	2026-03-27	wc-completed	Singing Bowls Silk Ring Cushion Accessories - 10 cms, Green	Singing Bowls Silk Ring Cushion Accessories	MI-SB-C-G-10	1.0000	233.3333	6988	7765
49628	2026-03-27	wc-completed	Ocean Drums - Dream Catcher, 30 cms	Ocean Drums	MI-OD-D-30	1.0000	2161.0169	9529	9536
49628	2026-03-27	wc-completed	Kenari Seed Shell Shakers - Large	Kenari Seed Shell Shakers	MI-KR-S-L	1.0000	2047.6190	7472	7511
49631	2026-03-27	wc-completed	Singing Bowl with Handle	Singing Bowl with Handle		1.0000	7875.0000	48931	0
49631	2026-03-27	wc-completed	Natural Lavender Scented Eye Pillows - Dark Grey	Natural Lavender Scented Eye Pillows	Yo-P-E-DG	1.0000	300.8475	6519	6528
49631	2026-03-27	wc-completed	Natural Lavender Scented Eye Pillows - Sage	Natural Lavender Scented Eye Pillows	Yo-P-E-SE	1.0000	300.8475	6519	6529
49632	2026-03-27	wc-completed	Shamanic Drum - Tree of Life, 40 cms	Shamanic Drum	MI-SD-B	1.0000	4233.0508	7293	48064
49632	2026-03-27	wc-completed	Djembe Drums - Mahogany, 10in	Djembe Drums		1.0000	4815.0000	44969	45041
49633	2026-03-28	wc-completed	Kenari Seed Shell Shakers - Large	Kenari Seed Shell Shakers	MI-KR-S-L	1.0000	1842.8571	7472	7511
49635	2026-03-28	wc-completed	Kenari Seed Shell Shakers - Large	Kenari Seed Shell Shakers	MI-KR-S-L	1.0000	2047.6190	7472	7511
49634	2026-03-28	wc-completed	Hanging Bowls/Zen Drops - Set of 3	Hanging Bowls/Zen Drops		1.0000	107.1429	45113	45118
49636	2026-03-28	wc-completed	Musical Wooden Frog - Standard	Musical Wooden Frog	MI-WF	1.0000	904.7619	7456	44632
49636	2026-03-28	wc-completed	Bird Flute - Brown, Single	Bird Flute		1.0000	261.9048	45754	45871
49637	2026-03-28	wc-completed	Bendo Chimes	Bendo Chimes		1.0000	5355.0000	47751	0
49641	2026-03-29	wc-completed	Kenari Seed Shell Shakers - Large	Kenari Seed Shell Shakers	MI-KR-S-L	1.0000	2047.6190	7472	7511
49644	2026-03-29	wc-completed	Bendo Chimes	Bendo Chimes		1.0000	5950.0000	47751	0
49645	2026-03-29	wc-completed	Pangi Seed Shell Rattle	Pangi Seed Shell Rattle	MI-PS	1.0000	2047.6190	7356	0
49645	2026-03-29	wc-completed	Swinging Chimes - 9 Bars	Swinging Chimes	MI-SC-9	1.0000	8250.0000	10345	10347
49645	2026-03-29	wc-completed	Pulse Tubes - Medium	Pulse Tubes		1.0000	2150.0000	48512	48761
49645	2026-03-29	wc-completed	32 Rods - Bar Chime	25 Rods - Bar Chime	MI-BCH-32	1.0000	4957.6271	42389	0
49646	2026-03-29	wc-completed	Bird Flute - Green, Single	Bird Flute		1.0000	357.1429	45754	48646
49647	2026-03-29	wc-completed	Wooden Mallets for Singing Bowls - Thick Wide, Red	Wooden Mallets for Singing Bowls	MI-SB-M-R-Wd-4.5	1.0000	271.4286	6978	43379
49648	2026-03-30	wc-completed	Bamboo Rainstick - 60cms	Bamboo Rainstick	MI-RS-B-60	1.0000	1709.5238	7484	8763
49649	2026-03-30	wc-completed	Wooden Mallets for Singing Bowls - Long Firm-Standard, Red	Wooden Mallets for Singing Bowls	MI-SB-M-R-Wd-4.5	1.0000	552.3810	6978	43367
49649	2026-03-30	wc-completed	Pulse Tubes - Small	Pulse Tubes		1.0000	1485.0000	48512	48762
49649	2026-03-30	wc-completed	Vibroacoustic Therapy Bowls - Universal, Belly and Head - Universal Bowl	Vibroacoustic Therapy Bowls - Universal, Belly and Head	Mi-SB-Z-8	1.0000	7671.4286	8040	8044
49649	2026-03-30	wc-completed	Wooden Stand for Tuning Forks - Seven	Wooden Stand for Tuning Forks		2.0000	1530.0000	48229	48232
49649	2026-03-30	wc-completed	Eye Shaped Natural Lavender Scented Eye Pillows - Navy Blue	Eye Shaped Natural Lavender Scented Eye Pillows	Yo-P-E-NB-1	2.0000	602.5424	9220	9223
49649	2026-03-30	wc-completed	Swinging Chimes - 9 Bars	Swinging Chimes	MI-SC-9	1.0000	8250.0000	10345	10347
49649	2026-03-30	wc-completed	Bird Flute - Green, Pair	Bird Flute		1.0000	557.1429	45754	48645
49650	2026-03-30	wc-completed	11 Note Tongue Drum - Blue, 12 inches	11 Note Tongue Drum		1.0000	6308.0357	42373	42415
49654	2026-03-30	wc-completed	Neem Wood Combs - Combo 3	Neem Wood Combs	CO-NWC-S-P-H	1.0000	248.5714	5038	5600
49654	2026-03-30	wc-completed	Dotted Singing Bowl - Deep 5.5 Inch	Dotted Singing Bowl	MI-SB-D-7	1.0000	2043.8095	6892	42911
49654	2026-03-30	wc-completed	Singing Bowl Bags - Small	Singing Bowl Bags	MI-SB-Bag-S	1.0000	1365.2542	45127	45138
49655	2026-03-31	wc-completed	Sacred Symbols Singing Bowls - Blue, 4 in	Sacred Symbols Singing Bowls	MI-SB-P-SS-B-4	1.0000	1471.4286	10008	10016
49660	2026-03-31	wc-completed	Singing Bowl Bags - Large	Singing Bowl Bags	MI-SB-Bag-L	1.0000	1940.6780	45127	45140
49661	2026-03-31	wc-completed	Wooden Mallets for Singing Bowls - Long Firm-Standard, White	Wooden Mallets for Singing Bowls	MI-SB-M-R-Wd-4.5	1.0000	552.3810	6978	43384
49662	2026-03-31	wc-completed	Kenari Seed Shell Shakers - Large	Kenari Seed Shell Shakers	MI-KR-S-L	1.0000	1842.8571	7472	7511
49663	2026-03-31	wc-completed	Tibetan Buddhist Bell - Large	Tibetan Buddhist Bell	MI-BB-3.5	1.0000	1585.7143	6973	9200
49666	2026-04-01	wc-completed	C&G Tuning Forks - Weighted	C&G Tuning Forks		1.0000	4580.0000	48318	48319
49667	2026-04-01	wc-completed	Coconut Rattle	Coconut Rattle	MI-CR	1.0000	995.2381	5730	0
49672	2026-04-02	wc-completed	Tingsha Bell - Dark, Standard	Tingsha Bell		1.0000	23.8095	5763	44935
49673	2026-04-02	wc-completed	Swinging Chimes - 9 Bars	Swinging Chimes	MI-SC-9	1.0000	8250.0000	10345	10347
49673	2026-04-02	wc-completed	Pangi Seed Shell Rattle	Pangi Seed Shell Rattle	MI-PS	1.0000	2047.6190	7356	0
49674	2026-04-02	wc-completed	8 Keys Metallophone - with 1” & 1.5” key-widths - 1.5 inch	8 Keys Metallophone - with 1” & 1.5” key-widths	MI-XP-SP-1.5-8	1.0000	8348.2143	42332	42339
49675	2026-04-02	wc-completed	Swinging Chimes - 9 Bars	Swinging Chimes	MI-SC-9	1.0000	8250.0000	10345	10347
49675	2026-04-02	wc-completed	Eye Shaped Natural Lavender Scented Eye Pillows - Sage	Eye Shaped Natural Lavender Scented Eye Pillows	Yo-P-E-SE-1	10.0000	3347.4576	9220	9225
49675	2026-04-02	wc-completed	11 Note Tongue Drum - White, 10 inches	11 Note Tongue Drum		1.0000	6562.5000	42373	42410
49675	2026-04-02	wc-completed	Pangi Seed Shell Rattle	Pangi Seed Shell Rattle	MI-PS	1.0000	2047.6190	7356	0
49675	2026-04-02	wc-completed	Bendo Chimes	Bendo Chimes		1.0000	5950.0000	47751	0
49677	2026-04-02	wc-completed	Kenari Seed Shell Shakers - Large	Kenari Seed Shell Shakers	MI-KR-S-L	1.0000	2047.6190	7472	7511
49677	2026-04-02	wc-completed	Tuning Fork - Single Weighted & Unweighted - Weighted, 128 Hz	Tuning Fork - Single Weighted & Unweighted	MI-TF-W-128	1.0000	2180.9524	9713	9715
49677	2026-04-02	wc-completed	Tuning Fork - Single Weighted & Unweighted - Unweighted, 528 Hz	Tuning Fork - Single Weighted & Unweighted		1.0000	1419.0476	9713	9750
49679	2026-04-02	wc-completed	Eye Shaped Natural Lavender Scented Eye Pillows - Rose	Eye Shaped Natural Lavender Scented Eye Pillows	Yo-P-E-RE-1	8.0000	2677.9661	9220	9221
49680	2026-04-02	wc-completed	Jala Neti Pot - Ceramic 185 ml - Blue	Jala Neti Pot - Ceramic 185 ml	NP-B-185	1.0000	207.6271	5769	6918
49680	2026-04-02	wc-completed	Jala Neti Pot - Ceramic 185 ml - Lemon Yellow	Jala Neti Pot - Ceramic 185 ml	NP-LY-185	1.0000	207.6271	5769	6335
49680	2026-04-02	wc-completed	Shankh/Conch - Large	Shankh/Conch		1.0000	1761.9048	45449	45452
49681	2026-04-03	wc-completed	Musical Wooden Frog - Standard	Musical Wooden Frog	MI-WF	1.0000	904.7619	7456	44632
49681	2026-04-03	wc-completed	Bird Flute - Green, Single	Bird Flute		1.0000	357.1429	45754	48646
49683	2026-04-03	wc-completed	Full Moon Singing Bowls - All Sizes - 5 Inches	Full Moon Singing Bowls - All Sizes	MI-SB-H-FM-5	2.0000	13238.0952	7607	7608
49684	2026-04-03	wc-completed	Bendo Chimes	Bendo Chimes		1.0000	5950.0000	47751	0
49684	2026-04-03	wc-completed	Musical Wooden Frog - Standard	Musical Wooden Frog	MI-WF	1.0000	904.7619	7456	44632
49684	2026-04-03	wc-completed	Ocean Drums - Dream Catcher, 30 cms	Ocean Drums	MI-OD-D-30	1.0000	2161.0169	9529	9536
49684	2026-04-03	wc-completed	Pangi Seed Shell Rattle	Pangi Seed Shell Rattle	MI-PS	1.0000	2047.6190	7356	0
49684	2026-04-03	wc-completed	Bird Flute - Brown, Single	Bird Flute		1.0000	261.9048	45754	45871
49684	2026-04-03	wc-completed	32 Rods - Bar Chime	25 Rods - Bar Chime	MI-BCH-32	1.0000	4957.6271	42389	0
49686	2026-04-03	wc-completed	Pangi Seed Shell Rattle	Pangi Seed Shell Rattle	MI-PS	1.0000	1842.8571	7356	0
49687	2026-04-03	wc-completed	Dotted Singing Bowl - 4 inch	Dotted Singing Bowl	MI-SB-H-4	1.0000	1566.6667	6892	6901
49688	2026-04-03	wc-completed	Dumru/Dumroo Indian Handmade Percussion Instrument - Plain	Dumru/Dumroo Indian Handmade Percussion Instrument		1.0000	235.2381	5740	47720
49689	2026-04-03	wc-completed	Dotted Singing Bowl - 4 inch	Dotted Singing Bowl	MI-SB-H-4	2.0000	3133.3333	6892	6901
49691	2026-04-04	wc-completed	Ocean Drums - Dream Catcher, 35 cms	Ocean Drums	MI-OD-D-35	1.0000	2377.1186	9529	9537
49693	2026-04-04	wc-completed	Kenari Seed Shell Shakers - Large	Kenari Seed Shell Shakers	MI-KR-S-L	1.0000	1842.8571	7472	7511
49693	2026-04-04	wc-completed	32 Rods - Bar Chime	25 Rods - Bar Chime	MI-BCH-32	1.0000	4957.6271	42389	0
49693	2026-04-04	wc-completed	Bird Flute - Brown, Single	Bird Flute		1.0000	235.2381	45754	45871
49693	2026-04-04	wc-completed	Musical Wooden Frog - Large	Musical Wooden Frog	MI-WF	1.0000	1157.1429	7456	44633
49695	2026-04-04	wc-completed	Sacred Symbols Singing Bowls - Black, 5.5 in	Sacred Symbols Singing Bowls	MI-SB-P-SS-BK-5.5	1.0000	1709.5238	10008	10014
49697	2026-04-04	wc-completed	Sacred Symbols Singing Bowls - Black, 3.5 in	Sacred Symbols Singing Bowls	MI-SB-P-SS-BK-3.5	1.0000	1109.5238	10008	10012
49698	2026-04-04	wc-completed	Stainless Steel Straws - Pack of 2	Stainless Steel Straws	SSS-2	1.0000	166.6667	6505	6507
49700	2026-04-04	wc-completed	Elemental Chimes	Elemental Chimes	MI-Ch-KS	1.0000	3300.0000	45194	0
49701	2026-04-05	wc-completed	Singing Bowls Silk Ring Cushion Accessories - 10 cms, Orange	Singing Bowls Silk Ring Cushion Accessories	MI-SB-C-O-10	1.0000	209.5238	6988	7768
49701	2026-04-05	wc-completed	Shankh/Conch - Small	Shankh/Conch		1.0000	814.2857	45449	45450
49702	2026-04-05	wc-completed	Asalato/Aslatau or Kashaka Shaker - Painted, Single	Asalato/Aslatau or Kashaka Shaker	MI-AS	1.0000	1332.3810	7300	46379
49702	2026-04-05	wc-completed	Pangi Seed Shell Rattle	Pangi Seed Shell Rattle	MI-PS	1.0000	1842.8571	7356	0
49702	2026-04-05	wc-completed	Coconut Maracas Shakers - Plain	Coconut Maracas Shakers	MI-CM	1.0000	848.5714	7370	45394
49702	2026-04-05	wc-completed	Musical Wooden Frog - Standard	Musical Wooden Frog	MI-WF	1.0000	814.2857	7456	44632
49702	2026-04-05	wc-completed	Bird Flute - Green, Single	Bird Flute		1.0000	320.9524	45754	48646
49703	2026-04-05	wc-completed	Ocean Drums - Dream Catcher, 40 cms	Ocean Drums	MI-OD-D-40	1.0000	2923.7288	9529	9538
49705	2026-04-05	wc-completed	Kenari Chimes - Small & Large - Large	Kenari Chimes - Small & Large	MI-KR-CH-168	1.0000	4242.8571	45197	46431
49706	2026-04-05	wc-completed	Bendo Chimes	Bendo Chimes		1.0000	5042.3729	47751	0
49707	2026-04-05	wc-completed	Wooden Mallets for Singing Bowls - Long Firm-Standard, White	Wooden Mallets for Singing Bowls	MI-SB-M-R-Wd-4.5	1.0000	552.3810	6978	43384
49707	2026-04-05	wc-completed	Tibetan Buddhist Bell - Large	Tibetan Buddhist Bell	MI-BB-3.5	1.0000	1585.7143	6973	9200
49709	2026-04-06	wc-completed	"Wooden Mallets for Singing Bowls - Long Soft-13"", Red"	Wooden Mallets for Singing Bowls	MI-SB-M-L-R-13	1.0000	728.5714	6978	43374
49709	2026-04-06	wc-completed	Wooden Mallets for Singing Bowls - Long Firm-Standard, Red	Wooden Mallets for Singing Bowls	MI-SB-M-R-Wd-4.5	1.0000	552.3810	6978	43367
49709	2026-04-06	wc-completed	Plain/Wind Tibetan Gong - 18 in	Plain/Wind Tibetan Gong	MI-G-P-18	1.0000	14142.8571	8833	8849
49710	2026-04-06	wc-completed	Jala Neti Pot - Ceramic 185 ml - Mint Green	Jala Neti Pot - Ceramic 185 ml	NP-MG-185	1.0000	186.4407	5769	6336
49711	2026-04-06	wc-completed	Kenari Seed Shell Shakers - Large	Kenari Seed Shell Shakers	MI-KR-S-L	1.0000	2047.6190	7472	7511
49711	2026-04-06	wc-completed	Ocean Drums - Dream Catcher, 35 cms	Ocean Drums	MI-OD-D-35	1.0000	2377.1186	9529	9537
49711	2026-04-06	wc-completed	Hanging Bowls/Zen Drops - Set of 3	Hanging Bowls/Zen Drops		1.0000	8523.8095	45113	45118
49711	2026-04-06	wc-completed	Swinging Chimes - 6 Bars	Swinging Chimes	MI-SC-6	1.0000	6895.0000	10345	10346
49711	2026-04-06	wc-completed	Kenari Chimes - Small & Large - Small	Kenari Chimes - Small & Large	MI-KR-CH-168	1.0000	3761.9048	45197	46430
49711	2026-04-06	wc-completed	"Wooden Mallets for Singing Bowls - Long Soft-13"", Red"	Wooden Mallets for Singing Bowls	MI-SB-M-L-R-13	1.0000	809.5238	6978	43374
49711	2026-04-06	wc-completed	Dotted Singing Bowl - 4 inch	Dotted Singing Bowl	MI-SB-H-4	1.0000	1566.6667	6892	6901
49711	2026-04-06	wc-completed	Wooden Mallets for Singing Bowls - Standard Wide, Red	Wooden Mallets for Singing Bowls	MI-SB-M-R-Wd-4.5	1.0000	242.8571	6978	43381
49711	2026-04-06	wc-completed	Handmade Universal Bowl for Sound Healing	Handmade Universal Bowl for Sound Healing	MI-SB-HM-UN	1.0000	8523.8095	8143	0
49712	2026-04-06	wc-completed	Native American Style Flute – Handcrafted Wooden Melody Maker	Native American Style Flutes		1.0000	17900.0000	48428	0
49713	2026-04-06	wc-completed	Tuning Fork - Single Weighted & Unweighted - Weighted, 128 Hz	Tuning Fork - Single Weighted & Unweighted	MI-TF-W-128	1.0000	1962.8571	9713	9715
49714	2026-04-06	wc-completed	Djembe Drums - Mahogany, 10in	Djembe Drums		1.0000	4815.0000	44969	45041
49715	2026-04-07	wc-completed	Wooden Maracas Shakers | Plain & Dot Painted - Plain	Wooden Maracas Shakers | Plain & Dot Painted	MI-WM	1.0000	843.8095	7542	44153
49715	2026-04-07	wc-completed	Coconut Maracas Shakers - Plain	Coconut Maracas Shakers	MI-CM	1.0000	848.5714	7370	45394
49716	2026-04-07	wc-completed	Round Yoga Bolster - Rose	Round Yoga Bolster	Yo-BR-R-RE	1.0000	1313.5593	6689	6694
49717	2026-04-07	wc-completed	Bendo Shaker - Small	Bendo Shaker		1.0000	1850.0000	47742	47922
49719	2026-04-07	wc-completed	Kenari Seed Shell Shakers - Large	Kenari Seed Shell Shakers	MI-KR-S-L	1.0000	1842.8571	7472	7511
49719	2026-04-07	wc-completed	Handmade Universal Bowl for Sound Healing	Handmade Universal Bowl for Sound Healing	MI-SB-HM-UN	1.0000	7671.4286	8143	0
49719	2026-04-07	wc-completed	Painted Egg Shakers - Blue Dotted	Painted Egg Shakers	MI-ES-P-B	1.0000	792.3810	7404	7415
49724	2026-04-07	wc-completed	Pulse Tubes - Big	Pulse Tubes		1.0000	2850.0000	48512	48760
49727	2026-04-07	wc-completed	11 Note Tongue Drum - White, 6 inches	11 Note Tongue Drum		1.0000	4700.8929	42373	42412
49728	2026-04-07	wc-completed	Gong Bags - Standard	Gong Bags		1.0000	1652.5424	45152	45153
49729	2026-04-07	wc-completed	Singing Bowls with Sacred Mantra Printed - Gold, 4 Inches	Singing Bowls with Sacred Mantra Printed	MI-SB-P-W-4	1.0000	1471.4286	6807	7289
49731	2026-04-08	wc-completed	Wooden Mallets for Singing Bowls - Long Firm-Standard, White	Wooden Mallets for Singing Bowls	MI-SB-M-R-Wd-4.5	2.0000	1105.7143	6978	43384
49732	2026-04-08	wc-completed	Bird Flute - Brown, Single	Bird Flute		1.0000	261.9048	45754	45871
49733	2026-04-08	wc-completed	Shamanic Drum - Butterfly, 45 cms	Shamanic Drum	MI-SD-B-45	1.0000	4766.9492	7293	9593
49733	2026-04-08	wc-completed	Shamanic Drum Bags/Ocean Drum Bags - Large	Shamanic Drum Bags/Ocean Drum Bags		1.0000	1161.0000	45131	45134
49733	2026-04-08	wc-completed	"Wooden Mallets for Singing Bowls - Long Soft-11"", Red"	Wooden Mallets for Singing Bowls	MI-SB-M-L-R-11	1.0000	552.3810	6978	43375
49733	2026-04-08	wc-completed	Wooden Mallets for Singing Bowls - Long Firm-Standard, White	Wooden Mallets for Singing Bowls	MI-SB-M-R-Wd-4.5	1.0000	552.3810	6978	43384
49733	2026-04-08	wc-completed	Bird Flute - Brown, Single	Bird Flute		1.0000	235.2381	45754	45871
49733	2026-04-08	wc-completed	Coconut Rattle	Coconut Rattle	MI-CR	1.0000	895.2381	5730	0
49733	2026-04-08	wc-completed	C&G Tuning Forks - Weighted	C&G Tuning Forks		1.0000	4122.0000	48318	48319
49734	2026-04-08	wc-completed	8 Keys Metallophone - with 1” & 1.5” key-widths - 1 inch	8 Keys Metallophone - with 1” & 1.5” key-widths	MI-XP-SP-1-8	1.0000	6830.3571	42332	42338
49735	2026-04-08	wc-completed	Singing Bowls Silk Ring Cushion Accessories - 16 cms, Black	Singing Bowls Silk Ring Cushion Accessories	MI-SB-C-BK-16	2.0000	619.0476	6988	44196
49735	2026-04-08	wc-completed	Singing Bowls Silk Ring Cushion Accessories - 14 cms, Black	Singing Bowls Silk Ring Cushion Accessories	MI-SB-C-BK-14	2.0000	561.9048	6988	44195
49736	2026-04-08	wc-completed	Vibroacoustic Therapy Bowls - Universal, Belly and Head - Universal Bowl	Vibroacoustic Therapy Bowls - Universal, Belly and Head	Mi-SB-Z-8	1.0000	7671.4286	8040	8044
49737	2026-04-08	wc-completed	Singing Bowls with Sacred Mantra Printed - Gold, 5.5 Inches	Singing Bowls with Sacred Mantra Printed	MI-SB-P-W-5.5	1.0000	1709.5238	6807	7290
49740	2026-04-08	wc-completed	Tibetan Buddhist Bell - Small	Tibetan Buddhist Bell	MI-BB-2	1.0000	1157.1429	6973	9198
49740	2026-04-08	wc-completed	Dotted Singing Bowl - 4 inch	Dotted Singing Bowl	MI-SB-H-4	1.0000	1409.5238	6892	6901
49741	2026-04-08	wc-completed	Crystal Bowls - 6 in	Crystal Bowls	MI-CB-W-6	1.0000	7584.7458	9777	9778
49741	2026-04-08	wc-completed	Crystal Pyramid - 6 in	Crystal Pyramid		1.0000	7584.7458	45654	48694
49741	2026-04-08	wc-completed	Hanging Bowls/Zen Drops - Set of 3	Hanging Bowls/Zen Drops		1.0000	8523.8095	45113	45118
49741	2026-04-08	wc-completed	Bamboo Castanet	Bamboo Castanet	MI-CN-B	1.0000	709.5238	7329	0
49741	2026-04-08	wc-completed	The Head Bowl	The Head Bowl		1.0000	9514.2857	45518	0
49741	2026-04-08	wc-completed	Coconut Rattle	Coconut Rattle	MI-CR	1.0000	995.2381	5730	0
49741	2026-04-08	wc-completed	Ocean Drums - Dream Catcher, 40 cms	Ocean Drums	MI-OD-D-40	1.0000	2923.7288	9529	9538
49742	2026-04-08	wc-completed	Shruti Box - 1 Octave	Shruti Box		1.0000	8955.0000	44970	45003
49743	2026-04-08	wc-completed	Bird Flute - Brown, Pair	Bird Flute		1.0000	385.7143	45754	45872
49744	2026-04-09	wc-completed	Kenari Chimes - Small & Large - Small	Kenari Chimes - Small & Large	MI-KR-CH-168	1.0000	3385.7143	45197	46430
49746	2026-04-09	wc-completed	Handmade Universal Bowl for Sound Healing	Handmade Universal Bowl for Sound Healing	MI-SB-HM-UN	2.0000	15342.8571	8143	0
49748	2026-04-09	wc-completed	Sacred Symbols Singing Bowls - Yellow, 3.5 in	Sacred Symbols Singing Bowls	MI-SB-P-SS-Y-3.5	1.0000	1233.3333	10008	10021
49753	2026-04-09	wc-completed	Dotted Singing Bowl - 5.5 inch	Dotted Singing Bowl	MI-SB-H-5.5	1.0000	2042.8571	6892	6902
49753	2026-04-09	wc-completed	Singing Bowls Silk Ring Cushion Accessories - 12 cms, Orange	Singing Bowls Silk Ring Cushion Accessories	MI-SB-C-O-12	1.0000	261.9048	6988	7775
49755	2026-04-09	wc-completed	Swinging Chimes - 9 Bars	Swinging Chimes	MI-SC-9	1.0000	8250.0000	10345	10347
49756	2026-04-09	wc-completed	Tuning Forks Gem Feet - Full Set	Tuning Forks Gem Feet		1.0000	1450.0000	48136	48179
49759	2026-04-10	wc-completed	Pangi Seed Shell Rattle	Pangi Seed Shell Rattle	MI-PS	1.0000	2047.6190	7356	0
49777	2026-04-10	wc-completed	Shamanic Drum - Plain, 30 cms	Shamanic Drum	MI-SD-P-30	1.0000	3546.6102	7293	9588
49778	2026-04-10	wc-completed	Ocean Drums - Dream Catcher, 30 cms	Ocean Drums	MI-OD-D-30	1.0000	2161.0169	9529	9536
49789	2026-04-10	wc-completed	Plain/Wind Tibetan Gong - 22 in	Plain/Wind Tibetan Gong	MI-G-P-22	1.0000	19285.7143	8833	10195
49790	2026-04-10	wc-completed	Bamboo Rainstick	Bamboo Rainstick	MI-RS-N	1.0000	2528.5714	49779	0
49791	2026-04-10	wc-completed	Shamanic Drum Bags/Ocean Drum Bags - Medium	Shamanic Drum Bags/Ocean Drum Bags		2.0000	28.8000	45131	46932
49791	2026-04-10	wc-completed	Ocean Drums - Flower of Life, 40 cms	Ocean Drums		1.0000	41.1864	9529	44653
49793	2026-04-10	wc-completed	Pangi Seed Shell Rattle	Pangi Seed Shell Rattle	MI-PS	1.0000	1842.8571	7356	0
49795	2026-04-11	wc-completed	Elemental Chimes	Elemental Chimes	MI-Ch-KS	1.0000	3300.0000	45194	0
49796	2026-04-11	wc-completed	Jala Neti Pot - Ceramic 185 ml - Lemon Yellow	Jala Neti Pot - Ceramic 185 ml	NP-LY-185	1.0000	207.6271	5769	6335
49797	2026-04-11	wc-completed	Crystal Bowl Mallets - Rimming Mallet	Crystal Bowl Mallets		1.0000	1476.1905	49604	49606
49797	2026-04-11	wc-completed	Bird Flute - Green, Single	Bird Flute		1.0000	357.1429	45754	48646
49797	2026-04-11	wc-completed	Bendo Shaker - Large	Bendo Shaker		1.0000	2750.0000	47742	47923
49798	2026-04-11	wc-completed	Bamboo Rainstick	Bamboo Rainstick	MI-RS-N	1.0000	2528.5714	49779	0
49799	2026-04-11	wc-completed	Sacred Symbols Singing Bowls - Black, 5.5 in	Sacred Symbols Singing Bowls	MI-SB-P-SS-BK-5.5	1.0000	1900.0000	10008	10014
49801	2026-04-11	wc-completed	Bamboo Rainstick	Bamboo Rainstick	MI-RS-N	1.0000	2528.5714	49779	0
49802	2026-04-11	wc-completed	Dumru/Dumroo Indian Handmade Percussion Instrument - Plain	Dumru/Dumroo Indian Handmade Percussion Instrument		1.0000	261.9048	5740	47720
49803	2026-04-11	wc-completed	Round Yoga Bolster - Sage	Round Yoga Bolster	Yo-BR-R-SE	3.0000	3940.6780	6689	6692
49804	2026-04-11	wc-completed	Pulse Tubes - Medium	Pulse Tubes		1.0000	2150.0000	48512	48761
49806	2026-04-11	wc-completed	Bamboo Rainstick	Bamboo Rainstick	MI-RS-N	1.0000	2809.5238	49779	0
49806	2026-04-11	wc-completed	Ocean Drums - Flower of Life, 35 cms	Ocean Drums		1.0000	2415.2542	9529	44652
49808	2026-04-12	wc-completed	Bamboo Rainstick	Bamboo Rainstick	MI-RS-N	1.0000	2528.5714	49779	0
49808	2026-04-12	wc-completed	Jala Neti Pot - Ceramic 185 ml - Lemon Yellow	Jala Neti Pot - Ceramic 185 ml	NP-LY-185	1.0000	186.4407	5769	6335
49809	2026-04-12	wc-completed	Bendo Shaker - Large	Bendo Shaker		1.0000	2750.0000	47742	47923
49809	2026-04-12	wc-completed	Pangi Seed Shell Rattle	Pangi Seed Shell Rattle	MI-PS	1.0000	2047.6190	7356	0
49809	2026-04-12	wc-completed	Eye Shaped Natural Lavender Scented Eye Pillows - Navy Blue	Eye Shaped Natural Lavender Scented Eye Pillows	Yo-P-E-NB-1	3.0000	1004.2373	9220	9223
49809	2026-04-12	wc-completed	Shamanic Drum Bags/Ocean Drum Bags - Medium	Shamanic Drum Bags/Ocean Drum Bags		1.0000	1190.0000	45131	46932
49809	2026-04-12	wc-completed	Ocean Drums - Dream Catcher, 35 cms	Ocean Drums	MI-OD-D-35	1.0000	2377.1186	9529	9537
49809	2026-04-12	wc-completed	Bamboo Rainstick	Bamboo Rainstick	MI-RS-N	1.0000	2809.5238	49779	0
49809	2026-04-12	wc-completed	Wooden Mallets for Singing Bowls - Standard Wide, Red	Wooden Mallets for Singing Bowls	MI-SB-M-R-Wd-4.5	2.0000	485.7143	6978	43381
49809	2026-04-12	wc-completed	Dotted Singing Bowl - 5.5 inch	Dotted Singing Bowl	MI-SB-H-5.5	1.0000	2042.8571	6892	6902
49810	2026-04-12	wc-completed	Ocean Drums - Dream Catcher, 40 cms	Ocean Drums	MI-OD-D-40	1.0000	2923.7288	9529	9538
49810	2026-04-12	wc-completed	Crystal Bowl Mallets - Silicon Mallet	Crystal Bowl Mallets		1.0000	1523.8095	49604	49607
49812	2026-04-12	wc-completed	Swinging Chimes - 6 Bars	Swinging Chimes	MI-SC-6	1.0000	6895.0000	10345	10346
49812	2026-04-12	wc-completed	Crystal Bowl Bag - Medium	Crystal Bowl Bag		1.0000	1485.0000	47081	47083
49812	2026-04-12	wc-completed	Handmade Universal Bowl for Sound Healing	Handmade Universal Bowl for Sound Healing	MI-SB-HM-UN	1.0000	7671.4286	8143	0
49812	2026-04-12	wc-completed	Crystal Bowls - 9 in	Crystal Bowls	MI-CB-W-9	1.0000	8733.0508	9777	9781
49813	2026-04-12	wc-completed	Bamboo Rainstick	Bamboo Rainstick	MI-RS-N	1.0000	2528.5714	49779	0
49813	2026-04-12	wc-completed	Shamanic Drum Bags/Ocean Drum Bags - Medium	Shamanic Drum Bags/Ocean Drum Bags		1.0000	1071.0000	45131	46932
49813	2026-04-12	wc-completed	Ocean Drums - Flower of Life, 35 cms	Ocean Drums		1.0000	2173.7288	9529	44652
49814	2026-04-12	wc-completed	8 Keys Metallophone - with 1” & 1.5” key-widths - 1.5 inch	8 Keys Metallophone - with 1” & 1.5” key-widths	MI-XP-SP-1.5-8	1.0000	8348.2143	42332	42339
49815	2026-04-13	wc-completed	Tuning Fork - Single Weighted & Unweighted - Weighted, 136.10 Hz	Tuning Fork - Single Weighted & Unweighted		1.0000	2180.9524	9713	9716
49815	2026-04-13	wc-completed	Tuning Fork - Single Weighted & Unweighted - Weighted, 256 Hz	Tuning Fork - Single Weighted & Unweighted	MI-TF-W-256	1.0000	1895.2381	9713	9717
49815	2026-04-13	wc-completed	Tuning Fork - Single Weighted & Unweighted - Weighted, 432 Hz	Tuning Fork - Single Weighted & Unweighted	MI-TF-W-432	1.0000	1895.2381	9713	9718
49815	2026-04-13	wc-completed	Tuning Fork - Single Weighted & Unweighted - Weighted, 528 Hz	Tuning Fork - Single Weighted & Unweighted		1.0000	1895.2381	9713	9719
49815	2026-04-13	wc-completed	Tuning Forks 7 Chakra Set - Weighted, With Gem Foot	Tuning Forks 7 Chakra Set		1.0000	10250.0000	48193	48194
49820	2026-04-13	wc-completed	Tingsha Bell - Dark, Standard	Tingsha Bell		1.0000	1709.5238	5763	44935
49820	2026-04-13	wc-completed	Tingsha Bell - Golden, Standard	Tingsha Bell		1.0000	1709.5238	5763	44933
49821	2026-04-13	wc-completed	Ocean Drums - Flower of Life, 35 cms	Ocean Drums		1.0000	2173.7288	9529	44652
49822	2026-04-13	wc-completed	Musical Wooden Frog - Large	Musical Wooden Frog	MI-WF	1.0000	1157.1429	7456	44633
49822	2026-04-13	wc-completed	Pangi Seed Shell Rattle	Pangi Seed Shell Rattle	MI-PS	1.0000	1842.8571	7356	0
49823	2026-04-13	wc-completed	Bamboo Rainstick	Bamboo Rainstick	MI-RS-N	1.0000	2528.5714	49779	0
49825	2026-04-13	wc-completed	Artistically Designed Copper Bottles	Artistically Designed Copper Bottles	CB-OL	1.0000	1185.7143	6007	42903
49826	2026-04-13	wc-completed	7 Chakras Copper Water Bottles with Handle	7 Chakras Copper Water Bottles with Handle	CB-7CV-B-1	1.0000	1152.3810	44503	44510
49829	2026-04-13	wc-completed	Copper Tongue Cleaner - Pack of 4, Straight	Copper Tongue Cleaner	TC-R-1	2.0000	752.3810	5042	7812
49830	2026-04-14	wc-completed	Artistically Designed Copper Bottles	Artistically Designed Copper Bottles	CB-HW-B	1.0000	1152.3810	6007	42894
49831	2026-04-14	wc-completed	Zen Meditation Bench - Large	Zen Meditation Bench	ME-Cu	1.0000	41.9492	9763	45269
49834	2026-04-14	wc-completed	Singing Bowl with Mantra - Rustic Blue Colour - 7 Inches	Singing Bowl with Mantra - Rustic Blue Colour	MI-SB-RB-7	1.0000	1495.2381	6861	7287
49842	2026-04-14	wc-completed	Hanging Bowls/Zen Drops - Set of 3	Hanging Bowls/Zen Drops		1.0000	8523.8095	45113	45118
49842	2026-04-14	wc-completed	Bendo Chimes	Bendo Chimes		1.0000	5042.3729	47751	0
49850	2026-04-14	wc-completed	Box Tanpura - Female Tanpura	Box Tanpura		1.0000	10848.2143	45384	47883
49851	2026-04-15	wc-completed	Bamboo Rainstick	Bamboo Rainstick	MI-RS-N	1.0000	2809.5238	49779	0
49851	2026-04-15	wc-completed	Pangi Seed Shell Rattle	Pangi Seed Shell Rattle	MI-PS	1.0000	2047.6190	7356	0
49870	2026-04-15	wc-completed	Djembe Drums - Mahogany, 14in	Djembe Drums		1.0000	6705.0000	44969	48222
49871	2026-04-15	wc-completed	Pangi Seed Shell Rattle	Pangi Seed Shell Rattle	MI-PS	1.0000	1842.8571	7356	0
49882	2026-04-15	wc-completed	Kenari Seed Shell Shakers - Small	Kenari Seed Shell Shakers	MI-KR-S-S	1.0000	1157.1429	7472	7510
49882	2026-04-15	wc-completed	Singing Bowls with Sacred Mantra Printed - Gold, 5.5 Inches	Singing Bowls with Sacred Mantra Printed	MI-SB-P-W-5.5	1.0000	1709.5238	6807	7290
49883	2026-04-15	wc-completed	Handmade Universal Bowl for Sound Healing	Handmade Universal Bowl for Sound Healing	MI-SB-HM-UN	1.0000	8523.8095	8143	0
49884	2026-04-16	wc-completed	Singing Bowls Silk Ring Cushion Accessories - 22 cms, Pink	Singing Bowls Silk Ring Cushion Accessories	MI-SB-C-PK-22	1.0000	566.6667	6988	44173
49884	2026-04-16	wc-completed	Singing Bowls Silk Ring Cushion Accessories - 22 cms, Green	Singing Bowls Silk Ring Cushion Accessories	MI-SB-C-G-22	1.0000	566.6667	6988	44185
49885	2026-04-16	wc-completed	Gong Stand - Light, Medium	Gong Stand		1.0000	5986.6071	45289	45295
49886	2026-04-16	wc-completed	Handmade Universal Bowl for Sound Healing	Handmade Universal Bowl for Sound Healing	MI-SB-HM-UN	1.0000	7671.4286	8143	0
49886	2026-04-16	wc-completed	Singing Bowl Bags - Small	Singing Bowl Bags	MI-SB-Bag-S	1.0000	1365.2542	45127	45138
49888	2026-04-17	wc-completed	Pangi Seed Shell Rattle	Pangi Seed Shell Rattle	MI-PS	1.0000	2047.6190	7356	0
49890	2026-04-17	wc-processing	Triad Crystal Bowl Set - CEG	Triad Crystal Bowl Set		1.0000	30152.5424	45668	47894
49890	2026-04-17	wc-processing	Bamboo Rainstick	Bamboo Rainstick	MI-RS-N	1.0000	2809.5238	49779	0
49890	2026-04-17	wc-processing	Kenari Seed Shell Shakers - Large	Kenari Seed Shell Shakers	MI-KR-S-L	1.0000	2047.6190	7472	7511
49890	2026-04-17	wc-processing	Swinging Chimes - 6 Bars	Swinging Chimes	MI-SC-6	1.0000	6895.0000	10345	10346
49890	2026-04-17	wc-processing	Bendo Chimes	Bendo Chimes		1.0000	5042.3729	47751	0
49891	2026-04-17	wc-completed	Bird Flute - Brown, Single	Bird Flute		1.0000	235.2381	45754	45871
49891	2026-04-17	wc-completed	Bamboo Rainstick	Bamboo Rainstick	MI-RS-N	1.0000	2528.5714	49779	0
49892	2026-04-17	wc-completed	Coconut Maracas Shakers - Plain	Coconut Maracas Shakers	MI-CM	1.0000	848.5714	7370	45394
49893	2026-04-17	wc-completed	Singing Bowls Silk Ring Cushion Accessories - Combo of 7	Singing Bowls Silk Ring Cushion Accessories		1.0000	22.5048	6988	46268
49893	2026-04-17	wc-completed	Tingsha Bell - Etched, Standard	Tingsha Bell		1.0000	21.4286	5763	44937
49893	2026-04-17	wc-completed	Large Tuning Fork - Harmonic Balance	DNA Tuning Fork		1.0000	117.0000	49817	49862
49893	2026-04-17	wc-completed	Rectangular Yoga Bolster - Dark Grey	Rectangular Yoga Bolster	Yo-BR-RE-DG	1.0000	14.9492	9675	9677
49893	2026-04-17	wc-completed	Full Moon Singing Bowls - All Sizes - 5 Inches	Full Moon Singing Bowls - All Sizes	MI-SB-H-FM-5	1.0000	77.1429	7607	7608
49894	2026-04-18	wc-completed	Handcrafted Set of 7 Bowls for Sound Therapy - Large-Octave 2, Matte	Handcrafted Set of 7 Bowls for Sound Therapy	MI-SB-7C Set-L-M	1.0000	78571.4286	7887	9196
49895	2026-04-18	wc-completed	"Wooden Mallets for Singing Bowls - Long Soft-13"", Red"	Wooden Mallets for Singing Bowls	MI-SB-M-L-R-13	1.0000	728.5714	6978	43374
49896	2026-04-18	wc-completed	Copper Tongue Cleaner - Pack of 4, Straight	Copper Tongue Cleaner	TC-R-1	1.0000	338.0952	5042	7812
49898	2026-04-18	wc-completed	Jala Neti Pot - Ceramic 185 ml - White	Jala Neti Pot - Ceramic 185 ml	NP-W-185	1.0000	186.4407	5769	5826
49899	2026-04-19	wc-completed	7 Chakras Vintage - Copper Bottle	7 Chakras Vintage - Copper Bottle		1.0000	792.3810	5682	43491
49918	2026-04-20	wc-completed	Bamboo Rainstick	Bamboo Rainstick	MI-RS-N	1.0000	2528.5714	49779	0
49918	2026-04-20	wc-completed	Handcrafted Set of 7 Bowls for Sound Therapy - Standard-Octave 3, Matte	Handcrafted Set of 7 Bowls for Sound Therapy	MI-SB-7C Set-S-M	1.0000	53809.5238	7887	9193
49918	2026-04-20	wc-completed	Handmade Universal Bowl for Sound Healing	Handmade Universal Bowl for Sound Healing	MI-SB-HM-UN	1.0000	7671.4286	8143	0
49918	2026-04-20	wc-completed	Kenari Seed Shell Shakers - Large	Kenari Seed Shell Shakers	MI-KR-S-L	1.0000	1842.8571	7472	7511
49918	2026-04-20	wc-completed	Singing Bowl Bags - Large	Singing Bowl Bags	MI-SB-Bag-L	1.0000	1746.6102	45127	45140
49920	2026-04-20	wc-completed	Jala Neti Pot - Ceramic 185 ml - Mint Green	Jala Neti Pot - Ceramic 185 ml	NP-MG-185	1.0000	207.6271	5769	6336
49921	2026-04-21	wc-completed	Copper Tongue Cleaner - Pack of 4, Straight	Copper Tongue Cleaner	TC-R-1	1.0000	338.0952	5042	7812
49922	2026-04-21	wc-completed	Bamboo Rainstick	Bamboo Rainstick	MI-RS-N	1.0000	2809.5238	49779	0
49923	2026-04-21	wc-completed	Bendo Chimes	Bendo Chimes		1.0000	5042.3729	47751	0
49927	2026-04-21	wc-completed	Rectangular Yoga Bolster - Dark Grey	Rectangular Yoga Bolster	Yo-BR-RE-DG	1.0000	1105.9322	9675	9677
49929	2026-04-21	wc-completed	Rectangular Yoga Bolster - Sage	Rectangular Yoga Bolster	Yo-BR-RE-SE	2.0000	2211.8644	9675	9678
49929	2026-04-21	wc-completed	Zabuton Cushion for Meditation - Navy Blue	Zabuton Cushion for Meditation	Me-C-Zn-NB	2.0000	3043.2203	6780	6794
49929	2026-04-21	wc-completed	Hi-Zafu Meditation Cushion - Filled with Buckwheat - Sage	Hi-Zafu Meditation Cushion - Filled with Buckwheat	Me-C-HZ-SE	1.0000	979.6610	6755	6778
49929	2026-04-21	wc-completed	Round Yoga Bolster - Sage	Round Yoga Bolster	Yo-BR-R-SE	1.0000	1182.2034	6689	6692
49929	2026-04-21	wc-completed	Yoga Blanket made from Organic Cotton - Natural White	Yoga Blanket made from Organic Cotton	Yo-BT-C-NT	1.0000	1109.5238	6668	6688
49930	2026-04-21	wc-completed	Bamboo Rainstick	Bamboo Rainstick	MI-RS-N	1.0000	2528.5714	49779	0
49931	2026-04-21	wc-completed	Pangi Seed Shell Rattle	Pangi Seed Shell Rattle	MI-PS	1.0000	1842.8571	7356	0
49932	2026-04-22	wc-completed	Singing Bowls Silk Ring Cushion Accessories - Combo of 3	Singing Bowls Silk Ring Cushion Accessories		1.0000	757.1429	6988	46266
49933	2026-04-22	wc-completed	Bamboo Rainstick	Bamboo Rainstick	MI-RS-N	1.0000	2809.5238	49779	0
49934	2026-04-22	wc-completed	Handmade Universal Bowl for Sound Healing	Handmade Universal Bowl for Sound Healing	MI-SB-HM-UN	1.0000	7671.4286	8143	0
49937	2026-04-22	wc-completed	Kenari Seed Shell Shakers - Large	Kenari Seed Shell Shakers	MI-KR-S-L	1.0000	1842.8571	7472	7511
49937	2026-04-22	wc-completed	Swinging Chimes - 9 Bars	Swinging Chimes	MI-SC-9	1.0000	8250.0000	10345	10347
49937	2026-04-22	wc-completed	Crystal Bowls - 14 in	Crystal Bowls	MI-CB-W-14	1.0000	15063.5593	9777	9786
49938	2026-04-22	wc-completed	Elemental Chimes	Elemental Chimes	MI-Ch-KS	1.0000	3300.0000	45194	0
49940	2026-04-22	wc-completed	Copper Bottle Gift Set - 7 Chakra - Vintage	Copper Bottle Gift Set - 7 Chakra		1.0000	1500.0000	6638	48680
49942	2026-04-22	wc-completed	Bird Flute - Brown, Single	Bird Flute		1.0000	235.2381	45754	45871
49942	2026-04-22	wc-completed	Elemental Chimes	Elemental Chimes	MI-Ch-KS	1.0000	3300.0000	45194	0
49943	2026-04-23	wc-completed	Tuning Fork Extensions - Extender	Tuning Fork Extensions		1.0000	450.0000	48135	48162
49943	2026-04-23	wc-completed	Tuning Fork Extensions - Massage Boot	Tuning Fork Extensions		1.0000	590.0000	48135	48164
49943	2026-04-23	wc-completed	Tuning Fork Extensions - Circuit Boot	Tuning Fork Extensions		1.0000	690.0000	48135	48163
49949	2026-04-23	wc-completed	Ocean Drums - Dream Catcher, 35 cms	Ocean Drums	MI-OD-D-35	1.0000	2138.9831	9529	9537
49949	2026-04-23	wc-completed	Tuning Fork - Single Weighted & Unweighted - Weighted, 68.05 Hz	Tuning Fork - Single Weighted & Unweighted		1.0000	1962.8571	9713	46947
49949	2026-04-23	wc-completed	Bendo Shaker - Large	Bendo Shaker		1.0000	1665.0000	47742	47923
49950	2026-04-23	wc-completed	Ocean Drums - Plain, 35 cms	Ocean Drums	MI-OD-P-35	1.0000	2097.4576	9529	9533
49950	2026-04-23	wc-completed	Bamboo Rainstick	Bamboo Rainstick	MI-RS-N	1.0000	2528.5714	49779	0
49950	2026-04-23	wc-completed	Bendo Shaker - Large	Bendo Shaker		1.0000	1665.0000	47742	47923
49950	2026-04-23	wc-completed	Tingsha Bell - Golden, Standard	Tingsha Bell		1.0000	1538.0952	5763	44933
49951	2026-04-23	wc-completed	Musical Wooden Frog - Standard	Musical Wooden Frog	MI-WF	2.0000	1628.5714	7456	44632
49952	2026-04-24	wc-completed	Elemental Chimes	Elemental Chimes	MI-Ch-KS	1.0000	3666.6667	45194	0
49952	2026-04-24	wc-completed	Shamanic Drum - Butterfly, 45 cms	Shamanic Drum	MI-SD-B-45	1.0000	5296.6102	7293	9593
49952	2026-04-24	wc-completed	Shamanic Drum Bags/Ocean Drum Bags - Large	Shamanic Drum Bags/Ocean Drum Bags		1.0000	1290.0000	45131	45134
49953	2026-04-24	wc-completed	Singing Bowls Silk Ring Cushion Accessories - Combo of 5	Singing Bowls Silk Ring Cushion Accessories		1.0000	1409.5238	6988	46267
49953	2026-04-24	wc-completed	Hanging Bowls/Zen Drops - Set of 3	Hanging Bowls/Zen Drops		1.0000	7671.4286	45113	45118
49954	2026-04-24	wc-completed	Eye Shaped Natural Lavender Scented Eye Pillows - Rose	Eye Shaped Natural Lavender Scented Eye Pillows	Yo-P-E-RE-1	1.0000	300.8475	9220	9221
49954	2026-04-24	wc-completed	Eye Shaped Natural Lavender Scented Eye Pillows - Sage	Eye Shaped Natural Lavender Scented Eye Pillows	Yo-P-E-SE-1	1.0000	300.8475	9220	9225
49960	2026-04-24	wc-completed	Gong Bags - Standard	Gong Bags		1.0000	1652.5424	45152	45153
49960	2026-04-24	wc-completed	Tam-Tam/Chau Gong - 16 in	Tam-Tam/Chau Gong		1.0000	18571.4286	8802	46735
49961	2026-04-24	wc-completed	Ocean Drums - Plain, 30 cms	Ocean Drums	MI-OD-P-30	1.0000	1868.6441	9529	9532
49961	2026-04-24	wc-completed	Shamanic Drum Bags/Ocean Drum Bags - Small	Shamanic Drum Bags/Ocean Drum Bags		1.0000	891.0000	45131	45133
49962	2026-04-24	wc-completed	Singing Bowls Silk Ring Cushion Accessories - Combo of 7	Singing Bowls Silk Ring Cushion Accessories		1.0000	2138.0952	6988	46268
49962	2026-04-24	wc-completed	Singing Bowls Silk Ring Cushion Accessories - Combo of 3	Singing Bowls Silk Ring Cushion Accessories		1.0000	757.1429	6988	46266
49964	2026-04-25	wc-completed	Kenari Seed Shell Shakers - Small	Kenari Seed Shell Shakers	MI-KR-S-S	1.0000	1285.7143	7472	7510
49965	2026-04-25	wc-completed	Eye Shaped Natural Lavender Scented Eye Pillows - Rose	Eye Shaped Natural Lavender Scented Eye Pillows	Yo-P-E-RE-1	1.0000	300.8475	9220	9221
49965	2026-04-25	wc-completed	Eye Shaped Natural Lavender Scented Eye Pillows - Grey	Eye Shaped Natural Lavender Scented Eye Pillows	Yo-P-E-GY-1	1.0000	300.8475	9220	9222
49966	2026-04-25	wc-completed	Round Yoga Bolster - Orange	Round Yoga Bolster	Yo-BR-R-O	1.0000	1313.5593	6689	7905
49968	2026-04-26	wc-completed	Crystal Bowls - Set of 7	Crystal Bowls - Set of 7		1.0000	66525.4237	43219	43231
49968	2026-04-26	wc-completed	Bamboo Rainstick	Bamboo Rainstick	MI-RS-N	1.0000	2809.5238	49779	0
49968	2026-04-26	wc-completed	Singing Bowls Silk Ring Cushion Accessories - Combo of 7	Singing Bowls Silk Ring Cushion Accessories		1.0000	2138.0952	6988	46268
49968	2026-04-26	wc-completed	"Wooden Mallets for Singing Bowls - Long Soft-9"", White"	Wooden Mallets for Singing Bowls	MI-SB-M-L-W-9	1.0000	614.2857	6978	43372
49968	2026-04-26	wc-completed	Wooden Mallets for Singing Bowls - Long Firm-Small, White	Wooden Mallets for Singing Bowls	MI-SB-M-R-Wd-4.5	1.0000	519.0476	6978	43383
49968	2026-04-26	wc-completed	Wooden Mallets for Singing Bowls - Long Firm-Standard, White	Wooden Mallets for Singing Bowls	MI-SB-M-R-Wd-4.5	1.0000	614.2857	6978	43384
49968	2026-04-26	wc-completed	Ocean Drums - Flower of Life, 35 cms	Ocean Drums		1.0000	2415.2542	9529	44652
49968	2026-04-26	wc-completed	Eye Shaped Natural Lavender Scented Eye Pillows - Rose	Eye Shaped Natural Lavender Scented Eye Pillows	Yo-P-E-RE-1	2.0000	669.4915	9220	9221
49968	2026-04-26	wc-completed	Pangi Seed Shell Rattle	Pangi Seed Shell Rattle	MI-PS	1.0000	2047.6190	7356	0
49968	2026-04-26	wc-completed	9/10 Notes Handpan Drum - Handcrafted to Precision - D Celtic Minor 9	9/10 Notes Handpan Drum - Handcrafted to Precision	MI-HP	1.0000	81500.0000	8058	8077
49968	2026-04-26	wc-completed	Plain/Wind Tibetan Gong - 14 in	Plain/Wind Tibetan Gong	MI-G-P-14	1.0000	9428.5714	8833	8847
49968	2026-04-26	wc-completed	Gong Stand - Light, Medium	Gong Stand		1.0000	6651.7857	45289	45295
49969	2026-04-26	wc-completed	Tuning Fork - Single Weighted & Unweighted - Weighted, 432 Hz	Tuning Fork - Single Weighted & Unweighted	MI-TF-W-432	1.0000	1895.2381	9713	9718
49969	2026-04-26	wc-completed	Tuning Fork - Single Weighted & Unweighted - Weighted, 528 Hz	Tuning Fork - Single Weighted & Unweighted		1.0000	1895.2381	9713	9719
49970	2026-04-26	wc-completed	Handmade Universal Bowl for Sound Healing	Handmade Universal Bowl for Sound Healing	MI-SB-HM-UN	1.0000	7671.4286	8143	0
49971	2026-04-26	wc-completed	Ayurvedic Copper Bedroom Jar	Ayurvedic Copper Bedroom Jar	CB-BJ	1.0000	1066.6667	6289	0
49972	2026-04-26	wc-completed	Tuning Fork - Single Weighted & Unweighted - Unweighted, 440 Hz	Tuning Fork - Single Weighted & Unweighted		1.0000	1448.5714	9713	48271
49972	2026-04-26	wc-completed	Tuning Fork - Single Weighted & Unweighted - Unweighted, 528 Hz	Tuning Fork - Single Weighted & Unweighted		1.0000	1277.1429	9713	9750
49972	2026-04-26	wc-completed	Tuning Fork - Single Weighted & Unweighted - Weighted, 128 Hz	Tuning Fork - Single Weighted & Unweighted	MI-TF-W-128	1.0000	1962.8571	9713	9715
49973	2026-04-26	wc-completed	Crescent Zafu Cushion - Compact - Rose	Crescent Zafu Cushion - Compact		1.0000	827.1186	47508	47526
49973	2026-04-26	wc-completed	Crescent Zafu Cushion - Wide - Lavender	Crescent Zafu Cushion - Wide	Me-C-Z-L-L-1	1.0000	872.8814	47494	47498
49973	2026-04-26	wc-completed	Kenari Chimes - Small & Large - Small	Kenari Chimes - Small & Large	MI-KR-CH-168	1.0000	3385.7143	45197	46430
49974	2026-04-26	wc-completed	Kenari Seed Shell Shakers - Large	Kenari Seed Shell Shakers	MI-KR-S-L	1.0000	1842.8571	7472	7511
49974	2026-04-26	wc-completed	Elemental Chimes	Elemental Chimes	MI-Ch-KS	1.0000	3300.0000	45194	0
49974	2026-04-26	wc-completed	Shamanic Drum - Plain, 30 cms	Shamanic Drum	MI-SD-P-30	1.0000	3546.6102	7293	9588
49974	2026-04-26	wc-completed	Shamanic Drum Bags/Ocean Drum Bags - Small	Shamanic Drum Bags/Ocean Drum Bags		1.0000	891.0000	45131	45133
49975	2026-04-27	wc-completed	Shruti Box - 3 Octaves	Shruti Box		1.0000	157.5000	44970	45005
49978	2026-04-27	wc-completed	Handmade Universal Bowl for Sound Healing	Handmade Universal Bowl for Sound Healing	MI-SB-HM-UN	1.0000	8523.8095	8143	0
49979	2026-04-27	wc-completed	Zafu & Zabuton Meditation Cushion Combo - Navy Blue	Zafu & Zabuton Meditation Cushion Combo	CO-Me-Zf-Zn-C-NB	1.0000	31.6525	7177	7186
49980	2026-04-27	wc-completed	Kenari Bracelet	Kenari Bracelet	MI-KR-BT	1.0000	1285.7143	42323	0
49981	2026-04-28	wc-completed	Swinging Chimes - 9 Bars	Swinging Chimes	MI-SC-9	1.0000	8250.0000	10345	10347
49983	2026-04-28	wc-completed	Asalato/Aslatau or Kashaka Shaker - Plain, Pair	Asalato/Aslatau or Kashaka Shaker	MI-AS	1.0000	2333.3333	7300	46378
49984	2026-04-28	wc-completed	Pangi Seed Shell Rattle	Pangi Seed Shell Rattle	MI-PS	1.0000	2047.6190	7356	0
49984	2026-04-28	wc-completed	Bendo Shaker - Large	Bendo Shaker		1.0000	1850.0000	47742	47923
49984	2026-04-28	wc-completed	Kenari Seed Shell Shakers - Large	Kenari Seed Shell Shakers	MI-KR-S-L	1.0000	2047.6190	7472	7511
49985	2026-04-28	wc-completed	Zen Meditation Bench - Medium	Zen Meditation Bench	ME-Cu	1.0000	2923.7288	9763	45268
49986	2026-04-28	wc-completed	Ocean Drums - Plain, 40 cms	Ocean Drums	MI-OD-P-40	1.0000	2478.8136	9529	9534
49987	2026-04-28	wc-completed	Bamboo Rainstick	Bamboo Rainstick	MI-RS-N	1.0000	2528.5714	49779	0
49988	2026-04-28	wc-completed	Pangi Seed Shell Rattle	Pangi Seed Shell Rattle	MI-PS	1.0000	2047.6190	7356	0
49988	2026-04-28	wc-completed	Elemental Chimes	Elemental Chimes	MI-Ch-KS	1.0000	3666.6667	45194	0
49988	2026-04-28	wc-completed	Musical Wooden Frog - Standard	Musical Wooden Frog	MI-WF	1.0000	904.7619	7456	44632
49988	2026-04-28	wc-completed	Bird Flute - Green, Pair	Bird Flute		1.0000	619.0476	45754	48645
49989	2026-04-28	wc-completed	Tuning Fork - Single Weighted & Unweighted - Weighted, 432 Hz	Tuning Fork - Single Weighted & Unweighted	MI-TF-W-432	1.0000	1895.2381	9713	9718
49989	2026-04-28	wc-completed	Eye Shaped Natural Lavender Scented Eye Pillows - Sage	Eye Shaped Natural Lavender Scented Eye Pillows	Yo-P-E-SE-1	1.0000	334.7458	9220	9225
49989	2026-04-28	wc-completed	Eye Shaped Natural Lavender Scented Eye Pillows - Dark Grey	Eye Shaped Natural Lavender Scented Eye Pillows	Yo-P-E-DG-1	1.0000	334.7458	9220	9224
49989	2026-04-28	wc-completed	Eye Shaped Natural Lavender Scented Eye Pillows - Navy Blue	Eye Shaped Natural Lavender Scented Eye Pillows	Yo-P-E-NB-1	1.0000	334.7458	9220	9223
49991	2026-04-28	wc-completed	Bamboo Rainstick	Bamboo Rainstick	MI-RS-N	1.0000	2809.5238	49779	0
49991	2026-04-28	wc-completed	Kenari Seed Shell Shakers - Large	Kenari Seed Shell Shakers	MI-KR-S-L	1.0000	2047.6190	7472	7511
49992	2026-04-28	wc-completed	Crescent Zafu Cushion - Wide - Lavender	Crescent Zafu Cushion - Wide	Me-C-Z-L-L-1	1.0000	872.8814	47494	47498
49993	2026-04-28	wc-completed	Bendo Shaker - Large	Bendo Shaker		1.0000	1850.0000	47742	47923
49993	2026-04-28	wc-completed	Bamboo Rainstick	Bamboo Rainstick	MI-RS-N	1.0000	2809.5238	49779	0
49996	2026-04-29	wc-completed	11 Note Tongue Drum - Blue, 12 inches	11 Note Tongue Drum		1.0000	7008.9286	42373	42415
50005	2026-04-29	wc-completed	Ocean Drums - Plain, 40 cms	Ocean Drums	MI-OD-P-40	1.0000	2478.8136	9529	9534
50005	2026-04-29	wc-completed	Etched Plain/Wind Gong - 7 Chakras, 18 in	Etched Wind Gong	MI-G-ET-7C-18	1.0000	16242.8571	8846	10295
50005	2026-04-29	wc-completed	Bamboo Rainstick	Bamboo Rainstick	MI-RS-N	1.0000	2528.5714	49779	0
50005	2026-04-29	wc-completed	Swinging Chimes - 9 Bars	Swinging Chimes	MI-SC-9	1.0000	8250.0000	10345	10347
50006	2026-04-29	wc-completed	Tuning Forks Gem Feet - Full Set	Tuning Forks Gem Feet		1.0000	1305.0000	48136	48179
50006	2026-04-29	wc-completed	Wooden Stand for Tuning Forks - Nine	Wooden Stand for Tuning Forks		1.0000	855.0000	48229	48233
50006	2026-04-29	wc-completed	Tuning Fork Extensions - Circuit Boot	Tuning Fork Extensions		1.0000	621.0000	48135	48163
50006	2026-04-29	wc-completed	Tuning Fork Extensions - Extender	Tuning Fork Extensions		1.0000	405.0000	48135	48162
50006	2026-04-29	wc-completed	Tuning Fork Extensions - Massage Boot	Tuning Fork Extensions		1.0000	531.0000	48135	48164
50006	2026-04-29	wc-completed	Wooden Stand for Tuning Forks - Three	Wooden Stand for Tuning Forks		1.0000	585.0000	48229	48230
50006	2026-04-29	wc-completed	Singing Bowl Bags - Small	Singing Bowl Bags	MI-SB-Bag-S	1.0000	1365.2542	45127	45138
50007	2026-04-29	wc-completed	Jala Neti Pot - Ceramic 185 ml - Lemon Yellow	Jala Neti Pot - Ceramic 185 ml	NP-LY-185	1.0000	207.6271	5769	6335
50009	2026-04-30	wc-completed	Bamboo Rainstick	Bamboo Rainstick	MI-RS-N	1.0000	2528.5714	49779	0
50009	2026-04-30	wc-completed	Ocean Drums - Flower of Life, 35 cms	Ocean Drums		1.0000	2173.7288	9529	44652
50009	2026-04-30	wc-completed	Pangi Seed Shell Rattle	Pangi Seed Shell Rattle	MI-PS	1.0000	1842.8571	7356	0
50011	2026-04-30	wc-completed	Bendo Chimes	Bendo Chimes		1.0000	4538.1356	47751	0
50012	2026-04-30	wc-completed	Shruthi Thali/Gong Plates - C Plate	Shruthi Thali/Gong Plates		1.0000	11095.2381	45485	45492
50012	2026-04-30	wc-completed	Kenari Chimes - Small & Large - Small	Kenari Chimes - Small & Large	MI-KR-CH-168	1.0000	3761.9048	45197	46430
50013	2026-04-30	wc-completed	Tuning Fork - Single Weighted & Unweighted - Weighted, 93.96 Hz	Tuning Fork - Single Weighted & Unweighted		1.0000	1962.8571	9713	48274
50013	2026-04-30	wc-completed	Tuning Fork - Single Weighted & Unweighted - Weighted, 128 Hz	Tuning Fork - Single Weighted & Unweighted	MI-TF-W-128	1.0000	1962.8571	9713	9715
50013	2026-04-30	wc-completed	Tuning Fork - Single Weighted & Unweighted - Weighted, 136.10 Hz	Tuning Fork - Single Weighted & Unweighted		1.0000	1962.8571	9713	9716
50013	2026-04-30	wc-completed	Tuning Fork - Single Weighted & Unweighted - Weighted, 432 Hz	Tuning Fork - Single Weighted & Unweighted	MI-TF-W-432	1.0000	1705.7143	9713	9718
50013	2026-04-30	wc-completed	Tuning Fork - Single Weighted & Unweighted - Weighted, 256 Hz	Tuning Fork - Single Weighted & Unweighted	MI-TF-W-256	1.0000	1705.7143	9713	9717
50013	2026-04-30	wc-completed	Tuning Fork Extensions - Extender	Tuning Fork Extensions		1.0000	405.0000	48135	48162
50013	2026-04-30	wc-completed	Tuning Fork Extensions - Circuit Boot	Tuning Fork Extensions		1.0000	621.0000	48135	48163
50013	2026-04-30	wc-completed	Tuning Fork Extensions - Massage Boot	Tuning Fork Extensions		1.0000	531.0000	48135	48164
50013	2026-04-30	wc-completed	Tuning Fork Activators - Activator & Mallet	Tuning Fork Activators		1.0000	225.0000	48133	48183
50014	2026-04-30	wc-completed	Eye Shaped Natural Lavender Scented Eye Pillows - Rose	Eye Shaped Natural Lavender Scented Eye Pillows	Yo-P-E-RE-1	1.0000	300.8475	9220	9221
50014	2026-04-30	wc-completed	Eye Shaped Natural Lavender Scented Eye Pillows - Sage	Eye Shaped Natural Lavender Scented Eye Pillows	Yo-P-E-SE-1	1.0000	300.8475	9220	9225
50015	2026-04-30	wc-completed	Pangi Seed Shell Rattle	Pangi Seed Shell Rattle	MI-PS	1.0000	1842.8571	7356	0
50015	2026-04-30	wc-completed	Shamanic Drum Bags/Ocean Drum Bags - Small	Shamanic Drum Bags/Ocean Drum Bags		1.0000	891.0000	45131	45133
50015	2026-04-30	wc-completed	Kenari Seed Shell Shakers - Large	Kenari Seed Shell Shakers	MI-KR-S-L	1.0000	1842.8571	7472	7511
50015	2026-04-30	wc-completed	Pulse Tubes - Medium	Pulse Tubes		1.0000	1935.0000	48512	48761
50015	2026-04-30	wc-completed	Dumru/Dumroo Indian Handmade Percussion Instrument - Dot Painted	Dumru/Dumroo Indian Handmade Percussion Instrument		2.0000	557.1429	5740	47721
50015	2026-04-30	wc-completed	Bird Flute - Brown, Single	Bird Flute		1.0000	235.2381	45754	45871
50015	2026-04-30	wc-completed	Etched Plain/Wind Gong - Mandala, 18 in	Etched Wind Gong	MI-G-ET-M-18	1.0000	16242.8571	8846	10263
50015	2026-04-30	wc-completed	Gong Stand - Dark, Medium	Gong Stand		1.0000	5986.6071	45289	45298
50020	2026-05-01	wc-completed	Bamboo Rainstick	Bamboo Rainstick	MI-RS-N	1.0000	2528.5714	49779	0
50020	2026-05-01	wc-completed	Eye Shaped Natural Lavender Scented Eye Pillows - Rose	Eye Shaped Natural Lavender Scented Eye Pillows	Yo-P-E-RE-1	1.0000	300.8475	9220	9221
50020	2026-05-01	wc-completed	Kenari Seed Shell Shakers - Large	Kenari Seed Shell Shakers	MI-KR-S-L	1.0000	1842.8571	7472	7511
50020	2026-05-01	wc-completed	Tuning Fork - Single Weighted & Unweighted - Weighted, 128 Hz	Tuning Fork - Single Weighted & Unweighted	MI-TF-W-128	1.0000	1962.8571	9713	9715
50020	2026-05-01	wc-completed	Tingsha Bell - Golden, Small	Tingsha Bell		1.0000	1414.2857	5763	44932
50020	2026-05-01	wc-completed	Ocean Drums - Plain, 35 cms	Ocean Drums	MI-OD-P-35	1.0000	2097.4576	9529	9533
50022	2026-05-01	wc-completed	Singing Bowl with Mantra - Rustic Blue Colour - 7 Inches	Singing Bowl with Mantra - Rustic Blue Colour	MI-SB-RB-7	1.0000	1495.2381	6861	7287
50023	2026-05-01	wc-completed	Dumru/Dumroo Indian Handmade Percussion Instrument - Dot Painted	Dumru/Dumroo Indian Handmade Percussion Instrument		1.0000	278.0952	5740	47721
50023	2026-05-01	wc-completed	Tuning Fork - Single Weighted & Unweighted - Weighted, 68.05 Hz	Tuning Fork - Single Weighted & Unweighted		1.0000	1962.8571	9713	46947
50024	2026-05-01	wc-completed	Singing Bowls Silk Ring Cushion Accessories - Combo of 7	Singing Bowls Silk Ring Cushion Accessories		1.0000	2138.0952	6988	46268
50025	2026-05-01	wc-completed	Shamanic Drum Bags/Ocean Drum Bags - Medium	Shamanic Drum Bags/Ocean Drum Bags		1.0000	1071.0000	45131	46932
50026	2026-05-02	wc-completed	Shamanic Drum Bags/Ocean Drum Bags - Medium	Shamanic Drum Bags/Ocean Drum Bags		1.0000	1190.0000	45131	46932
50027	2026-05-02	wc-completed	Tam-Tam/Chau Gong - 16 in	Tam-Tam/Chau Gong		1.0000	16714.2857	8802	46735
50027	2026-05-02	wc-completed	11 Note Tongue Drum - Blue, 8 inches	11 Note Tongue Drum		1.0000	5424.1071	42373	42417
50028	2026-05-02	wc-completed	Shankh/Conch - Large	Shankh/Conch		1.0000	1761.9048	45449	45452
50028	2026-05-02	wc-completed	Bird Flute - Mixed, Pair	Bird Flute		2.0000	1142.8571	45754	48660
50030	2026-05-02	wc-completed	Bamboo Rainstick	Bamboo Rainstick	MI-RS-N	1.0000	2528.5714	49779	0
50031	2026-05-02	wc-completed	Full Moon Singing Bowls - All Sizes - 5 Inches	Full Moon Singing Bowls - All Sizes	MI-SB-H-FM-5	1.0000	5957.1429	7607	7608
50032	2026-05-03	wc-completed	Gong Bags - Standard	Gong Bags		1.0000	1652.5424	45152	45153
50032	2026-05-03	wc-completed	Bamboo Rainstick	Bamboo Rainstick	MI-RS-N	1.0000	2809.5238	49779	0
50033	2026-05-03	wc-completed	Eye Shaped Natural Lavender Scented Eye Pillows - Rose	Eye Shaped Natural Lavender Scented Eye Pillows	Yo-P-E-RE-1	8.0000	2410.1695	9220	9221
50033	2026-05-03	wc-completed	Round Yoga Bolster - Rose	Round Yoga Bolster	Yo-BR-R-RE	8.0000	9457.6271	6689	6694
50033	2026-05-03	wc-completed	Crescent Zafu Cushion - Wide - Misty Blue	Crescent Zafu Cushion - Wide	Me-C-Z-L-MB-1	8.0000	6986.4407	47494	47497
50035	2026-05-03	wc-completed	Round Yoga Bolster - Rose	Round Yoga Bolster	Yo-BR-R-RE	1.0000	1313.5593	6689	6694
50036	2026-05-03	wc-completed	Tuning Forks Gem Feet - Violet	Tuning Forks Gem Feet		1.0000	250.0000	48136	48140
50038	2026-05-03	wc-completed	Bird Flute - Mixed, Pair	Bird Flute		1.0000	571.4286	45754	48660
50038	2026-05-03	wc-completed	Musical Wooden Frog - Large	Musical Wooden Frog	MI-WF	2.0000	2571.4286	7456	44633
50039	2026-05-03	wc-completed	Bamboo Rainstick	Bamboo Rainstick	MI-RS-N	1.0000	2809.5238	49779	0
50039	2026-05-03	wc-completed	Ocean Drums - Plain, 40 cms	Ocean Drums	MI-OD-P-40	1.0000	2754.2373	9529	9534
50039	2026-05-03	wc-completed	Tibetan Buddhist Bell - Small	Tibetan Buddhist Bell	MI-BB-2	1.0000	1285.7143	6973	9198
50040	2026-05-03	wc-completed	Tuning Fork - Single Weighted & Unweighted - Weighted, 432 Hz	Tuning Fork - Single Weighted & Unweighted	MI-TF-W-432	1.0000	1705.7143	9713	9718
50040	2026-05-03	wc-completed	Wooden Mallets for Singing Bowls - Curved, Black	Wooden Mallets for Singing Bowls	MI-SB-M-B-C	1.0000	200.9524	6978	43377
50040	2026-05-03	wc-completed	Singing Bowls Silk Ring Cushion Accessories - 12 cms, Brown	Singing Bowls Silk Ring Cushion Accessories	MI-SB-C-Bn-12	1.0000	235.2381	6988	7777
50040	2026-05-03	wc-completed	Singing Bowls Silk Ring Cushion Accessories - 12 cms, Orange	Singing Bowls Silk Ring Cushion Accessories	MI-SB-C-O-12	1.0000	235.2381	6988	7775
50040	2026-05-03	wc-completed	Wooden Mallets for Singing Bowls - Standard Wide, Red	Wooden Mallets for Singing Bowls	MI-SB-M-R-Wd-4.5	1.0000	218.0952	6978	43381
50041	2026-05-03	wc-completed	7 Chakras Vintage - Copper Bottle	7 Chakras Vintage - Copper Bottle		1.0000	880.9524	5682	43491
50034	2026-05-03	wc-completed	Hanging Bowls/Zen Drops - Set of 3	Hanging Bowls/Zen Drops		1.0000	119.0476	45113	45118
50042	2026-05-04	wc-completed	Tuning Fork Activators - Activator & Mallet	Tuning Fork Activators		1.0000	250.0000	48133	48183
50043	2026-05-04	wc-completed	Bamboo Rainstick	Bamboo Rainstick	MI-RS-N	1.0000	2528.5714	49779	0
50044	2026-05-04	wc-completed	Bamboo Rainstick	Bamboo Rainstick	MI-RS-N	1.0000	2809.5238	49779	0
50044	2026-05-04	wc-completed	Kenari Seed Shell Shakers - Large	Kenari Seed Shell Shakers	MI-KR-S-L	2.0000	4095.2381	7472	7511
50044	2026-05-04	wc-completed	Handcrafted Set of 7 Bowls for Sound Therapy - Standard-Octave 3, Matte	Handcrafted Set of 7 Bowls for Sound Therapy	MI-SB-7C Set-S-M	1.0000	53809.5238	7887	9193
50044	2026-05-04	wc-completed	Swinging Chimes - 6 Bars	Swinging Chimes	MI-SC-6	1.0000	6895.0000	10345	10346
50044	2026-05-04	wc-completed	Handmade Universal Bowl for Sound Healing	Handmade Universal Bowl for Sound Healing	MI-SB-HM-UN	1.0000	8523.8095	8143	0
50045	2026-05-04	wc-completed	S-Shaped Didgeridoo - Blue	S-Shaped Didgeridoo	MI-DG-S-B	1.0000	7380.9524	7307	7316
50045	2026-05-04	wc-completed	Native American Style Flute – Handcrafted Wooden Melody Maker	Native American Style Flutes		1.0000	17900.0000	48428	0
50046	2026-05-04	wc-completed	Pangi Seed Shell Rattle	Pangi Seed Shell Rattle	MI-PS	1.0000	2047.6190	7356	0
50046	2026-05-04	wc-completed	Bendo Shaker - Large	Bendo Shaker		1.0000	1567.7966	47742	47923
50048	2026-05-04	wc-completed	Bendo Shaker - Large	Bendo Shaker		1.0000	1567.7966	47742	47923
50048	2026-05-04	wc-completed	Hanging Bowls/Zen Drops - Set of 3	Hanging Bowls/Zen Drops		1.0000	8523.8095	45113	45118
50048	2026-05-04	wc-completed	Crystal Bowls - 12 in	Crystal Bowls	MI-CB-W-12	1.0000	12415.2542	9777	9784
50048	2026-05-04	wc-completed	Shruthi Thali/Gong Plates - D Plate	Shruthi Thali/Gong Plates		1.0000	10428.5714	45485	45491
50049	2026-05-04	wc-completed	Yoga Blanket made from Organic Cotton - Natural White	Yoga Blanket made from Organic Cotton	Yo-BT-C-NT	2.0000	99.4286	6668	6688
50050	2026-05-04	wc-completed	Bamboo Rainstick	Bamboo Rainstick	MI-RS-N	1.0000	2809.5238	49779	0
50051	2026-05-04	wc-completed	Rectangular Yoga Bolster - Rose	Rectangular Yoga Bolster	Yo-BR-RE-RE	2.0000	2457.6271	9675	9680
50060	2026-05-05	wc-completed	Bamboo Rainstick	Bamboo Rainstick	MI-RS-N	1.0000	2528.5714	49779	0
50060	2026-05-05	wc-completed	Kenari Seed Shell Shakers - Large	Kenari Seed Shell Shakers	MI-KR-S-L	1.0000	1842.8571	7472	7511
50061	2026-05-05	wc-completed	Bamboo Rainstick	Bamboo Rainstick	MI-RS-N	1.0000	2528.5714	49779	0
50062	2026-05-05	wc-completed	Shruti Box - 3 Octaves	Shruti Box		1.0000	13490.0000	44970	45005
50063	2026-05-05	wc-completed	Round Yoga Bolster - Sage	Round Yoga Bolster	Yo-BR-R-SE	1.0000	1182.2034	6689	6692
50063	2026-05-05	wc-completed	Eye Shaped Natural Lavender Scented Eye Pillows - Rose	Eye Shaped Natural Lavender Scented Eye Pillows	Yo-P-E-RE-1	1.0000	300.8475	9220	9221
50064	2026-05-05	wc-completed	Eye Shaped Natural Lavender Scented Eye Pillows - Rose	Eye Shaped Natural Lavender Scented Eye Pillows	Yo-P-E-RE-1	1.0000	300.8475	9220	9221
50064	2026-05-05	wc-completed	Ocean Drums - Flower of Life, 30 cms	Ocean Drums		1.0000	1944.9153	9529	44651
50064	2026-05-05	wc-completed	Triad Crystal Bowl Set - EGB	Triad Crystal Bowl Set		1.0000	25360.1695	45668	47896
50064	2026-05-05	wc-completed	Pulse Tubes - Small	Pulse Tubes		1.0000	1485.0000	48512	48762
50064	2026-05-05	wc-completed	Shamanic Drum - Butterfly, 30 cms	Shamanic Drum	MI-SD-B-30	1.0000	3775.4237	7293	9591
50064	2026-05-05	wc-completed	Copper Tongue Cleaner - Pack of 2, Straight	Copper Tongue Cleaner	TC-R-1	1.0000	226.6667	5042	7810
50064	2026-05-05	wc-completed	Handcrafted Set of 7 Bowls for Sound Therapy - Standard-Octave 3, Matte	Handcrafted Set of 7 Bowls for Sound Therapy	MI-SB-7C Set-S-M	1.0000	53809.5238	7887	9193
50064	2026-05-05	wc-completed	Elemental Chimes	Elemental Chimes	MI-Ch-KS	1.0000	3300.0000	45194	0
50064	2026-05-05	wc-completed	Kenari Seed Shell Shakers - Large	Kenari Seed Shell Shakers	MI-KR-S-L	1.0000	1842.8571	7472	7511
50065	2026-05-05	wc-completed	Bird Flute - Green, Single	Bird Flute		1.0000	357.1429	45754	48646
50066	2026-05-06	wc-completed	7 Chakras Copper Water Bottles	7 Chakras Copper Water Bottles	CB-7CV	1.0000	1066.6667	6080	43441
50069	2026-05-06	wc-completed	Elemental Chimes	Elemental Chimes	MI-Ch-KS	1.0000	3300.0000	45194	0
50069	2026-05-06	wc-completed	Plain/Wind Tibetan Gong - 14 in	Plain/Wind Tibetan Gong	MI-G-P-14	1.0000	8485.7143	8833	8847
50069	2026-05-06	wc-completed	Gong Bags - Standard	Gong Bags		1.0000	1487.2881	45152	45153
50071	2026-05-06	wc-completed	Singing Bowl with Mantra - Rustic Blue Colour - 7 Inches	Singing Bowl with Mantra - Rustic Blue Colour	MI-SB-RB-7	1.0000	1495.2381	6861	7287
50072	2026-05-06	wc-completed	Hanging Bowls/Zen Drops - Set of 3	Hanging Bowls/Zen Drops		1.0000	8523.8095	45113	45118
50073	2026-05-06	wc-completed	Swinging Chimes - 9 Bars	Swinging Chimes	MI-SC-9	1.0000	7366.0714	10345	10347
50074	2026-05-06	wc-completed	Bamboo Rainstick	Bamboo Rainstick	MI-RS-N	1.0000	2528.5714	49779	0
50075	2026-05-06	wc-completed	Jala Neti Pot - Ceramic 185 ml - White	Jala Neti Pot - Ceramic 185 ml	NP-W-185	1.0000	186.4407	5769	5826
50076	2026-05-07	wc-completed	Bamboo Rainstick	Bamboo Rainstick	MI-RS-N	1.0000	2528.5714	49779	0
50082	2026-05-07	wc-completed	Kenari Seed Shell Shakers - Large	Kenari Seed Shell Shakers	MI-KR-S-L	1.0000	2047.6190	7472	7511
50082	2026-05-07	wc-completed	Jala Neti Pot - Ceramic 185 ml - White	Jala Neti Pot - Ceramic 185 ml	NP-W-185	1.0000	207.6271	5769	5826
50082	2026-05-07	wc-completed	7 Chakras Yoga Mats - Superior, Teal	7 Chakras Yoga Mats		1.0000	1895.2381	46141	46166
50084	2026-05-07	wc-completed	Bamboo Rainstick	Bamboo Rainstick	MI-RS-N	1.0000	2528.5714	49779	0
50084	2026-05-07	wc-completed	Kenari Seed Shell Shakers - Large	Kenari Seed Shell Shakers	MI-KR-S-L	1.0000	1842.8571	7472	7511
50088	2026-05-07	wc-completed	Bamboo Rainstick	Bamboo Rainstick	MI-RS-N	1.0000	2809.5238	49779	0
50089	2026-05-07	wc-completed	Kenari Seed Shell Shakers - Large	Kenari Seed Shell Shakers	MI-KR-S-L	1.0000	2047.6190	7472	7511
50094	2026-05-08	wc-completed	Flower of Life with Sacred Symbols Singing Bowls - Green, 9 in	Flower of Life with Sacred Symbols Singing Bowls	MI-SB-RFL-G-9	1.0000	1500.0000	10035	10055
50097	2026-05-09	wc-completed	Bamboo Rainstick	Bamboo Rainstick	MI-RS-N	1.0000	2528.5714	49779	0
50098	2026-05-09	wc-completed	Bendo Chimes	Bendo Chimes		1.0000	4538.1356	47751	0
50099	2026-05-09	wc-completed	7 Chakras Copper Water Bottles	7 Chakras Copper Water Bottles	CB-7CV-B	2.0000	2561.9048	6080	43440
50100	2026-05-09	wc-completed	The Four Bowl Set - Root, Heart, Third Eye and Universal	The Four Bowl Set - Root, Heart, Third Eye and Universal		1.0000	35142.8571	45334	0
50101	2026-05-09	wc-completed	Kenari Seed Shell Shakers - Large	Kenari Seed Shell Shakers	MI-KR-S-L	1.0000	2238.0952	7472	7511
50102	2026-05-10	wc-completed	Shankh/Conch - Medium	Shankh/Conch		1.0000	1380.9524	45449	45451
50103	2026-05-10	wc-completed	Tingsha Bell - Dark, Standard	Tingsha Bell		1.0000	1709.5238	5763	44935
50106	2026-05-11	wc-completed	Singing Bowls Silk Ring Cushion Accessories - Combo of 7	Singing Bowls Silk Ring Cushion Accessories		1.0000	1923.8095	6988	46268
50106	2026-05-11	wc-completed	Eye Shaped Natural Lavender Scented Eye Pillows - Rose	Eye Shaped Natural Lavender Scented Eye Pillows	Yo-P-E-RE-1	1.0000	300.8475	9220	9221
50106	2026-05-11	wc-completed	Eye Shaped Natural Lavender Scented Eye Pillows - Sage	Eye Shaped Natural Lavender Scented Eye Pillows	Yo-P-E-SE-1	2.0000	602.5424	9220	9225
50106	2026-05-11	wc-completed	Singing Bowl Bags - Large	Singing Bowl Bags	MI-SB-Bag-L	1.0000	1746.6102	45127	45140
50106	2026-05-11	wc-completed	Shamanic Drum Bags/Ocean Drum Bags - Medium	Shamanic Drum Bags/Ocean Drum Bags		2.0000	1815.2542	45131	46932
50107	2026-05-11	wc-completed	Rectangular Yoga Bolster - Rose	Rectangular Yoga Bolster	Yo-BR-RE-RE	2.0000	2211.8644	9675	9680
50108	2026-05-11	wc-completed	Shamanic Drum - Butterfly, 45 cms	Shamanic Drum	MI-SD-B-45	1.0000	5296.6102	7293	9593
50109	2026-05-11	wc-completed	Shamanic Drum - Plain, 45 cms	Shamanic Drum	MI-SD-P-45	1.0000	4957.6271	7293	9590
50110	2026-05-11	wc-completed	Eye Shaped Natural Lavender Scented Eye Pillows - Rose	Eye Shaped Natural Lavender Scented Eye Pillows	Yo-P-E-RE-1	5.0000	1673.7288	9220	9221
50111	2026-05-12	wc-completed	Dotted Singing Bowl - 5.5 inch	Dotted Singing Bowl	MI-SB-H-5.5	4.0000	7354.2857	6892	6902
50112	2026-05-12	wc-completed	Joint Bowl or Knee Cut Bowl - 8 in	Joint Bowl or Knee Cut Bowl	MI-SB-JB	1.0000	7500.0000	9978	9984
50113	2026-05-12	wc-completed	Pangi Seed Shell Rattle	Pangi Seed Shell Rattle	MI-PS	1.0000	2333.3333	7356	0
50113	2026-05-12	wc-completed	Coconut Rattle	Coconut Rattle	MI-CR	1.0000	995.2381	5730	0
50113	2026-05-12	wc-completed	Handheld Natural Coconut Shaker	Handheld Natural Coconut Shaker	MI-CS-H	1.0000	900.0000	5713	0
50114	2026-05-12	wc-completed	Elemental Chimes	Elemental Chimes	MI-Ch-KS	1.0000	3300.0000	45194	0
50114	2026-05-12	wc-completed	Bamboo Rainstick	Bamboo Rainstick	MI-RS-N	1.0000	2528.5714	49779	0
50115	2026-05-12	wc-completed	Kenari Seed Shell Shakers - Large	Kenari Seed Shell Shakers	MI-KR-S-L	1.0000	2014.2857	7472	7511
50117	2026-05-12	wc-completed	Coconut Rattle	Coconut Rattle	MI-CR	1.0000	995.2381	5730	0
50165	2026-05-13	wc-completed	S-Shaped Didgeridoo - Red	S-Shaped Didgeridoo	MI-DG-S-R	1.0000	7380.9524	7307	7315
50167	2026-05-13	wc-completed	Tibetan Buddhist Bell - Small	Tibetan Buddhist Bell	MI-BB-2	1.0000	1285.7143	6973	9198
50168	2026-05-13	wc-completed	Ocean Drums - Flower of Life, 30 cms	Ocean Drums		1.0000	1944.9153	9529	44651
50168	2026-05-13	wc-completed	Shamanic Drum Bags/Ocean Drum Bags - Small	Shamanic Drum Bags/Ocean Drum Bags		1.0000	755.0847	45131	45133
50169	2026-05-13	wc-completed	Singing Bowl Bags - Standard	Singing Bowl Bags	MI-SB-Bag-M	1.0000	1517.7966	45127	45139
50170	2026-05-13	wc-completed	Tuning Forks Gem Feet - Full Set	Tuning Forks Gem Feet		1.0000	1305.0000	48136	48179
50170	2026-05-13	wc-completed	Tuning Fork Extensions - Circuit Boot	Tuning Fork Extensions		1.0000	621.0000	48135	48163
50170	2026-05-13	wc-completed	Tuning Fork Extensions - Massage Boot	Tuning Fork Extensions		1.0000	531.0000	48135	48164
50171	2026-05-13	wc-completed	Djembe Drums - Mahogany, 10in	Djembe Drums		1.0000	5350.0000	44969	45041
50172	2026-05-13	wc-completed	Coconut Rattle	Coconut Rattle	MI-CR	1.0000	995.2381	5730	0
50173	2026-05-14	wc-completed	Musical Wooden Frog - Large	Musical Wooden Frog	MI-WF	1.0000	1285.7143	7456	44633
50175	2026-05-14	wc-completed	Crystal Bowl Bag - Large	Crystal Bowl Bag		1.0000	1665.0000	47081	47084
50175	2026-05-14	wc-completed	Gong Bags - Standard	Gong Bags		1.0000	1487.2881	45152	45153
50176	2026-05-14	wc-completed	Pangi Seed Shell Rattle	Pangi Seed Shell Rattle	MI-PS	1.0000	2100.0000	7356	0
50177	2026-05-14	wc-completed	Wooden Mallets for Singing Bowls - Long Firm-Standard, White	Wooden Mallets for Singing Bowls	MI-SB-M-R-Wd-4.5	1.0000	552.3810	6978	43384
50178	2026-05-15	wc-completed	Singing Bowl with Mantra - Rustic Blue Colour - 7 Inches	Singing Bowl with Mantra - Rustic Blue Colour	MI-SB-RB-7	1.0000	1495.2381	6861	7287
50179	2026-05-15	wc-completed	Jala Neti Pot - Ceramic 185 ml - Mint Green	Jala Neti Pot - Ceramic 185 ml	NP-MG-185	1.0000	207.6271	5769	6336
50180	2026-05-15	wc-completed	Zafu & Zabuton Meditation Cushion Combo - Navy Blue	Zafu & Zabuton Meditation Cushion Combo	CO-Me-Zf-Zn-C-NB	1.0000	2368.6441	7177	7186
50181	2026-05-15	wc-completed	Kenari Seed Shell Shakers - Large	Kenari Seed Shell Shakers	MI-KR-S-L	1.0000	2014.2857	7472	7511
50181	2026-05-15	wc-completed	Painted Egg Shakers - Blue Dotted	Painted Egg Shakers	MI-ES-P-B	1.0000	792.3810	7404	7415
50181	2026-05-15	wc-completed	Elemental Chimes	Elemental Chimes	MI-Ch-KS	1.0000	3300.0000	45194	0
50182	2026-05-15	wc-completed	Handmade Universal Bowl for Sound Healing	Handmade Universal Bowl for Sound Healing	MI-SB-HM-UN	1.0000	8523.8095	8143	0
50183	2026-05-15	wc-completed	Angel Tuning Forks - 4096 Hz	Angel Tuning Forks		1.0000	2350.0000	48205	48209
50184	2026-05-16	wc-completed	Flower of Life with Sacred Symbols Singing Bowls - Green, 10.5 in	Flower of Life with Sacred Symbols Singing Bowls	MI-SB-RFL-G-10.5	1.0000	2085.7143	10035	10056
50185	2026-05-16	wc-completed	Round Yoga Bolster - Navy Blue	Round Yoga Bolster	Yo-BR-R-NB	1.0000	1313.5593	6689	6693
50186	2026-05-16	wc-completed	Kenari Seed Shell Shakers - Large	Kenari Seed Shell Shakers	MI-KR-S-L	1.0000	2014.2857	7472	7511
50186	2026-05-16	wc-completed	Swinging Chimes - 9 Bars	Swinging Chimes	MI-SC-9	1.0000	7857.1429	10345	10347
50186	2026-05-16	wc-completed	Elemental Chimes	Elemental Chimes	MI-Ch-KS	1.0000	3300.0000	45194	0
50186	2026-05-16	wc-completed	S-Shaped Didgeridoo - Blue	S-Shaped Didgeridoo	MI-DG-S-B	1.0000	6642.8571	7307	7316
50187	2026-05-16	wc-completed	Eye Shaped Natural Lavender Scented Eye Pillows - Navy Blue	Eye Shaped Natural Lavender Scented Eye Pillows	Yo-P-E-NB-1	1.0000	300.8475	9220	9223
50187	2026-05-16	wc-completed	Elemental Chimes	Elemental Chimes	MI-Ch-KS	1.0000	3300.0000	45194	0
50187	2026-05-16	wc-completed	Hanging Bowls/Zen Drops - Set of 3	Hanging Bowls/Zen Drops		1.0000	7671.4286	45113	45118
50188	2026-05-16	wc-completed	The Four Bowl Set - Root, Heart, Third Eye and Universal	The Four Bowl Set - Root, Heart, Third Eye and Universal		1.0000	35142.8571	45334	0
50189	2026-05-17	wc-completed	Bamboo Rainstick	Bamboo Rainstick	MI-RS-N	1.0000	2528.5714	49779	0
50189	2026-05-17	wc-completed	Wooden Mallets for Singing Bowls - Standard Wide, Red	Wooden Mallets for Singing Bowls	MI-SB-M-R-Wd-4.5	1.0000	218.0952	6978	43381
50189	2026-05-17	wc-completed	Singing Bowls Silk Ring Cushion Accessories - 10 cms, Brown	Singing Bowls Silk Ring Cushion Accessories	MI-SB-C-Bn-10	1.0000	209.5238	6988	7770
50190	2026-05-17	wc-completed	Eye Shaped Natural Lavender Scented Eye Pillows - Rose	Eye Shaped Natural Lavender Scented Eye Pillows	Yo-P-E-RE-1	1.0000	334.7458	9220	9221
50190	2026-05-17	wc-completed	Eye Shaped Natural Lavender Scented Eye Pillows - Sage	Eye Shaped Natural Lavender Scented Eye Pillows	Yo-P-E-SE-1	1.0000	334.7458	9220	9225
50191	2026-05-17	wc-completed	Tuning Forks Gem Feet - Full Set	Tuning Forks Gem Feet		1.0000	1305.0000	48136	48179
50193	2026-05-17	wc-completed	Tuning Forks Gem Feet - Full Set	Tuning Forks Gem Feet		2.0000	2900.0000	48136	48179
50196	2026-05-18	wc-completed	"Wooden Mallets for Singing Bowls - Long Soft-9"", Red"	Wooden Mallets for Singing Bowls	MI-SB-M-L-R-9	1.0000	614.2857	6978	43376
50196	2026-05-18	wc-completed	Sacred Symbols Singing Bowls - Red, 5.5 in	Sacred Symbols Singing Bowls	MI-SB-P-SS-R-5.5	1.0000	1900.0000	10008	10020
50197	2026-05-18	wc-completed	Bendo Shaker - Small	Bendo Shaker		1.0000	1029.6610	47742	47922
50197	2026-05-18	wc-completed	Kenari Chimes - Small & Large - Small	Kenari Chimes - Small & Large	MI-KR-CH-168	1.0000	3385.7143	45197	46430
50197	2026-05-18	wc-completed	Ocean Drums - Flower of Life, 35 cms	Ocean Drums		1.0000	2173.7288	9529	44652
50198	2026-05-18	wc-completed	Tuning Fork Extensions - Massage Boot	Tuning Fork Extensions		1.0000	450.0000	48135	48164
50198	2026-05-18	wc-completed	Tuning Fork Extensions - Circuit Boot	Tuning Fork Extensions		1.0000	526.2712	48135	48163
50198	2026-05-18	wc-completed	Tuning Fork - Single Weighted & Unweighted - Weighted, 528 Hz	Tuning Fork - Single Weighted & Unweighted		1.0000	1517.7966	9713	9719
50198	2026-05-18	wc-completed	Tuning Fork - Single Weighted & Unweighted - Unweighted, 432 Hz	Tuning Fork - Single Weighted & Unweighted		1.0000	1136.4407	9713	9749
50198	2026-05-18	wc-completed	Tuning Fork Extensions - Extender	Tuning Fork Extensions		1.0000	343.2203	48135	48162
50199	2026-05-18	wc-completed	7 Chakras Yoga Mats - Moderate, Yellow	7 Chakras Yoga Mats		1.0000	1534.2857	46141	46164
50200	2026-05-18	wc-completed	Shruti Box - 3 Octaves	Shruti Box		1.0000	13490.0000	44970	45005
50204	2026-05-19	wc-completed	Ocean Drums - Plain, 40 cms	Ocean Drums	MI-OD-P-40	1.0000	2754.2373	9529	9534
50204	2026-05-19	wc-completed	Elemental Chimes	Elemental Chimes	MI-Ch-KS	1.0000	3666.6667	45194	0
50212	2026-05-19	wc-completed	Singing Bowls Silk Ring Cushion Accessories - 10 cms, Blue	Singing Bowls Silk Ring Cushion Accessories	MI-SB-C-B-10	1.0000	209.5238	6988	7766
50212	2026-05-19	wc-completed	Musical Wooden Frog - Large	Musical Wooden Frog	MI-WF	1.0000	1157.1429	7456	44633
50212	2026-05-19	wc-completed	Eye Shaped Natural Lavender Scented Eye Pillows - Sage	Eye Shaped Natural Lavender Scented Eye Pillows	Yo-P-E-SE-1	1.0000	300.8475	9220	9225
50212	2026-05-19	wc-completed	Eye Shaped Natural Lavender Scented Eye Pillows - Navy Blue	Eye Shaped Natural Lavender Scented Eye Pillows	Yo-P-E-NB-1	1.0000	300.8475	9220	9223
50212	2026-05-19	wc-completed	7 Chakra Morchang Set - A Tune	7 Chakra Morchang Set		1.0000	2385.0000	48727	48733
50212	2026-05-19	wc-completed	Singing Bowls Silk Ring Cushion Accessories - Combo of 7	Singing Bowls Silk Ring Cushion Accessories		1.0000	1923.8095	6988	46268
50213	2026-05-19	wc-completed	Shamanic Drum - Plain, 40 cms	Shamanic Drum	MI-SD-P-40	1.0000	4449.1525	7293	9589
50214	2026-05-19	wc-completed	Eye Shaped Natural Lavender Scented Eye Pillows - Grey	Eye Shaped Natural Lavender Scented Eye Pillows	Yo-P-E-GY-1	1.0000	334.7458	9220	9222
50219	2026-05-20	wc-completed	Eye Shaped Natural Lavender Scented Eye Pillows - Rose	Eye Shaped Natural Lavender Scented Eye Pillows	Yo-P-E-RE-1	1.0000	334.7458	9220	9221
50221	2026-05-20	wc-completed	Musical Wooden Frog - Standard	Musical Wooden Frog	MI-WF	1.0000	904.7619	7456	44632
50221	2026-05-20	wc-completed	Eye Shaped Natural Lavender Scented Eye Pillows - Rose	Eye Shaped Natural Lavender Scented Eye Pillows	Yo-P-E-RE-1	1.0000	334.7458	9220	9221
50222	2026-05-21	wc-completed	Ankh Sound Healing Instrument - Large	Ankh Sound Healing Instrument		1.0000	31500.0000	49596	49881
50226	2026-05-21	wc-completed	Shamanic Drum - Tree of Life, 40 cms	Shamanic Drum	MI-SD-B	1.0000	66.7373	7293	48064
50227	2026-05-21	wc-completed	Bendo Shaker - Large	Bendo Shaker		1.0000	1411.0169	47742	47923
50228	2026-05-21	wc-completed	Bamboo Rainstick	Bamboo Rainstick	MI-RS-N	1.0000	2528.5714	49779	0
50228	2026-05-21	wc-completed	Extra Large Meridian Singing Bowls - Plain, 22 In	Extra Large Meridian Singing Bowls	Mi-SB-MD-P-22	1.0000	75714.2857	43286	43308
50228	2026-05-21	wc-completed	Pangi Seed Shell Rattle	Pangi Seed Shell Rattle	MI-PS	1.0000	2100.0000	7356	0
50228	2026-05-21	wc-completed	7 Chakras Copper Water Bottles	7 Chakras Copper Water Bottles	CB-7CV-B-.5	1.0000	852.3810	6080	43438
50228	2026-05-21	wc-completed	Eye Shaped Natural Lavender Scented Eye Pillows - Rose	Eye Shaped Natural Lavender Scented Eye Pillows	Yo-P-E-RE-1	2.0000	602.5424	9220	9221
50229	2026-05-21	wc-completed	Flower of Life with Sacred Symbols Singing Bowls - Blue, 8 in	Flower of Life with Sacred Symbols Singing Bowls	MI-SB-RFL-B-8	1.0000	1476.1905	10035	10048
50229	2026-05-21	wc-completed	Shankh/Conch - Medium	Shankh/Conch		1.0000	1380.9524	45449	45451
50231	2026-05-21	wc-completed	Eye Shaped Natural Lavender Scented Eye Pillows - Rose	Eye Shaped Natural Lavender Scented Eye Pillows	Yo-P-E-RE-1	4.0000	1338.9831	9220	9221
50231	2026-05-21	wc-completed	Rectangular Yoga Bolster - Rose	Rectangular Yoga Bolster	Yo-BR-RE-RE	4.0000	4915.2542	9675	9680
50232	2026-05-21	wc-completed	Singing Bowls Silk Ring Cushion Accessories - 10 cms, Yellow	Singing Bowls Silk Ring Cushion Accessories	MI-SB-C-Y-10	1.0000	162.8571	6988	44186
50233	2026-05-21	wc-completed	Bamboo Rainstick	Bamboo Rainstick	MI-RS-N	1.0000	2528.5714	49779	0
50234	2026-05-21	wc-completed	Kenari Chimes - Small & Large - Small	Kenari Chimes - Small & Large	MI-KR-CH-168	1.0000	3385.7143	45197	46430
50235	2026-05-21	wc-completed	Dotted Singing Bowl - 4 inch	Dotted Singing Bowl	MI-SB-H-4	1.0000	1566.6667	6892	6901
50236	2026-05-22	wc-completed	Bird Flute - Brown, Single	Bird Flute		2.0000	471.4286	45754	45871
50237	2026-05-22	wc-completed	Round Yoga Bolster - Maroon	Round Yoga Bolster	Yo-BR-R-M	1.0000	1182.2034	6689	9762
50239	2026-05-22	wc-completed	Coconut Maracas Shakers - Plain	Coconut Maracas Shakers	MI-CM	1.0000	942.8571	7370	45394
50240	2026-05-22	wc-completed	Singing Bowls Silk Ring Cushion Accessories - Combo of 5	Singing Bowls Silk Ring Cushion Accessories		1.0000	1566.6667	6988	46267
50240	2026-05-22	wc-completed	Wooden Mallets for Singing Bowls - Long Firm-Small, White	Wooden Mallets for Singing Bowls	MI-SB-M-R-Wd-4.5	1.0000	519.0476	6978	43383
50240	2026-05-22	wc-completed	"Wooden Mallets for Singing Bowls - Long Soft-11"", White"	Wooden Mallets for Singing Bowls	MI-SB-M-L-W-11	1.0000	661.9048	6978	43371
50240	2026-05-22	wc-completed	Singing Bowl Bags - Large	Singing Bowl Bags	MI-SB-Bag-L	1.0000	1940.6780	45127	45140
50242	2026-05-22	wc-completed	Handmade Universal Bowl for Sound Healing	Handmade Universal Bowl for Sound Healing	MI-SB-HM-UN	1.0000	7671.4286	8143	0
50243	2026-05-22	wc-completed	Bamboo Rainstick	Bamboo Rainstick	MI-RS-N	1.0000	2528.5714	49779	0
50245	2026-05-23	wc-completed	Bamboo Rainstick	Bamboo Rainstick	MI-RS-N	1.0000	2528.5714	49779	0
50245	2026-05-23	wc-completed	Shruthi Thali/Gong Plates - F Plate	Shruthi Thali/Gong Plates		1.0000	8523.8095	45485	45489
50246	2026-05-23	wc-completed	Musical Wooden Frog - Large	Musical Wooden Frog	MI-WF	1.0000	1285.7143	7456	44633
50248	2026-05-23	wc-completed	7 Chakras Copper Water Bottles	7 Chakras Copper Water Bottles	CB-7CP-B	1.0000	1152.3810	6080	43436
50249	2026-05-23	wc-completed	Triad Crystal Bowl Set - CEG	Triad Crystal Bowl Set		1.0000	27137.2881	45668	47894
50250	2026-05-23	wc-completed	Ankh Sound Healing Instrument - Large	Ankh Sound Healing Instrument		1.0000	31500.0000	49596	49881
50254	2026-05-25	wc-completed	9/10 Notes Handpan Drum - Handcrafted to Precision - D Kurd 10	9/10 Notes Handpan Drum - Handcrafted to Precision	MI-HP	1.0000	91500.0000	8058	8078
50255	2026-05-25	wc-completed	Bamboo Rainstick	Bamboo Rainstick	MI-RS-N	1.0000	2528.5714	49779	0
50255	2026-05-25	wc-completed	Swinging Chimes - 6 Bars	Swinging Chimes	MI-SC-6	1.0000	6566.6667	10345	10346
50255	2026-05-25	wc-completed	Bird Flute - Brown, Single	Bird Flute		1.0000	235.2381	45754	45871
50255	2026-05-25	wc-completed	Shamanic Drum Bags/Ocean Drum Bags - Medium	Shamanic Drum Bags/Ocean Drum Bags		1.0000	907.6271	45131	46932
50259	2026-05-25	wc-completed	Kenari Seed Shell Shakers - Large	Kenari Seed Shell Shakers	MI-KR-S-L	1.0000	2014.2857	7472	7511
50260	2026-05-25	wc-completed	Jala Neti Pot - Ceramic 185 ml - White	Jala Neti Pot - Ceramic 185 ml	NP-W-185	4.0000	747.4576	5769	5826
50261	2026-05-26	wc-completed	Elemental Chimes	Elemental Chimes	MI-Ch-KS	1.0000	3666.6667	45194	0
50262	2026-05-26	wc-completed	Tuning Fork Extensions - Circuit Boot	Tuning Fork Extensions		1.0000	526.2712	48135	48163
50263	2026-05-26	wc-completed	Coconut Rattle	Coconut Rattle	MI-CR	1.0000	995.2381	5730	0
50263	2026-05-26	wc-completed	Elemental Chimes	Elemental Chimes	MI-Ch-KS	1.0000	3666.6667	45194	0
50264	2026-05-26	wc-completed	Wooden Mallets for Singing Bowls - Straight, Red	Wooden Mallets for Singing Bowls	MI-SB-M-R-S	1.0000	190.4762	6978	43369
50265	2026-05-26	wc-completed	Singing Bowl with Mantra - Rustic Blue Colour - 7 Inches	Singing Bowl with Mantra - Rustic Blue Colour	MI-SB-RB-7	1.0000	1495.2381	6861	7287
50265	2026-05-26	wc-completed	Sacred Symbols Singing Bowls - Red, 5.5 in	Sacred Symbols Singing Bowls	MI-SB-P-SS-R-5.5	1.0000	1709.5238	10008	10020
50265	2026-05-26	wc-completed	Singing Bowls with Sacred Mantra Printed - Gold, 4 Inches	Singing Bowls with Sacred Mantra Printed	MI-SB-P-W-4	1.0000	1323.8095	6807	7289
50265	2026-05-26	wc-completed	Singing Bowls with Sacred Mantra Printed - Green, 3.5 Inches	Singing Bowls with Sacred Mantra Printed	MI-SB-P-G-3.5	1.0000	1109.5238	6807	7956
50271	2026-05-27	wc-completed	Shruthi Thali/Gong Plates - F Plate	Shruthi Thali/Gong Plates		1.0000	8523.8095	45485	45489
50271	2026-05-27	wc-completed	Bamboo Rainstick	Bamboo Rainstick	MI-RS-N	1.0000	2528.5714	49779	0
50271	2026-05-27	wc-completed	Wooden Mallets for Singing Bowls - Long Firm-Small, White	Wooden Mallets for Singing Bowls	MI-SB-M-R-Wd-4.5	1.0000	466.6667	6978	43383
50271	2026-05-27	wc-completed	"Wooden Mallets for Singing Bowls - Long Soft-13"", Red"	Wooden Mallets for Singing Bowls	MI-SB-M-L-R-13	1.0000	728.5714	6978	43374
50271	2026-05-27	wc-completed	Ocean Drums - Flower of Life, 35 cms	Ocean Drums		1.0000	2173.7288	9529	44652
50272	2026-05-27	wc-completed	Musical Wooden Frog - Large	Musical Wooden Frog	MI-WF	1.0000	1157.1429	7456	44633
50272	2026-05-27	wc-completed	Elemental Chimes	Elemental Chimes	MI-Ch-KS	1.0000	3300.0000	45194	0
50272	2026-05-27	wc-completed	Pulse Tubes - Big	Pulse Tubes		1.0000	2565.0000	48512	48760
50272	2026-05-27	wc-completed	Wooden Tambourines - Circular	Wooden Tambourines	MI-T-HM	1.0000	924.1071	7478	45649
50272	2026-05-27	wc-completed	Ocean Drums - Flower of Life, 30 cms	Ocean Drums		1.0000	1944.9153	9529	44651
50273	2026-05-27	wc-completed	Pangi Seed Shell Rattle	Pangi Seed Shell Rattle	MI-PS	1.0000	2100.0000	7356	0
50273	2026-05-27	wc-completed	Ocean Drums - Flower of Life, 30 cms	Ocean Drums		1.0000	1944.9153	9529	44651
50274	2026-05-27	wc-completed	Kenari Seed Shell Shakers - Large	Kenari Seed Shell Shakers	MI-KR-S-L	1.0000	2014.2857	7472	7511
50275	2026-05-27	wc-completed	Kenari Seed Shell Shakers - Large	Kenari Seed Shell Shakers	MI-KR-S-L	1.0000	2238.0952	7472	7511
50276	2026-05-28	wc-completed	Singing Bowl Bags - Large	Singing Bowl Bags	MI-SB-Bag-L	1.0000	1940.6780	45127	45140
50276	2026-05-28	wc-completed	Pangi Seed Shell Rattle	Pangi Seed Shell Rattle	MI-PS	1.0000	2333.3333	7356	0
50276	2026-05-28	wc-completed	Kenari Seed Shell Shakers - Large	Kenari Seed Shell Shakers	MI-KR-S-L	1.0000	2238.0952	7472	7511
50276	2026-05-28	wc-completed	Hanging Bowls/Zen Drops - Set of 3	Hanging Bowls/Zen Drops		1.0000	8523.8095	45113	45118
50277	2026-05-28	wc-completed	Dotted Singing Bowl - 5.5 inch	Dotted Singing Bowl	MI-SB-H-5.5	1.0000	2042.8571	6892	6902
50278	2026-05-28	wc-completed	Wooden Mallets for Singing Bowls - Standard Wide, Black	Wooden Mallets for Singing Bowls	MI-SB-M-R-Wd-4.5	1.0000	218.0952	6978	43380
50278	2026-05-28	wc-completed	Shamanic Drum - Plain, 45 cms	Shamanic Drum	MI-SD-P-45	1.0000	4461.8644	7293	9590
50279	2026-05-28	wc-completed	Bamboo Rainstick	Bamboo Rainstick	MI-RS-N	1.0000	2528.5714	49779	0
50280	2026-05-28	wc-completed	Wooden Mallets for Singing Bowls - Straight, Red	Wooden Mallets for Singing Bowls	MI-SB-M-R-S	1.0000	171.4286	6978	43369
50280	2026-05-28	wc-completed	Hanging Bowls/Zen Drops - Set of 3	Hanging Bowls/Zen Drops		1.0000	7671.4286	45113	45118
50280	2026-05-28	wc-completed	Elemental Chimes	Elemental Chimes	MI-Ch-KS	1.0000	3300.0000	45194	0
50280	2026-05-28	wc-completed	"Wooden Mallets for Singing Bowls - Long Soft-13"", Red"	Wooden Mallets for Singing Bowls	MI-SB-M-L-R-13	3.0000	2185.7143	6978	43374
50281	2026-05-28	wc-completed	Handmade Singing Bowls - All Sizes - 13 in, Matte	Handmade Singing Bowls - All Sizes		1.0000	11700.0000	6884	9711
50282	2026-05-28	wc-completed	Zabuton Cushion for Meditation - Grey	Zabuton Cushion for Meditation	Me-C-Zn-GY	1.0000	1690.6780	6780	6795
50283	2026-05-28	wc-completed	Singing Bowl Bags - Large	Singing Bowl Bags	MI-SB-Bag-L	1.0000	1746.6102	45127	45140
50283	2026-05-28	wc-completed	Handmade Singing Bowls - All Sizes - 10 in, Matte	Handmade Singing Bowls - All Sizes	Mi-SB-H-M-10	1.0000	9214.2857	6884	9705
50287	2026-05-28	wc-completed	Tuning Fork - Single Weighted & Unweighted - Weighted, 68.05 Hz	Tuning Fork - Single Weighted & Unweighted		1.0000	1746.6102	9713	46947
50290	2026-05-29	wc-completed	Tuning Fork - Single Weighted & Unweighted - Weighted, 128 Hz	Tuning Fork - Single Weighted & Unweighted	MI-TF-W-128	1.0000	1940.6780	9713	9715
50291	2026-05-29	wc-completed	Full Moon Singing Bowls - All Sizes - 10 Inches	Full Moon Singing Bowls - All Sizes	MI-SB-H-FM-10	1.0000	11857.1429	7607	9034
50292	2026-05-29	wc-completed	Gong Stand - Light, Small	Gong Stand		1.0000	5504.4643	45289	45294
50292	2026-05-29	wc-completed	Plain/Wind Tibetan Gong - 14 in	Plain/Wind Tibetan Gong	MI-G-P-14	1.0000	8485.7143	8833	8847
50293	2026-05-30	wc-completed	Eye Shaped Natural Lavender Scented Eye Pillows - Dark Grey	Eye Shaped Natural Lavender Scented Eye Pillows	Yo-P-E-DG-1	1.0000	334.7458	9220	9224
50294	2026-05-30	wc-completed	7 Chakras Mystical Incense Sticks Set - 7 Chakra Set	7 Chakras Mystical Incense Sticks Set	IS-7C	1.0000	457.1429	7687	7688
50298	2026-05-30	wc-completed	8 Keys Metallophone - with 1” & 1.5” key-widths - 1.5 inch	8 Keys Metallophone - with 1” & 1.5” key-widths	MI-XP-SP-1.5-8	1.0000	8348.2143	42332	42339
50299	2026-05-30	wc-completed	Wooden Mallets for Singing Bowls - Standard Wide, Red	Wooden Mallets for Singing Bowls	MI-SB-M-R-Wd-4.5	1.0000	242.8571	6978	43381
50300	2026-05-30	wc-completed	Ankh Sound Healing Instrument - Small	Ankh Sound Healing Instrument		1.0000	279.0000	49596	50206
50300	2026-05-30	wc-completed	Ankh Sound Healing Instrument - Medium	Ankh Sound Healing Instrument		1.0000	297.0000	49596	49880
50300	2026-05-30	wc-completed	Ankh Sound Healing Instrument - Large	Ankh Sound Healing Instrument		1.0000	324.0000	49596	49881
50302	2026-05-30	wc-completed	Tuning Fork Extensions - Circuit Boot	Tuning Fork Extensions		1.0000	584.7458	48135	48163
50302	2026-05-30	wc-completed	Tuning Forks Gem Feet - Maroon	Tuning Forks Gem Feet		1.0000	211.8644	48136	48138
50302	2026-05-30	wc-completed	Singing Bowls Silk Ring Cushion Accessories - 10 cms, Red	Singing Bowls Silk Ring Cushion Accessories	MI-SB-C-R-10	1.0000	233.3333	6988	7771
50302	2026-05-30	wc-completed	Singing Bowls Silk Ring Cushion Accessories - 10 cms, Green	Singing Bowls Silk Ring Cushion Accessories	MI-SB-C-G-10	1.0000	233.3333	6988	7765
50302	2026-05-30	wc-completed	Wooden Mallets for Singing Bowls - Thick Wide, Red	Wooden Mallets for Singing Bowls	MI-SB-M-R-Wd-4.5	1.0000	271.4286	6978	43379
50302	2026-05-30	wc-completed	Singing Bowls with Sacred Mantra Printed - Red, 5.5 Inches	Singing Bowls with Sacred Mantra Printed	MI-SB-P-R-5.5	1.0000	1900.0000	6807	6830
50302	2026-05-30	wc-completed	Singing Bowls with Sacred Mantra Printed - Green, 5.5 Inches	Singing Bowls with Sacred Mantra Printed	MI-SB-P-G-5.5	1.0000	1900.0000	6807	6826
50306	2026-05-31	wc-completed	Crystal Bowl Bag - Medium	Crystal Bowl Bag		1.0000	1650.0000	47081	47083
50307	2026-05-31	wc-completed	Eye Shaped Natural Lavender Scented Eye Pillows - Grey	Eye Shaped Natural Lavender Scented Eye Pillows	Yo-P-E-GY-1	5.0000	1505.9322	9220	9222
50307	2026-05-31	wc-completed	Pangi Seed Shell Rattle	Pangi Seed Shell Rattle	MI-PS	1.0000	2100.0000	7356	0
50307	2026-05-31	wc-completed	Kenari Seed Shell Shakers - Large	Kenari Seed Shell Shakers	MI-KR-S-L	1.0000	2014.2857	7472	7511
50307	2026-05-31	wc-completed	Bird Flute - Brown, Pair	Bird Flute		2.0000	771.4286	45754	45872
50307	2026-05-31	wc-completed	Singing Bowls Silk Ring Cushion Accessories - Combo of 7	Singing Bowls Silk Ring Cushion Accessories		1.0000	1923.8095	6988	46268
50308	2026-05-31	wc-completed	Vibroacoustic Therapy Bowls - Universal, Belly and Head - Universal Bowl	Vibroacoustic Therapy Bowls - Universal, Belly and Head	Mi-SB-Z-8	1.0000	7671.4286	8040	8044
50309	2026-05-31	wc-completed	Wooden Mallets for Singing Bowls - Straight, Red	Wooden Mallets for Singing Bowls	MI-SB-M-R-S	1.0000	171.4286	6978	43369
50310	2026-06-01	wc-completed	7 Chakras Copper Water Bottles	7 Chakras Copper Water Bottles	CB-7CV-B	1.0000	1152.3810	6080	43440
50311	2026-06-01	wc-completed	Native American Style Flute – Handcrafted Wooden Melody Maker	Native American Style Flutes		1.0000	15169.4915	48428	0
50312	2026-06-01	wc-completed	Bendo Chimes	Bendo Chimes		1.0000	5042.3729	47751	0
50312	2026-06-01	wc-completed	Bamboo Rainstick	Bamboo Rainstick	MI-RS-N	1.0000	2809.5238	49779	0
50312	2026-06-01	wc-completed	8 Keys Metallophone - with 1” & 1.5” key-widths - 1 inch	8 Keys Metallophone - with 1” & 1.5” key-widths	MI-XP-SP-1-8	1.0000	6830.3571	42332	42338
50312	2026-06-01	wc-completed	Tingsha Bell - Golden, Small	Tingsha Bell		1.0000	1571.4286	5763	44932
50312	2026-06-01	wc-completed	Eye Shaped Natural Lavender Scented Eye Pillows - Rose	Eye Shaped Natural Lavender Scented Eye Pillows	Yo-P-E-RE-1	4.0000	1338.9831	9220	9221
50313	2026-06-01	wc-completed	Tuning Fork - Single Weighted & Unweighted - Weighted, 128 Hz	Tuning Fork - Single Weighted & Unweighted	MI-TF-W-128	1.0000	1940.6780	9713	9715
50313	2026-06-01	wc-completed	Tuning Fork - Single Weighted & Unweighted - Weighted, 136.10 Hz	Tuning Fork - Single Weighted & Unweighted		1.0000	1940.6780	9713	9716
50316	2026-06-01	wc-completed	Bamboo Rainstick	Bamboo Rainstick	MI-RS-N	1.0000	2528.5714	49779	0
50316	2026-06-01	wc-completed	Kenari Seed Shell Shakers - Large	Kenari Seed Shell Shakers	MI-KR-S-L	1.0000	2014.2857	7472	7511
50316	2026-06-01	wc-completed	Swinging Chimes - 6 Bars	Swinging Chimes	MI-SC-6	1.0000	6566.6667	10345	10346
50318	2026-06-01	wc-completed	Djembe Drums - Mahogany, 12in	Djembe Drums		1.0000	5715.0000	44969	45043
50320	2026-06-01	wc-completed	Ocean Drums - Flower of Life, 35 cms	Ocean Drums		1.0000	2415.2542	9529	44652
50321	2026-06-01	wc-completed	Tuning Fork - Single Weighted & Unweighted - Weighted, 128 Hz	Tuning Fork - Single Weighted & Unweighted	MI-TF-W-128	1.0000	1746.6102	9713	9715
50322	2026-06-01	wc-completed	Shamanic Drum - Butterfly, 40 cms	Shamanic Drum	MI-SD-B-40	1.0000	4703.3898	7293	9592
50323	2026-06-02	wc-completed	Elemental Chimes	Elemental Chimes	MI-Ch-KS	1.0000	3666.6667	45194	0
50324	2026-06-02	wc-completed	Bird Flute - Brown, Single	Bird Flute		1.0000	261.9048	45754	45871
50325	2026-06-02	wc-completed	Kenari Seed Shell Shakers - Large	Kenari Seed Shell Shakers	MI-KR-S-L	1.0000	2238.0952	7472	7511
50326	2026-06-02	wc-completed	Singing Bowls with Sacred Mantra Printed - Gold, 5.5 Inches	Singing Bowls with Sacred Mantra Printed	MI-SB-P-W-5.5	1.0000	1900.0000	6807	7290
50327	2026-06-02	wc-completed	Crystal Bowls - Set of 7	Crystal Bowls - Set of 7		1.0000	68262.7119	43219	43232
50328	2026-06-02	wc-completed	"Wooden Mallets for Singing Bowls - Long Soft-13"", White"	Wooden Mallets for Singing Bowls	MI-SB-M-L-W-13	1.0000	809.5238	6978	43370
50329	2026-06-02	wc-completed	Bendo Shaker - Large	Bendo Shaker		1.0000	1411.0169	47742	47923
50330	2026-06-02	wc-completed	Singing Bowl Bags - Large	Singing Bowl Bags	MI-SB-Bag-L	1.0000	1940.6780	45127	45140
50331	2026-06-02	wc-completed	Eye Shaped Natural Lavender Scented Eye Pillows - Sage	Eye Shaped Natural Lavender Scented Eye Pillows	Yo-P-E-SE-1	1.0000	300.8475	9220	9225
50331	2026-06-02	wc-completed	Coconut Rattle	Coconut Rattle	MI-CR	1.0000	895.2381	5730	0
50331	2026-06-02	wc-completed	Tuning Fork Activators - Activator & Mallet	Tuning Fork Activators		1.0000	190.6780	48133	48183
50331	2026-06-02	wc-completed	Coconut Maracas Shakers - Painted	Coconut Maracas Shakers	MI-CM	1.0000	1015.2381	7370	45395
50333	2026-06-02	wc-completed	Tuning Fork - Single Weighted & Unweighted - Weighted, 432 Hz	Tuning Fork - Single Weighted & Unweighted	MI-TF-W-432	1.0000	1686.4407	9713	9718
50334	2026-06-03	wc-completed	Copper Tongue Cleaner - Pack of 2, Straight	Copper Tongue Cleaner	TC-R-1	1.0000	252.3810	5042	7810
50336	2026-06-03	wc-completed	Shruthi Thali/Gong Plates - G Plate	Shruthi Thali/Gong Plates		1.0000	8047.6190	45485	45488
50337	2026-06-03	wc-completed	Shamanic Drum Bags/Ocean Drum Bags - Medium	Shamanic Drum Bags/Ocean Drum Bags		1.0000	907.6271	45131	46932
50337	2026-06-03	wc-completed	Elemental Chimes	Elemental Chimes	MI-Ch-KS	1.0000	3300.0000	45194	0
50338	2026-06-03	wc-completed	Tuning Fork - Single Weighted & Unweighted - Unweighted, 256 Hz	Tuning Fork - Single Weighted & Unweighted		1.0000	1136.4407	9713	9748
50340	2026-06-04	wc-completed	Bamboo Rainstick	Bamboo Rainstick	MI-RS-N	1.0000	2528.5714	49779	0
50341	2026-06-04	wc-completed	Copper Bottle Gift Set - 7 Chakra - Vintage	Copper Bottle Gift Set - 7 Chakra		1.0000	1666.6667	6638	48680
50347	2026-06-04	wc-completed	Jala Neti Pot - Ceramic 185 ml - White	Jala Neti Pot - Ceramic 185 ml	NP-W-185	1.0000	186.4407	5769	5826
50347	2026-06-04	wc-completed	Bendo Shaker - Small	Bendo Shaker		1.0000	1029.6610	47742	47922
50347	2026-06-04	wc-completed	Coconut Maracas Shakers - Plain	Coconut Maracas Shakers	MI-CM	1.0000	848.5714	7370	45394
50347	2026-06-04	wc-completed	Eye Shaped Natural Lavender Scented Eye Pillows - Rose	Eye Shaped Natural Lavender Scented Eye Pillows	Yo-P-E-RE-1	1.0000	300.8475	9220	9221
50347	2026-06-04	wc-completed	Kenari Seed Shell Shakers - Large	Kenari Seed Shell Shakers	MI-KR-S-L	1.0000	2014.2857	7472	7511
50347	2026-06-04	wc-completed	Ocean Drums - Plain, 35 cms	Ocean Drums	MI-OD-P-35	1.0000	2097.4576	9529	9533
50347	2026-06-04	wc-completed	Dotted Singing Bowl - Deep 5.5 Inch	Dotted Singing Bowl	MI-SB-D-7	1.0000	2043.8095	6892	42911
50347	2026-06-04	wc-completed	Bird Flute - Brown, Single	Bird Flute		1.0000	235.2381	45754	45871
50347	2026-06-04	wc-completed	25 Rods - Bar Chime	25 Rods - Bar Chime	MI-BCH-32	1.0000	4194.9153	42389	0
50348	2026-06-04	wc-completed	Crystal Bowls - 6 in	Crystal Bowls	MI-CB-W-6	1.0000	6826.2712	9777	9778
50348	2026-06-04	wc-completed	Crystal Bowl Bag - Small	Crystal Bowl Bag		1.0000	1305.0000	47081	47082
50350	2026-06-05	wc-completed	Tuning Forks Gem Feet - Full Set	Tuning Forks Gem Feet		1.0000	1228.8136	48136	48179
50351	2026-06-05	wc-completed	Bamboo Rainstick	Bamboo Rainstick	MI-RS-N	1.0000	2528.5714	49779	0
50351	2026-06-05	wc-completed	Eye Shaped Natural Lavender Scented Eye Pillows - Rose	Eye Shaped Natural Lavender Scented Eye Pillows	Yo-P-E-RE-1	1.0000	300.8475	9220	9221
50353	2026-06-05	wc-completed	Tuning Fork Extensions - Circuit Boot	Tuning Fork Extensions		1.0000	584.7458	48135	48163
50354	2026-06-05	wc-completed	Zabuton Cushion for Meditation - Misty Blue	Zabuton Cushion for Meditation	Me-C-Zn-MB	1.0000	1690.6780	6780	9608
50355	2026-06-05	wc-completed	Tuning Fork Extensions - Circuit Boot	Tuning Fork Extensions		1.0000	584.7458	48135	48163
50355	2026-06-05	wc-completed	Tuning Fork Extensions - Extender	Tuning Fork Extensions		1.0000	381.3559	48135	48162
50355	2026-06-05	wc-completed	Tuning Fork Extensions - Massage Boot	Tuning Fork Extensions		1.0000	500.0000	48135	48164
50355	2026-06-05	wc-completed	Tuning Fork - Single Weighted & Unweighted - Weighted, 128 Hz	Tuning Fork - Single Weighted & Unweighted	MI-TF-W-128	1.0000	1940.6780	9713	9715
50355	2026-06-05	wc-completed	Tuning Fork - Single Weighted & Unweighted - Weighted, 432 Hz	Tuning Fork - Single Weighted & Unweighted	MI-TF-W-432	1.0000	1686.4407	9713	9718
50356	2026-06-05	wc-completed	Shruthi Thali/Gong Plates - B Plate	Shruthi Thali/Gong Plates		1.0000	6904.7619	45485	45486
50356	2026-06-05	wc-completed	Singing Bowl Bags - Large	Singing Bowl Bags	MI-SB-Bag-L	1.0000	1940.6780	45127	45140
50357	2026-06-05	wc-completed	Singing Bowls with Sacred Mantra Printed - Gold, 5.5 Inches	Singing Bowls with Sacred Mantra Printed	MI-SB-P-W-5.5	1.0000	1900.0000	6807	7290
50359	2026-06-06	wc-completed	Ocean Drums - Flower of Life, 30 cms	Ocean Drums		1.0000	1944.9153	9529	44651
50359	2026-06-06	wc-completed	Shamanic Drum Bags/Ocean Drum Bags - Small	Shamanic Drum Bags/Ocean Drum Bags		1.0000	755.0847	45131	45133
50360	2026-06-06	wc-completed	Copper Tongue Cleaner - Pack of 4, Straight	Copper Tongue Cleaner	TC-R-1	1.0000	376.1905	5042	7812
50361	2026-06-06	wc-completed	Singing Bowl with Mantra - Rustic Blue Colour - 7 Inches	Singing Bowl with Mantra - Rustic Blue Colour	MI-SB-RB-7	1.0000	1661.9048	6861	7287
50361	2026-06-06	wc-completed	Eye Shaped Natural Lavender Scented Eye Pillows - Sage	Eye Shaped Natural Lavender Scented Eye Pillows	Yo-P-E-SE-1	1.0000	334.7458	9220	9225
50362	2026-06-06	wc-completed	Crescent Zafu Cushion - Compact - Sage	Crescent Zafu Cushion - Compact		4.0000	3310.1695	47508	47525
50363	2026-06-06	wc-completed	7 Chakras Copper Water Bottles	7 Chakras Copper Water Bottles	CB-7CP-B	5.0000	5763.8095	6080	43436
50366	2026-06-07	wc-completed	Bamboo Rainstick	Bamboo Rainstick	MI-RS-N	1.0000	2528.5714	49779	0
50366	2026-06-07	wc-completed	Ocean Drums - Plain, 30 cms	Ocean Drums	MI-OD-P-30	1.0000	1868.6441	9529	9532
50366	2026-06-07	wc-completed	Kenari Chimes - Small & Large - Small	Kenari Chimes - Small & Large	MI-KR-CH-168	1.0000	3385.7143	45197	46430
50366	2026-06-07	wc-completed	Swinging Chimes - 6 Bars	Swinging Chimes	MI-SC-6	1.0000	6566.6667	10345	10346
50367	2026-06-07	wc-completed	Singing Bowls Silk Ring Cushion Accessories - 14 cms, Pink	Singing Bowls Silk Ring Cushion Accessories	MI-SB-C-PK-14	1.0000	252.3810	6988	9023
50368	2026-06-07	wc-completed	Sacred Symbols Singing Bowls - Black, 5.5 in	Sacred Symbols Singing Bowls	MI-SB-P-SS-BK-5.5	1.0000	1709.5238	10008	10014
50369	2026-06-07	wc-completed	Tuning Forks Gem Feet - Green	Tuning Forks Gem Feet		1.0000	190.6780	48136	48142
50370	2026-06-07	wc-completed	Bamboo Rainstick	Bamboo Rainstick	MI-RS-N	1.0000	2528.5714	49779	0
50371	2026-06-07	wc-completed	Kenari Seed Shell Shakers - Large	Kenari Seed Shell Shakers	MI-KR-S-L	1.0000	2014.2857	7472	7511
50371	2026-06-07	wc-completed	Bendo Shaker - Large	Bendo Shaker		1.0000	1411.0169	47742	47923
50372	2026-06-07	wc-completed	Singing Bowl Bags - Large	Singing Bowl Bags	MI-SB-Bag-L	1.0000	1746.6102	45127	45140
50372	2026-06-07	wc-completed	Singing Bowls Silk Ring Cushion Accessories - Combo of 3	Singing Bowls Silk Ring Cushion Accessories		1.0000	680.9524	6988	46266
50372	2026-06-07	wc-completed	Singing Bowls Silk Ring Cushion Accessories - 14 cms, Yellow	Singing Bowls Silk Ring Cushion Accessories	MI-SB-C-Y-14	1.0000	252.3810	6988	44188
50373	2026-06-07	wc-completed	Pulse Tubes - Small	Pulse Tubes		1.0000	1485.0000	48512	48762
50373	2026-06-07	wc-completed	Tingsha Bell - Golden, Standard	Tingsha Bell		1.0000	1538.0952	5763	44933
50375	2026-06-08	wc-completed	Tuning Forks Gem Feet - Full Set	Tuning Forks Gem Feet		1.0000	1228.8136	48136	48179
50376	2026-06-08	wc-completed	11 Note Tongue Drum - White, 10 inches	11 Note Tongue Drum		1.0000	5906.2500	42373	42410
50377	2026-06-08	wc-completed	Bamboo Rainstick	Bamboo Rainstick	MI-RS-N	1.0000	2528.5714	49779	0
50377	2026-06-08	wc-completed	Ocean Drums - Plain, 40 cms	Ocean Drums	MI-OD-P-40	1.0000	2478.8136	9529	9534
50377	2026-06-08	wc-completed	Hanging Bowls/Zen Drops - Single	Hanging Bowls/Zen Drops		1.0000	3385.7143	45113	45117
50377	2026-06-08	wc-completed	Bendo Shaker - Large	Bendo Shaker		1.0000	1411.0169	47742	47923
50377	2026-06-08	wc-completed	Kenari Chimes - Small & Large - Small	Kenari Chimes - Small & Large	MI-KR-CH-168	1.0000	3385.7143	45197	46430
50379	2026-06-08	wc-completed	Gong Stand - Dark, Extra Large	Gong Stand		1.0000	7232.1429	45289	46255
50380	2026-06-08	wc-completed	Wooden Mallets for Singing Bowls - Long Firm-Small, White	Wooden Mallets for Singing Bowls	MI-SB-M-R-Wd-4.5	1.0000	466.6667	6978	43383
50381	2026-06-08	wc-completed	7 Chakras Copper Water Bottles with Handle	7 Chakras Copper Water Bottles with Handle	CB-7CV-1	1.0000	1185.7143	44503	44511
50382	2026-06-08	wc-completed	Pangi Seed Shell Rattle	Pangi Seed Shell Rattle	MI-PS	1.0000	2100.0000	7356	0
50382	2026-06-08	wc-completed	Kenari Seed Shell Shakers - Large	Kenari Seed Shell Shakers	MI-KR-S-L	1.0000	2014.2857	7472	7511
50382	2026-06-08	wc-completed	Bamboo Rainstick	Bamboo Rainstick	MI-RS-N	1.0000	2528.5714	49779	0
50382	2026-06-08	wc-completed	Ocean Drums - Flower of Life, 30 cms	Ocean Drums		1.0000	1944.9153	9529	44651
50383	2026-06-08	wc-completed	Conscious Cards	Conscious Cards		1.0000	1349.0000	45533	0
50385	2026-06-08	wc-completed	Bamboo Rainstick	Bamboo Rainstick	MI-RS-N	1.0000	2528.5714	49779	0
50385	2026-06-08	wc-completed	Ocean Drums - Flower of Life, 35 cms	Ocean Drums		1.0000	2173.7288	9529	44652
50386	2026-06-08	wc-completed	Pangi Seed Shell Rattle	Pangi Seed Shell Rattle	MI-PS	1.0000	2333.3333	7356	0
50387	2026-06-09	wc-completed	Bird Flute - Brown, Single	Bird Flute		1.0000	261.9048	45754	45871
50388	2026-06-09	wc-completed	Singing Bowls Silk Ring Cushion Accessories - Combo of 7	Singing Bowls Silk Ring Cushion Accessories		1.0000	2138.0952	6988	46268
50389	2026-06-09	wc-completed	Heart Chakra Singing Bowl	Heart Chakra Singing Bowl		1.0000	10466.6667	45473	0
50389	2026-06-09	wc-completed	Handmade Universal Bowl for Sound Healing	Handmade Universal Bowl for Sound Healing	MI-SB-HM-UN	1.0000	8523.8095	8143	0
50389	2026-06-09	wc-completed	Belly Bowls	Belly Bowls		1.0000	9900.0000	47924	0
50390	2026-06-09	wc-completed	Tuning Fork Activators - Mallet	Tuning Fork Activators		4.0000	457.6271	48133	48182
50390	2026-06-09	wc-completed	Tuning Fork Activators - Activator	Tuning Fork Activators		3.0000	343.2203	48133	48181
50391	2026-06-09	wc-completed	Singing Bowls Silk Ring Cushion Accessories - Combo of 3	Singing Bowls Silk Ring Cushion Accessories		1.0000	680.9524	6988	46266
50391	2026-06-09	wc-completed	Bamboo Rainstick	Bamboo Rainstick	MI-RS-N	1.0000	2528.5714	49779	0
50391	2026-06-09	wc-completed	Ocean Drums - Flower of Life, 30 cms	Ocean Drums		1.0000	1944.9153	9529	44651
50392	2026-06-09	wc-completed	Tuning Forks Gem Feet - Full Set	Tuning Forks Gem Feet		1.0000	1228.8136	48136	48179
50400	2026-06-09	wc-completed	Tingsha Bell - Dark, Standard	Tingsha Bell		1.0000	1709.5238	5763	44935
50400	2026-06-09	wc-completed	Singing Bowls Silk Ring Cushion Accessories - Combo of 3	Singing Bowls Silk Ring Cushion Accessories		1.0000	757.1429	6988	46266
50401	2026-06-09	wc-completed	Bamboo Rainstick	Bamboo Rainstick	MI-RS-N	1.0000	2528.5714	49779	0
50401	2026-06-09	wc-completed	Wooden Mallets for Singing Bowls - Straight, Red	Wooden Mallets for Singing Bowls	MI-SB-M-R-S	1.0000	171.4286	6978	43369
50401	2026-06-09	wc-completed	Ocean Drums - Flower of Life, 30 cms	Ocean Drums		1.0000	1944.9153	9529	44651
50401	2026-06-09	wc-completed	11 Note Tongue Drum - Blue, 12 inches	11 Note Tongue Drum		1.0000	6308.0357	42373	42415
50402	2026-06-09	wc-completed	Eye Shaped Natural Lavender Scented Eye Pillows - Rose	Eye Shaped Natural Lavender Scented Eye Pillows	Yo-P-E-RE-1	1.0000	300.8475	9220	9221
50402	2026-06-09	wc-completed	Bird Flute - Brown, Pair	Bird Flute		1.0000	385.7143	45754	45872
50403	2026-06-10	wc-completed	Bamboo Rainstick	Bamboo Rainstick	MI-RS-N	1.0000	2528.5714	49779	0
50404	2026-06-10	wc-completed	Bird Flute - Brown, Pair	Bird Flute		1.0000	428.5714	45754	45872
50405	2026-06-10	wc-completed	Zafu & Zabuton Meditation Cushion Combo - Lavender	Zafu & Zabuton Meditation Cushion Combo	Co-Me-C-Z-Zn-LR	1.0000	2131.3559	7177	9597
50406	2026-06-10	wc-completed	Tingsha Bell - Golden, Standard	Tingsha Bell		1.0000	1538.0952	5763	44933
50407	2026-06-10	wc-completed	Tuning Fork - Single Weighted & Unweighted - Weighted, 128 Hz	Tuning Fork - Single Weighted & Unweighted	MI-TF-W-128	1.0000	1746.6102	9713	9715
50407	2026-06-10	wc-completed	Tuning Forks Gem Feet - Maroon	Tuning Forks Gem Feet		1.0000	190.6780	48136	48138
50407	2026-06-10	wc-completed	Tuning Fork Activators - Activator	Tuning Fork Activators		1.0000	114.4068	48133	48181
50407	2026-06-10	wc-completed	Tam-Tam/Chau Gong - 16 in	Tam-Tam/Chau Gong		1.0000	16714.2857	8802	46735
50407	2026-06-10	wc-completed	Gong Bags - Standard	Gong Bags		1.0000	1487.2881	45152	45153
50408	2026-06-10	wc-completed	Eye Shaped Natural Lavender Scented Eye Pillows - Dark Grey	Eye Shaped Natural Lavender Scented Eye Pillows	Yo-P-E-DG-1	1.0000	334.7458	9220	9224
50408	2026-06-10	wc-completed	Tuning Fork - Single Weighted & Unweighted - Weighted, 128 Hz	Tuning Fork - Single Weighted & Unweighted	MI-TF-W-128	1.0000	1940.6780	9713	9715
50409	2026-06-10	wc-completed	8 Keys Metallophone - with 1” & 1.5” key-widths - 1 inch	8 Keys Metallophone - with 1” & 1.5” key-widths	MI-XP-SP-1-8	1.0000	6830.3571	42332	42338
50409	2026-06-10	wc-completed	Singing Bowl with Handle	Singing Bowl with Handle		1.0000	8750.0000	48931	0
50411	2026-06-11	wc-completed	Wooden Mallets for Singing Bowls - Long Firm-Small, Red	Wooden Mallets for Singing Bowls	MI-SB-M-R-Wd-4.5	2.0000	1038.0952	6978	43368
50413	2026-06-11	wc-completed	Singing Bowls with Sacred Mantra Printed - Black, 5.5 Inches	Singing Bowls with Sacred Mantra Printed	MI-SB-P-BK-5.5	1.0000	1709.5238	6807	7288
50413	2026-06-11	wc-completed	Heart Chakra Singing Bowl	Heart Chakra Singing Bowl		1.0000	9420.0000	45473	0
50413	2026-06-11	wc-completed	Dotted Singing Bowl - 5.5 inch	Dotted Singing Bowl	MI-SB-H-5.5	1.0000	1838.0952	6892	6902
50415	2026-06-11	wc-completed	Kenari Seed Shell Shakers - Large	Kenari Seed Shell Shakers	MI-KR-S-L	1.0000	2238.0952	7472	7511
50415	2026-06-11	wc-completed	Ocean Drums - Plain, 30 cms	Ocean Drums	MI-OD-P-30	1.0000	2076.2712	9529	9532
50416	2026-06-11	wc-completed	Bamboo Rainstick	Bamboo Rainstick	MI-RS-N	1.0000	2528.5714	49779	0
50418	2026-06-11	wc-completed	Singing Bowls Silk Ring Cushion Accessories - Combo of 3	Singing Bowls Silk Ring Cushion Accessories		1.0000	680.9524	6988	46266
50419	2026-06-11	wc-completed	Kenari Seed Shell Shakers - Large	Kenari Seed Shell Shakers	MI-KR-S-L	1.0000	2014.2857	7472	7511
50421	2026-06-11	wc-completed	Singing Bowls Silk Ring Cushion Accessories - Combo of 7	Singing Bowls Silk Ring Cushion Accessories		1.0000	2138.0952	6988	46268
50425	2026-06-12	wc-completed	Bird Flute - Brown, Single	Bird Flute		2.0000	471.4286	45754	45871
50424	2026-06-12	wc-completed	The Four Bowl Set - Root, Heart, Third Eye and Universal	The Four Bowl Set - Root, Heart, Third Eye and Universal		1.0000	35142.8571	45334	0
50424	2026-06-12	wc-completed	Shruthi Thali/Gong Plates - F Plate	Shruthi Thali/Gong Plates		1.0000	8523.8095	45485	45489
50426	2026-06-12	wc-completed	Shamanic Drum - Tree of Life, 45 cms	Shamanic Drum	MI-SD-B	1.0000	4766.9492	7293	48065
50427	2026-06-12	wc-completed	Kenari Seed Shell Shakers - Large	Kenari Seed Shell Shakers	MI-KR-S-L	1.0000	2014.2857	7472	7511
50427	2026-06-12	wc-completed	7 Chakras Copper Water Bottles	7 Chakras Copper Water Bottles	CB-7CV-B-.5	1.0000	852.3810	6080	43438
50430	2026-06-13	wc-completed	Rectangular Yoga Bolster - Sage	Rectangular Yoga Bolster	Yo-BR-RE-SE	2.0000	2457.6271	9675	9678
50431	2026-06-13	wc-completed	Shamanic Drum - Butterfly, 30 cms	Shamanic Drum	MI-SD-B-30	1.0000	3775.4237	7293	9591
50432	2026-06-13	wc-completed	Hanging Bowls/Zen Drops - Set of 3	Hanging Bowls/Zen Drops		1.0000	8523.8095	45113	45118
50433	2026-06-13	wc-completed	Pangi Seed Shell Rattle	Pangi Seed Shell Rattle	MI-PS	1.0000	2333.3333	7356	0
50433	2026-06-13	wc-completed	Kenari Bracelet	Kenari Bracelet	MI-KR-BT	1.0000	1285.7143	42323	0
50435	2026-06-13	wc-completed	Triad Crystal Bowl Set - CEG	Triad Crystal Bowl Set		1.0000	27137.2881	45668	47894
50436	2026-06-13	wc-completed	Shruthi Thali/Gong Plates - C Plate	Shruthi Thali/Gong Plates		1.0000	11095.2381	45485	45492
50437	2026-06-13	wc-completed	Musical Wooden Frog - Large	Musical Wooden Frog	MI-WF	1.0000	1285.7143	7456	44633
50437	2026-06-13	wc-completed	Bendo Shaker - Small	Bendo Shaker		1.0000	1144.0678	47742	47922
50439	2026-06-14	wc-completed	Singing Bowl with Handle	Singing Bowl with Handle		1.0000	8750.0000	48931	0
50440	2026-06-14	wc-completed	Pulse Tubes - Big	Pulse Tubes		1.0000	2850.0000	48512	48760
50443	2026-06-14	wc-completed	Shamanic Drum - Plain, 40 cms	Shamanic Drum	MI-SD-P-40	1.0000	4004.2373	7293	9589
50444	2026-06-14	wc-completed	Gong Bags - Standard	Gong Bags		1.0000	1487.2881	45152	45153
50444	2026-06-14	wc-completed	Bendo Shaker - Large	Bendo Shaker		1.0000	1411.0169	47742	47923
50445	2026-06-14	wc-completed	Teak Wood - Stainless Steel Xylophone - 15 Keys	Teak Wood - Stainless Steel Xylophone	MI-XP-W-15	1.0000	5584.8214	7443	8775
50446	2026-06-14	wc-completed	Bendo Shaker - Large	Bendo Shaker		1.0000	1411.0169	47742	47923
50441	2026-06-14	wc-completed	Shruti Box - 2 Octaves	Shruti Box		1.0000	130.5000	44970	45004
50451	2026-06-15	wc-completed	Shamanic Drum - Plain, 45 cms	Shamanic Drum	MI-SD-P-45	1.0000	4461.8644	7293	9590
50452	2026-06-15	wc-completed	Bendo Shaker - Small	Bendo Shaker		1.0000	1029.6610	47742	47922
50452	2026-06-15	wc-completed	Flower of Life with Sacred Symbols Singing Bowls - Blue, 10.5 in	Flower of Life with Sacred Symbols Singing Bowls	MI-SB-RFL-B-10.5	1.0000	1877.1429	10035	10050
50453	2026-06-15	wc-completed	Shamanic Drum - Plain, 30 cms	Shamanic Drum	MI-SD-P-30	1.0000	3546.6102	7293	9588
50454	2026-06-15	wc-completed	Kenari Seed Shell Shakers - Large	Kenari Seed Shell Shakers	MI-KR-S-L	1.0000	2014.2857	7472	7511
50456	2026-06-15	wc-completed	Tuning Fork - Single Weighted & Unweighted - Weighted, 128 Hz	Tuning Fork - Single Weighted & Unweighted	MI-TF-W-128	1.0000	1940.6780	9713	9715
50456	2026-06-15	wc-completed	Shamanic Drum - Butterfly, 40 cms	Shamanic Drum	MI-SD-B-40	1.0000	4703.3898	7293	9592
50457	2026-06-15	wc-completed	Swinging Chimes - 9 Bars	Swinging Chimes	MI-SC-9	1.0000	7857.1429	10345	10347
50458	2026-06-15	wc-completed	Tuning Forks Gem Feet - Blue	Tuning Forks Gem Feet		1.0000	190.6780	48136	48141
50458	2026-06-15	wc-completed	Shruthi Thali/Gong Plates - B Plate	Shruthi Thali/Gong Plates		1.0000	6904.7619	45485	45486
50458	2026-06-15	wc-completed	Eye Shaped Natural Lavender Scented Eye Pillows - Rose	Eye Shaped Natural Lavender Scented Eye Pillows	Yo-P-E-RE-1	1.0000	300.8475	9220	9221
50458	2026-06-15	wc-completed	Tuning Fork - Single Weighted & Unweighted - Weighted, 136.10 Hz	Tuning Fork - Single Weighted & Unweighted		1.0000	1746.6102	9713	9716
50458	2026-06-15	wc-completed	Tuning Fork - Single Weighted & Unweighted - Unweighted, 528 Hz	Tuning Fork - Single Weighted & Unweighted		1.0000	1136.4407	9713	9750
50459	2026-06-15	wc-completed	Kenari Bracelet	Kenari Bracelet	MI-KR-BT	1.0000	1285.7143	42323	0
50460	2026-06-15	wc-completed	Pulse Tubes - Medium	Pulse Tubes		1.0000	1935.0000	48512	48761
50461	2026-06-16	wc-completed	Hi-Zafu Meditation Cushion - Filled with Buckwheat - Dark Grey	Hi-Zafu Meditation Cushion - Filled with Buckwheat	Me-C-HZ-DG	1.0000	1088.9831	6755	6777
50462	2026-06-16	wc-completed	Bendo Shaker - Small	Bendo Shaker		1.0000	1029.6610	47742	47922
50462	2026-06-16	wc-completed	Bamboo Rainstick	Bamboo Rainstick	MI-RS-N	1.0000	2528.5714	49779	0
50463	2026-06-16	wc-completed	Singing Bowl Bags - Large	Singing Bowl Bags	MI-SB-Bag-L	1.0000	1746.6102	45127	45140
50468	2026-06-16	wc-completed	25 Rods - Bar Chime	25 Rods - Bar Chime	MI-BCH-32	1.0000	4194.9153	42389	0
50469	2026-06-17	wc-completed	Wooden Mallets for Singing Bowls - Standard Wide, Black	Wooden Mallets for Singing Bowls	MI-SB-M-R-Wd-4.5	1.0000	242.8571	6978	43380
50469	2026-06-17	wc-completed	Wooden Mallets for Singing Bowls - Curved, Black	Wooden Mallets for Singing Bowls	MI-SB-M-B-C	1.0000	223.8095	6978	43377
50470	2026-06-17	wc-completed	Wooden Mallets for Singing Bowls - Thick Wide, Black	Wooden Mallets for Singing Bowls	MI-SB-M-R-Wd-4.5	1.0000	271.4286	6978	43378
50471	2026-06-17	wc-completed	Bendo Shaker - Small	Bendo Shaker		1.0000	1144.0678	47742	47922
50502	2026-06-17	wc-completed	Wooden Mallets for Singing Bowls - Long Firm-Standard, White	Wooden Mallets for Singing Bowls	MI-SB-M-R-Wd-4.5	1.0000	614.2857	6978	43384
50502	2026-06-17	wc-completed	"Wooden Mallets for Singing Bowls - Long Soft-9"", White"	Wooden Mallets for Singing Bowls	MI-SB-M-L-W-9	1.0000	614.2857	6978	43372
50502	2026-06-17	wc-completed	Wooden Mallets for Singing Bowls - Curved, Black	Wooden Mallets for Singing Bowls	MI-SB-M-B-C	1.0000	223.8095	6978	43377
50502	2026-06-17	wc-completed	Wooden Mallets for Singing Bowls - Thick Wide, Red	Wooden Mallets for Singing Bowls	MI-SB-M-R-Wd-4.5	1.0000	271.4286	6978	43379
50503	2026-06-17	wc-completed	Wooden Mallets for Singing Bowls - Straight, Red	Wooden Mallets for Singing Bowls	MI-SB-M-R-S	1.0000	190.4762	6978	43369
50504	2026-06-17	wc-completed	Jala Neti Pot - Ceramic 185 ml - Lemon Yellow	Jala Neti Pot - Ceramic 185 ml	NP-LY-185	4.0000	830.5085	5769	6335
50504	2026-06-17	wc-completed	Bird Flute - Brown, Pair	Bird Flute		3.0000	1285.7143	45754	45872
50505	2026-06-17	wc-completed	Zabuton Cushion for Meditation - Lavender	Zabuton Cushion for Meditation	Me-C-Zn-LR	1.0000	1521.1864	6780	9606
50505	2026-06-17	wc-completed	Hi-Zafu Meditation Cushion - Filled with Buckwheat - Lavender	Hi-Zafu Meditation Cushion - Filled with Buckwheat	Me-C-HZ-LR	1.0000	979.6610	6755	9659
50506	2026-06-17	wc-completed	Singing Bowls with Sacred Mantra Printed - Gold, 5.5 Inches	Singing Bowls with Sacred Mantra Printed	MI-SB-P-W-5.5	1.0000	1900.0000	6807	7290
50507	2026-06-18	wc-completed	Elemental Chimes	Elemental Chimes	MI-Ch-KS	1.0000	3300.0000	45194	0
50507	2026-06-18	wc-completed	Pangi Seed Shell Rattle	Pangi Seed Shell Rattle	MI-PS	1.0000	2100.0000	7356	0
50509	2026-06-18	wc-completed	Bird Flute - Brown, Pair	Bird Flute		1.0000	385.7143	45754	45872
50511	2026-06-19	wc-completed	Wooden Mallets for Singing Bowls - Curved, Black	Wooden Mallets for Singing Bowls	MI-SB-M-B-C	1.0000	223.8095	6978	43377
50511	2026-06-19	wc-completed	Wooden Mallets for Singing Bowls - Long Firm-Standard, White	Wooden Mallets for Singing Bowls	MI-SB-M-R-Wd-4.5	1.0000	614.2857	6978	43384
50512	2026-06-19	wc-completed	Bird Flute - Brown, Single	Bird Flute		1.0000	261.9048	45754	45871
50510	2026-06-18	wc-completed	Tuning Fork - Single Weighted & Unweighted - Weighted, 440 Hz	Tuning Fork - Single Weighted & Unweighted		1.0000	1940.6780	9713	48272
50513	2026-06-19	wc-completed	Tuning Fork Extensions - Circuit Boot	Tuning Fork Extensions		1.0000	526.2712	48135	48163
50514	2026-06-19	wc-completed	Bamboo Rainstick	Bamboo Rainstick	MI-RS-N	1.0000	2528.5714	49779	0
50515	2026-06-19	wc-completed	Pangi Seed Shell Rattle	Pangi Seed Shell Rattle	MI-PS	1.0000	2100.0000	7356	0
50517	2026-06-19	wc-completed	Pangi Seed Shell Rattle	Pangi Seed Shell Rattle	MI-PS	1.0000	2333.3333	7356	0
50518	2026-06-20	wc-completed	Crescent Zafu Cushion - Wide - Lavender	Crescent Zafu Cushion - Wide	Me-C-Z-L-L-1	1.0000	872.8814	47494	47498
50520	2026-06-20	wc-completed	Pangi Seed Shell Rattle	Pangi Seed Shell Rattle	MI-PS	1.0000	2333.3333	7356	0
50521	2026-06-20	wc-completed	Swinging Chimes - 9 Bars	Swinging Chimes	MI-SC-9	1.0000	7857.1429	10345	10347
50521	2026-06-20	wc-completed	Elemental Chimes	Elemental Chimes	MI-Ch-KS	1.0000	3666.6667	45194	0
50522	2026-06-20	wc-completed	Coconut Maracas Shakers - Plain	Coconut Maracas Shakers	MI-CM	2.0000	1697.1429	7370	45394
50523	2026-06-20	wc-completed	Zabuton Cushion for Meditation - Lavender	Zabuton Cushion for Meditation	Me-C-Zn-LR	1.0000	1521.1864	6780	9606
50524	2026-06-20	wc-completed	Pangi Seed Shell Rattle	Pangi Seed Shell Rattle	MI-PS	1.0000	2100.0000	7356	0
50524	2026-06-20	wc-completed	Ocean Drums - Flower of Life, 30 cms	Ocean Drums		1.0000	1944.9153	9529	44651
50525	2026-06-20	wc-completed	Bird Flute - Brown, Pair	Bird Flute		1.0000	385.7143	45754	45872
50525	2026-06-20	wc-completed	Dotted Singing Bowl - 4 inch	Dotted Singing Bowl	MI-SB-H-4	1.0000	1409.5238	6892	6901
50526	2026-06-20	wc-completed	Copper Bottle Gift Set - 7 Chakra - Vintage	Copper Bottle Gift Set - 7 Chakra		1.0000	1666.6667	6638	48680
50527	2026-06-20	wc-completed	Bamboo Rainstick	Bamboo Rainstick	MI-RS-N	1.0000	2809.5238	49779	0
50528	2026-06-21	wc-completed	Ocean Drums - Plain, 30 cms	Ocean Drums	MI-OD-P-30	1.0000	2076.2712	9529	9532
50529	2026-06-21	wc-completed	Dotted Singing Bowl - 5.5 inch	Dotted Singing Bowl	MI-SB-H-5.5	1.0000	2042.8571	6892	6902
50530	2026-06-21	wc-completed	Kenari Seed Shell Shakers - Large	Kenari Seed Shell Shakers	MI-KR-S-L	1.0000	2238.0952	7472	7511
50530	2026-06-21	wc-completed	Bendo Shaker - Small	Bendo Shaker		1.0000	1144.0678	47742	47922
50531	2026-06-21	wc-completed	Bendo Shaker - Large	Bendo Shaker		1.0000	1411.0169	47742	47923
50532	2026-06-21	wc-completed	Pangi Seed Shell Rattle	Pangi Seed Shell Rattle	MI-PS	1.0000	27.8571	7356	0
50534	2026-06-21	wc-completed	Coconut Rattle	Coconut Rattle	MI-CR	1.0000	995.2381	5730	0
50534	2026-06-21	wc-completed	Pangi Seed Shell Rattle	Pangi Seed Shell Rattle	MI-PS	1.0000	2333.3333	7356	0
50535	2026-06-21	wc-completed	Tuning Fork Activators - Activator	Tuning Fork Activators		1.0000	114.4068	48133	48181
50536	2026-06-22	wc-completed	Swinging Chimes - 9 Bars	Swinging Chimes	MI-SC-9	1.0000	7857.1429	10345	10347
50537	2026-06-22	wc-completed	Wooden Mallets for Singing Bowls - Straight, Black	Wooden Mallets for Singing Bowls	MI-SB-M-B-S	1.0000	190.4762	6978	43382
50538	2026-06-22	wc-completed	Tuning Fork - Single Weighted & Unweighted - Weighted, 528 Hz	Tuning Fork - Single Weighted & Unweighted		1.0000	1517.7966	9713	9719
50539	2026-06-22	wc-completed	Shamanic Drum - Plain, 45 cms	Shamanic Drum	MI-SD-P-45	1.0000	4461.8644	7293	9590
50540	2026-06-22	wc-completed	Tam-Tam/Chau Gong - 18 in	Tam-Tam/Chau Gong		1.0000	21428.5714	8802	46736
50541	2026-06-22	wc-completed	"Wooden Mallets for Singing Bowls - Long Soft-9"", White"	Wooden Mallets for Singing Bowls	MI-SB-M-L-W-9	1.0000	614.2857	6978	43372
50541	2026-06-22	wc-completed	Handmade Singing Bowls - All Sizes - 8 in, Matte	Handmade Singing Bowls - All Sizes	Mi-SB-H-M-8	1.0000	7857.1429	6884	9701
50542	2026-06-22	wc-completed	Bamboo Rainstick	Bamboo Rainstick	MI-RS-N	1.0000	2809.5238	49779	0
50542	2026-06-22	wc-completed	Shankh/Conch - Small	Shankh/Conch		1.0000	904.7619	45449	45450
50542	2026-06-22	wc-completed	Bird Flute - Brown, Pair	Bird Flute		1.0000	428.5714	45754	45872
50543	2026-06-22	wc-completed	Jala Neti Pot - Ceramic 185 ml - Lemon Yellow	Jala Neti Pot - Ceramic 185 ml	NP-LY-185	1.0000	186.4407	5769	6335
50544	2026-06-22	wc-completed	Pangi Seed Shell Rattle	Pangi Seed Shell Rattle	MI-PS	1.0000	2100.0000	7356	0
50544	2026-06-22	wc-completed	Heart Chakra Singing Bowl	Heart Chakra Singing Bowl		1.0000	9420.0000	45473	0
50545	2026-06-22	wc-completed	Pangi Seed Shell Rattle	Pangi Seed Shell Rattle	MI-PS	1.0000	2333.3333	7356	0
50546	2026-06-22	wc-completed	Tuning Fork Activators - Activator & Mallet	Tuning Fork Activators		1.0000	211.8644	48133	48183
50548	2026-06-23	wc-completed	Singing Bowl with Mantra - Rustic Blue Colour - 7 Inches	Singing Bowl with Mantra - Rustic Blue Colour	MI-SB-RB-7	1.0000	1495.2381	6861	7287
50564	2026-06-23	wc-completed	Singing Bowls Silk Ring Cushion Accessories - Combo of 7	Singing Bowls Silk Ring Cushion Accessories		1.0000	1923.8095	6988	46268
50565	2026-06-23	wc-completed	Shamanic Drum Bags/Ocean Drum Bags - Medium	Shamanic Drum Bags/Ocean Drum Bags		1.0000	907.6271	45131	46932
50565	2026-06-23	wc-completed	Bird Flute - Brown, Single	Bird Flute		1.0000	235.2381	45754	45871
50567	2026-06-23	wc-completed	Pangi Seed Shell Rattle	Pangi Seed Shell Rattle	MI-PS	1.0000	2100.0000	7356	0
50568	2026-06-23	wc-completed	Stainless Steel Straws - Pack of 2	Stainless Steel Straws	SSS-2	1.0000	166.6667	6505	6507
50569	2026-06-23	wc-completed	Tuning Fork - Single Weighted & Unweighted - Unweighted, 528 Hz	Tuning Fork - Single Weighted & Unweighted		1.0000	1136.4407	9713	9750
50570	2026-06-23	wc-completed	Bird Flute - Brown, Single	Bird Flute		1.0000	235.2381	45754	45871
50571	2026-06-23	wc-completed	Handcrafted Set of 7 Bowls for Sound Therapy - Standard-Octave 3, Full Moon	Handcrafted Set of 7 Bowls for Sound Therapy	MI-SB-7C Set-S-FM	1.0000	856.1905	7887	9195
50578	2026-06-24	wc-completed	Pangi Seed Shell Rattle	Pangi Seed Shell Rattle	MI-PS	1.0000	2100.0000	7356	0
50592	2026-06-24	wc-completed	Tuning Fork Activators - Activator & Mallet	Tuning Fork Activators		2.0000	381.3559	48133	48183
50594	2026-06-24	wc-completed	Kenari Seed Shell Shakers - Large	Kenari Seed Shell Shakers	MI-KR-S-L	1.0000	2238.0952	7472	7511
50595	2026-06-24	wc-completed	Pangi Seed Shell Rattle	Pangi Seed Shell Rattle	MI-PS	1.0000	2100.0000	7356	0
50596	2026-06-25	wc-completed	Hi-Zafu Meditation Cushion - Embroidered with Lotus - Misty Blue	Hi-Zafu Meditation Cushion - Embroidered with Lotus	Me-C-HZ-MB-E-L	1.0000	1132.2034	9291	9375
50597	2026-06-25	wc-completed	Wooden Stand for Tuning Forks - Five	Wooden Stand for Tuning Forks		1.0000	572.0339	48229	48231
50597	2026-06-25	wc-completed	Tuning Fork Activators - Activator	Tuning Fork Activators		1.0000	114.4068	48133	48181
50597	2026-06-25	wc-completed	Wooden Mallets for Singing Bowls - Straight, Red	Wooden Mallets for Singing Bowls	MI-SB-M-R-S	1.0000	171.4286	6978	43369
50597	2026-06-25	wc-completed	Wooden Mallets for Singing Bowls - Long Firm-Small, Red	Wooden Mallets for Singing Bowls	MI-SB-M-R-Wd-4.5	1.0000	466.6667	6978	43368
50597	2026-06-25	wc-completed	Ocean Drums - Flower of Life, 30 cms	Ocean Drums		1.0000	1944.9153	9529	44651
50597	2026-06-25	wc-completed	Kenari Seed Shell Shakers - Large	Kenari Seed Shell Shakers	MI-KR-S-L	1.0000	2014.2857	7472	7511
50598	2026-06-25	wc-completed	Bird Flute - Brown, Single	Bird Flute		1.0000	235.2381	45754	45871
50598	2026-06-25	wc-completed	Wooden Mallets for Singing Bowls - Long Firm-Standard, Red	Wooden Mallets for Singing Bowls	MI-SB-M-R-Wd-4.5	1.0000	552.3810	6978	43367
50598	2026-06-25	wc-completed	Mini Coconut Shakers - 3 Types - Square Shaped	Mini Coconut Shakers - 3 Types	MI-CS-S	1.0000	552.3810	6062	6066
50599	2026-06-25	wc-completed	Rectangular Yoga Bolster - Sage	Rectangular Yoga Bolster	Yo-BR-RE-SE	1.0000	1228.8136	9675	9678
50599	2026-06-25	wc-completed	Crescent Zafu Cushion - Compact - Rose	Crescent Zafu Cushion - Compact		1.0000	919.4915	47508	47526
50600	2026-06-25	wc-completed	Bird Flute - Brown, Single	Bird Flute		1.0000	261.9048	45754	45871
50601	2026-06-25	wc-completed	Kenari Seed Shell Shakers - Large	Kenari Seed Shell Shakers	MI-KR-S-L	1.0000	2014.2857	7472	7511
50601	2026-06-25	wc-completed	Bird Flute - Brown, Single	Bird Flute		1.0000	235.2381	45754	45871
50602	2026-06-26	wc-completed	Tuning Fork Extensions - Massage Boot	Tuning Fork Extensions		4.0000	2000.0000	48135	48164
50613	2026-06-27	wc-completed	Gong Stand - Dark, Small	Gong Stand		1.0000	6116.0714	45289	45297
50613	2026-06-27	wc-completed	Plain/Wind Tibetan Gong - 14 in	Plain/Wind Tibetan Gong	MI-G-P-14	1.0000	9428.5714	8833	8847
50614	2026-06-27	wc-completed	11 Note Tongue Drum - White, 12 inches	11 Note Tongue Drum		1.0000	7008.9286	42373	42411
50615	2026-06-27	wc-completed	Kenari Seed Shell Shakers - Large	Kenari Seed Shell Shakers	MI-KR-S-L	1.0000	2238.0952	7472	7511
50616	2026-06-27	wc-completed	Kenari Seed Shell Shakers - Large	Kenari Seed Shell Shakers	MI-KR-S-L	1.0000	2238.0952	7472	7511
50617	2026-06-27	wc-completed	Teak Wood - Stainless Steel Xylophone - 8 Keys	Teak Wood - Stainless Steel Xylophone	MI-XP-W-8	1.0000	3526.7857	7443	8774
50617	2026-06-27	wc-completed	Crystal Bowl Bag - Large	Crystal Bowl Bag		1.0000	1850.0000	47081	47084
50617	2026-06-27	wc-completed	Singing Bowl Bags - Standard	Singing Bowl Bags	MI-SB-Bag-M	1.0000	1686.4407	45127	45139
50619	2026-06-29	wc-completed	Wooden Guiro	Wooden Guiro		1.0000	1059.3220	50572	0
50619	2026-06-29	wc-completed	Pulse Tubes - Big	Pulse Tubes		1.0000	2850.0000	48512	48760
50619	2026-06-29	wc-completed	Kenari Bracelet	Kenari Bracelet	MI-KR-BT	1.0000	1285.7143	42323	0
50619	2026-06-29	wc-completed	Mini Coconut Shakers - 3 Types - All 3	Mini Coconut Shakers - 3 Types	CO-MI-CS-SRE	1.0000	1423.8095	6062	10128
50619	2026-06-29	wc-completed	Musical Wooden Frog - Large	Musical Wooden Frog	MI-WF	1.0000	1285.7143	7456	44633
50620	2026-06-29	wc-completed	Bendo Shaker - Large	Bendo Shaker		1.0000	1411.0169	47742	47923
50621	2026-06-29	wc-completed	Pangi Seed Shell Rattle	Pangi Seed Shell Rattle	MI-PS	1.0000	2100.0000	7356	0
50621	2026-06-29	wc-completed	Bamboo Rainstick	Bamboo Rainstick	MI-RS-N	1.0000	2528.5714	49779	0
50622	2026-06-29	wc-completed	Kenari Seed Shell Shakers - Large	Kenari Seed Shell Shakers	MI-KR-S-L	1.0000	2014.2857	7472	7511
50622	2026-06-29	wc-completed	Ocean Drums - Flower of Life, 35 cms	Ocean Drums		1.0000	2173.7288	9529	44652
50623	2026-06-29	wc-completed	Kenari Seed Shell Shakers - Large	Kenari Seed Shell Shakers	MI-KR-S-L	1.0000	2238.0952	7472	7511
50624	2026-06-29	wc-completed	Bendo Shaker - Large	Bendo Shaker		1.0000	1411.0169	47742	47923
50624	2026-06-29	wc-completed	Kenari Seed Shell Shakers - Large	Kenari Seed Shell Shakers	MI-KR-S-L	1.0000	2014.2857	7472	7511
50625	2026-06-29	wc-completed	Bamboo Rainstick	Bamboo Rainstick	MI-RS-N	1.0000	2528.5714	49779	0
50626	2026-06-29	wc-completed	Pangi Seed Shell Rattle	Pangi Seed Shell Rattle	MI-PS	1.0000	2333.3333	7356	0
50627	2026-06-30	wc-completed	Kenari Seed Shell Shakers - Large	Kenari Seed Shell Shakers	MI-KR-S-L	1.0000	2014.2857	7472	7511
50627	2026-06-30	wc-completed	Swinging Chimes - 6 Bars	Swinging Chimes	MI-SC-6	1.0000	6566.6667	10345	10346
50627	2026-06-30	wc-completed	Hanging Bowls/Zen Drops - Set of 3	Hanging Bowls/Zen Drops		1.0000	7671.4286	45113	45118
50627	2026-06-30	wc-completed	11 Note Tongue Drum - Blue, 10 inches	11 Note Tongue Drum		1.0000	5906.2500	42373	42414
50627	2026-06-30	wc-completed	Tingsha Bell - Golden, Standard	Tingsha Bell		1.0000	1538.0952	5763	44933
50628	2026-06-30	wc-completed	Singing Bowls Silk Ring Cushion Accessories - Combo of 5	Singing Bowls Silk Ring Cushion Accessories		1.0000	1409.5238	6988	46267
50630	2026-06-30	wc-completed	Bamboo Rainstick	Bamboo Rainstick	MI-RS-N	1.0000	2809.5238	49779	0
50631	2026-06-30	wc-completed	Bamboo Rainstick	Bamboo Rainstick	MI-RS-N	1.0000	2528.5714	49779	0
50631	2026-06-30	wc-completed	Swinging Chimes - 9 Bars	Swinging Chimes	MI-SC-9	1.0000	7857.1429	10345	10347
50631	2026-06-30	wc-completed	Eye Shaped Natural Lavender Scented Eye Pillows - Grey	Eye Shaped Natural Lavender Scented Eye Pillows	Yo-P-E-GY-1	2.0000	602.5424	9220	9222
50632	2026-06-30	wc-completed	"Wooden Mallets for Singing Bowls - Long Soft-11"", Red"	Wooden Mallets for Singing Bowls	MI-SB-M-L-R-11	1.0000	552.3810	6978	43375
50633	2026-06-30	wc-completed	Classic Morchang Set - Middle	Classic Morchang Set		1.0000	2350.0000	48653	48842
50634	2026-06-30	wc-completed	Shruti Box - 3 Octaves	Shruti Box		1.0000	12141.0000	44970	45005
50634	2026-06-30	wc-completed	Box Tanpura - Male Tanpura	Box Tanpura		1.0000	10848.2143	45384	47882
50634	2026-06-30	wc-completed	Shamanic Drum - Tree of Life, 45 cms	Shamanic Drum	MI-SD-B	1.0000	4766.9492	7293	48065
50635	2026-06-30	wc-completed	Tuning Fork Extensions - Massage Boot	Tuning Fork Extensions		2.0000	1000.0000	48135	48164
50636	2026-07-01	wc-completed	Bamboo Rainstick	Bamboo Rainstick	MI-RS-N	1.0000	2809.5238	49779	0
50637	2026-07-01	wc-completed	Jala Neti Pot - Ceramic 185 ml - Lemon Yellow	Jala Neti Pot - Ceramic 185 ml	NP-LY-185	1.0000	186.4407	5769	6335
50639	2026-07-01	wc-completed	Bamboo Rainstick	Bamboo Rainstick	MI-RS-N	1.0000	2528.5714	49779	0
50639	2026-07-01	wc-completed	Kenari Seed Shell Shakers - Large	Kenari Seed Shell Shakers	MI-KR-S-L	1.0000	2014.2857	7472	7511
50641	2026-07-01	wc-completed	Kenari Seed Shell Shakers - Large	Kenari Seed Shell Shakers	MI-KR-S-L	1.0000	2014.2857	7472	7511
50642	2026-07-01	wc-completed	Bamboo Rainstick	Bamboo Rainstick	MI-RS-N	1.0000	2809.5238	49779	0
50643	2026-07-01	wc-completed	Pangi Seed Shell Rattle	Pangi Seed Shell Rattle	MI-PS	1.0000	2333.3333	7356	0
50644	2026-07-01	wc-completed	Tam-Tam/Chau Gong - 22 in	Tam-Tam/Chau Gong		1.0000	32142.8571	8802	46738
50648	2026-07-01	wc-processing	Bamboo Rainstick	Bamboo Rainstick	MI-RS-N	1.0000	2528.5714	49779	0
50648	2026-07-01	wc-processing	Jala Neti Pot - Ceramic 185 ml - Mint Green	Jala Neti Pot - Ceramic 185 ml	NP-MG-185	1.0000	186.4407	5769	6336
50648	2026-07-01	wc-processing	Copper Tongue Cleaner - Pack of 1, Straight	Copper Tongue Cleaner	TC-R-1	1.0000	140.9524	5042	7808
50648	2026-07-01	wc-processing	Wooden Guiro	Wooden Guiro		1.0000	953.3898	50572	0
50649	2026-07-01	wc-completed	Singing Bowls Silk Ring Cushion Accessories - 22 cms, Green	Singing Bowls Silk Ring Cushion Accessories	MI-SB-C-G-22	1.0000	509.5238	6988	44185
50650	2026-07-01	wc-completed	Joint Bowl or Knee Cut Bowl - 8 in	Joint Bowl or Knee Cut Bowl	MI-SB-JB	1.0000	7500.0000	9978	9984
50651	2026-07-01	wc-completed	Handmade Universal Bowl for Sound Healing	Handmade Universal Bowl for Sound Healing	MI-SB-HM-UN	1.0000	7671.4286	8143	0
50652	2026-07-01	wc-completed	Hi-Zafu Meditation Cushion - Embroidered with Lotus - Sage	Hi-Zafu Meditation Cushion - Embroidered with Lotus	Me-C-HZ-S-E-L	1.0000	1258.4746	9291	9296
50653	2026-07-01	wc-completed	Singing Bowls Silk Ring Cushion Accessories - Combo of 7	Singing Bowls Silk Ring Cushion Accessories		1.0000	1923.8095	6988	46268
50654	2026-07-02	wc-completed	Ocean Drums - Flower of Life, 30 cms	Ocean Drums		1.0000	1944.9153	9529	44651
50655	2026-07-02	wc-completed	8 Keys Metallophone - with 1” & 1.5” key-widths - 1 inch	8 Keys Metallophone - with 1” & 1.5” key-widths	MI-XP-SP-1-8	1.0000	6830.3571	42332	42338
50656	2026-07-02	wc-completed	Pangi Seed Shell Rattle	Pangi Seed Shell Rattle	MI-PS	1.0000	2100.0000	7356	0
50657	2026-07-02	wc-completed	Singing Bowl Bags - Standard	Singing Bowl Bags	MI-SB-Bag-M	1.0000	1686.4407	45127	45139
50658	2026-07-02	wc-completed	Zafu Meditation Cushion Plain Filled with Cotton - Magenta	Zafu Meditation Cushion Plain Filled with Cotton	Me-Z-R-MG	1.0000	1004.2373	6711	9630
50658	2026-07-02	wc-completed	Kenari Seed Shell Shakers - Large	Kenari Seed Shell Shakers	MI-KR-S-L	1.0000	2238.0952	7472	7511
50658	2026-07-02	wc-completed	Bamboo Rainstick	Bamboo Rainstick	MI-RS-N	1.0000	2809.5238	49779	0
50659	2026-07-02	wc-completed	Swinging Chimes - 9 Bars	Swinging Chimes	MI-SC-9	1.0000	7857.1429	10345	10347
50660	2026-07-02	wc-completed	Full Moon Singing Bowls - All Sizes - 11 Inches	Full Moon Singing Bowls - All Sizes	MI-SB-H-FM-11	1.0000	11785.7143	7607	46457
50661	2026-07-02	wc-completed	Jala Neti Pot - Ceramic 185 ml - Mint Green	Jala Neti Pot - Ceramic 185 ml	NP-MG-185	1.0000	186.4407	5769	6336
50663	2026-07-02	wc-completed	Zafu Meditation Cushion Plain Filled with Cotton - Misty Blue	Zafu Meditation Cushion Plain Filled with Cotton	Me-Z-R-MB	1.0000	1004.2373	6711	9627
50665	2026-07-02	wc-completed	Artistically Designed Copper Bottles	Artistically Designed Copper Bottles	CB-HW-.5	1.0000	762.8571	6007	42893
50666	2026-07-02	wc-completed	Bamboo Rainstick	Bamboo Rainstick	MI-RS-N	1.0000	2528.5714	49779	0
50666	2026-07-02	wc-completed	Bendo Shaker - Large	Bendo Shaker		1.0000	1411.0169	47742	47923
50666	2026-07-02	wc-completed	Kenari Seed Shell Shakers - Large	Kenari Seed Shell Shakers	MI-KR-S-L	1.0000	2014.2857	7472	7511
50666	2026-07-02	wc-completed	Singing Bowl Bags - Standard	Singing Bowl Bags	MI-SB-Bag-M	2.0000	3035.5932	45127	45139
50666	2026-07-02	wc-completed	Wooden Mallets for Singing Bowls - Long Firm-Small, Red	Wooden Mallets for Singing Bowls	MI-SB-M-R-Wd-4.5	1.0000	466.6667	6978	43368
50666	2026-07-02	wc-completed	Wooden Mallets for Singing Bowls - Long Firm-Standard, White	Wooden Mallets for Singing Bowls	MI-SB-M-R-Wd-4.5	1.0000	552.3810	6978	43384
50667	2026-07-03	wc-completed	The Head Bowl	The Head Bowl		1.0000	8562.8571	45518	0
50668	2026-07-03	wc-completed	Kenari Seed Shell Shakers - Large	Kenari Seed Shell Shakers	MI-KR-S-L	1.0000	2014.2857	7472	7511
50668	2026-07-03	wc-completed	Sacred Symbols Singing Bowls - Yellow, 5.5 in	Sacred Symbols Singing Bowls	MI-SB-P-SS-Y-5.5	1.0000	1709.5238	10008	10023
50668	2026-07-03	wc-completed	Flower of Life with Sacred Symbols Singing Bowls - Green, 9 in	Flower of Life with Sacred Symbols Singing Bowls	MI-SB-RFL-G-9	1.0000	1500.0000	10035	10055
50669	2026-07-03	wc-completed	7 Chakras Mystical Incense Sticks Set - 7 Chakra Set	7 Chakras Mystical Incense Sticks Set	IS-7C	1.0000	411.4286	7687	7688
50670	2026-07-03	wc-completed	Coconut Maracas Shakers - Plain	Coconut Maracas Shakers	MI-CM	1.0000	942.8571	7370	45394
50671	2026-07-03	wc-completed	Heart Chakra Singing Bowl	Heart Chakra Singing Bowl		1.0000	111.4286	45473	0
50672	2026-07-03	wc-completed	11 Note Tongue Drum - Blue, 12 inches	11 Note Tongue Drum		1.0000	6308.0357	42373	42415
50672	2026-07-03	wc-completed	Bamboo Rainstick	Bamboo Rainstick	MI-RS-N	1.0000	2528.5714	49779	0
50672	2026-07-03	wc-completed	Ocean Drums - Flower of Life, 30 cms	Ocean Drums		1.0000	1944.9153	9529	44651
50673	2026-07-03	wc-completed	Elemental Chimes	Elemental Chimes	MI-Ch-KS	1.0000	3666.6667	45194	0
50674	2026-07-03	wc-completed	Wooden Mallets for Singing Bowls - Curved, Black	Wooden Mallets for Singing Bowls	MI-SB-M-B-C	1.0000	200.9524	6978	43377
50675	2026-07-03	wc-completed	Tuning Forks Solfeggio Set - Unweighted	Tuning Forks Solfeggio Set		1.0000	9990.0000	48202	48204
50676	2026-07-03	wc-completed	Kenari Seed Shell Shakers - Large	Kenari Seed Shell Shakers	MI-KR-S-L	1.0000	2238.0952	7472	7511
50678	2026-07-04	wc-completed	Tuning Forks Gem Feet - Full Set	Tuning Forks Gem Feet		1.0000	1228.8136	48136	48179
50679	2026-07-04	wc-completed	Singing Bowls Silk Ring Cushion Accessories - Combo of 5	Singing Bowls Silk Ring Cushion Accessories		1.0000	1409.5238	6988	46267
50679	2026-07-04	wc-completed	Wooden Mallets for Singing Bowls - Straight, Red	Wooden Mallets for Singing Bowls	MI-SB-M-R-S	1.0000	171.4286	6978	43369
50680	2026-07-04	wc-completed	Crystal Bowls - Set of 7	Crystal Bowls - Set of 7		1.0000	68262.7119	43219	43232
50681	2026-07-04	wc-completed	Bamboo Rainstick	Bamboo Rainstick	MI-RS-N	1.0000	2528.5714	49779	0
50682	2026-07-04	wc-completed	Tuning Fork - Single Weighted & Unweighted - Unweighted, 136.10 Hz	Tuning Fork - Single Weighted & Unweighted		1.0000	1288.9831	9713	9747
50682	2026-07-04	wc-completed	Tuning Fork - Single Weighted & Unweighted - Unweighted, 128 Hz	Tuning Fork - Single Weighted & Unweighted		1.0000	1288.9831	9713	9746
50684	2026-07-04	wc-completed	Wooden Mallets for Singing Bowls - Straight, Black	Wooden Mallets for Singing Bowls	MI-SB-M-B-S	1.0000	190.4762	6978	43382
50684	2026-07-04	wc-completed	Wooden Mallets for Singing Bowls - Curved, Black	Wooden Mallets for Singing Bowls	MI-SB-M-B-C	1.0000	223.8095	6978	43377
50686	2026-07-04	wc-completed	Tuning Forks Gem Feet - Full Set	Tuning Forks Gem Feet		1.0000	1228.8136	48136	48179
50687	2026-07-04	wc-completed	Handcrafted Set of 7 Bowls for Sound Therapy - Standard-Octave 3, Matte	Handcrafted Set of 7 Bowls for Sound Therapy	MI-SB-7C Set-S-M	1.0000	53809.5238	7887	9193
50687	2026-07-04	wc-completed	Singing Bowl Bags - Standard	Singing Bowl Bags	MI-SB-Bag-M	1.0000	1517.7966	45127	45139
50688	2026-07-05	wc-completed	Pangi Seed Shell Rattle	Pangi Seed Shell Rattle	MI-PS	1.0000	2100.0000	7356	0
50690	2026-07-05	wc-completed	Shamanic Drum Bags/Ocean Drum Bags - Small	Shamanic Drum Bags/Ocean Drum Bags		1.0000	838.9831	45131	45133
50690	2026-07-05	wc-completed	Ocean Drums - Plain, 30 cms	Ocean Drums	MI-OD-P-30	1.0000	2076.2712	9529	9532
50690	2026-07-05	wc-completed	Crystal Bowls - 7 in	Crystal Bowls	MI-CB-W-7	1.0000	8177.9661	9777	9779
50690	2026-07-05	wc-completed	Crystal Bowl Bag - Small	Crystal Bowl Bag		1.0000	1450.0000	47081	47082
50692	2026-07-05	wc-completed	Crystal Bowls - 8 in	Crystal Bowls	MI-CB-W-8	1.0000	8855.9322	9777	9780
50693	2026-07-05	wc-completed	Sleigh Bells Wooden Jingle Stick	Sleigh Bells Wooden Jingle Stick		1.0000	1105.9322	50608	0
50693	2026-07-05	wc-completed	Wooden Guiro	Wooden Guiro		1.0000	953.3898	50572	0
50693	2026-07-05	wc-completed	Mini Coconut Shakers - 3 Types - All 3	Mini Coconut Shakers - 3 Types	CO-MI-CS-SRE	1.0000	1280.9524	6062	10128
50693	2026-07-05	wc-completed	Egg Shaker with Handle	Egg Shaker with Handle	MI-ES-H	1.0000	766.6667	7396	0
50694	2026-07-05	wc-completed	Handmade Universal Bowl for Sound Healing	Handmade Universal Bowl for Sound Healing	MI-SB-HM-UN	1.0000	8523.8095	8143	0
50695	2026-07-05	wc-completed	Handcrafted Set of 7 Bowls for Sound Therapy - Large-Octave 2, Matte	Handcrafted Set of 7 Bowls for Sound Therapy	MI-SB-7C Set-L-M	1.0000	78571.4286	7887	9196
50695	2026-07-05	wc-completed	Bamboo Rainstick	Bamboo Rainstick	MI-RS-N	1.0000	2809.5238	49779	0
50695	2026-07-05	wc-completed	Singing Bowl Bags - Standard	Singing Bowl Bags	MI-SB-Bag-M	1.0000	1686.4407	45127	45139
50696	2026-07-05	wc-completed	Joint Bowl or Knee Cut Bowl - 8 in	Joint Bowl or Knee Cut Bowl	MI-SB-JB	1.0000	8333.3333	9978	9984
50697	2026-07-06	wc-completed	"Wooden Mallets for Singing Bowls - Long Soft-11"", Red"	Wooden Mallets for Singing Bowls	MI-SB-M-L-R-11	1.0000	614.2857	6978	43375
50698	2026-07-06	wc-completed	Bamboo Rainstick	Bamboo Rainstick	MI-RS-N	1.0000	2809.5238	49779	0
50698	2026-07-06	wc-completed	Bird Flute - Brown, Single	Bird Flute		1.0000	261.9048	45754	45871
50699	2026-07-06	wc-completed	7 Chakras Copper Water Bottles	7 Chakras Copper Water Bottles	CB-7CP-B-.5	1.0000	947.6190	6080	43434
50700	2026-07-06	wc-completed	Bamboo Rainstick	Bamboo Rainstick	MI-RS-N	1.0000	2809.5238	49779	0
50701	2026-07-06	wc-completed	Bamboo Rainstick	Bamboo Rainstick	MI-RS-N	1.0000	2809.5238	49779	0
50702	2026-07-06	wc-completed	Vibroacoustic Therapy Bowls - Universal, Belly and Head - Universal Bowl	Vibroacoustic Therapy Bowls - Universal, Belly and Head	Mi-SB-Z-8	1.0000	7671.4286	8040	8044
50702	2026-07-06	wc-completed	Vibroacoustic Therapy Bowls - Universal, Belly and Head - Belly Bowl	Vibroacoustic Therapy Bowls - Universal, Belly and Head	Mi-SB-Z-9	1.0000	8485.7143	8040	8045
50703	2026-07-06	wc-processing	Handcrafted Set of 7 Bowls for Sound Therapy - Standard-Octave 3, Matte	Handcrafted Set of 7 Bowls for Sound Therapy	MI-SB-7C Set-S-M	1.0000	53809.5238	7887	9193
50704	2026-07-07	wc-completed	Hanging Bowls/Zen Drops - Set of 3	Hanging Bowls/Zen Drops		1.0000	7671.4286	45113	45118
50705	2026-07-07	wc-completed	Bamboo Rainstick	Bamboo Rainstick	MI-RS-N	1.0000	2528.5714	49779	0
50706	2026-07-07	wc-completed	Rectangular Yoga Bolster - Rouge	Rectangular Yoga Bolster	Yo-BR-RE-RP	1.0000	1228.8136	9675	9690
50707	2026-07-07	wc-completed	Bendo Shaker - Large	Bendo Shaker		1.0000	1567.7966	47742	47923
50708	2026-07-07	wc-completed	Hanging Bowls/Zen Drops - Set of 3	Hanging Bowls/Zen Drops		1.0000	8523.8095	45113	45118
50709	2026-07-08	wc-completed	Bamboo Rainstick	Bamboo Rainstick	MI-RS-N	1.0000	2809.5238	49779	0
50710	2026-07-08	wc-completed	Singing Bowls Silk Ring Cushion Accessories - Combo of 7	Singing Bowls Silk Ring Cushion Accessories		1.0000	2138.0952	6988	46268
50711	2026-07-08	wc-completed	Crystal Bowl Bag - Medium	Crystal Bowl Bag		1.0000	1650.0000	47081	47083
50716	2026-07-08	wc-completed	Bamboo Rainstick	Bamboo Rainstick	MI-RS-N	1.0000	3285.7143	49779	0
50716	2026-07-08	wc-completed	Ocean Drums - Plain, 30 cms	Ocean Drums	MI-OD-P-30	1.0000	2076.2712	9529	9532
50717	2026-07-08	wc-completed	Hi-Zafu Meditation Cushion - Filled with Buckwheat - Lavender	Hi-Zafu Meditation Cushion - Filled with Buckwheat	Me-C-HZ-LR	1.0000	1034.7458	6755	9659
50717	2026-07-08	wc-completed	Zabuton Cushion for Meditation - Lavender	Zabuton Cushion for Meditation	Me-C-Zn-LR	1.0000	1605.9322	6780	9606
50719	2026-07-09	wc-completed	Yoga Blanket made from Organic Cotton - Natural White	Yoga Blanket made from Organic Cotton	Yo-BT-C-NT	1.0000	1171.4286	6668	6688
50723	2026-07-09	wc-completed	Hanging Bowls/Zen Drops - Set of 3	Hanging Bowls/Zen Drops		1.0000	8097.1429	45113	45118
50723	2026-07-09	wc-completed	Dotted Singing Bowl - Deep 5.5 Inch	Dotted Singing Bowl	MI-SB-D-7	1.0000	2158.0952	6892	42911
50723	2026-07-09	wc-completed	Wooden Mallets for Singing Bowls - Standard Wide, Red	Wooden Mallets for Singing Bowls	MI-SB-M-R-Wd-4.5	1.0000	230.4762	6978	43381
50723	2026-07-09	wc-completed	"Wooden Mallets for Singing Bowls - Long Soft-11"", Red"	Wooden Mallets for Singing Bowls	MI-SB-M-L-R-11	1.0000	583.8095	6978	43375
50725	2026-07-09	wc-completed	Tibetan Buddhist Bell - Extra Large	Tibetan Buddhist Bell		1.0000	3390.4762	6973	47410
50726	2026-07-10	wc-completed	Bird Flute - Brown, Pair	Bird Flute		1.0000	428.5714	45754	45872
50727	2026-07-10	wc-completed	Wooden Finger Castanet - Black	Wooden Finger Castanet		2.0000	1590.0000	50579	50590
50728	2026-07-10	wc-completed	Kenari Chimes - Small & Large - Large	Kenari Chimes - Small & Large	MI-KR-CH-168	1.0000	4714.2857	45197	46431
50728	2026-07-10	wc-completed	Copper Tongue Cleaner - Pack of 1, Straight	Copper Tongue Cleaner	TC-R-1	1.0000	157.1429	5042	7808
50728	2026-07-10	wc-completed	Shamanic Drum - Tree of Life, 40 cms	Shamanic Drum	MI-SD-B	1.0000	4703.3898	7293	48064
50728	2026-07-10	wc-completed	Pangi Seed Shell Rattle	Pangi Seed Shell Rattle	MI-PS	1.0000	2333.3333	7356	0
50728	2026-07-10	wc-completed	C&G Tuning Forks - Weighted	C&G Tuning Forks		1.0000	4580.0000	48318	48319
50731	2026-07-10	wc-completed	Singing Bowl Bags - Standard	Singing Bowl Bags	MI-SB-Bag-M	1.0000	1686.4407	45127	45139
50737	2026-07-10	wc-completed	Elemental Chimes	Elemental Chimes	MI-Ch-KS	1.0000	3482.8571	45194	0
50738	2026-07-10	wc-completed	Pangi Seed Shell Rattle	Pangi Seed Shell Rattle	MI-PS	1.0000	2333.3333	7356	0
50738	2026-07-10	wc-completed	Elemental Chimes	Elemental Chimes	MI-Ch-KS	1.0000	3666.6667	45194	0
50739	2026-07-10	wc-completed	Crystal Bowl Bag - Large	Crystal Bowl Bag		1.0000	1757.0000	47081	47084
50741	2026-07-10	wc-completed	Kenari Seed Shell Shakers - Large	Kenari Seed Shell Shakers	MI-KR-S-L	1.0000	2125.7143	7472	7511
50742	2026-07-10	wc-completed	Jala Neti Pot - Ceramic 185 ml - Mint Green	Jala Neti Pot - Ceramic 185 ml	NP-MG-185	1.0000	197.4576	5769	6336
50743	2026-07-11	wc-completed	Sleigh Bells Wooden Jingle Stick	Sleigh Bells Wooden Jingle Stick		1.0000	1228.8136	50608	0
50745	2026-07-12	wc-completed	Dotted Singing Bowl - 5.5 inch	Dotted Singing Bowl	MI-SB-H-5.5	1.0000	1940.9524	6892	6902
50745	2026-07-12	wc-completed	Etched Handmade Singing Bowls - Buddha, 6 in	Etched Handmade Singing Bowls	MI-SB-H-ET-B-6	1.0000	9500.0000	9795	9859
50746	2026-07-12	wc-completed	Bamboo Rainstick	Bamboo Rainstick	MI-RS-N	1.0000	3120.9524	49779	0
50746	2026-07-12	wc-completed	Kenari Seed Shell Shakers - Large	Kenari Seed Shell Shakers	MI-KR-S-L	1.0000	2125.7143	7472	7511
50746	2026-07-12	wc-completed	Swinging Chimes - 9 Bars	Swinging Chimes	MI-SC-9	1.0000	6287.6190	10345	10347
50746	2026-07-12	wc-completed	25 Rods - Bar Chime	25 Rods - Bar Chime	MI-BCH-32	1.0000	3984.7458	42389	0
50746	2026-07-12	wc-completed	Pangi Seed Shell Rattle	Pangi Seed Shell Rattle	MI-PS	1.0000	2216.1905	7356	0
50747	2026-07-12	wc-completed	Tuning Fork - Single Weighted & Unweighted - Unweighted, 528 Hz	Tuning Fork - Single Weighted & Unweighted		1.0000	1262.7119	9713	9750
50748	2026-07-12	wc-completed	Bird Flute - Brown, Single	Bird Flute		1.0000	248.5714	45754	45871
50750	2026-07-12	wc-completed	Pangi Seed Shell Rattle	Pangi Seed Shell Rattle	MI-PS	1.0000	2333.3333	7356	0
50751	2026-07-13	wc-completed	Bird Flute - Brown, Single	Bird Flute		1.0000	261.9048	45754	45871
50753	2026-07-13	wc-completed	Coconut Rattle	Coconut Rattle	MI-CR	1.0000	995.2381	5730	0
50753	2026-07-13	wc-completed	Bamboo Rainstick	Bamboo Rainstick	MI-RS-N	1.0000	3285.7143	49779	0
50753	2026-07-13	wc-completed	Kenari Seed Shell Shakers - Large	Kenari Seed Shell Shakers	MI-KR-S-L	1.0000	2238.0952	7472	7511
50754	2026-07-13	wc-completed	Singing Bowls Silk Ring Cushion Accessories - Combo of 7	Singing Bowls Silk Ring Cushion Accessories		1.0000	2138.0952	6988	46268
50754	2026-07-13	wc-completed	Kenari Chimes - Small & Large - Large	Kenari Chimes - Small & Large	MI-KR-CH-168	1.0000	4714.2857	45197	46431
50755	2026-07-13	wc-completed	Kenari Seed Shell Shakers - Large	Kenari Seed Shell Shakers	MI-KR-S-L	1.0000	2238.0952	7472	7511
50757	2026-07-13	wc-completed	Handcrafted Set of 7 Bowls for Sound Therapy - Standard-Octave 3, Matte	Handcrafted Set of 7 Bowls for Sound Therapy	MI-SB-7C Set-S-M	1.0000	61428.5714	7887	9193
50758	2026-07-13	wc-completed	Asalato/Aslatau or Kashaka Shaker - Plain, Single	Asalato/Aslatau or Kashaka Shaker	MI-AS	1.0000	1217.1429	7300	46377
50759	2026-07-14	wc-completed	Wooden Mallets for Singing Bowls - Thick Wide, Red	Wooden Mallets for Singing Bowls	MI-SB-M-R-Wd-4.5	1.0000	271.4286	6978	43379
50760	2026-07-14	wc-completed	Crystal Bowls - 7 in	Crystal Bowls	MI-CB-W-7	1.0000	7768.6441	9777	9779
50760	2026-07-14	wc-completed	Bamboo Rainstick	Bamboo Rainstick	MI-RS-N	1.0000	3120.9524	49779	0
50760	2026-07-14	wc-completed	Swinging Chimes - 9 Bars	Swinging Chimes	MI-SC-9	1.0000	6287.6190	10345	10347
50760	2026-07-14	wc-completed	"Wooden Mallets for Singing Bowls - Long Soft-13"", White"	Wooden Mallets for Singing Bowls	MI-SB-M-L-W-13	1.0000	768.5714	6978	43370
50761	2026-07-14	wc-completed	Coconut Rattle	Coconut Rattle	MI-CR	1.0000	945.7143	5730	0
50762	2026-07-14	wc-completed	Crystal Bowl Bag - Large	Crystal Bowl Bag		1.0000	1850.0000	47081	47084
50763	2026-07-14	wc-completed	Wooden Finger Castanet - Black	Wooden Finger Castanet		1.0000	795.0000	50579	50590
50764	2026-07-14	wc-completed	7 Chakras Mystical Incense Sticks Set - 7 Chakra Set	7 Chakras Mystical Incense Sticks Set	IS-7C	1.0000	434.2857	7687	7688
50765	2026-07-14	wc-completed	Coconut Maracas Shakers - Plain	Coconut Maracas Shakers	MI-CM	1.0000	942.8571	7370	45394
50766	2026-07-14	wc-completed	Bendo Shaker - Large	Bendo Shaker		1.0000	1567.7966	47742	47923
50767	2026-07-15	wc-completed	Singing Bowl with Handle	Singing Bowl with Handle		1.0000	8750.0000	48931	0
50768	2026-07-15	wc-completed	"Wooden Mallets for Singing Bowls - Long Soft-11"", Red"	Wooden Mallets for Singing Bowls	MI-SB-M-L-R-11	1.0000	614.2857	6978	43375
50769	2026-07-15	wc-completed	Singing Bowl Bags - Standard	Singing Bowl Bags	MI-SB-Bag-M	1.0000	1601.6949	45127	45139
50769	2026-07-15	wc-completed	Singing Bowls Silk Ring Cushion Accessories - Combo of 7	Singing Bowls Silk Ring Cushion Accessories		1.0000	2031.4286	6988	46268
50769	2026-07-15	wc-completed	Wooden Mallets for Singing Bowls - Long Firm-Standard, White	Wooden Mallets for Singing Bowls	MI-SB-M-R-Wd-4.5	1.0000	583.8095	6978	43384
50770	2026-07-15	wc-completed	Bendo Shaker - Small	Bendo Shaker		1.0000	1144.0678	47742	47922
50770	2026-07-15	wc-completed	Mini Coconut Shakers - 3 Types - Round Shaped	Mini Coconut Shakers - 3 Types	MI-CS-R	1.0000	614.2857	6062	6064
50771	2026-07-15	wc-completed	Pulse Tubes - Medium	Pulse Tubes		1.0000	2042.0000	48512	48761
50771	2026-07-15	wc-completed	Bird Flute - Brown, Pair	Bird Flute		1.0000	406.6667	45754	45872
50771	2026-07-15	wc-completed	Ocean Drums - Plain, 30 cms	Ocean Drums	MI-OD-P-30	1.0000	1972.0339	9529	9532
50771	2026-07-15	wc-completed	Shamanic Drum Bags/Ocean Drum Bags - Small	Shamanic Drum Bags/Ocean Drum Bags		1.0000	796.6102	45131	45133
50773	2026-07-15	wc-completed	Tuning Fork - Single Weighted & Unweighted - Weighted, 128 Hz	Tuning Fork - Single Weighted & Unweighted	MI-TF-W-128	1.0000	1843.2203	9713	9715
50773	2026-07-15	wc-completed	Handmade Universal Bowl for Sound Healing	Handmade Universal Bowl for Sound Healing	MI-SB-HM-UN	1.0000	8097.1429	8143	0
50773	2026-07-15	wc-completed	Tuning Fork - Single Weighted & Unweighted - Unweighted, 528 Hz	Tuning Fork - Single Weighted & Unweighted		1.0000	1199.1525	9713	9750
50773	2026-07-15	wc-completed	C&G Tuning Forks - Weighted	C&G Tuning Forks		1.0000	4351.0000	48318	48319
50774	2026-07-16	wc-completed	7 Chakras Vintage - Copper Bottle	7 Chakras Vintage - Copper Bottle		1.0000	1280.9524	5682	43492
50775	2026-07-16	wc-completed	Tuning Fork Activators - Activator	Tuning Fork Activators		1.0000	127.1186	48133	48181
50776	2026-07-16	wc-completed	11 Note Tongue Drum - Blue, 12 inches	11 Note Tongue Drum		1.0000	6658.0357	42373	42415
50778	2026-07-16	wc-completed	Bamboo Rainstick	Bamboo Rainstick	MI-RS-N	1.0000	3285.7143	49779	0
50779	2026-07-16	wc-completed	Swinging Chimes - 9 Bars	Swinging Chimes	MI-SC-9	1.0000	6619.0476	10345	10347
50780	2026-07-16	wc-completed	Elemental Chimes	Elemental Chimes	MI-Ch-KS	1.0000	3482.8571	45194	0
50780	2026-07-16	wc-completed	Eye Shaped Natural Lavender Scented Eye Pillows - Grey	Eye Shaped Natural Lavender Scented Eye Pillows	Yo-P-E-GY-1	1.0000	317.7966	9220	9222
50780	2026-07-16	wc-completed	Eye Shaped Natural Lavender Scented Eye Pillows - Sage	Eye Shaped Natural Lavender Scented Eye Pillows	Yo-P-E-SE-1	1.0000	317.7966	9220	9225
50780	2026-07-16	wc-completed	Eye Shaped Natural Lavender Scented Eye Pillows - Dark Grey	Eye Shaped Natural Lavender Scented Eye Pillows	Yo-P-E-DG-1	1.0000	317.7966	9220	9224
50780	2026-07-16	wc-completed	Eye Shaped Natural Lavender Scented Eye Pillows - Navy Blue	Eye Shaped Natural Lavender Scented Eye Pillows	Yo-P-E-NB-1	1.0000	317.7966	9220	9223
50782	2026-07-16	wc-completed	Tuning Fork - Single Weighted & Unweighted - Weighted, 528 Hz	Tuning Fork - Single Weighted & Unweighted		1.0000	1686.4407	9713	9719
50783	2026-07-17	wc-completed	Pangi Seed Shell Rattle	Pangi Seed Shell Rattle	MI-PS	1.0000	2333.3333	7356	0
50785	2026-07-17	wc-completed	Bendo Shaker - Large	Bendo Shaker		1.0000	1488.9831	47742	47923
50786	2026-07-17	wc-completed	Swinging Chimes - 9 Bars	Swinging Chimes	MI-SC-9	1.0000	6287.6190	10345	10347
50787	2026-07-17	wc-completed	Bamboo Rainstick	Bamboo Rainstick	MI-RS-N	1.0000	3120.9524	49779	0
50787	2026-07-17	wc-completed	Kenari Seed Shell Shakers - Large	Kenari Seed Shell Shakers	MI-KR-S-L	1.0000	2125.7143	7472	7511
50787	2026-07-17	wc-completed	Elemental Chimes	Elemental Chimes	MI-Ch-KS	1.0000	3482.8571	45194	0
50788	2026-07-17	wc-completed	Bird Flute - Brown, Pair	Bird Flute		1.0000	428.5714	45754	45872
50790	2026-07-17	wc-completed	Kenari Seed Shell Shakers - Large	Kenari Seed Shell Shakers	MI-KR-S-L	1.0000	2238.0952	7472	7511
50790	2026-07-17	wc-completed	Bamboo Rainstick	Bamboo Rainstick	MI-RS-N	1.0000	3285.7143	49779	0
50791	2026-07-17	wc-completed	Wooden Mallets for Singing Bowls - Standard Wide, Red	Wooden Mallets for Singing Bowls	MI-SB-M-R-Wd-4.5	1.0000	242.8571	6978	43381
50792	2026-07-17	wc-completed	Wooden Mallets for Singing Bowls - Straight, Red	Wooden Mallets for Singing Bowls	MI-SB-M-R-S	1.0000	190.4762	6978	43369
50796	2026-07-18	wc-completed	Bamboo Rainstick	Bamboo Rainstick	MI-RS-N	1.0000	3120.9524	49779	0
50796	2026-07-18	wc-completed	Kenari Seed Shell Shakers - Large	Kenari Seed Shell Shakers	MI-KR-S-L	1.0000	2125.7143	7472	7511
50796	2026-07-18	wc-completed	Tuning Fork - Single Weighted & Unweighted - Weighted, 68.05 Hz	Tuning Fork - Single Weighted & Unweighted		1.0000	1843.2203	9713	46947
50798	2026-07-18	wc-completed	Singing Bowl Bags - Standard	Singing Bowl Bags	MI-SB-Bag-M	1.0000	1601.6949	45127	45139
50799	2026-07-18	wc-completed	Plain/Wind Tibetan Gong - 14 in	Plain/Wind Tibetan Gong	MI-G-P-14	1.0000	10748.5714	8833	8847
50801	2026-07-19	wc-completed	Etched Plain/Wind Gong - Mandala, 26 in	Etched Wind Gong	MI-G-ET-M-26	1.0000	36142.8571	8846	10267
50805	2026-07-19	wc-completed	Triad Crystal Bowl Set - CEG	Triad Crystal Bowl Set		1.0000	30152.5424	45668	47894
50809	2026-07-19	wc-completed	Singing Bowls with Sacred Mantra Printed - Red, 3.5 Inches	Singing Bowls with Sacred Mantra Printed	MI-SB-P-R-3.5	1.0000	1171.4286	6807	7953
50809	2026-07-19	wc-completed	Singing Bowls with Sacred Mantra Printed - Gold, 4 Inches	Singing Bowls with Sacred Mantra Printed	MI-SB-P-W-4	1.0000	1398.0952	6807	7289
50809	2026-07-19	wc-completed	Singing Bowls with Sacred Mantra Printed - Black, 5.5 Inches	Singing Bowls with Sacred Mantra Printed	MI-SB-P-BK-5.5	1.0000	1804.7619	6807	7288
50810	2026-07-19	wc-completed	Eye Shaped Natural Lavender Scented Eye Pillows - Grey	Eye Shaped Natural Lavender Scented Eye Pillows	Yo-P-E-GY-1	2.0000	635.5932	9220	9222
50811	2026-07-19	wc-completed	Hanging Bowls/Zen Drops - Set of 3	Hanging Bowls/Zen Drops		1.0000	8523.8095	45113	45118
50815	2026-07-19	wc-completed	Wooden Mallets for Singing Bowls - Straight, Black	Wooden Mallets for Singing Bowls	MI-SB-M-B-S	1.0000	190.4762	6978	43382
50818	2026-07-20	wc-completed	Pulse Tubes - Small	Pulse Tubes		1.0000	1650.0000	48512	48762
50819	2026-07-20	wc-completed	Pangi Seed Shell Rattle	Pangi Seed Shell Rattle	MI-PS	1.0000	2216.1905	7356	0
50820	2026-07-20	wc-completed	Shamanic Drum - Butterfly, 30 cms	Shamanic Drum	MI-SD-B-30	1.0000	3984.7458	7293	9591
50821	2026-07-20	wc-completed	Bamboo Rainstick	Bamboo Rainstick	MI-RS-N	1.0000	3285.7143	49779	0
50822	2026-07-20	wc-completed	Kenari Seed Shell Shakers - Large	Kenari Seed Shell Shakers	MI-KR-S-L	1.0000	2125.7143	7472	7511
50822	2026-07-20	wc-completed	Kenari Bracelet	Kenari Bracelet	MI-KR-BT	1.0000	1220.9524	42323	0
50822	2026-07-20	wc-completed	Bamboo Rainstick	Bamboo Rainstick	MI-RS-N	1.0000	3120.9524	49779	0
50822	2026-07-20	wc-completed	Elemental Chimes	Elemental Chimes	MI-Ch-KS	1.0000	3482.8571	45194	0
50822	2026-07-20	wc-completed	Coconut Maracas Shakers - Plain	Coconut Maracas Shakers	MI-CM	1.0000	895.2381	7370	45394
50822	2026-07-20	wc-completed	Conscious Cards	Conscious Cards		1.0000	1424.0000	45533	0
50822	2026-07-20	wc-completed	Crystal Bowls - 9 in	Crystal Bowls	MI-CB-W-9	1.0000	9217.7966	9777	9781
50822	2026-07-20	wc-completed	Crystal Bowl Bag - Medium	Crystal Bowl Bag		1.0000	1567.0000	47081	47083
50822	2026-07-20	wc-completed	Crystal Bowl Bag - Large	Crystal Bowl Bag		1.0000	1757.0000	47081	47084
50827	2026-07-21	wc-completed	Singing Bowl Bags - Standard	Singing Bowl Bags	MI-SB-Bag-M	1.0000	1686.4407	45127	45139
50828	2026-07-21	wc-completed	Shamanic Drum - Tree of Life, 40 cms	Shamanic Drum	MI-SD-B	1.0000	4703.3898	7293	48064
50836	2026-07-21	wc-completed	Kenari Seed Shell Shakers - Large	Kenari Seed Shell Shakers	MI-KR-S-L	1.0000	2125.7143	7472	7511
50836	2026-07-21	wc-completed	Elemental Chimes	Elemental Chimes	MI-Ch-KS	1.0000	3482.8571	45194	0
50836	2026-07-21	wc-completed	Pangi Seed Shell Rattle	Pangi Seed Shell Rattle	MI-PS	1.0000	2216.1905	7356	0
50836	2026-07-21	wc-completed	Teak Wood - Stainless Steel Xylophone - 8 Keys	Teak Wood - Stainless Steel Xylophone	MI-XP-W-8	1.0000	3350.0000	7443	8774
50836	2026-07-21	wc-completed	Hanging Bowls/Zen Drops - Set of 3	Hanging Bowls/Zen Drops		1.0000	8097.1429	45113	45118
50836	2026-07-21	wc-completed	Crystal Pyramid - 6 in	Crystal Pyramid		1.0000	7205.0847	45654	48694
50837	2026-07-21	wc-completed	Crescent Zafu Cushion - Compact - Dark Grey	Crescent Zafu Cushion - Compact		1.0000	873.7288	47508	47522
50841	2026-07-21	wc-completed	Pangi Seed Shell Rattle	Pangi Seed Shell Rattle	MI-PS	1.0000	2333.3333	7356	0
50841	2026-07-21	wc-completed	Elemental Chimes	Elemental Chimes	MI-Ch-KS	1.0000	3666.6667	45194	0
50841	2026-07-21	wc-completed	Hanging Bowls/Zen Drops - Set of 3	Hanging Bowls/Zen Drops		1.0000	8523.8095	45113	45118
50841	2026-07-21	wc-completed	Tuning Fork - Single Weighted & Unweighted - Weighted, 136.10 Hz	Tuning Fork - Single Weighted & Unweighted		1.0000	1940.6780	9713	9716
50841	2026-07-21	wc-completed	Tuning Fork - Single Weighted & Unweighted - Weighted, 256 Hz	Tuning Fork - Single Weighted & Unweighted	MI-TF-W-256	1.0000	1686.4407	9713	9717
50841	2026-07-21	wc-completed	Tuning Fork - Single Weighted & Unweighted - Weighted, 528 Hz	Tuning Fork - Single Weighted & Unweighted		1.0000	1686.4407	9713	9719
50842	2026-07-21	wc-completed	Pangi Seed Shell Rattle	Pangi Seed Shell Rattle	MI-PS	1.0000	2216.1905	7356	0
50846	2026-07-22	wc-completed	Bendo Shaker - Small	Bendo Shaker		1.0000	1086.4407	47742	47922
50847	2026-07-22	wc-completed	Swinging Chimes - 6 Bars	Swinging Chimes	MI-SC-6	1.0000	5666.6667	10345	10346
50848	2026-07-22	wc-completed	Wooden Mallets for Singing Bowls - Straight, Red	Wooden Mallets for Singing Bowls	MI-SB-M-R-S	1.0000	190.4762	6978	43369
50850	2026-07-22	wc-completed	Bamboo Rainstick	Bamboo Rainstick	MI-RS-N	1.0000	3285.7143	49779	0
50855	2026-07-22	wc-completed	Wooden Guiro	Wooden Guiro		1.0000	1005.9322	50572	0
50855	2026-07-22	wc-completed	Mini Coconut Shakers - 3 Types - All 3	Mini Coconut Shakers - 3 Types	CO-MI-CS-SRE	1.0000	1352.3810	6062	10128
50855	2026-07-22	wc-completed	Bendo Shaker - Small	Bendo Shaker		1.0000	1086.4407	47742	47922
50859	2026-07-22	wc-completed	Shamanic Drum Bags/Ocean Drum Bags - Small	Shamanic Drum Bags/Ocean Drum Bags		1.0000	796.6102	45131	45133
50860	2026-07-22	wc-completed	Triad Crystal Bowl Set - CEG	Triad Crystal Bowl Set		1.0000	30152.5424	45668	47894
50860	2026-07-22	wc-completed	Bendo Shaker - Large	Bendo Shaker		1.0000	1567.7966	47742	47923
50861	2026-07-22	wc-completed	Bird Flute - Brown, Single	Bird Flute		1.0000	261.9048	45754	45871
50863	2026-07-23	wc-completed	Singing Bowls Silk Ring Cushion Accessories - 10 cms, Brown	Singing Bowls Silk Ring Cushion Accessories	MI-SB-C-Bn-10	3.0000	700.0000	6988	7770
50863	2026-07-23	wc-completed	Singing Bowls Silk Ring Cushion Accessories - 12 cms, Brown	Singing Bowls Silk Ring Cushion Accessories	MI-SB-C-Bn-12	4.0000	1047.6190	6988	7777
50863	2026-07-23	wc-completed	Bird Flute - Brown, Single	Bird Flute		1.0000	261.9048	45754	45871
50864	2026-07-23	wc-completed	Coconut Maracas Shakers - Plain	Coconut Maracas Shakers	MI-CM	1.0000	942.8571	7370	45394
50869	2026-07-23	wc-completed	Swinging Chimes - 9 Bars	Swinging Chimes	MI-SC-9	1.0000	6287.6190	10345	10347
50873	2026-07-23	wc-completed	Shamanic Drum Bags/Ocean Drum Bags - Large	Shamanic Drum Bags/Ocean Drum Bags		1.0000	1093.2203	45131	45134
50874	2026-07-23	wc-completed	Bamboo Rainstick	Bamboo Rainstick	MI-RS-N	1.0000	3285.7143	49779	0
50874	2026-07-23	wc-completed	Kenari Seed Shell Shakers - Large	Kenari Seed Shell Shakers	MI-KR-S-L	1.0000	2238.0952	7472	7511
50878	2026-07-23	wc-completed	Bamboo Rainstick	Bamboo Rainstick	MI-RS-N	1.0000	3285.7143	49779	0
50878	2026-07-23	wc-completed	Bendo Shaker - Large	Bendo Shaker		1.0000	1567.7966	47742	47923
50878	2026-07-23	wc-completed	Elemental Chimes	Elemental Chimes	MI-Ch-KS	1.0000	3666.6667	45194	0
50879	2026-07-23	wc-completed	"Wooden Mallets for Singing Bowls - Long Soft-9"", White"	Wooden Mallets for Singing Bowls	MI-SB-M-L-W-9	1.0000	614.2857	6978	43372
50884	2026-07-24	wc-completed	Copper Bottle Gift Set - 7 Chakra - Vintage	Copper Bottle Gift Set - 7 Chakra		1.0000	1666.6667	6638	48680
50892	2026-07-24	wc-completed	Tingsha Bell - Etched, Small	Tingsha Bell		1.0000	1571.4286	5763	44936
50896	2026-07-24	wc-completed	Gong Bags - Large	Gong Bags		1.0000	1991.5254	45152	45154
50908	2026-07-25	wc-completed	Tuning Fork Extensions - Extender	Tuning Fork Extensions		1.0000	381.3559	48135	48162
50908	2026-07-25	wc-completed	Tuning Fork Extensions - Circuit Boot	Tuning Fork Extensions		1.0000	584.7458	48135	48163
50908	2026-07-25	wc-completed	Tuning Fork - Single Weighted & Unweighted - Weighted, 136.10 Hz	Tuning Fork - Single Weighted & Unweighted		1.0000	1940.6780	9713	9716
50909	2026-07-25	wc-completed	Bird Flute - Brown, Single	Bird Flute		2.0000	523.8095	45754	45871
50910	2026-07-25	wc-completed	Bamboo Rainstick	Bamboo Rainstick	MI-RS-N	1.0000	3285.7143	49779	0
50912	2026-07-25	wc-processing	Bamboo Rainstick	Bamboo Rainstick	MI-RS-N	1.0000	3120.9524	49779	0
50912	2026-07-25	wc-processing	Tingsha Bell - Etched, Standard	Tingsha Bell		1.0000	1623.8095	5763	44937
50912	2026-07-25	wc-processing	Tibetan Buddhist Bell - Extra Large	Tibetan Buddhist Bell		1.0000	3220.9524	6973	47410
50912	2026-07-25	wc-processing	Coconut Maracas Shakers - Plain	Coconut Maracas Shakers	MI-CM	1.0000	895.2381	7370	45394
50912	2026-07-25	wc-processing	Bendo Shaker - Large	Bendo Shaker		1.0000	1488.9831	47742	47923
50912	2026-07-25	wc-processing	Kenari Seed Shell Shakers - Large	Kenari Seed Shell Shakers	MI-KR-S-L	1.0000	2125.7143	7472	7511
50912	2026-07-25	wc-processing	Shamanic Drum - Butterfly, 45 cms	Shamanic Drum	MI-SD-B-45	1.0000	5031.3559	7293	9593
50912	2026-07-25	wc-processing	Shamanic Drum Bags/Ocean Drum Bags - Large	Shamanic Drum Bags/Ocean Drum Bags		2.0000	2077.1186	45131	45134
50912	2026-07-25	wc-processing	Handcrafted Set of 7 Bowls for Sound Therapy - Standard-Octave 3, Matte	Handcrafted Set of 7 Bowls for Sound Therapy	MI-SB-7C Set-S-M	1.0000	58357.1429	7887	9193
50914	2026-07-25	wc-completed	Tuning Forks Gem Feet - Full Set	Tuning Forks Gem Feet		1.0000	1166.9492	48136	48179
50918	2026-07-25	wc-completed	Bamboo Rainstick	Bamboo Rainstick	MI-RS-N	1.0000	3120.9524	49779	0
50919	2026-07-25	wc-completed	Teak Wood - Stainless Steel Xylophone - 8 Keys	Teak Wood - Stainless Steel Xylophone	MI-XP-W-8	1.0000	3350.0000	7443	8774
50926	2026-07-26	wc-completed	Singing Bowls Silk Ring Cushion Accessories - Combo of 3	Singing Bowls Silk Ring Cushion Accessories		1.0000	719.0476	6988	46266
50926	2026-07-26	wc-completed	Bird Flute - Brown, Single	Bird Flute		1.0000	248.5714	45754	45871
50926	2026-07-26	wc-completed	Singing Bowls Silk Ring Cushion Accessories - 10 cms, Green	Singing Bowls Silk Ring Cushion Accessories	MI-SB-C-G-10	1.0000	221.9048	6988	7765
50931	2026-07-26	wc-completed	Tuning Fork - Single Weighted & Unweighted - Weighted, 128 Hz	Tuning Fork - Single Weighted & Unweighted	MI-TF-W-128	1.0000	1940.6780	9713	9715
50931	2026-07-26	wc-completed	Handmade Singing Bowls - All Sizes - 5 in, Matte	Handmade Singing Bowls - All Sizes	Mi-SB-H-P-5	1.0000	5666.6667	6884	9694
50932	2026-07-26	wc-completed	Sleigh Bells Wooden Jingle Stick	Sleigh Bells Wooden Jingle Stick		1.0000	1228.8136	50608	0
50933	2026-07-26	wc-completed	Swinging Chimes - 9 Bars	Swinging Chimes	MI-SC-9	1.0000	6619.0476	10345	10347
50938	2026-07-27	wc-completed	Eye Shaped Natural Lavender Scented Eye Pillows - Rose	Eye Shaped Natural Lavender Scented Eye Pillows	Yo-P-E-RE-1	6.0000	2008.4746	9220	9221
50943	2026-07-27	wc-completed	Bird Flute - Brown, Pair	Bird Flute		1.0000	406.6667	45754	45872
50944	2026-07-27	wc-completed	Handmade Singing Bowls - All Sizes - 9 in, Matte	Handmade Singing Bowls - All Sizes	Mi-SB-H-M-9	1.0000	8904.7619	6884	9703
50944	2026-07-27	wc-completed	Singing Bowls Silk Ring Cushion Accessories - 10 cms, Red	Singing Bowls Silk Ring Cushion Accessories	MI-SB-C-R-10	1.0000	233.3333	6988	7771
50944	2026-07-27	wc-completed	"Wooden Mallets for Singing Bowls - Long Soft-11"", Red"	Wooden Mallets for Singing Bowls	MI-SB-M-L-R-11	1.0000	614.2857	6978	43375
50944	2026-07-27	wc-completed	"Wooden Mallets for Singing Bowls - Long Soft-11"", White"	Wooden Mallets for Singing Bowls	MI-SB-M-L-W-11	1.0000	661.9048	6978	43371
50952	2026-07-27	wc-completed	Pangi Seed Shell Rattle	Pangi Seed Shell Rattle	MI-PS	1.0000	2216.1905	7356	0
50952	2026-07-27	wc-completed	Bamboo Rainstick	Bamboo Rainstick	MI-RS-N	1.0000	3120.9524	49779	0
50953	2026-07-28	wc-completed	Natural Lavender Scented Eye Pillows - Sage	Natural Lavender Scented Eye Pillows	Yo-P-E-SE	2.0000	669.4915	6519	6529
50954	2026-07-28	wc-completed	Bamboo Rainstick	Bamboo Rainstick	MI-RS-N	1.0000	3285.7143	49779	0
50955	2026-07-28	wc-completed	Tuning Fork Activators - Activator & Mallet	Tuning Fork Activators		1.0000	211.8644	48133	48183
50956	2026-07-28	wc-completed	Rectangular Yoga Bolster - Rose	Rectangular Yoga Bolster	Yo-BR-RE-RE	1.0000	1228.8136	9675	9680
50957	2026-07-28	wc-completed	Swinging Chimes - 9 Bars	Swinging Chimes	MI-SC-9	1.0000	6287.6190	10345	10347
50958	2026-07-28	wc-completed	Shamanic Drum Bags/Ocean Drum Bags - Large	Shamanic Drum Bags/Ocean Drum Bags		1.0000	1093.2203	45131	45134
50959	2026-07-28	wc-completed	Mini Coconut Shakers - 3 Types - All 3	Mini Coconut Shakers - 3 Types	CO-MI-CS-SRE	1.0000	1352.3810	6062	10128
50959	2026-07-28	wc-completed	Bird Flute - Brown, Pair	Bird Flute		1.0000	406.6667	45754	45872
50959	2026-07-28	wc-completed	Asalato/Aslatau or Kashaka Shaker - Plain, Pair	Asalato/Aslatau or Kashaka Shaker	MI-AS	1.0000	2216.1905	7300	46378
50959	2026-07-28	wc-completed	Teak Wood - Stainless Steel Xylophone - 8 Keys	Teak Wood - Stainless Steel Xylophone	MI-XP-W-8	1.0000	3350.0000	7443	8774
50960	2026-07-28	wc-completed	Bird Flute - Brown, Single	Bird Flute		2.0000	523.8095	45754	45871
50961	2026-07-28	wc-processing	Tibetan Buddhist Bell - Extra Large	Tibetan Buddhist Bell		1.0000	3136.1905	6973	47410
50962	2026-07-28	wc-completed	Jala Neti Pot - Ceramic 185 ml - White	Jala Neti Pot - Ceramic 185 ml	NP-W-185	1.0000	207.6271	5769	5826
50963	2026-07-29	wc-completed	Asalato/Aslatau or Kashaka Shaker - Plain, Pair	Asalato/Aslatau or Kashaka Shaker	MI-AS	1.0000	2216.1905	7300	46378
50965	2026-07-29	wc-completed	Eye Shaped Natural Lavender Scented Eye Pillows - Sage	Eye Shaped Natural Lavender Scented Eye Pillows	Yo-P-E-SE-1	1.0000	334.7458	9220	9225
50966	2026-07-29	wc-completed	Bird Flute - Brown, Single	Bird Flute		1.0000	261.9048	45754	45871
50967	2026-07-29	wc-completed	Shamanic Drum Bags/Ocean Drum Bags - Small	Shamanic Drum Bags/Ocean Drum Bags		1.0000	796.6102	45131	45133
50967	2026-07-29	wc-completed	Shamanic Drum - Butterfly, 30 cms	Shamanic Drum	MI-SD-B-30	1.0000	3984.7458	7293	9591
50968	2026-07-29	wc-completed	Bendo Shaker - Small	Bendo Shaker		2.0000	2288.1356	47742	47922
50985	2026-07-29	wc-completed	Bamboo Rainstick	Bamboo Rainstick	MI-RS-N	1.0000	3120.9524	49779	0
50986	2026-07-29	wc-completed	Tuning Fork - Single Weighted & Unweighted - Weighted, 128 Hz	Tuning Fork - Single Weighted & Unweighted	MI-TF-W-128	1.0000	1940.6780	9713	9715
50988	2026-07-30	wc-completed	Pangi Seed Shell Rattle	Pangi Seed Shell Rattle	MI-PS	1.0000	2333.3333	7356	0
50989	2026-07-30	wc-completed	Zafu & Zabuton Meditation Cushion Combo - Lotus Embroidery - Lavender	Zafu & Zabuton Meditation Cushion Combo - Lotus Embroidery	Co-Me-C-Z-Zn-LR-E-L	1.0000	2538.1356	9312	9313
50990	2026-07-30	wc-completed	Round Yoga Bolster - Maroon	Round Yoga Bolster	Yo-BR-R-M	1.0000	1313.5593	6689	9762
50991	2026-07-30	wc-completed	Crescent Zafu Cushion - Compact - Misty Blue	Crescent Zafu Cushion - Compact		1.0000	873.7288	47508	47523
50993	2026-07-30	wc-completed	Wooden Guiro	Wooden Guiro		1.0000	1005.9322	50572	0
50993	2026-07-30	wc-completed	Bird Flute - Brown, Single	Bird Flute		1.0000	248.5714	45754	45871
50996	2026-07-30	wc-completed	Bamboo Rainstick	Bamboo Rainstick	MI-RS-N	1.0000	3120.9524	49779	0
51030	2026-07-31	wc-completed	Bamboo Rainstick	Bamboo Rainstick	MI-RS-N	1.0000	3120.9524	49779	0
51031	2026-07-31	wc-completed	Tibetan Buddhist Bell - Small	Tibetan Buddhist Bell	MI-BB-2	1.0000	1285.7143	6973	9198
51039	2026-07-31	wc-completed	Singing Bowls Silk Ring Cushion Accessories - Combo of 5	Singing Bowls Silk Ring Cushion Accessories		1.0000	1488.5714	6988	46267
51039	2026-07-31	wc-completed	Bamboo Rainstick	Bamboo Rainstick	MI-RS-N	1.0000	3120.9524	49779	0
51070	2026-07-31	wc-completed	Tuning Forks 7 Chakra Set - Colour Weighted, With Gem Foot	Tuning Forks 7 Chakra Set		1.0000	9533.8983	48193	48198
51071	2026-07-31	wc-completed	Bird Flute - Brown, Single	Bird Flute		1.0000	248.5714	45754	45871
51074	2026-08-01	wc-completed	Wooden Hand Taal Khartal - Large	Wooden Hand Khartal/Jingles		1.0000	2450.0000	50964	50971
51074	2026-08-01	wc-completed	Hanging Bowls/Zen Drops - Set of 3	Hanging Bowls/Zen Drops		1.0000	8523.8095	45113	45118
51074	2026-08-01	wc-completed	Singing Bowls Silk Ring Cushion Accessories - 18 cms, Blue	Singing Bowls Silk Ring Cushion Accessories	MI-SB-C-B-18	1.0000	328.5714	6988	7794
51074	2026-08-01	wc-completed	Singing Bowls Silk Ring Cushion Accessories - 18 cms, Orange	Singing Bowls Silk Ring Cushion Accessories	MI-SB-C-O-18	1.0000	328.5714	6988	7796
51074	2026-08-01	wc-completed	Singing Bowls Silk Ring Cushion Accessories - 18 cms, Yellow	Singing Bowls Silk Ring Cushion Accessories	MI-SB-C-Y-18	1.0000	366.6667	6988	44190
51074	2026-08-01	wc-completed	Bamboo Rainstick	Bamboo Rainstick	MI-RS-N	1.0000	3285.7143	49779	0
51074	2026-08-01	wc-completed	Swinging Chimes - 6 Bars	Swinging Chimes	MI-SC-6	1.0000	5666.6667	10345	10346
51074	2026-08-01	wc-completed	Tuning Forks Gem Feet - Full Set	Tuning Forks Gem Feet		1.0000	1228.8136	48136	48179
51074	2026-08-01	wc-completed	Tuning Fork Activators - Activator	Tuning Fork Activators		3.0000	381.3559	48133	48181
51074	2026-08-01	wc-completed	Tuning Fork Extensions - Massage Boot	Tuning Fork Extensions		1.0000	500.0000	48135	48164
51074	2026-08-01	wc-completed	Wooden Stand for Tuning Forks - Seven	Wooden Stand for Tuning Forks		1.0000	720.3390	48229	48232
51074	2026-08-01	wc-completed	Tuning Fork - Single Weighted & Unweighted - Weighted, 64 Hz	Tuning Fork - Single Weighted & Unweighted		1.0000	1940.6780	9713	47093
51074	2026-08-01	wc-completed	Tuning Fork - Single Weighted & Unweighted - Weighted, 93.96 Hz	Tuning Fork - Single Weighted & Unweighted		1.0000	1940.6780	9713	48274
51074	2026-08-01	wc-completed	Tuning Fork - Single Weighted & Unweighted - Weighted, 256 Hz	Tuning Fork - Single Weighted & Unweighted	MI-TF-W-256	1.0000	1686.4407	9713	9717
51074	2026-08-01	wc-completed	Tuning Fork - Single Weighted & Unweighted - Weighted, 136.10 Hz	Tuning Fork - Single Weighted & Unweighted		1.0000	1940.6780	9713	9716
51074	2026-08-01	wc-completed	Tuning Fork - Single Weighted & Unweighted - Weighted, 432 Hz	Tuning Fork - Single Weighted & Unweighted	MI-TF-W-432	1.0000	1686.4407	9713	9718
51074	2026-08-01	wc-completed	Bird Flute - Brown, Pair	Bird Flute		2.0000	857.1429	45754	45872
51074	2026-08-01	wc-completed	"Wooden Mallets for Singing Bowls - Long Soft-13"", Red"	Wooden Mallets for Singing Bowls	MI-SB-M-L-R-13	1.0000	809.5238	6978	43374
51074	2026-08-01	wc-completed	C&G Tuning Forks - Unweighted	C&G Tuning Forks		1.0000	3380.0000	48318	48320
51074	2026-08-01	wc-completed	Tuning Fork - Single Weighted & Unweighted - Weighted, 128 Hz	Tuning Fork - Single Weighted & Unweighted	MI-TF-W-128	1.0000	1940.6780	9713	9715
51075	2026-08-01	wc-completed	Bamboo Rainstick	Bamboo Rainstick	MI-RS-N	1.0000	3285.7143	49779	0
51076	2026-08-01	wc-completed	Bamboo Rainstick	Bamboo Rainstick	MI-RS-N	1.0000	3120.9524	49779	0
51077	2026-08-01	wc-completed	Jala Neti Pot - Ceramic 185 ml - Mint Green	Jala Neti Pot - Ceramic 185 ml	NP-MG-185	1.0000	197.4576	5769	6336
51078	2026-08-01	wc-processing	Etched Wind Gong - Flower of Life, 28 in	Etched Wind Gong		1.0000	38859.0476	8846	10276
51078	2026-08-01	wc-processing	Swinging Chimes - 9 Bars	Swinging Chimes	MI-SC-9	1.0000	6287.6190	10345	10347
51079	2026-08-01	wc-completed	Jala Neti Pot - Ceramic 185 ml - White	Jala Neti Pot - Ceramic 185 ml	NP-W-185	1.0000	207.6271	5769	5826
51080	2026-08-01	wc-completed	Tuning Fork - Single Weighted & Unweighted - Unweighted, 136.10 Hz	Tuning Fork - Single Weighted & Unweighted		1.0000	1360.1695	9713	9747
51082	2026-08-01	wc-completed	Shruthi Thali/Gong Plates - Full Set	Shruthi Thali/Gong Plates		1.0000	71904.7619	45485	45493
51083	2026-08-02	wc-completed	Tuning Fork Extensions - Massage Boot	Tuning Fork Extensions		1.0000	500.0000	48135	48164
51085	2026-08-02	wc-completed	Round Yoga Bolster - Rose	Round Yoga Bolster	Yo-BR-R-RE	1.0000	1247.4576	6689	6694
51087	2026-08-02	wc-completed	25 Rods - Bar Chime	25 Rods - Bar Chime	MI-BCH-32	1.0000	4194.9153	42389	0
51087	2026-08-02	wc-completed	Elemental Chimes	Elemental Chimes	MI-Ch-KS	1.0000	3666.6667	45194	0
51106	2026-08-03	wc-completed	Bamboo Rainstick	Bamboo Rainstick	MI-RS-N	1.0000	3285.7143	49779	0
51106	2026-08-03	wc-completed	Singing Bowls Silk Ring Cushion Accessories - Combo of 5	Singing Bowls Silk Ring Cushion Accessories		1.0000	1566.6667	6988	46267
51107	2026-08-04	wc-completed	Kenari Seed Shell Shakers - Large	Kenari Seed Shell Shakers	MI-KR-S-L	1.0000	2125.7143	7472	7511
51107	2026-08-04	wc-completed	Shruthi Thali/Gong Plates - F Plate	Shruthi Thali/Gong Plates		1.0000	9544.7619	45485	45489
51107	2026-08-04	wc-completed	Singing Bowls Silk Ring Cushion Accessories - Combo of 7	Singing Bowls Silk Ring Cushion Accessories		1.0000	2031.4286	6988	46268
51107	2026-08-04	wc-completed	Bamboo Rainstick	Bamboo Rainstick	MI-RS-N	1.0000	3120.9524	49779	0
51108	2026-08-04	wc-completed	Singing Bowls Silk Ring Cushion Accessories - 12 cms, Red	Singing Bowls Silk Ring Cushion Accessories	MI-SB-C-R-12	10.0000	2619.0476	6988	7778
51156	2026-08-04	wc-completed	Full Moon Singing Bowls - All Sizes - 7 Inches	Full Moon Singing Bowls - All Sizes	MI-SB-H-FM-7	1.0000	8523.8095	7607	7610
51157	2026-08-04	wc-completed	Eye Shaped Natural Lavender Scented Eye Pillows - Rose	Eye Shaped Natural Lavender Scented Eye Pillows	Yo-P-E-RE-1	2.0000	669.4915	9220	9221
51157	2026-08-04	wc-completed	Yoga Blanket made from Organic Cotton - Magenta	Yoga Blanket made from Organic Cotton	Yo-BT-C-MG	2.0000	2657.1429	6668	6686
51157	2026-08-04	wc-completed	Shamanic Drum Bags/Ocean Drum Bags - Large	Shamanic Drum Bags/Ocean Drum Bags		1.0000	1093.2203	45131	45134
51158	2026-08-04	wc-completed	Copper Bottle Gift Set - 7 Chakra - Vintage	Copper Bottle Gift Set - 7 Chakra		1.0000	1582.8571	6638	48680
51159	2026-08-04	wc-completed	Rectangular Yoga Bolster - Rose	Rectangular Yoga Bolster	Yo-BR-RE-RE	1.0000	1228.8136	9675	9680
51160	2026-08-04	wc-completed	11 Note Tongue Drum - Blue, 12 inches	11 Note Tongue Drum		1.0000	7008.9286	42373	42415
51160	2026-08-04	wc-completed	Clay Ocarinas - Big	Clay Ocarinas		1.0000	3450.0000	50995	50998
51161	2026-08-05	wc-completed	Gong Stand - Dark, Large	Gong Stand		1.0000	7166.9643	45289	45299
51162	2026-08-05	wc-completed	"Wooden Mallets for Singing Bowls - Long Soft-11"", Red"	Wooden Mallets for Singing Bowls	MI-SB-M-L-R-11	1.0000	583.8095	6978	43375
51162	2026-08-05	wc-completed	"Wooden Mallets for Singing Bowls - Long Soft-13"", Red"	Wooden Mallets for Singing Bowls	MI-SB-M-L-R-13	1.0000	768.5714	6978	43374
51162	2026-08-05	wc-completed	Pangi Seed Shell Rattle	Pangi Seed Shell Rattle	MI-PS	1.0000	2216.1905	7356	0
51162	2026-08-05	wc-completed	Singing Bowls Silk Ring Cushion Accessories - 10 cms, Navy Blue	Singing Bowls Silk Ring Cushion Accessories	MI-SB-C-NB-10	1.0000	221.9048	6988	7767
51163	2026-08-05	wc-completed	Coconut Maracas Shakers - Painted	Coconut Maracas Shakers	MI-CM	1.0000	1128.5714	7370	45395
51175	2026-08-05	wc-processing	DNA Tuning Fork - Cosmic OM Resonance	DNA Tuning Fork		1.0000	30250.0000	49817	49865
51175	2026-08-05	wc-processing	Swinging Chimes - 6 Bars	Swinging Chimes	MI-SC-6	1.0000	5666.6667	10345	10346
51176	2026-08-05	wc-completed	Wooden Hand Khartal/Jingles - Small	Wooden Hand Khartal/Jingles		1.0000	427.0000	50964	50969
51176	2026-08-05	wc-completed	Bird Flute - Brown, Single	Bird Flute		1.0000	248.5714	45754	45871
51176	2026-08-05	wc-completed	Musical Wooden Frog	Musical Wooden Frog	MI-WF	1.0000	1130.4762	7456	0
51177	2026-08-05	wc-completed	Tuning Forks 7 Chakra Set - Weighted, With Gem Foot	Tuning Forks 7 Chakra Set		1.0000	8686.4407	48193	48194
51177	2026-08-05	wc-completed	Pangi Seed Shell Rattle	Pangi Seed Shell Rattle	MI-PS	1.0000	2333.3333	7356	0
51177	2026-08-05	wc-completed	8 Key Kalimba	8 Key Kalimba		1.0000	1950.0000	51149	0
51177	2026-08-05	wc-completed	Bird Flute - Brown, Single	Bird Flute		1.0000	261.9048	45754	45871
51179	2026-08-05	wc-completed	Copper Bottle Gift Set - 7 Chakra - Vintage	Copper Bottle Gift Set - 7 Chakra		1.0000	1666.6667	6638	48680
51180	2026-08-06	wc-completed	Sleigh Bells Wooden Jingle Stick	Sleigh Bells Wooden Jingle Stick		1.0000	1228.8136	50608	0
51181	2026-08-06	wc-completed	Bird Flute - Brown, Single	Bird Flute		1.0000	261.9048	45754	45871
51182	2026-08-06	wc-completed	Crystal Bowls - Set of 7	Crystal Bowls - Set of 7		1.0000	65614.4068	43219	43231
51183	2026-08-06	wc-completed	Round Yoga Bolster - Maroon	Round Yoga Bolster	Yo-BR-R-M	1.0000	1313.5593	6689	9762
51184	2026-08-06	wc-processing	Kenari Chimes - Small & Large - Large	Kenari Chimes - Small & Large	MI-KR-CH-168	1.0000	4714.2857	45197	46431
51185	2026-08-06	wc-completed	Bird Flute - Brown, Single	Bird Flute		1.0000	261.9048	45754	45871
51186	2026-08-06	wc-completed	Round Yoga Bolster - Maroon	Round Yoga Bolster	Yo-BR-R-M	2.0000	2495.7627	6689	9762
51186	2026-08-06	wc-completed	Eye Shaped Natural Lavender Scented Eye Pillows - Rose	Eye Shaped Natural Lavender Scented Eye Pillows	Yo-P-E-RE-1	1.0000	317.7966	9220	9221
51187	2026-08-06	wc-completed	Bendo Shaker - Large	Bendo Shaker		1.0000	1822.0339	47742	47923
51191	2026-08-07	wc-completed	Bamboo Rainstick	Bamboo Rainstick	MI-RS-N	1.0000	3120.9524	49779	0
51203	2026-08-07	wc-completed	Bendo Shaker - Small	Bendo Shaker		1.0000	1086.4407	47742	47922
51203	2026-08-07	wc-completed	Bamboo Rainstick	Bamboo Rainstick	MI-RS-N	1.0000	3120.9524	49779	0
51219	2026-08-07	wc-completed	Bamboo Rainstick	Bamboo Rainstick	MI-RS-N	1.0000	3285.7143	49779	0
51220	2026-08-08	wc-completed	Bamboo Rainstick	Bamboo Rainstick	MI-RS-N	1.0000	3120.9524	49779	0
51221	2026-08-08	wc-completed	Pangi Seed Shell Rattle	Pangi Seed Shell Rattle	MI-PS	1.0000	2333.3333	7356	0
51222	2026-08-08	wc-processing	Sleigh Bells Wooden Jingle Stick	Sleigh Bells Wooden Jingle Stick		1.0000	1228.8136	50608	0
51222	2026-08-08	wc-processing	Tibetan Buddhist Bell - Small	Tibetan Buddhist Bell	MI-BB-2	1.0000	1285.7143	6973	9198
51223	2026-08-08	wc-completed	Zafu & Zabuton Meditation Cushion Combo - Lotus Embroidery - Lavender	Zafu & Zabuton Meditation Cushion Combo - Lotus Embroidery	Co-Me-C-Z-Zn-LR-E-L	1.0000	2538.1356	9312	9313
51224	2026-08-08	wc-completed	Hanging Bowls/Zen Drops - Set of 3	Hanging Bowls/Zen Drops		1.0000	8097.1429	45113	45118
51225	2026-08-08	wc-completed	Hanging Bowls/Zen Drops - Set of 3	Hanging Bowls/Zen Drops		1.0000	8523.8095	45113	45118
51225	2026-08-08	wc-completed	Bamboo Rainstick	Bamboo Rainstick	MI-RS-N	1.0000	3285.7143	49779	0
51225	2026-08-08	wc-completed	Tingsha Bell - Etched, Standard	Tingsha Bell		1.0000	1709.5238	5763	44937
51226	2026-08-08	wc-completed	Sleigh Bells Wooden Jingle Stick	Sleigh Bells Wooden Jingle Stick		1.0000	1228.8136	50608	0
51227	2026-08-08	wc-completed	Jala Neti Pot - Ceramic 185 ml - White	Jala Neti Pot - Ceramic 185 ml	NP-W-185	1.0000	207.6271	5769	5826
51228	2026-08-09	wc-completed	Bird Flute - Brown, Single	Bird Flute		1.0000	261.9048	45754	45871
51229	2026-08-09	wc-completed	"Wooden Mallets for Singing Bowls - Long Soft-9"", White"	Wooden Mallets for Singing Bowls	MI-SB-M-L-W-9	1.0000	614.2857	6978	43372
51230	2026-08-09	wc-completed	The Four Bowl Set - Root, Heart, Third Eye and Universal	The Four Bowl Set - Root, Heart, Third Eye and Universal		1.0000	31628.5714	45334	0
51231	2026-08-09	wc-completed	Bird Flute - Brown, Pair	Bird Flute		1.0000	428.5714	45754	45872
51232	2026-08-09	wc-completed	Clay Ocarinas - Big	Clay Ocarinas		1.0000	3450.0000	50995	50998
51233	2026-08-09	wc-completed	Wooden Mallets for Singing Bowls - Straight, Red	Wooden Mallets for Singing Bowls	MI-SB-M-R-S	1.0000	190.4762	6978	43369
51235	2026-08-09	wc-completed	Wooden Guiro	Wooden Guiro		1.0000	1059.3220	50572	0
51236	2026-08-09	wc-completed	Jala Neti Pot - Ceramic 185 ml - Lemon Yellow	Jala Neti Pot - Ceramic 185 ml	NP-LY-185	1.0000	207.6271	5769	6335
51237	2026-08-09	wc-completed	Pangi Seed Shell Rattle	Pangi Seed Shell Rattle	MI-PS	1.0000	2216.1905	7356	0
51237	2026-08-09	wc-completed	Singing Bowls Silk Ring Cushion Accessories - 12 cms, Black	Singing Bowls Silk Ring Cushion Accessories	MI-SB-C-BK-12	1.0000	199.0476	6988	44194
51237	2026-08-09	wc-completed	Bird Flute - Brown, Single	Bird Flute		1.0000	248.5714	45754	45871
51238	2026-08-09	wc-completed	Wind Chimes - Green, Large	Wind Chimes		1.0000	2517.0000	50420	50475
51239	2026-08-10	wc-completed	Jala Neti Pot - Ceramic 185 ml - White	Jala Neti Pot - Ceramic 185 ml	NP-W-185	1.0000	197.4576	5769	5826
51240	2026-08-10	wc-completed	Bird Flute - Brown, Pair	Bird Flute		1.0000	428.5714	45754	45872
51243	2026-08-10	wc-completed	Wooden Finger Castanet - Black	Wooden Finger Castanet		1.0000	795.0000	50579	50590
51244	2026-08-10	wc-completed	Bendo Shaker - Small	Bendo Shaker		1.0000	1144.0678	47742	47922
51252	2026-08-10	wc-completed	Bamboo Rainstick	Bamboo Rainstick	MI-RS-N	1.0000	3285.7143	49779	0
51253	2026-08-10	wc-completed	Bamboo Rainstick	Bamboo Rainstick	MI-RS-N	1.0000	3285.7143	49779	0
51253	2026-08-10	wc-completed	Bendo Shaker - Large	Bendo Shaker		1.0000	1822.0339	47742	47923
51253	2026-08-10	wc-completed	Kenari Seed Shell Shakers - Large	Kenari Seed Shell Shakers	MI-KR-S-L	1.0000	2238.0952	7472	7511
51253	2026-08-10	wc-completed	Swinging Chimes - 9 Bars	Swinging Chimes	MI-SC-9	1.0000	6619.0476	10345	10347
51254	2026-08-10	wc-completed	Copper Bottle Gift Set - 7 Chakra - Vintage	Copper Bottle Gift Set - 7 Chakra		1.0000	1582.8571	6638	48680
51255	2026-08-10	wc-completed	Bamboo Rainstick	Bamboo Rainstick	MI-RS-N	1.0000	3285.7143	49779	0
51256	2026-08-10	wc-completed	Zafu Meditation Cushion Plain Filled with Cotton - Light Grey	Zafu Meditation Cushion Plain Filled with Cotton	Me-Z-R-LG	1.0000	954.2373	6711	9629
51257	2026-08-11	wc-completed	Bird Flute - Brown, Single	Bird Flute		1.0000	261.9048	45754	45871
51258	2026-08-11	wc-completed	25 Rods - Bar Chime	25 Rods - Bar Chime	MI-BCH-32	1.0000	3984.7458	42389	0
51269	2026-08-11	wc-completed	Pangi Seed Shell Rattle	Pangi Seed Shell Rattle	MI-PS	1.0000	2333.3333	7356	0
51272	2026-08-11	wc-completed	Tuning Fork Extensions - Massage Boot	Tuning Fork Extensions		1.0000	500.0000	48135	48164
51272	2026-08-11	wc-completed	Tuning Fork Extensions - Circuit Boot	Tuning Fork Extensions		1.0000	584.7458	48135	48163
51273	2026-08-11	wc-completed	Pangi Seed Shell Rattle	Pangi Seed Shell Rattle	MI-PS	1.0000	2216.1905	7356	0
51274	2026-08-12	wc-completed	25 Rods - Bar Chime	25 Rods - Bar Chime	MI-BCH-32	1.0000	3984.7458	42389	0
51275	2026-08-12	wc-completed	Full Moon Singing Bowls - All Sizes - 8 Inches	Full Moon Singing Bowls - All Sizes	MI-SB-H-FM-8	1.0000	9273.3333	7607	7611
51276	2026-08-12	wc-processing	Tuning Fork - Single Weighted & Unweighted - Weighted, 128 Hz	Tuning Fork - Single Weighted & Unweighted	MI-TF-W-128	1.0000	1940.6780	9713	9715
51278	2026-08-12	wc-completed	11 Note Tongue Drum - White, 8 inches	11 Note Tongue Drum		1.0000	6026.7857	42373	42413
51279	2026-08-12	wc-completed	Copper Bottle Gift Set - 7 Chakra - Vintage	Copper Bottle Gift Set - 7 Chakra		1.0000	1582.8571	6638	48680
51280	2026-08-13	wc-completed	Bamboo Rainstick	Bamboo Rainstick	MI-RS-N	1.0000	3285.7143	49779	0
51281	2026-08-13	wc-completed	Pangi Seed Shell Rattle	Pangi Seed Shell Rattle	MI-PS	2.0000	4666.6667	7356	0
51344	2026-08-13	wc-completed	Shankh/Conch - Medium	Shankh/Conch		1.0000	1380.9524	45449	45451
51345	2026-08-13	wc-completed	Swinging Chimes - 9 Bars	Swinging Chimes	MI-SC-9	1.0000	6619.0476	10345	10347
51346	2026-08-13	wc-completed	Wooden Mallets for Singing Bowls - Long Firm-Small, Red	Wooden Mallets for Singing Bowls	MI-SB-M-R-Wd-4.5	1.0000	493.3333	6978	43368
51347	2026-08-13	wc-completed	Singing Bowls Silk Ring Cushion Accessories - Combo of 5	Singing Bowls Silk Ring Cushion Accessories		1.0000	1488.5714	6988	46267
51348	2026-08-13	wc-completed	Tingsha Bell - Etched, Standard	Tingsha Bell		1.0000	1709.5238	5763	44937
51348	2026-08-13	wc-completed	Kenari Seed Shell Shakers - Large	Kenari Seed Shell Shakers	MI-KR-S-L	1.0000	2238.0952	7472	7511
51349	2026-08-14	wc-completed	Shruthi Thali/Gong Plates - G Plate	Shruthi Thali/Gong Plates		1.0000	9285.7143	45485	45488
51350	2026-08-14	wc-completed	7 Chakras Copper Water Bottles	7 Chakras Copper Water Bottles	CB-7CV	3.0000	3379.0476	6080	43441
51350	2026-08-14	wc-completed	Curved Hammered Copper Bottles	Curved Hammered Copper Bottles		3.0000	2982.8571	5495	5945
51350	2026-08-14	wc-completed	Curved Diamond Groove Copper Bottle	Curved Diamond Groove Copper Bottle		2.0000	1988.5714	5934	5949
51350	2026-08-14	wc-completed	Grooved, Hammered & Plain Copper Bottle	Grooved, Hammered & Plain Copper Bottle	CB-CVH	2.0000	1988.5714	6071	43486
51352	2026-08-14	wc-completed	Clay Ocarinas - Big	Clay Ocarinas		1.0000	3450.0000	50995	50998
51352	2026-08-14	wc-completed	11 Note Tongue Drum - White, 12 inches	11 Note Tongue Drum		1.0000	7008.9286	42373	42411
51352	2026-08-14	wc-completed	Coconut Maracas Shakers - Painted	Coconut Maracas Shakers	MI-CM	2.0000	2257.1429	7370	45395
51354	2026-08-14	wc-completed	Bendo Shaker - Small	Bendo Shaker		1.0000	1144.0678	47742	47922
51360	2026-08-14	wc-completed	Dotted Singing Bowl - 4 in	Dotted Singing Bowl	MI-SB-H-4	1.0000	1566.6667	6892	6901
51361	2026-08-14	wc-completed	Bird Flute - Brown, Single	Bird Flute		1.0000	248.5714	45754	45871
51361	2026-08-14	wc-completed	Conscious Cards	Conscious Cards		1.0000	1424.0000	45533	0
51361	2026-08-14	wc-completed	Gong Bags - Medium	Gong Bags		1.0000	1891.5254	45152	51171
51361	2026-08-14	wc-completed	11 Note Tongue Drum - White, 12 inches	11 Note Tongue Drum		1.0000	6658.0357	42373	42411
51362	2026-08-15	wc-completed	Copper Tongue Cleaner - Pack of 1, Ring	Copper Tongue Cleaner	TC-R-1	1.0000	138.0952	5042	7807
51364	2026-08-15	wc-completed	Wind Chimes - Silver, Large	Wind Chimes		1.0000	2517.0000	50420	50479
51365	2026-08-15	wc-processing	Bamboo Rainstick	Bamboo Rainstick	MI-RS-N	1.0000	3120.9524	49779	0
51365	2026-08-15	wc-processing	Handmade Singing Bowls - All Sizes - 8 in, Matte	Handmade Singing Bowls - All Sizes	Mi-SB-H-M-8	1.0000	7463.8095	6884	9701
51365	2026-08-15	wc-processing	Tingsha Bell - Golden, Standard	Tingsha Bell		1.0000	1623.8095	5763	44933
51365	2026-08-15	wc-processing	Handmade Singing Bowls - All Sizes - 6 in, Matte	Handmade Singing Bowls - All Sizes		1.0000	6016.1905	6884	9697
51366	2026-08-15	wc-processing	Shruti Box - 1 Octave	Shruti Box		1.0000	9950.0000	44970	45003
51368	2026-08-16	wc-completed	Eye Shaped Natural Lavender Scented Eye Pillows - Sage	Eye Shaped Natural Lavender Scented Eye Pillows	Yo-P-E-SE-1	1.0000	334.7458	9220	9225
51368	2026-08-16	wc-completed	Bird Flute - Brown, Pair	Bird Flute		1.0000	428.5714	45754	45872
51368	2026-08-16	wc-completed	Swinging Chimes - 9 Bars	Swinging Chimes	MI-SC-9	1.0000	6619.0476	10345	10347
51369	2026-08-16	wc-completed	Rectangular Yoga Bolster - Navy Blue	Rectangular Yoga Bolster	Yo-BR-RE-NB	1.0000	1166.9492	9675	9679
51370	2026-08-16	wc-processing	Shruti Box - 1 Octave	Shruti Box		1.0000	9950.0000	44970	45003
51371	2026-08-16	wc-completed	Kenari Seed Shell Shakers - Large	Kenari Seed Shell Shakers	MI-KR-S-L	1.0000	2238.0952	7472	7511
51372	2026-08-16	wc-completed	Mini Coconut Shakers - 3 Types - Round Shaped	Mini Coconut Shakers - 3 Types	MI-CS-R	1.0000	614.2857	6062	6064
51373	2026-08-16	wc-completed	Bendo Shaker - Small	Bendo Shaker		1.0000	1086.4407	47742	47922
51374	2026-08-16	wc-completed	Crescent Zafu Cushion - Wide - Lavender	Crescent Zafu Cushion - Wide	Me-C-Z-L-L-1	1.0000	922.0339	47494	47498
51375	2026-08-16	wc-completed	Wooden Mallets for Singing Bowls - Straight, Black	Wooden Mallets for Singing Bowls	MI-SB-M-B-S	1.0000	180.9524	6978	43382
51375	2026-08-16	wc-completed	"Wooden Mallets for Singing Bowls - Long Soft-11"", Red"	Wooden Mallets for Singing Bowls	MI-SB-M-L-R-11	1.0000	583.8095	6978	43375
51376	2026-08-16	wc-completed	Pangi Seed Shell Rattle	Pangi Seed Shell Rattle	MI-PS	1.0000	2216.1905	7356	0
51377	2026-08-17	wc-processing	Tuning Fork - Single Weighted & Unweighted - Weighted, 128 Hz	Tuning Fork - Single Weighted & Unweighted	MI-TF-W-128	1.0000	1843.2203	9713	9715
51377	2026-08-17	wc-processing	Tuning Fork - Single Weighted & Unweighted - Weighted, 93.96 Hz	Tuning Fork - Single Weighted & Unweighted		2.0000	3687.2881	9713	48274
51377	2026-08-17	wc-processing	Tuning Fork - Single Weighted & Unweighted - Unweighted, 528 Hz	Tuning Fork - Single Weighted & Unweighted		1.0000	1199.1525	9713	9750
51378	2026-08-17	wc-completed	Bamboo Rainstick	Bamboo Rainstick	MI-RS-N	1.0000	3285.7143	49779	0
51393	2026-08-17	wc-completed	Handmade Universal Bowl for Sound Healing	Handmade Universal Bowl for Sound Healing	MI-SB-HM-UN	1.0000	8523.8095	8143	0
51394	2026-08-17	wc-completed	Singing Bowls Silk Ring Cushion Accessories - 10 cms, Yellow	Singing Bowls Silk Ring Cushion Accessories	MI-SB-C-Y-10	2.0000	343.8095	6988	44186
51394	2026-08-17	wc-completed	Singing Bowl Bags - Standard	Singing Bowl Bags	MI-SB-Bag-M	1.0000	1601.6949	45127	45139
51394	2026-08-17	wc-completed	Singing Bowls Silk Ring Cushion Accessories - 12 cms, Yellow	Singing Bowls Silk Ring Cushion Accessories	MI-SB-C-Y-12	2.0000	398.0952	6988	44187
51395	2026-08-17	wc-processing	Tibetan Buddhist Bell - Extra Large	Tibetan Buddhist Bell		1.0000	3136.1905	6973	47410
51396	2026-08-18	wc-completed	Singing Bowls Silk Ring Cushion Accessories - 16 cms, Blue	Singing Bowls Silk Ring Cushion Accessories	MI-SB-C-B-16	1.0000	309.5238	6988	7787
51396	2026-08-18	wc-completed	Wooden Mallets for Singing Bowls - Long Firm-Standard, White	Wooden Mallets for Singing Bowls	MI-SB-M-R-Wd-4.5	1.0000	614.2857	6978	43384
51398	2026-08-18	wc-completed	Gong Stand - Dark, Medium	Gong Stand		1.0000	6318.7500	45289	45298
51412	2026-08-18	wc-processing	Bamboo Rainstick	Bamboo Rainstick	MI-RS-N	1.0000	3285.7143	49779	0
